Title                                                           03.02.2026 16:11
________________________________________________________________________________

Title


Curve Name:
  $D60-TN220-V70-TB80
  Sample Weight
Curve Values:
          Index              t             Ts             Tr          Value
                           [s]           [°C]           [°C]           [mg]
              0              0        36.6993             30        6.49937
              1              1        36.7211        30.1667        6.49906
              2              2        36.7441        30.3333        6.49886
              3              3        36.7815           30.5        6.49873
              4              4         36.854        30.6667        6.49861
              5              5        36.9382        30.8333        6.49862
              6              6        37.0367             31        6.49871
              7              7        37.1534        31.1667        6.49883
              8              8        37.2884        31.3333        6.49923
              9              9        37.4116           31.5        6.49945
             10             10        37.5504        31.6667        6.49961
             11             11        37.7048        31.8333        6.49975
             12             12         37.854             32        6.49978
             13             13        38.0045        32.1667        6.49982
             14             14        38.1575        32.3333        6.49983
             15             15        38.3275           32.5        6.49983
             16             16        38.4871        32.6667        6.49973
             17             17        38.6466        32.8333        6.49966
             18             18        38.8101             33        6.49958
             19             19        38.9748        33.1667        6.49948
             20             20        39.1408        33.3333        6.49939
             21             21        39.3042           33.5        6.49931
             22             22        39.4884        33.6667        6.49923
             23             23        39.6661        33.8333        6.49915
             24             24        39.8451             34        6.49908
             25             25         40.002        34.1667          6.499
             26             26        40.2018        34.3333        6.49891
             27             27        40.3716           34.5        6.49883
             28             28        40.5376        34.6667        6.49873
             29             29        40.7113        34.8333        6.49865
             30             30        40.8902             35        6.49856
             31             31        41.0613        35.1667        6.49848
             32             32        41.2363        35.3333        6.49842
             33             33        41.4087           35.5        6.49835
             34             34        41.5863        35.6667        6.49829
             35             35        41.7626        35.8333        6.49823
             36             36         41.948             36        6.49818
             37             37        42.1112        36.1667        6.49812
             38             38        42.2875        36.3333        6.49806
             39             39        42.4768           36.5        6.49799
             40             40        42.6322        36.6667        6.49792
             41             41        42.8058        36.8333        6.49785
             42             42        42.9768             37        6.49777
             43             43         43.153        37.1667        6.49769
             44             44        43.3306        37.3333         6.4976
             45             45        43.4989           37.5        6.49752
             46             46        43.6582        37.6667        6.49744
             47             47        43.8435        37.8333        6.49736
             48             48        43.9976             38        6.49729
             49             49        44.1763        38.1667        6.49722
             50             50        44.3447        38.3333        6.49715
             51             51        44.5222           38.5        6.49708
             52             52        44.6788        38.6667        6.49701
             53             53        44.8536        38.8333        6.49693
             54             54        45.0207             39        6.49685
             55             55        45.1786        39.1667        6.49677
             56             56        45.3534        39.3333        6.49669
             57             57        45.5074           39.5        6.49662
             58             58         45.677        39.6667        6.49656
             59             59        45.8466        39.8333        6.49649
             60             60        46.0175             40        6.49644
             61             61        46.1688        40.1667        6.49636
             62             62        46.3449        40.3333        6.49627
             63             63        46.5028           40.5        6.49618
             64             64        46.6645        40.6667        6.49608
             65             65        46.8276        40.8333          6.496
             66             66        46.9972             41        6.49592
             67             67        47.1498        41.1667        6.49585
             68             68        47.3193        41.3333        6.49578
             69             69        47.4837           41.5        6.49571
             70             70        47.6454        41.6667        6.49563
             71             71         47.811        41.8333        6.49555
             72             72        47.9766             42        6.49547
             73             73        48.1436        42.1667         6.4954
             74             74         48.287        42.3333        6.49534
             75             75        48.4566           42.5        6.49527
             76             76        48.6261        42.6667        6.49521
             77             77        48.7799        42.8333        6.49514
             78             78        48.9507             43        6.49508
             79             79        49.1111        43.1667        6.49501
             80             80        49.2793        43.3333        6.49494
             81             81         49.441           43.5        6.49487
             82             82        49.6066        43.6667        6.49479
             83             83        49.7539        43.8333        6.49473
             84             84        49.9247             44        6.49466
             85             85        50.0915        44.1667        6.49459
             86             86        50.2649        44.3333        6.49452
             87             87         50.424           44.5        6.49445
             88             88        50.5713        44.6667        6.49438
             89             89        50.7433        44.8333         6.4943
             90             90        50.9076             45        6.49423
             91             91        51.0536        45.1667        6.49416
             92             92         51.236        45.3333        6.49409
             93             93         51.395           45.5        6.49402
             94             94        51.5501        45.6667        6.49396
             95             95        51.7104        45.8333        6.49389
             96             96        51.8721             46        6.49383
             97             97        52.0428        46.1667        6.49377
             98             98        52.2044        46.3333        6.49371
             99             99        52.3673           46.5        6.49364
            100            100        52.5237        46.6667        6.49358
            101            101        52.6853        46.8333        6.49349
            102            102        52.8416             47        6.49341
            103            103        53.0163        47.1667        6.49332
            104            104        53.1687        47.3333        6.49324
            105            105        53.3316           47.5        6.49314
            106            106        53.4867        47.6667        6.49305
            107            107        53.6521        47.8333        6.49296
            108            108        53.8137             48        6.49288
            109            109         53.974        48.1667         6.4928
            110            110        54.1238        48.3333        6.49273
            111            111        54.2932           48.5        6.49266
            112            112        54.4574        48.6667        6.49259
            113            113        54.6176        48.8333        6.49253
            114            114        54.7844             49        6.49246
            115            115        54.9342        49.1667        6.49238
            116            116        55.0971        49.3333        6.49231
            117            117        55.2651           49.5        6.49222
            118            118        55.4254        49.6667        6.49214
            119            119        55.5869        49.8333        6.49205
            120            120        55.7445             50        6.49196
            121            121        55.9074        50.1667        6.49187
            122            122        56.0689        50.3333        6.49177
            123            123        56.2278           50.5        6.49167
            124            124        56.3919        50.6667        6.49157
            125            125        56.5392        50.8333        6.49146
            126            126        56.7085             51        6.49135
            127            127        56.8713        51.1667        6.49125
            128            128        57.0185        51.3333        6.49115
            129            129        57.1787           51.5        6.49106
            130            130        57.3415        51.6667        6.49097
            131            131        57.4991        51.8333        6.49088
            132            132        57.6697             52        6.49079
            133            133        57.8378        52.1667        6.49071
            134            134         57.981        52.3333        6.49063
            135            135        58.1321           52.5        6.49055
            136            136        58.2962        52.6667        6.49048
            137            137        58.4499        52.8333        6.49041
            138            138         58.601             53        6.49034
            139            139        58.7612        53.1667        6.49027
            140            140        58.9253        53.3333         6.4902
            141            141        59.0816           53.5        6.49013
            142            142        59.2391        53.6667        6.49005
            143            143         59.398        53.8333        6.48997
            144            144        59.5465             54         6.4899
            145            145        59.7053        54.1667         6.4898
            146            146        59.8616        54.3333        6.48972
            147            147        60.0231           54.5        6.48963
            148            148        60.1729        54.6667        6.48954
            149            149        60.3317        54.8333        6.48944
            150            150        60.4945             55        6.48935
            151            151         60.656        55.1667        6.48925
            152            152        60.8096        55.3333        6.48916
            153            153        60.9568           55.5        6.48907
            154            154        61.1156        55.6667        6.48898
            155            155         61.268        55.8333        6.48889
            156            156        61.4256             56         6.4888
            157            157        61.5857        56.1667        6.48872
            158            158        61.7355        56.3333        6.48864
            159            159        61.8969           56.5        6.48855
            160            160        62.0506        56.6667        6.48846
            161            161        62.2055        56.8333        6.48837
            162            162        62.3605             57        6.48827
            163            163        62.5232        57.1667        6.48818
            164            164         62.669        57.3333        6.48809
            165            165        62.8292           57.5        6.48801
            166            166        62.9711        57.6667        6.48792
            167            167        63.1391        57.8333        6.48784
            168            168        63.2875             58        6.48775
            169            169        63.4463        58.1667        6.48766
            170            170        63.5987        58.3333        6.48757
            171            171        63.7653           58.5        6.48747
            172            172        63.9085        58.6667        6.48737
            173            173        64.0621        58.8333        6.48727
            174            174        64.2106             59        6.48717
            175            175        64.3798        59.1667        6.48707
            176            176        64.5308        59.3333        6.48697
            177            177        64.6806           59.5        6.48687
            178            178        64.8381        59.6667        6.48677
            179            179        64.9943        59.8333        6.48666
            180            180        65.1558             60        6.48655
            181            181        65.3029        60.1667        6.48642
            182            182        65.4526        60.3333        6.48631
            183            183        65.6075           60.5        6.48619
            184            184        65.7664        60.6667        6.48607
            185            185        65.9187        60.8333        6.48594
            186            186        66.0619             61        6.48583
            187            187        66.2168        61.1667        6.48571
            188            188        66.3678        61.3333         6.4856
            189            189        66.5253           61.5        6.48549
            190            190        66.6724        61.6667        6.48538
            191            191        66.8286        61.8333        6.48526
            192            192        66.9783             62        6.48514
            193            193        67.1293        62.1667        6.48503
            194            194        67.2829        62.3333        6.48493
            195            195          67.43           62.5        6.48482
            196            196        67.5953        62.6667        6.48472
            197            197         67.745        62.8333        6.48462
            198            198        67.8986             63        6.48451
            199            199        68.0457        63.1667         6.4844
            200            200         68.202        63.3333        6.48428
            201            201        68.3556           63.5        6.48416
            202            202           68.5        63.6667        6.48405
            203            203        68.6432        63.8333        6.48394
            204            204        68.8007             64        6.48383
            205            205         68.966        64.1667        6.48373
            206            206        69.1079        64.3333        6.48363
            207            207        69.2498           64.5        6.48354
            208            208        69.4047        64.6667        6.48344
            209            209        69.5713        64.8333        6.48335
            210            210        69.7197             65        6.48325
            211            211        69.8668        65.1667        6.48314
            212            212        70.0126        65.3333        6.48304
            213            213        70.1714           65.5        6.48293
            214            214        70.3185        65.6667         6.4828
            215            215        70.4656        65.8333        6.48268
            216            216        70.6152             66        6.48256
            217            217         70.761        66.1667        6.48245
            218            218        70.9263        66.3333        6.48233
            219            219        71.0786           66.5        6.48222
            220            220         71.227        66.6667        6.48212
            221            221        71.3754        66.8333        6.48201
            222            222        71.5303             67        6.48192
            223            223        71.6799        67.1667        6.48181
            224            224         71.827        67.3333         6.4817
            225            225        71.9845           67.5        6.48158
            226            226        72.1342        67.6667        6.48146
            227            227        72.2747        67.8333        6.48135
            228            228        72.4296             68        6.48124
            229            229        72.5832        68.1667        6.48113
            230            230        72.7316        68.3333        6.48102
            231            231        72.8813           68.5        6.48091
            232            232        73.0388        68.6667        6.48081
            233            233         73.178        68.8333        6.48071
            234            234        73.3277             69         6.4806
            235            235        73.4826        69.1667         6.4805
            236            236        73.6296        69.3333        6.48039
            237            237        73.7793           69.5        6.48027
            238            238        73.9446        69.6667        6.48017
            239            239        74.0982        69.8333        6.48006
            240            240        74.2426             70        6.47995
            241            241        74.3858        70.1667        6.47984
            242            242        74.5472        70.3333        6.47973
            243            243        74.7021           70.5        6.47962
            244            244        74.8518        70.6667        6.47952
            245            245        74.9936        70.8333        6.47942
            246            246        75.1459             71        6.47933
            247            247        75.2969        71.1667        6.47924
            248            248        75.4413        71.3333        6.47915
            249            249        75.6027           71.5        6.47904
            250            250        75.7511        71.6667        6.47894
            251            251         75.902        71.8333        6.47884
            252            252        76.0556             72        6.47874
            253            253         76.204        72.1667        6.47864
            254            254        76.3654        72.3333        6.47855
            255            255        76.5059           72.5        6.47844
            256            256        76.6621        72.6667        6.47833
            257            257        76.8131        72.8333        6.47823
            258            258        76.9575             73        6.47813
            259            259        77.1085        73.1667        6.47802
            260            260        77.2556        73.3333        6.47792
            261            261        77.4117           73.5        6.47782
            262            262        77.5575        73.6667        6.47772
            263            263        77.6993        73.8333        6.47763
            264            264        77.8607             74        6.47753
            265            265        78.0195        74.1667        6.47743
            266            266        78.1692        74.3333        6.47733
            267            267        78.3123           74.5        6.47721
            268            268        78.4646        74.6667        6.47709
            269            269        78.6142        74.8333        6.47697
            270            270        78.7691             75        6.47685
            271            271        78.9136        75.1667        6.47673
            272            272        79.0606        75.3333        6.47661
            273            273        79.2077           75.5         6.4765
            274            274        79.3665        75.6667        6.47639
            275            275        79.5148        75.8333        6.47628
            276            276        79.6684             76        6.47617
            277            277        79.8154        76.1667        6.47606
            278            278        79.9768        76.3333        6.47595
            279            279        80.1226           76.5        6.47584
            280            280        80.2774        76.6667        6.47572
            281            281        80.4193        76.8333        6.47561
            282            282        80.5702             77        6.47551
            283            283        80.7186        77.1667         6.4754
            284            284        80.8748        77.3333        6.47529
            285            285        81.0323           77.5        6.47518
            286            286        81.1741        77.6667        6.47507
            287            287        81.3316        77.8333        6.47496
            288            288        81.4721             78        6.47485
            289            289         81.627        78.1667        6.47475
            290            290        81.7831        78.3333        6.47464
            291            291         81.925           78.5        6.47453
            292            292        82.0812        78.6667        6.47443
            293            293        82.2308        78.8333        6.47432
            294            294        82.3792             79        6.47422
            295            295        82.5328        79.1667        6.47413
            296            296        82.6811        79.3333        6.47403
            297            297        82.8308           79.5        6.47393
            298            298         82.983        79.6667        6.47383
            299            299        83.1418        79.8333        6.47374
            300            300        83.2849             80        6.47365
            301            301         83.432        80.1667        6.47357
            302            302        83.5934        80.3333        6.47348
            303            303        83.7417           80.5        6.47339
            304            304        83.8888        80.6667        6.47331
            305            305        84.0449        80.8333        6.47322
            306            306        84.1972             81        6.47313
            307            307        84.3508        81.1667        6.47303
            308            308        84.4965        81.3333        6.47293
            309            309        84.6553           81.5        6.47283
            310            310        84.8063        81.6667        6.47273
            311            311        84.9598        81.8333        6.47264
            312            312        85.1082             82        6.47255
            313            313        85.2448        82.1667        6.47245
            314            314        85.3997        82.3333        6.47235
            315            315        85.5506           82.5        6.47224
            316            316        85.7042        82.6667        6.47213
            317            317        85.8591        82.8333        6.47203
            318            318        86.0035             83        6.47194
            319            319        86.1558        83.1667        6.47185
            320            320        86.3145        83.3333        6.47176
            321            321        86.4629           83.5        6.47168
            322            322        86.6203        83.6667        6.47157
            323            323          86.77        83.8333        6.47146
            324            324        86.9157             84        6.47134
            325            325        87.0758        84.1667         6.4712
            326            326        87.2124        84.3333        6.47108
            327            327        87.3686           84.5        6.47097
            328            328        87.5248        84.6667        6.47086
            329            329        87.6848        84.8333        6.47076
            330            330        87.8293             85        6.47065
            331            331        87.9711        85.1667        6.47055
            332            332         88.126        85.3333        6.47045
            333            333        88.2822           85.5        6.47036
            334            334        88.4279        85.6667        6.47027
            335            335        88.5749        85.8333        6.47017
            336            336        88.7363             86        6.47008
            337            337        88.8795        86.1667        6.46999
            338            338        89.0278        86.3333        6.46989
            339            339        89.1788           86.5        6.46978
            340            340        89.3349        86.6667        6.46968
            341            341        89.4911        86.8333        6.46957
            342            342        89.6368             87        6.46946
            343            343        89.7761        87.1667        6.46936
            344            344        89.9426        87.3333        6.46926
            345            345        90.0923           87.5        6.46916
            346            346        90.2432        87.6667        6.46906
            347            347        90.3955        87.8333        6.46895
            348            348        90.5529             88        6.46885
            349            349        90.6909        88.1667        6.46874
            350            350        90.8457        88.3333        6.46863
            351            351        90.9993           88.5        6.46854
            352            352        91.1541        88.6667        6.46845
            353            353        91.3064        88.8333        6.46835
            354            354        91.4587             89        6.46826
            355            355        91.6122        89.1667        6.46815
            356            356        91.7645        89.3333        6.46804
            357            357        91.9063           89.5        6.46793
            358            358        92.0729        89.6667        6.46779
            359            359        92.2186        89.8333        6.46768
            360            360        92.3657             90        6.46757
            361            361        92.5192        90.1667        6.46746
            362            362        92.6819        90.3333        6.46737
            363            363        92.8276           90.5        6.46727
            364            364        92.9825        90.6667        6.46717
            365            365        93.1374        90.8333        6.46708
            366            366        93.2779             91        6.46698
            367            367         93.434        91.1667        6.46689
            368            368        93.5746        91.3333        6.46679
            369            369        93.7346           91.5        6.46669
            370            370        93.8947        91.6667        6.46659
            371            371        94.0535        91.8333        6.46648
            372            372        94.2057             92        6.46638
            373            373        94.3476        92.1667        6.46627
            374            374         94.505        92.3333        6.46617
            375            375        94.6534           92.5        6.46607
            376            376        94.8135        92.6667        6.46597
            377            377        94.9657        92.8333        6.46587
            378            378        95.1167             93        6.46578
            379            379        95.2715        93.1667         6.4657
            380            380        95.4225        93.3333        6.46561
            381            381        95.5734           93.5        6.46553
            382            382        95.7153        93.6667        6.46545
            383            383        95.8688        93.8333        6.46539
            384            384        96.0211             94        6.46532
            385            385        96.1798        94.1667        6.46524
            386            386         96.336        94.3333        6.46516
            387            387        96.4805           94.5        6.46508
            388            388        96.6392        94.6667          6.465
            389            389        96.7915        94.8333        6.46492
            390            390        96.9437             95        6.46485
            391            391        97.0908        95.1667        6.46477
            392            392        97.2456        95.3333        6.46471
            393            393        97.4031           95.5        6.46464
            394            394        97.5619        95.6667        6.46457
            395            395         97.705        95.8333         6.4645
            396            396        97.8664             96        6.46443
            397            397        98.0225        96.1667        6.46435
            398            398        98.1722        96.3333        6.46428
            399            399        98.3179           96.5        6.46419
            400            400        98.4871        96.6667         6.4641
            401            401        98.6354        96.8333        6.46403
            402            402        98.7799             97        6.46395
            403            403        98.9373        97.1667        6.46388
            404            404        99.0922        97.3333        6.46381
            405            405        99.2444           97.5        6.46373
            406            406        99.4019        97.6667        6.46365
            407            407        99.5542        97.8333        6.46358
            408            408        99.7051             98        6.46351
            409            409        99.8561        98.1667        6.46344
            410            410        100.015        98.3333        6.46336
            411            411        100.162           98.5        6.46329
            412            412        100.319        98.6667        6.46321
            413            413        100.469        98.8333        6.46314
            414            414        100.634             99        6.46308
            415            415        100.781        99.1667        6.46301
            416            416        100.926        99.3333        6.46294
            417            417        101.083           99.5        6.46287
            418            418        101.239        99.6667        6.46279
            419            419        101.392        99.8333        6.46272
            420            420        101.547            100        6.46264
            421            421        101.699        100.167        6.46256
            422            422        101.863        100.333        6.46249
            423            423        102.005          100.5        6.46241
            424            424        102.165        100.667        6.46233
            425            425        102.314        100.833        6.46226
            426            426        102.472            101        6.46218
            427            427        102.627        101.167        6.46211
            428            428        102.782        101.333        6.46203
            429            429        102.927          101.5        6.46196
            430            430        103.079        101.667        6.46189
            431            431        103.236        101.833        6.46182
            432            432        103.388            102        6.46176
            433            433        103.552        102.167        6.46169
            434            434        103.705        102.333        6.46162
            435            435        103.863          102.5        6.46155
            436            436        104.016        102.667        6.46148
            437            437        104.162        102.833        6.46141
            438            438        104.325            103        6.46134
            439            439        104.478        103.167        6.46126
            440            440        104.633        103.333         6.4612
            441            441        104.788          103.5        6.46113
            442            442        104.934        103.667        6.46107
            443            443        105.089        103.833        6.46101
            444            444        105.242            104        6.46095
            445            445        105.391        104.167        6.46089
            446            446        105.559        104.333        6.46083
            447            447        105.712          104.5        6.46077
            448            448        105.866        104.667         6.4607
            449            449        106.011        104.833        6.46063
            450            450        106.171            105        6.46055
            451            451        106.334        105.167        6.46047
            452            452        106.484        105.333        6.46039
            453            453        106.645          105.5        6.46031
            454            454        106.797        105.667        6.46023
            455            455        106.939        105.833        6.46015
            456            456        107.094            106        6.46007
            457            457        107.261        106.167           6.46
            458            458        107.406        106.333        6.45993
            459            459        107.568          106.5        6.45985
            460            460        107.727        106.667        6.45977
            461            461        107.876        106.833         6.4597
            462            462         108.03            107        6.45962
            463            463         108.19        107.167        6.45954
            464            464        108.336        107.333        6.45946
            465            465        108.498          107.5        6.45941
            466            466        108.644        107.667        6.45937
            467            467        108.795        107.833        6.45933
            468            468        108.955            108        6.45928
            469            469        109.111        108.167        6.45926
            470            470        109.266        108.333        6.45922
            471            471        109.425          108.5        6.45916
            472            472        109.574        108.667        6.45911
            473            473        109.724        108.833        6.45902
            474            474        109.875            109        6.45895
            475            475         110.04        109.167        6.45889
            476            476          110.2        109.333        6.45882
            477            477        110.357          109.5        6.45876
            478            478         110.51        109.667        6.45871
            479            479        110.661        109.833        6.45864
            480            480        110.813            110        6.45858
            481            481        110.964        110.167        6.45852
            482            482        111.128        110.333        6.45845
            483            483        111.291          110.5        6.45839
            484            484        111.438        110.667        6.45833
            485            485        111.594        110.833        6.45827
            486            486         111.75            111        6.45822
            487            487        111.901        111.167        6.45816
            488            488         112.05        111.333        6.45811
            489            489        112.214          111.5        6.45806
            490            490        112.367        111.667        6.45802
            491            491        112.512        111.833        6.45796
            492            492        112.676            112        6.45791
            493            493        112.827        112.167        6.45786
            494            494        112.983        112.333        6.45781
            495            495        113.145          112.5        6.45777
            496            496        113.302        112.667        6.45771
            497            497        113.456        112.833        6.45766
            498            498        113.607            113        6.45762
            499            499        113.762        113.167        6.45757
            500            500        113.912        113.333        6.45753
            501            501        114.079          113.5        6.45748
            502            502        114.233        113.667        6.45742
            503            503        114.388        113.833        6.45737
            504            504        114.542            114        6.45732
            505            505        114.695        114.167        6.45726
            506            506        114.857        114.333        6.45721
            507            507        115.013          114.5        6.45717
            508            508        115.166        114.667        6.45712
            509            509        115.328        114.833        6.45706
            510            510        115.479            115        6.45701
            511            511        115.631        115.167        6.45697
            512            512        115.794        115.333        6.45693
            513            513        115.946          115.5        6.45689
            514            514        116.103        115.667        6.45686
            515            515        116.258        115.833        6.45684
            516            516        116.407            116         6.4568
            517            517        116.572        116.167        6.45677
            518            518        116.728        116.333        6.45672
            519            519        116.874          116.5        6.45666
            520            520        117.037        116.667         6.4566
            521            521        117.194        116.833        6.45654
            522            522        117.351            117        6.45648
            523            523         117.51        117.167         6.4564
            524            524        117.664        117.333        6.45633
            525            525        117.821          117.5        6.45626
            526            526        117.974        117.667        6.45619
            527            527        118.126        117.833        6.45613
            528            528        118.278            118        6.45608
            529            529        118.438        118.167        6.45602
            530            530        118.601        118.333        6.45597
            531            531        118.757          118.5        6.45592
            532            532        118.905        118.667        6.45586
            533            533        119.071        118.833        6.45581
            534            534        119.218            119        6.45575
            535            535        119.374        119.167        6.45568
            536            536        119.536        119.333        6.45562
            537            537        119.689          119.5        6.45555
            538            538        119.848        119.667        6.45549
            539            539        119.998        119.833        6.45543
            540            540        120.156            120        6.45537
            541            541        120.307        120.167        6.45531
            542            542        120.477        120.333        6.45525
            543            543        120.627          120.5        6.45519
            544            544        120.791        120.667        6.45513
            545            545        120.945        120.833        6.45506
            546            546        121.093            121        6.45499
            547            547        121.241        121.167        6.45491
            548            548        121.404        121.333        6.45483
            549            549        121.572          121.5        6.45474
            550            550        121.719        121.667        6.45466
            551            551        121.874        121.833        6.45458
            552            552        122.036            122        6.45451
            553            553        122.198        122.167        6.45444
            554            554        122.354        122.333        6.45437
            555            555        122.508          122.5         6.4543
            556            556        122.661        122.667        6.45425
            557            557        122.813        122.833         6.4542
            558            558        122.975            123        6.45415
            559            559        123.141        123.167        6.45411
            560            560        123.291        123.333        6.45407
            561            561        123.452          123.5        6.45403
            562            562        123.609        123.667        6.45399
            563            563        123.766        123.833        6.45394
            564            564         123.93            124        6.45389
            565            565        124.073        124.167        6.45384
            566            566        124.236        124.333        6.45379
            567            567          124.4          124.5        6.45373
            568            568        124.557        124.667        6.45367
            569            569        124.708        124.833        6.45361
            570            570        124.863            125        6.45355
            571            571        125.026        125.167        6.45348
            572            572        125.182        125.333        6.45341
            573            573        125.345          125.5        6.45335
            574            574        125.494        125.667        6.45328
            575            575        125.653        125.833         6.4532
            576            576         125.82            126        6.45313
            577            577        125.978        126.167        6.45305
            578            578        126.125        126.333        6.45298
            579            579        126.282          126.5        6.45291
            580            580        126.444        126.667        6.45284
            581            581        126.603        126.833        6.45277
            582            582         126.76            127         6.4527
            583            583        126.911        127.167        6.45263
            584            584        127.077        127.333        6.45256
            585            585        127.237          127.5         6.4525
            586            586        127.389        127.667        6.45244
            587            587         127.55        127.833        6.45237
            588            588        127.708            128        6.45231
            589            589        127.867        128.167        6.45226
            590            590        128.019        128.333        6.45221
            591            591         128.18          128.5        6.45215
            592            592        128.343        128.667        6.45209
            593            593        128.497        128.833        6.45203
            594            594        128.659            129        6.45196
            595            595        128.813        129.167         6.4519
            596            596        128.975        129.333        6.45184
            597            597        129.126          129.5        6.45179
            598            598        129.288        129.667        6.45175
            599            599        129.449        129.833        6.45171
            600            600        129.601            130        6.45166
            601            601        129.758        130.167        6.45163
            602            602         129.92        130.333        6.45158
            603            603         130.08          130.5        6.45153
            604            604        130.242        130.667        6.45148
            605            605        130.385        130.833        6.45141
            606            606        130.558            131        6.45135
            607            607        130.717        131.167         6.4513
            608            608        130.878        131.333        6.45124
            609            609        131.025          131.5         6.4512
            610            610        131.188        131.667        6.45115
            611            611        131.352        131.833         6.4511
            612            612        131.511            132        6.45105
            613            613        131.652        132.167          6.451
            614            614        131.815        132.333        6.45095
            615            615        131.986          132.5        6.45089
            616            616        132.131        132.667        6.45083
            617            617        132.281        132.833        6.45077
            618            618        132.453            133        6.45072
            619            619        132.612        133.167        6.45066
            620            620        132.772        133.333        6.45062
            621            621        132.914          133.5        6.45057
            622            622        133.074        133.667        6.45055
            623            623        133.244        133.833        6.45051
            624            624        133.399            134        6.45048
            625            625        133.554        134.167        6.45045
            626            626        133.715        134.333        6.45042
            627            627        133.873          134.5        6.45039
            628            628        134.024        134.667        6.45035
            629            629        134.185        134.833        6.45032
            630            630         134.35            135        6.45027
            631            631        134.492        135.167        6.45023
            632            632        134.663        135.333        6.45018
            633            633        134.829          135.5        6.45014
            634            634        134.992        135.667        6.45009
            635            635        135.142        135.833        6.45004
            636            636        135.299            136        6.44999
            637            637        135.458        136.167        6.44994
            638            638        135.618        136.333        6.44989
            639            639        135.774          136.5        6.44984
            640            640         135.93        136.667        6.44979
            641            641        136.096        136.833        6.44974
            642            642        136.256            137        6.44969
            643            643        136.412        137.167        6.44965
            644            644        136.569        137.333         6.4496
            645            645        136.731          137.5        6.44954
            646            646        136.891        137.667        6.44948
            647            647        137.038        137.833        6.44942
            648            648        137.207            138        6.44935
            649            649        137.366        138.167        6.44928
            650            650        137.526        138.333        6.44922
            651            651        137.682          138.5        6.44915
            652            652        137.841        138.667        6.44909
            653            653        138.006        138.833        6.44903
            654            654        138.162            139        6.44897
            655            655         138.33        139.167        6.44894
            656            656         138.48        139.333         6.4489
            657            657        138.642          139.5        6.44886
            658            658        138.793        139.667        6.44883
            659            659        138.961        139.833        6.44879
            660            660        139.121            140        6.44875
            661            661        139.272        140.167         6.4487
            662            662        139.434        140.333        6.44865
            663            663        139.591          140.5         6.4486
            664            664        139.749        140.667        6.44855
            665            665        139.918        140.833        6.44849
            666            666        140.084            141        6.44843
            667            667        140.239        141.167        6.44838
            668            668        140.403        141.333        6.44832
            669            669        140.563          141.5        6.44826
            670            670        140.713        141.667        6.44821
            671            671        140.874        141.833        6.44815
            672            672        141.033            142         6.4481
            673            673        141.189        142.167        6.44804
            674            674        141.351        142.333        6.44798
            675            675        141.509          142.5        6.44793
            676            676        141.668        142.667        6.44786
            677            677        141.824        142.833        6.44779
            678            678        141.986            143        6.44773
            679            679        142.151        143.167        6.44766
            680            680        142.315        143.333        6.44759
            681            681        142.469          143.5        6.44754
            682            682        142.634        143.667        6.44749
            683            683        142.787        143.833        6.44744
            684            684        142.944            144        6.44741
            685            685        143.098        144.167        6.44738
            686            686         143.27        144.333        6.44734
            687            687        143.423          144.5         6.4473
            688            688        143.592        144.667        6.44726
            689            689        143.745        144.833        6.44722
            690            690        143.899            145        6.44718
            691            691        144.064        145.167        6.44713
            692            692        144.224        145.333        6.44708
            693            693        144.383          145.5        6.44703
            694            694         144.54        145.667        6.44699
            695            695        144.706        145.833        6.44694
            696            696        144.858            146         6.4469
            697            697        145.021        146.167        6.44685
            698            698        145.182        146.333        6.44681
            699            699        145.341          146.5        6.44676
            700            700        145.504        146.667        6.44672
            701            701        145.665        146.833        6.44668
            702            702        145.816            147        6.44664
            703            703        145.977        147.167        6.44659
            704            704         146.14        147.333        6.44655
            705            705          146.3          147.5         6.4465
            706            706        146.457        147.667        6.44644
            707            707        146.625        147.833        6.44638
            708            708        146.782            148        6.44632
            709            709        146.944        148.167        6.44627
            710            710        147.107        148.333        6.44621
            711            711        147.267          148.5        6.44615
            712            712         147.43        148.667         6.4461
            713            713        147.591        148.833        6.44604
            714            714        147.743            149        6.44599
            715            715        147.909        149.167        6.44593
            716            716        148.064        149.333        6.44588
            717            717        148.233          149.5        6.44582
            718            718        148.385        149.667        6.44577
            719            719        148.545        149.833        6.44571
            720            720        148.708            150        6.44565
            721            721        148.868        150.167         6.4456
            722            722        149.025        150.333        6.44554
            723            723        149.182          150.5        6.44548
            724            724        149.349        150.667        6.44542
            725            725        149.516        150.833        6.44536
            726            726        149.672            151         6.4453
            727            727        149.831        151.167        6.44524
            728            728        149.992        151.333        6.44519
            729            729        150.148          151.5        6.44515
            730            730        150.314        151.667         6.4451
            731            731        150.479        151.833        6.44505
            732            732        150.634            152        6.44499
            733            733        150.788        152.167        6.44495
            734            734         150.95        152.333         6.4449
            735            735        151.112          152.5        6.44486
            736            736        151.272        152.667        6.44482
            737            737        151.441        152.833        6.44478
            738            738        151.596            153        6.44473
            739            739        151.752        153.167        6.44468
            740            740        151.907        153.333        6.44462
            741            741        152.077          153.5        6.44457
            742            742        152.237        153.667         6.4445
            743            743        152.392        153.833        6.44444
            744            744         152.56            154        6.44438
            745            745        152.719        154.167        6.44433
            746            746         152.88        154.333        6.44428
            747            747        153.038          154.5        6.44422
            748            748        153.206        154.667        6.44416
            749            749        153.375        154.833         6.4441
            750            750        153.526            155        6.44404
            751            751        153.686        155.167        6.44398
            752            752        153.851        155.333        6.44392
            753            753        154.007          155.5        6.44387
            754            754        154.173        155.667        6.44382
            755            755        154.329        155.833        6.44377
            756            756        154.489            156        6.44373
            757            757         154.65        156.167        6.44368
            758            758        154.812        156.333        6.44364
            759            759        154.981          156.5         6.4436
            760            760        155.138        156.667        6.44355
            761            761        155.301        156.833         6.4435
            762            762        155.468            157        6.44345
            763            763        155.615        157.167         6.4434
            764            764         155.79        157.333        6.44336
            765            765        155.937          157.5        6.44332
            766            766        156.108        157.667        6.44329
            767            767        156.269        157.833        6.44325
            768            768        156.427            158        6.44322
            769            769        156.591        158.167        6.44318
            770            770         156.75        158.333        6.44316
            771            771         156.91          158.5        6.44312
            772            772        157.067        158.667        6.44308
            773            773        157.231        158.833        6.44304
            774            774        157.389            159          6.443
            775            775        157.551        159.167        6.44294
            776            776        157.707        159.333        6.44289
            777            777        157.879          159.5        6.44284
            778            778        158.025        159.667        6.44279
            779            779         158.19        159.833        6.44274
            780            780        158.347            160        6.44269
            781            781        158.508        160.167        6.44264
            782            782        158.677        160.333        6.44258
            783            783        158.835          160.5        6.44253
            784            784        158.997        160.667        6.44248
            785            785        159.151        160.833        6.44243
            786            786        159.316            161        6.44239
            787            787         159.48        161.167        6.44234
            788            788        159.634        161.333         6.4423
            789            789        159.799          161.5        6.44225
            790            790        159.966        161.667        6.44221
            791            791        160.124        161.833        6.44218
            792            792        160.292            162        6.44215
            793            793        160.461        162.167        6.44212
            794            794        160.619        162.333        6.44209
            795            795        160.775          162.5        6.44206
            796            796         160.94        162.667        6.44203
            797            797        161.107        162.833        6.44199
            798            798        161.267            163        6.44195
            799            799        161.417        163.167        6.44189
            800            800        161.581        163.333        6.44184
            801            801        161.741          163.5        6.44179
            802            802        161.906        163.667        6.44175
            803            803        162.062        163.833         6.4417
            804            804        162.229            164        6.44165
            805            805        162.395        164.167        6.44161
            806            806        162.556        164.333        6.44156
            807            807        162.709          164.5        6.44151
            808            808        162.872        164.667        6.44146
            809            809        163.037        164.833        6.44141
            810            810        163.198            165        6.44136
            811            811        163.359        165.167        6.44131
            812            812        163.521        165.333        6.44125
            813            813        163.676          165.5         6.4412
            814            814        163.838        165.667        6.44115
            815            815        164.005        165.833         6.4411
            816            816        164.169            166        6.44105
            817            817        164.331        166.167        6.44101
            818            818        164.491        166.333        6.44097
            819            819        164.647          166.5        6.44093
            820            820        164.814        166.667        6.44088
            821            821        164.982        166.833        6.44083
            822            822        165.129            167        6.44077
            823            823        165.303        167.167        6.44072
            824            824        165.466        167.333        6.44066
            825            825        165.622          167.5         6.4406
            826            826        165.788        167.667        6.44056
            827            827        165.941        167.833        6.44051
            828            828        166.113            168        6.44047
            829            829        166.266        168.167        6.44043
            830            830        166.424        168.333        6.44038
            831            831         166.59          168.5        6.44034
            832            832        166.757        168.667         6.4403
            833            833        166.909        168.833        6.44025
            834            834         167.07            169        6.44021
            835            835        167.229        169.167        6.44018
            836            836        167.402        169.333        6.44014
            837            837        167.562          169.5        6.44009
            838            838        167.721        169.667        6.44004
            839            839        167.886        169.833        6.43999
            840            840        168.049            170        6.43994
            841            841        168.211        170.167        6.43987
            842            842        168.373        170.333        6.43982
            843            843        168.539          170.5        6.43976
            844            844          168.7        170.667         6.4397
            845            845         168.86        170.833        6.43964
            846            846        169.014            171        6.43958
            847            847        169.179        171.167        6.43953
            848            848        169.342        171.333        6.43948
            849            849        169.513          171.5        6.43944
            850            850        169.663        171.667        6.43941
            851            851         169.84        171.833        6.43938
            852            852        169.995            172        6.43934
            853            853        170.158        172.167        6.43932
            854            854        170.311        172.333        6.43927
            855            855        170.483          172.5        6.43922
            856            856        170.642        172.667        6.43916
            857            857        170.808        172.833        6.43909
            858            858        170.972            173        6.43903
            859            859        171.142        173.167        6.43897
            860            860        171.298        173.333        6.43891
            861            861        171.462          173.5        6.43886
            862            862        171.619        173.667        6.43881
            863            863        171.783        173.833        6.43876
            864            864        171.951            174        6.43872
            865            865        172.111        174.167        6.43868
            866            866        172.271        174.333        6.43864
            867            867        172.435          174.5        6.43859
            868            868        172.593        174.667        6.43855
            869            869         172.75        174.833        6.43851
            870            870        172.921            175        6.43847
            871            871        173.087        175.167        6.43844
            872            872        173.245        175.333         6.4384
            873            873        173.406          175.5        6.43836
            874            874        173.573        175.667        6.43833
            875            875        173.732        175.833        6.43829
            876            876        173.902            176        6.43824
            877            877        174.053        176.167         6.4382
            878            878        174.228        176.333        6.43816
            879            879        174.393          176.5        6.43813
            880            880        174.554        176.667        6.43809
            881            881        174.721        176.833        6.43806
            882            882        174.883            177        6.43803
            883            883        175.042        177.167        6.43799
            884            884        175.201        177.333        6.43795
            885            885        175.365          177.5        6.43791
            886            886         175.53        177.667        6.43786
            887            887        175.696        177.833        6.43782
            888            888        175.858            178        6.43778
            889            889        176.022        178.167        6.43775
            890            890        176.178        178.333        6.43773
            891            891        176.341          178.5         6.4377
            892            892        176.508        178.667        6.43767
            893            893        176.676        178.833        6.43765
            894            894         176.84            179        6.43763
            895            895        177.005        179.167        6.43761
            896            896        177.164        179.333         6.4376
            897            897        177.324          179.5        6.43758
            898            898         177.48        179.667        6.43757
            899            899        177.653        179.833        6.43755
            900            900        177.807            180        6.43753
            901            901        177.975        180.167         6.4375
            902            902        178.146        180.333        6.43747
            903            903        178.308          180.5        6.43744
            904            904         178.46        180.667        6.43741
            905            905        178.632        180.833        6.43737
            906            906        178.797            181        6.43734
            907            907        178.957        181.167         6.4373
            908            908        179.123        181.333        6.43726
            909            909        179.289          181.5        6.43723
            910            910        179.449        181.667         6.4372
            911            911        179.608        181.833        6.43716
            912            912        179.773            182        6.43712
            913            913         179.94        182.167        6.43709
            914            914        180.104        182.333        6.43706
            915            915        180.268          182.5        6.43702
            916            916        180.429        182.667        6.43699
            917            917        180.588        182.833        6.43696
            918            918         180.75            183        6.43694
            919            919        180.915        183.167        6.43692
            920            920        181.072        183.333        6.43689
            921            921        181.244          183.5        6.43686
            922            922        181.403        183.667        6.43683
            923            923        181.567        183.833        6.43679
            924            924        181.732            184        6.43675
            925            925        181.901        184.167        6.43671
            926            926        182.064        184.333        6.43667
            927            927        182.231          184.5        6.43661
            928            928        182.396        184.667        6.43656
            929            929        182.555        184.833        6.43652
            930            930        182.719            185        6.43647
            931            931        182.883        185.167        6.43644
            932            932        183.046        185.333         6.4364
            933            933          183.2          185.5        6.43636
            934            934        183.372        185.667        6.43632
            935            935        183.539        185.833        6.43629
            936            936        183.695            186        6.43626
            937            937        183.858        186.167        6.43623
            938            938        184.022        186.333         6.4362
            939            939        184.196          186.5        6.43617
            940            940        184.363        186.667        6.43614
            941            941        184.528        186.833        6.43611
            942            942        184.679            187        6.43608
            943            943        184.852        187.167        6.43604
            944            944        185.015        187.333        6.43599
            945            945        185.185          187.5        6.43595
            946            946        185.343        187.667         6.4359
            947            947          185.5        187.833        6.43586
            948            948         185.66            188         6.4358
            949            949         185.83        188.167        6.43575
            950            950        185.996        188.333         6.4357
            951            951        186.151          188.5        6.43566
            952            952        186.315        188.667        6.43563
            953            953        186.492        188.833        6.43559
            954            954        186.656            189        6.43555
            955            955        186.813        189.167        6.43551
            956            956        186.987        189.333        6.43548
            957            957        187.147          189.5        6.43544
            958            958        187.304        189.667         6.4354
            959            959        187.475        189.833        6.43535
            960            960        187.635            190        6.43531
            961            961          187.8        190.167        6.43527
            962            962        187.968        190.333        6.43523
            963            963        188.131          190.5         6.4352
            964            964        188.291        190.667        6.43518
            965            965        188.455        190.833        6.43516
            966            966        188.627            191        6.43514
            967            967        188.781        191.167        6.43511
            968            968        188.947        191.333        6.43508
            969            969        189.105          191.5        6.43505
            970            970        189.273        191.667        6.43502
            971            971        189.445        191.833        6.43498
            972            972        189.611            192        6.43494
            973            973        189.765        192.167         6.4349
            974            974        189.931        192.333        6.43487
            975            975        190.097          192.5        6.43484
            976            976        190.265        192.667        6.43482
            977            977        190.425        192.833         6.4348
            978            978        190.583            193        6.43477
            979            979        190.758        193.167        6.43474
            980            980        190.912        193.333        6.43471
            981            981        191.085          193.5        6.43469
            982            982        191.245        193.667        6.43466
            983            983        191.409        193.833        6.43464
            984            984        191.575            194        6.43462
            985            985        191.744        194.167         6.4346
            986            986          191.9        194.333        6.43458
            987            987        192.065          194.5        6.43455
            988            988        192.236        194.667        6.43453
            989            989        192.397        194.833        6.43451
            990            990        192.562            195        6.43448
            991            991        192.733        195.167        6.43446
            992            992        192.889        195.333        6.43442
            993            993         193.06          195.5        6.43439
            994            994        193.228        195.667        6.43435
            995            995        193.393        195.833        6.43431
            996            996        193.548            196        6.43427
            997            997        193.718        196.167        6.43423
            998            998         193.88        196.333        6.43419
            999            999         194.05          196.5        6.43415
           1000           1000        194.206        196.667         6.4341
           1001           1001        194.366        196.833        6.43406
           1002           1002        194.541            197        6.43402
           1003           1003        194.698        197.167        6.43398
           1004           1004        194.862        197.333        6.43393
           1005           1005         195.03          197.5        6.43389
           1006           1006         195.19        197.667        6.43385
           1007           1007        195.361        197.833        6.43381
           1008           1008        195.526            198        6.43376
           1009           1009        195.691        198.167        6.43371
           1010           1010        195.855        198.333        6.43366
           1011           1011        196.021          198.5        6.43362
           1012           1012        196.185        198.667        6.43357
           1013           1013        196.351        198.833        6.43353
           1014           1014        196.511            199        6.43349
           1015           1015        196.673        199.167        6.43345
           1016           1016        196.845        199.333        6.43342
           1017           1017        197.018          199.5        6.43339
           1018           1018        197.182        199.667        6.43336
           1019           1019        197.335        199.833        6.43332
           1020           1020        197.499            200        6.43328
           1021           1021        197.668        200.167        6.43324
           1022           1022        197.834        200.333         6.4332
           1023           1023        197.995          200.5        6.43315
           1024           1024        198.159        200.667        6.43309
           1025           1025        198.326        200.833        6.43304
           1026           1026        198.488            201          6.433
           1027           1027        198.652        201.167        6.43296
           1028           1028        198.813        201.333        6.43292
           1029           1029        198.984          201.5        6.43289
           1030           1030        199.144        201.667        6.43285
           1031           1031        199.312        201.833        6.43282
           1032           1032         199.47            202        6.43279
           1033           1033        199.647        202.167        6.43276
           1034           1034        199.811        202.333        6.43273
           1035           1035        199.967          202.5        6.43269
           1036           1036        200.132        202.667        6.43265
           1037           1037          200.3        202.833        6.43261
           1038           1038        200.467            203        6.43258
           1039           1039         200.63        203.167        6.43255
           1040           1040        200.794        203.333        6.43252
           1041           1041        200.963          203.5        6.43249
           1042           1042        201.127        203.667        6.43245
           1043           1043        201.295        203.833        6.43242
           1044           1044        201.455            204        6.43239
           1045           1045         201.62        204.167        6.43236
           1046           1046        201.794        204.333        6.43233
           1047           1047         201.96          204.5         6.4323
           1048           1048        202.117        204.667        6.43227
           1049           1049        202.281        204.833        6.43225
           1050           1050        202.444            205        6.43222
           1051           1051         202.62        205.167        6.43219
           1052           1052        202.777        205.333        6.43217
           1053           1053        202.944          205.5        6.43215
           1054           1054         203.11        205.667        6.43213
           1055           1055        203.273        205.833        6.43211
           1056           1056        203.449            206         6.4321
           1057           1057        203.611        206.167        6.43208
           1058           1058         203.77        206.333        6.43206
           1059           1059        203.933          206.5        6.43204
           1060           1060        204.097        206.667        6.43201
           1061           1061        204.264        206.833        6.43197
           1062           1062        204.429            207        6.43194
           1063           1063        204.592        207.167         6.4319
           1064           1064        204.754        207.333        6.43187
           1065           1065         204.92          207.5        6.43184
           1066           1066         205.09        207.667        6.43181
           1067           1067        205.261        207.833        6.43178
           1068           1068        205.418            208        6.43177
           1069           1069        205.585        208.167        6.43175
           1070           1070        205.756        208.333        6.43173
           1071           1071        205.914          208.5        6.43171
           1072           1072        206.071        208.667        6.43168
           1073           1073        206.246        208.833        6.43166
           1074           1074         206.41            209        6.43163
           1075           1075        206.576        209.167         6.4316
           1076           1076        206.735        209.333        6.43158
           1077           1077        206.903          209.5        6.43155
           1078           1078        207.072        209.667        6.43153
           1079           1079        207.232        209.833        6.43151
           1080           1080        207.398            210        6.43149
           1081           1081        207.568        210.167        6.43148
           1082           1082        207.736        210.333        6.43146
           1083           1083        207.895          210.5        6.43143
           1084           1084        208.058        210.667        6.43141
           1085           1085         208.23        210.833        6.43138
           1086           1086        208.392            211        6.43134
           1087           1087         208.56        211.167        6.43131
           1088           1088        208.728        211.333        6.43128
           1089           1089        208.892          211.5        6.43124
           1090           1090        209.046        211.667        6.43121
           1091           1091        209.217        211.833        6.43118
           1092           1092        209.392            212        6.43115
           1093           1093        209.548        212.167        6.43112
           1094           1094        209.716        212.333         6.4311
           1095           1095        209.877          212.5        6.43107
           1096           1096        210.048        212.667        6.43105
           1097           1097        210.211        212.833        6.43102
           1098           1098        210.375            213        6.43099
           1099           1099        210.536        213.167        6.43096
           1100           1100        210.699        213.333        6.43092
           1101           1101        210.868          213.5        6.43088
           1102           1102        211.035        213.667        6.43084
           1103           1103        211.201        213.833        6.43081
           1104           1104        211.372            214        6.43077
           1105           1105        211.533        214.167        6.43074
           1106           1106        211.696        214.333        6.43071
           1107           1107        211.865          214.5        6.43067
           1108           1108        212.029        214.667        6.43064
           1109           1109        212.193        214.833        6.43061
           1110           1110        212.362            215        6.43057
           1111           1111        212.529        215.167        6.43054
           1112           1112        212.688        215.333         6.4305
           1113           1113        212.852          215.5        6.43047
           1114           1114        213.013        215.667        6.43042
           1115           1115        213.187        215.833        6.43038
           1116           1116        213.345            216        6.43033
           1117           1117        213.517        216.167        6.43027
           1118           1118        213.683        216.333        6.43021
           1119           1119        213.851          216.5        6.43016
           1120           1120        214.016        216.667        6.43012
           1121           1121        214.178        216.833        6.43007
           1122           1122        214.344            217        6.43004
           1123           1123        214.498        217.167           6.43
           1124           1124        214.662        217.333        6.42997
           1125           1125        214.829          217.5        6.42994
           1126           1126        214.994        217.667         6.4299
           1127           1127        215.163        217.833        6.42987
           1128           1128        215.325            218        6.42982
           1129           1129        215.495        218.167        6.42978
           1130           1130        215.658        218.333        6.42972
           1131           1131        215.821          218.5        6.42967
           1132           1132        215.992        218.667        6.42963
           1133           1133        216.158        218.833        6.42959
           1134           1134        216.329            219        6.42954
           1135           1135         216.49        219.167        6.42949
           1136           1136        216.656        219.333        6.42945
           1137           1137        216.814          219.5         6.4294
           1138           1138        216.987        219.667        6.42936
           1139           1139        217.153        219.833        6.42932
           1140           1140        217.315            220        6.42928
           1141           1141        217.481        220.167        6.42925
           1142           1142        217.652        220.333        6.42921
           1143           1143        217.824          220.5        6.42919
           1144           1144        217.984        220.667        6.42917
           1145           1145        218.153        220.833        6.42914
           1146           1146        218.309            221        6.42911
           1147           1147        218.481        221.167        6.42908
           1148           1148        218.646        221.333        6.42905
           1149           1149        218.817          221.5        6.42903
           1150           1150        218.986        221.667          6.429
           1151           1151        219.142        221.833        6.42898
           1152           1152        219.305            222        6.42896
           1153           1153        219.474        222.167        6.42894
           1154           1154        219.641        222.333        6.42891
           1155           1155        219.805          222.5        6.42888
           1156           1156        219.973        222.667        6.42885
           1157           1157        220.141        222.833        6.42881
           1158           1158        220.303            223        6.42878
           1159           1159        220.463        223.167        6.42875
           1160           1160        220.625        223.333        6.42871
           1161           1161        220.798          223.5        6.42868
           1162           1162        220.962        223.667        6.42865
           1163           1163        221.138        223.833        6.42863
           1164           1164        221.303            224         6.4286
           1165           1165        221.471        224.167        6.42857
           1166           1166        221.636        224.333        6.42854
           1167           1167        221.798          224.5         6.4285
           1168           1168        221.958        224.667        6.42847
           1169           1169        222.123        224.833        6.42845
           1170           1170        222.297            225        6.42842
           1171           1171         222.46        225.167        6.42839
           1172           1172         222.62        225.333        6.42836
           1173           1173        222.787          225.5        6.42833
           1174           1174         222.96        225.667         6.4283
           1175           1175        223.133        225.833        6.42827
           1176           1176        223.287            226        6.42824
           1177           1177        223.451        226.167        6.42821
           1178           1178        223.613        226.333        6.42818
           1179           1179        223.793          226.5        6.42814
           1180           1180        223.957        226.667        6.42812
           1181           1181        224.112        226.833        6.42809
           1182           1182        224.277            227        6.42806
           1183           1183        224.449        227.167        6.42803
           1184           1184        224.613        227.333          6.428
           1185           1185        224.781          227.5        6.42797
           1186           1186        224.952        227.667        6.42794
           1187           1187        225.113        227.833        6.42791
           1188           1188        225.277            228        6.42787
           1189           1189        225.445        228.167        6.42783
           1190           1190        225.604        228.333        6.42779
           1191           1191        225.773          228.5        6.42774
           1192           1192        225.949        228.667         6.4277
           1193           1193        226.106        228.833        6.42765
           1194           1194        226.273            229        6.42761
           1195           1195        226.441        229.167        6.42757
           1196           1196        226.609        229.333        6.42753
           1197           1197        226.779          229.5        6.42748
           1198           1198        226.938        229.667        6.42744
           1199           1199        227.103        229.833         6.4274
           1200           1200         227.27            230        6.42735
           1201           1201        227.439        230.167        6.42731
           1202           1202        227.602        230.333        6.42727
           1203           1203         227.77          230.5        6.42723
           1204           1204         227.93        230.667        6.42719
           1205           1205        228.102        230.833        6.42714
           1206           1206        228.271            231        6.42709
           1207           1207        228.435        231.167        6.42703
           1208           1208        228.596        231.333        6.42697
           1209           1209        228.765          231.5         6.4269
           1210           1210        228.928        231.667        6.42684
           1211           1211        229.097        231.833        6.42677
           1212           1212        229.265            232         6.4267
           1213           1213        229.434        232.167        6.42663
           1214           1214        229.597        232.333        6.42655
           1215           1215        229.764          232.5        6.42649
           1216           1216        229.928        232.667        6.42643
           1217           1217        230.093        232.833        6.42636
           1218           1218         230.26            233         6.4263
           1219           1219         230.42        233.167        6.42625
           1220           1220        230.594        233.333         6.4262
           1221           1221        230.757          233.5        6.42616
           1222           1222        230.925        233.667        6.42612
           1223           1223        231.098        233.833        6.42608
           1224           1224        231.263            234        6.42604
           1225           1225        231.423        234.167          6.426
           1226           1226        231.586        234.333        6.42597
           1227           1227         231.75          234.5        6.42592
           1228           1228        231.927        234.667        6.42588
           1229           1229        232.096        234.833        6.42584
           1230           1230        232.256            235         6.4258
           1231           1231        232.414        235.167        6.42576
           1232           1232        232.587        235.333        6.42571
           1233           1233        232.754          235.5        6.42568
           1234           1234        232.919        235.667        6.42563
           1235           1235        233.089        235.833        6.42559
           1236           1236        233.264            236        6.42554
           1237           1237        233.427        236.167        6.42549
           1238           1238        233.592        236.333        6.42542
           1239           1239        233.757          236.5        6.42536
           1240           1240        233.924        236.667         6.4253
           1241           1241        234.092        236.833        6.42524
           1242           1242        234.256            237        6.42517
           1243           1243        234.418        237.167         6.4251
           1244           1244        234.585        237.333        6.42503
           1245           1245         234.75          237.5        6.42496
           1246           1246        234.917        237.667        6.42488
           1247           1247        235.085        237.833        6.42481
           1248           1248        235.259            238        6.42474
           1249           1249        235.423        238.167        6.42467
           1250           1250         235.59        238.333        6.42461
           1251           1251        235.755          238.5        6.42453
           1252           1252        235.915        238.667        6.42446
           1253           1253        236.083        238.833        6.42438
           1254           1254        236.249            239         6.4243
           1255           1255        236.426        239.167        6.42422
           1256           1256        236.588        239.333        6.42413
           1257           1257        236.754          239.5        6.42405
           1258           1258        236.924        239.667        6.42396
           1259           1259        237.082        239.833        6.42388
           1260           1260         237.26            240        6.42379
           1261           1261        237.416        240.167        6.42371
           1262           1262        237.574        240.333        6.42363
           1263           1263        237.744          240.5        6.42356
           1264           1264        237.924        240.667        6.42348
           1265           1265         238.08        240.833         6.4234
           1266           1266        238.245            241        6.42332
           1267           1267        238.421        241.167        6.42325
           1268           1268         238.58        241.333        6.42317
           1269           1269        238.748          241.5        6.42309
           1270           1270        238.908        241.667        6.42302
           1271           1271        239.081        241.833        6.42294
           1272           1272        239.248            242        6.42286
           1273           1273        239.409        242.167        6.42279
           1274           1274        239.565        242.333        6.42271
           1275           1275        239.745          242.5        6.42264
           1276           1276        239.911        242.667        6.42257
           1277           1277        240.077        242.833         6.4225
           1278           1278        240.242            243        6.42243
           1279           1279        240.407        243.167        6.42236
           1280           1280        240.579        243.333        6.42229
           1281           1281        240.741          243.5        6.42223
           1282           1282        240.907        243.667        6.42216
           1283           1283        241.079        243.833         6.4221
           1284           1284        241.239            244        6.42204
           1285           1285        241.411        244.167        6.42197
           1286           1286        241.576        244.333        6.42189
           1287           1287        241.744          244.5        6.42182
           1288           1288        241.907        244.667        6.42175
           1289           1289        242.072        244.833        6.42168
           1290           1290        242.243            245        6.42161
           1291           1291        242.405        245.167        6.42154
           1292           1292         242.58        245.333        6.42147
           1293           1293        242.747          245.5        6.42141
           1294           1294        242.921        245.667        6.42135
           1295           1295        243.084        245.833        6.42128
           1296           1296        243.236            246        6.42122
           1297           1297        243.416        246.167        6.42115
           1298           1298        243.578        246.333        6.42109
           1299           1299        243.751          246.5        6.42103
           1300           1300        243.913        246.667        6.42097
           1301           1301        244.078        246.833        6.42092
           1302           1302        244.245            247        6.42087
           1303           1303        244.421        247.167        6.42083
           1304           1304        244.578        247.333        6.42079
           1305           1305        244.742          247.5        6.42074
           1306           1306        244.923        247.667        6.42069
           1307           1307        245.082        247.833        6.42064
           1308           1308        245.239            248        6.42058
           1309           1309        245.419        248.167        6.42052
           1310           1310        245.583        248.333        6.42047
           1311           1311        245.751          248.5        6.42041
           1312           1312        245.916        248.667        6.42035
           1313           1313        246.087        248.833        6.42029
           1314           1314        246.247            249        6.42022
           1315           1315        246.417        249.167        6.42016
           1316           1316        246.592        249.333         6.4201
           1317           1317        246.743          249.5        6.42004
           1318           1318        246.922        249.667        6.41998
           1319           1319        247.081        249.833        6.41992
           1320           1320        247.253            250        6.41985
           1321           1321        247.418        250.167        6.41978
           1322           1322        247.592        250.333        6.41971
           1323           1323        247.762          250.5        6.41964
           1324           1324         247.93        250.667        6.41955
           1325           1325        248.087        250.833        6.41947
           1326           1326        248.246            251         6.4194
           1327           1327        248.425        251.167        6.41933
           1328           1328        248.591        251.333        6.41925
           1329           1329         248.76          251.5        6.41917
           1330           1330        248.918        251.667        6.41909
           1331           1331        249.082        251.833          6.419
           1332           1332        249.258            252         6.4189
           1333           1333         249.42        252.167         6.4188
           1334           1334        249.586        252.333        6.41869
           1335           1335        249.755          252.5        6.41859
           1336           1336        249.924        252.667        6.41848
           1337           1337        250.084        252.833        6.41837
           1338           1338        250.251            253        6.41826
           1339           1339        250.438        253.167        6.41815
           1340           1340        250.598        253.333        6.41804
           1341           1341         250.76          253.5        6.41794
           1342           1342        250.928        253.667        6.41783
           1343           1343        251.093        253.833        6.41773
           1344           1344        251.256            254        6.41762
           1345           1345        251.429        254.167        6.41752
           1346           1346        251.598        254.333        6.41742
           1347           1347        251.765          254.5        6.41731
           1348           1348        251.937        254.667         6.4172
           1349           1349        252.095        254.833        6.41709
           1350           1350        252.271            255        6.41698
           1351           1351        252.436        255.167        6.41688
           1352           1352        252.599        255.333        6.41678
           1353           1353        252.763          255.5        6.41667
           1354           1354        252.929        255.667        6.41657
           1355           1355        253.098        255.833        6.41646
           1356           1356        253.266            256        6.41635
           1357           1357         253.43        256.167        6.41624
           1358           1358          253.6        256.333        6.41614
           1359           1359        253.756          256.5        6.41603
           1360           1360        253.931        256.667        6.41593
           1361           1361          254.1        256.833        6.41582
           1362           1362        254.268            257        6.41571
           1363           1363        254.433        257.167         6.4156
           1364           1364        254.597        257.333         6.4155
           1365           1365        254.769          257.5        6.41538
           1366           1366        254.934        257.667        6.41527
           1367           1367        255.098        257.833        6.41516
           1368           1368        255.266            258        6.41505
           1369           1369         255.43        258.167        6.41493
           1370           1370        255.598        258.333        6.41481
           1371           1371        255.773          258.5        6.41469
           1372           1372        255.943        258.667        6.41457
           1373           1373        256.102        258.833        6.41444
           1374           1374        256.266            259        6.41431
           1375           1375         256.44        259.167        6.41418
           1376           1376         256.61        259.333        6.41406
           1377           1377         256.77          259.5        6.41393
           1378           1378        256.933        259.667         6.4138
           1379           1379        257.107        259.833        6.41368
           1380           1380        257.274            260        6.41355
           1381           1381         257.44        260.167        6.41342
           1382           1382        257.599        260.333        6.41329
           1383           1383         257.77          260.5        6.41316
           1384           1384        257.928        260.667        6.41303
           1385           1385        258.099        260.833        6.41291
           1386           1386        258.268            261        6.41278
           1387           1387        258.443        261.167        6.41265
           1388           1388        258.612        261.333        6.41252
           1389           1389         258.78          261.5        6.41239
           1390           1390        258.952        261.667        6.41227
           1391           1391        259.116        261.833        6.41214
           1392           1392         259.28            262        6.41201
           1393           1393        259.442        262.167        6.41188
           1394           1394         259.61        262.333        6.41175
           1395           1395        259.783          262.5        6.41161
           1396           1396        259.945        262.667        6.41147
           1397           1397        260.115        262.833        6.41133
           1398           1398        260.292            263        6.41118
           1399           1399        260.447        263.167        6.41104
           1400           1400        260.622        263.333        6.41089
           1401           1401        260.788          263.5        6.41074
           1402           1402        260.948        263.667        6.41058
           1403           1403        261.129        263.833        6.41042
           1404           1404        261.292            264        6.41026
           1405           1405        261.452        264.167         6.4101
           1406           1406        261.616        264.333        6.40994
           1407           1407        261.791          264.5        6.40978
           1408           1408        261.965        264.667        6.40963
           1409           1409        262.124        264.833        6.40947
           1410           1410        262.292            265        6.40931
           1411           1411        262.456        265.167        6.40917
           1412           1412        262.634        265.333        6.40902
           1413           1413        262.792          265.5        6.40887
           1414           1414        262.957        265.667        6.40872
           1415           1415        263.133        265.833        6.40859
           1416           1416        263.296            266        6.40845
           1417           1417         263.46        266.167        6.40831
           1418           1418        263.632        266.333        6.40816
           1419           1419        263.799          266.5        6.40801
           1420           1420        263.965        266.667        6.40785
           1421           1421        264.142        266.833        6.40768
           1422           1422         264.31            267        6.40752
           1423           1423        264.475        267.167        6.40734
           1424           1424        264.635        267.333        6.40716
           1425           1425        264.799          267.5        6.40699
           1426           1426         264.97        267.667        6.40681
           1427           1427        265.142        267.833        6.40663
           1428           1428         265.31            268        6.40644
           1429           1429        265.465        268.167        6.40625
           1430           1430        265.643        268.333        6.40605
           1431           1431        265.807          268.5        6.40584
           1432           1432        265.972        268.667        6.40562
           1433           1433        266.148        268.833        6.40541
           1434           1434        266.308            269        6.40519
           1435           1435        266.477        269.167        6.40496
           1436           1436        266.646        269.333        6.40472
           1437           1437        266.808          269.5        6.40449
           1438           1438        266.981        269.667        6.40426
           1439           1439        267.138        269.833        6.40403
           1440           1440        267.312            270         6.4038
           1441           1441        267.482        270.167        6.40356
           1442           1442        267.649        270.333        6.40333
           1443           1443        267.819          270.5        6.40309
           1444           1444        267.982        270.667        6.40284
           1445           1445        268.147        270.833         6.4026
           1446           1446        268.307            271        6.40236
           1447           1447        268.482        271.167        6.40212
           1448           1448        268.658        271.333        6.40188
           1449           1449        268.826          271.5        6.40164
           1450           1450        268.991        271.667         6.4014
           1451           1451        269.155        271.833        6.40116
           1452           1452        269.327            272        6.40092
           1453           1453        269.492        272.167        6.40068
           1454           1454         269.66        272.333        6.40045
           1455           1455        269.832          272.5        6.40021
           1456           1456        269.996        272.667        6.39996
           1457           1457        270.163        272.833        6.39972
           1458           1458        270.328            273        6.39947
           1459           1459        270.494        273.167        6.39922
           1460           1460        270.655        273.333        6.39896
           1461           1461        270.829          273.5        6.39871
           1462           1462        270.996        273.667        6.39846
           1463           1463        271.152        273.833        6.39821
           1464           1464        271.329            274        6.39796
           1465           1465        271.496        274.167        6.39771
           1466           1466         271.67        274.333        6.39745
           1467           1467        271.839          274.5         6.3972
           1468           1468        272.007        274.667        6.39694
           1469           1469        272.165        274.833        6.39666
           1470           1470        272.339            275        6.39639
           1471           1471        272.499        275.167        6.39612
           1472           1472        272.671        275.333        6.39584
           1473           1473        272.835          275.5        6.39554
           1474           1474        273.002        275.667        6.39525
           1475           1475        273.175        275.833        6.39495
           1476           1476        273.334            276        6.39466
           1477           1477        273.499        276.167        6.39436
           1478           1478        273.659        276.333        6.39406
           1479           1479        273.826          276.5        6.39375
           1480           1480        273.998        276.667        6.39344
           1481           1481        274.164        276.833        6.39313
           1482           1482        274.338            277        6.39282
           1483           1483        274.498        277.167        6.39251
           1484           1484        274.679        277.333        6.39219
           1485           1485        274.832          277.5        6.39187
           1486           1486        275.004        277.667        6.39155
           1487           1487        275.169        277.833        6.39122
           1488           1488         275.34            278         6.3909
           1489           1489        275.508        278.167        6.39056
           1490           1490        275.676        278.333        6.39022
           1491           1491         275.84          278.5        6.38988
           1492           1492        276.006        278.667        6.38953
           1493           1493        276.173        278.833        6.38916
           1494           1494        276.349            279        6.38879
           1495           1495         276.51        279.167        6.38842
           1496           1496        276.689        279.333        6.38805
           1497           1497        276.858          279.5        6.38767
           1498           1498         277.02        279.667        6.38729
           1499           1499         277.19        279.833        6.38692
           1500           1500        277.358            280        6.38653
           1501           1501        277.524        280.167        6.38614
           1502           1502          277.7        280.333        6.38574
           1503           1503        277.863          280.5        6.38534
           1504           1504        278.028        280.667        6.38493
           1505           1505        278.197        280.833        6.38452
           1506           1506        278.364            281        6.38408
           1507           1507        278.527        281.167        6.38366
           1508           1508        278.696        281.333        6.38323
           1509           1509        278.869          281.5         6.3828
           1510           1510        279.036        281.667        6.38236
           1511           1511        279.201        281.833        6.38192
           1512           1512        279.365            282        6.38147
           1513           1513        279.532        282.167        6.38102
           1514           1514        279.706        282.333        6.38056
           1515           1515        279.867          282.5         6.3801
           1516           1516        280.036        282.667        6.37965
           1517           1517        280.204        282.833        6.37919
           1518           1518        280.373            283        6.37871
           1519           1519        280.534        283.167        6.37823
           1520           1520        280.707        283.333        6.37774
           1521           1521        280.869          283.5        6.37726
           1522           1522        281.039        283.667        6.37673
           1523           1523        281.201        283.833        6.37622
           1524           1524        281.377            284         6.3757
           1525           1525        281.543        284.167        6.37517
           1526           1526        281.707        284.333        6.37463
           1527           1527        281.878          284.5        6.37409
           1528           1528        282.041        284.667        6.37355
           1529           1529        282.211        284.833          6.373
           1530           1530        282.372            285        6.37246
           1531           1531        282.546        285.167        6.37192
           1532           1532        282.712        285.333        6.37138
           1533           1533        282.885          285.5        6.37084
           1534           1534        283.043        285.667        6.37028
           1535           1535        283.211        285.833        6.36972
           1536           1536        283.379            286        6.36915
           1537           1537        283.547        286.167        6.36857
           1538           1538        283.712        286.333        6.36799
           1539           1539        283.884          286.5        6.36736
           1540           1540        284.057        286.667        6.36674
           1541           1541        284.221        286.833        6.36612
           1542           1542         284.39            287         6.3655
           1543           1543        284.555        287.167        6.36484
           1544           1544        284.717        287.333        6.36419
           1545           1545        284.889          287.5        6.36352
           1546           1546        285.054        287.667        6.36285
           1547           1547        285.212        287.833        6.36214
           1548           1548        285.382            288        6.36144
           1549           1549        285.563        288.167        6.36073
           1550           1550        285.732        288.333        6.36001
           1551           1551        285.889          288.5        6.35926
           1552           1552        286.061        288.667        6.35851
           1553           1553        286.227        288.833        6.35775
           1554           1554        286.394            289        6.35699
           1555           1555        286.564        289.167         6.3562
           1556           1556        286.731        289.333        6.35542
           1557           1557        286.896          289.5        6.35464
           1558           1558         287.06        289.667        6.35384
           1559           1559        287.226        289.833        6.35302
           1560           1560        287.404            290         6.3522
           1561           1561        287.561        290.167        6.35138
           1562           1562        287.729        290.333        6.35055
           1563           1563          287.9          290.5        6.34969
           1564           1564        288.065        290.667        6.34883
           1565           1565        288.229        290.833        6.34798
           1566           1566        288.404            291        6.34711
           1567           1567        288.568        291.167        6.34624
           1568           1568        288.725        291.333        6.34534
           1569           1569        288.893          291.5        6.34444
           1570           1570        289.065        291.667        6.34353
           1571           1571        289.245        291.833        6.34262
           1572           1572        289.408            292        6.34166
           1573           1573        289.573        292.167         6.3407
           1574           1574        289.742        292.333        6.33975
           1575           1575         289.91          292.5        6.33878
           1576           1576        290.077        292.667        6.33778
           1577           1577        290.245        292.833        6.33679
           1578           1578        290.416            293        6.33578
           1579           1579        290.583        293.167        6.33477
           1580           1580        290.745        293.333        6.33372
           1581           1581        290.909          293.5        6.33267
           1582           1582        291.083        293.667        6.33162
           1583           1583        291.251        293.833        6.33055
           1584           1584         291.42            294        6.32944
           1585           1585        291.587        294.167        6.32833
           1586           1586        291.756        294.333        6.32722
           1587           1587        291.932          294.5        6.32609
           1588           1588          292.1        294.667        6.32494
           1589           1589        292.259        294.833        6.32379
           1590           1590        292.426            295        6.32264
           1591           1591          292.6        295.167        6.32149
           1592           1592        292.769        295.333        6.32031
           1593           1593        292.938          295.5        6.31913
           1594           1594        293.098        295.667        6.31794
           1595           1595         293.27        295.833        6.31674
           1596           1596         293.43            296        6.31549
           1597           1597        293.606        296.167        6.31424
           1598           1598        293.771        296.333        6.31299
           1599           1599        293.943          296.5        6.31172
           1600           1600         294.11        296.667        6.31043
           1601           1601        294.275        296.833        6.30908
           1602           1602        294.433            297        6.30773
           1603           1603        294.611        297.167        6.30638
           1604           1604        294.778        297.333        6.30502
           1605           1605        294.944          297.5        6.30359
           1606           1606        295.116        297.667        6.30218
           1607           1607         295.28        297.833        6.30077
           1608           1608        295.447            298        6.29935
           1609           1609        295.628        298.167        6.29791
           1610           1610        295.789        298.333        6.29647
           1611           1611        295.948          298.5        6.29503
           1612           1612        296.111        298.667        6.29359
           1613           1613        296.282        298.833        6.29213
           1614           1614        296.447            299        6.29067
           1615           1615        296.621        299.167        6.28922
           1616           1616        296.788        299.333        6.28775
           1617           1617         296.96          299.5        6.28626
           1618           1618        297.124        299.667        6.28478
           1619           1619        297.292        299.833        6.28329
           1620           1620        297.465            300         6.2818
           1621           1621        297.632        300.167        6.28027
           1622           1622        297.798        300.333        6.27875
           1623           1623        297.962          300.5        6.27723
           1624           1624         298.13        300.667         6.2757
           1625           1625        298.294        300.833        6.27414
           1626           1626        298.471            301        6.27258
           1627           1627        298.638        301.167        6.27101
           1628           1628        298.803        301.333        6.26943
           1629           1629        298.978          301.5         6.2678
           1630           1630        299.147        301.667        6.26617
           1631           1631        299.308        301.833        6.26453
           1632           1632        299.479            302        6.26286
           1633           1633        299.643        302.167        6.26118
           1634           1634        299.812        302.333        6.25943
           1635           1635        299.987          302.5        6.25769
           1636           1636        300.151        302.667        6.25594
           1637           1637        300.317        302.833        6.25418
           1638           1638        300.485            303        6.25234
           1639           1639        300.658        303.167        6.25052
           1640           1640        300.821        303.333        6.24868
           1641           1641        300.984          303.5        6.24683
           1642           1642        301.161        303.667        6.24491
           1643           1643        301.324        303.833        6.24302
           1644           1644        301.484            304        6.24111
           1645           1645        301.654        304.167         6.2392
           1646           1646        301.821        304.333        6.23724
           1647           1647        301.984          304.5        6.23529
           1648           1648        302.154        304.667        6.23333
           1649           1649        302.327        304.833        6.23137
           1650           1650        302.499            305        6.22935
           1651           1651        302.662        305.167        6.22734
           1652           1652        302.827        305.333        6.22531
           1653           1653        302.998          305.5        6.22327
           1654           1654         303.17        305.667        6.22117
           1655           1655        303.328        305.833        6.21908
           1656           1656        303.491            306        6.21697
           1657           1657         303.66        306.167        6.21485
           1658           1658        303.835        306.333        6.21265
           1659           1659        304.004          306.5        6.21046
           1660           1660        304.175        306.667        6.20825
           1661           1661        304.339        306.833        6.20603
           1662           1662        304.501            307        6.20373
           1663           1663        304.676        307.167        6.20144
           1664           1664        304.842        307.333        6.19914
           1665           1665        305.009          307.5        6.19682
           1666           1666        305.177        307.667        6.19448
           1667           1667         305.35        307.833        6.19207
           1668           1668        305.517            308        6.18968
           1669           1669        305.677        308.167        6.18727
           1670           1670         305.85        308.333        6.18484
           1671           1671        306.013          308.5        6.18235
           1672           1672        306.176        308.667        6.17988
           1673           1673        306.351        308.833        6.17738
           1674           1674        306.521            309        6.17488
           1675           1675        306.692        309.167        6.17231
           1676           1676        306.858        309.333        6.16975
           1677           1677        307.022          309.5        6.16719
           1678           1678        307.182        309.667        6.16461
           1679           1679        307.354        309.833        6.16197
           1680           1680        307.515            310        6.15934
           1681           1681        307.683        310.167         6.1567
           1682           1682        307.848        310.333        6.15406
           1683           1683        308.031          310.5        6.15138
           1684           1684        308.195        310.667         6.1487
           1685           1685        308.365        310.833        6.14602
           1686           1686        308.527            311        6.14333
           1687           1687        308.695        311.167        6.14059
           1688           1688         308.86        311.333        6.13784
           1689           1689        309.029          311.5        6.13508
           1690           1690        309.201        311.667        6.13231
           1691           1691        309.368        311.833        6.12947
           1692           1692        309.527            312        6.12664
           1693           1693        309.696        312.167         6.1238
           1694           1694        309.867        312.333        6.12095
           1695           1695        310.037          312.5        6.11806
           1696           1696         310.21        312.667        6.11517
           1697           1697        310.376        312.833        6.11227
           1698           1698        310.534            313        6.10935
           1699           1699        310.701        313.167        6.10641
           1700           1700        310.879        313.333        6.10342
           1701           1701        311.042          313.5        6.10043
           1702           1702        311.204        313.667        6.09742
           1703           1703        311.372        313.833        6.09439
           1704           1704        311.545            314        6.09127
           1705           1705         311.71        314.167        6.08816
           1706           1706        311.886        314.333        6.08503
           1707           1707        312.045          314.5        6.08187
           1708           1708         312.21        314.667        6.07861
           1709           1709        312.383        314.833        6.07538
           1710           1710         312.55            315        6.07214
           1711           1711        312.724        315.167        6.06888
           1712           1712        312.891        315.333        6.06556
           1713           1713        313.055          315.5        6.06226
           1714           1714        313.223        315.667        6.05896
           1715           1715        313.387        315.833        6.05565
           1716           1716        313.558            316        6.05233
           1717           1717        313.726        316.167        6.04901
           1718           1718        313.896        316.333        6.04569
           1719           1719        314.061          316.5        6.04235
           1720           1720        314.228        316.667        6.03899
           1721           1721        314.397        316.833         6.0356
           1722           1722        314.567            317        6.03219
           1723           1723        314.728        317.167        6.02876
           1724           1724        314.901        317.333        6.02523
           1725           1725        315.069          317.5         6.0217
           1726           1726        315.236        317.667        6.01814
           1727           1727        315.412        317.833        6.01457
           1728           1728        315.569            318        6.01087
           1729           1729        315.741        318.167        6.00719
           1730           1730        315.908        318.333        6.00349
           1731           1731         316.07          318.5        5.99975
           1732           1732        316.237        318.667        5.99599
           1733           1733        316.406        318.833        5.99214
           1734           1734        316.574            319        5.98832
           1735           1735         316.75        319.167         5.9845
           1736           1736        316.911        319.333        5.98068
           1737           1737        317.077          319.5        5.97682
           1738           1738        317.246        319.667        5.97297
           1739           1739        317.415        319.833        5.96911
           1740           1740        317.588            320        5.96524
           1741           1741        317.755        320.167        5.96135
           1742           1742        317.916        320.333        5.95745
           1743           1743        318.084          320.5        5.95353
           1744           1744        318.257        320.667        5.94959
           1745           1745        318.422        320.833        5.94559
           1746           1746        318.583            321        5.94159
           1747           1747        318.751        321.167        5.93757
           1748           1748         318.92        321.333        5.93352
           1749           1749        319.086          321.5        5.92938
           1750           1750        319.251        321.667        5.92523
           1751           1751        319.425        321.833        5.92106
           1752           1752        319.585            322        5.91687
           1753           1753        319.753        322.167        5.91256
           1754           1754        319.924        322.333        5.90827
           1755           1755        320.085          322.5        5.90396
           1756           1756        320.251        322.667        5.89964
           1757           1757        320.424        322.833        5.89522
           1758           1758        320.584            323        5.89082
           1759           1759        320.749        323.167        5.88641
           1760           1760        320.926        323.333          5.882
           1761           1761        321.085          323.5        5.87755
           1762           1762        321.252        323.667        5.87312
           1763           1763        321.421        323.833        5.86868
           1764           1764        321.589            324        5.86422
           1765           1765        321.758        324.167        5.85974
           1766           1766        321.925        324.333         5.8552
           1767           1767        322.077          324.5        5.85063
           1768           1768        322.253        324.667        5.84603
           1769           1769        322.418        324.833         5.8414
           1770           1770        322.588            325        5.83663
           1771           1771         322.76        325.167        5.83189
           1772           1772        322.924        325.333        5.82713
           1773           1773         323.09          325.5        5.82233
           1774           1774        323.261        325.667        5.81742
           1775           1775        323.428        325.833        5.81253
           1776           1776        323.594            326        5.80762
           1777           1777        323.758        326.167         5.8027
           1778           1778        323.927        326.333        5.79768
           1779           1779        324.089          326.5        5.79268
           1780           1780        324.263        326.667        5.78766
           1781           1781        324.435        326.833        5.78262
           1782           1782        324.602            327         5.7775
           1783           1783        324.767        327.167        5.77239
           1784           1784        324.938        327.333        5.76726
           1785           1785        325.104          327.5        5.76212
           1786           1786        325.267        327.667         5.7569
           1787           1787        325.445        327.833        5.75171
           1788           1788        325.613            328        5.74651
           1789           1789        325.775        328.167         5.7413
           1790           1790        325.939        328.333        5.73605
           1791           1791        326.107          328.5        5.73078
           1792           1792        326.278        328.667        5.72549
           1793           1793        326.444        328.833        5.72018
           1794           1794        326.617            329        5.71478
           1795           1795        326.789        329.167        5.70937
           1796           1796        326.954        329.333        5.70393
           1797           1797        327.116          329.5        5.69846
           1798           1798        327.285        329.667        5.69295
           1799           1799        327.453        329.833        5.68729
           1800           1800        327.628            330        5.68165
           1801           1801        327.794        330.167        5.67597
           1802           1802        327.954        330.333        5.67027
           1803           1803        328.121          330.5        5.66441
           1804           1804         328.29        330.667        5.65859
           1805           1805        328.457        330.833        5.65275
           1806           1806        328.629            331        5.64689
           1807           1807         328.79        331.167        5.64093
           1808           1808        328.954        331.333        5.63499
           1809           1809        329.129          331.5        5.62903
           1810           1810        329.297        331.667        5.62305
           1811           1811         329.46        331.833        5.61697
           1812           1812        329.625            332        5.61089
           1813           1813        329.799        332.167        5.60477
           1814           1814        329.966        332.333        5.59863
           1815           1815        330.137          332.5        5.59236
           1816           1816        330.301        332.667        5.58611
           1817           1817        330.471        332.833        5.57984
           1818           1818        330.629            333        5.57354
           1819           1819        330.804        333.167        5.56712
           1820           1820        330.972        333.333        5.56073
           1821           1821        331.143          333.5        5.55432
           1822           1822         331.32        333.667        5.54791
           1823           1823         331.48        333.833        5.54146
           1824           1824        331.652            334        5.53506
           1825           1825        331.811        334.167        5.52866
           1826           1826        331.988        334.333        5.52228
           1827           1827        332.158          334.5        5.51592
           1828           1828        332.322        334.667        5.50951
           1829           1829        332.489        334.833        5.50305
           1830           1830        332.653            335        5.49656
           1831           1831        332.817        335.167        5.48992
           1832           1832        332.989        335.333        5.48327
           1833           1833        333.162          335.5        5.47657
           1834           1834        333.327        335.667        5.46983
           1835           1835        333.495        335.833        5.46288
           1836           1836        333.661            336        5.45599
           1837           1837        333.826        336.167        5.44908
           1838           1838        333.994        336.333        5.44216
           1839           1839         334.16          336.5        5.43511
           1840           1840        334.329        336.667        5.42809
           1841           1841        334.498        336.833        5.42104
           1842           1842        334.665            337        5.41397
           1843           1843        334.829        337.167         5.4068
           1844           1844        334.999        337.333        5.39964
           1845           1845        335.172          337.5        5.39246
           1846           1846        335.325        337.667        5.38527
           1847           1847        335.495        337.833        5.37798
           1848           1848         335.67            338        5.37071
           1849           1849        335.835        338.167        5.36343
           1850           1850        335.998        338.333        5.35612
           1851           1851        336.163          338.5        5.34875
           1852           1852        336.335        338.667        5.34139
           1853           1853        336.499        338.833        5.33403
           1854           1854        336.663            339        5.32666
           1855           1855         336.84        339.167        5.31923
           1856           1856        337.011        339.333        5.31182
           1857           1857        337.177          339.5        5.30441
           1858           1858        337.338        339.667        5.29699
           1859           1859        337.507        339.833        5.28955
           1860           1860        337.676            340        5.28211
           1861           1861        337.845        340.167        5.27465
           1862           1862        338.007        340.333        5.26719
           1863           1863        338.183          340.5        5.25971
           1864           1864        338.347        340.667        5.25223
           1865           1865        338.518        340.833        5.24474
           1866           1866        338.685            341        5.23724
           1867           1867        338.854        341.167        5.22971
           1868           1868        339.021        341.333        5.22218
           1869           1869        339.199          341.5        5.21462
           1870           1870         339.37        341.667        5.20705
           1871           1871        339.538        341.833        5.19938
           1872           1872        339.698            342         5.1917
           1873           1873         339.87        342.167        5.18398
           1874           1874        340.035        342.333        5.17622
           1875           1875        340.201          342.5         5.1683
           1876           1876         340.37        342.667        5.16037
           1877           1877        340.538        342.833         5.1524
           1878           1878        340.702            343        5.14438
           1879           1879        340.875        343.167        5.13615
           1880           1880        341.046        343.333        5.12794
           1881           1881         341.21          343.5        5.11966
           1882           1882        341.374        343.667         5.1113
           1883           1883        341.544        343.833        5.10258
           1884           1884        341.715            344        5.09385
           1885           1885        341.892        344.167        5.08505
           1886           1886        342.061        344.333         5.0762
           1887           1887        342.229          344.5        5.06697
           1888           1888        342.396        344.667        5.05789
           1889           1889         342.56        344.833        5.04882
           1890           1890        342.734            345        5.03974
           1891           1891        342.901        345.167        5.03061
           1892           1892         343.07        345.333         5.0215
           1893           1893        343.233          345.5        5.01241
           1894           1894        343.401        345.667        5.00333
           1895           1895        343.573        345.833        4.99427
           1896           1896        343.736            346        4.98522
           1897           1897         343.91        346.167        4.97617
           1898           1898        344.078        346.333        4.96714
           1899           1899        344.242          346.5        4.95814
           1900           1900        344.402        346.667        4.94912
           1901           1901         344.57        346.833         4.9401
           1902           1902        344.745            347        4.93107
           1903           1903        344.919        347.167        4.92206
           1904           1904        345.086        347.333        4.91308
           1905           1905        345.248          347.5        4.90412
           1906           1906         345.42        347.667        4.89519
           1907           1907        345.591        347.833        4.88634
           1908           1908        345.755            348        4.87749
           1909           1909        345.924        348.167        4.86865
           1910           1910        346.091        348.333        4.85981
           1911           1911        346.264          348.5        4.85102
           1912           1912        346.429        348.667        4.84218
           1913           1913        346.603        348.833         4.8333
           1914           1914        346.776            349        4.82442
           1915           1915         346.94        349.167        4.81546
           1916           1916        347.112        349.333         4.8065
           1917           1917        347.278          349.5        4.79754
           1918           1918         347.44        349.667        4.78858
           1919           1919        347.608        349.833        4.77957
           1920           1920        347.786            350         4.7706
           1921           1921        347.955        350.167        4.76164
           1922           1922        348.123        350.333        4.75267
           1923           1923        348.289          350.5        4.74372
           1924           1924        348.461        350.667        4.73477
           1925           1925        348.632        350.833        4.72582
           1926           1926        348.802            351        4.71688
           1927           1927        348.975        351.167        4.70795
           1928           1928        349.139        351.333        4.69901
           1929           1929        349.313          351.5        4.69006
           1930           1930        349.484        351.667         4.6811
           1931           1931        349.639        351.833        4.67213
           1932           1932        349.821            352        4.66312
           1933           1933         349.98        352.167        4.65411
           1934           1934        350.154        352.333         4.6451
           1935           1935         350.33          352.5        4.63609
           1936           1936        350.494        352.667        4.62706
           1937           1937        350.657        352.833        4.61807
           1938           1938        350.826            353        4.60907
           1939           1939        350.997        353.167        4.60008
           1940           1940        351.169        353.333        4.59109
           1941           1941        351.333          353.5        4.58206
           1942           1942        351.505        353.667        4.57302
           1943           1943        351.676        353.833        4.56396
           1944           1944        351.839            354        4.55484
           1945           1945        352.006        354.167        4.54574
           1946           1946        352.178        354.333        4.53664
           1947           1947        352.344          354.5        4.52754
           1948           1948        352.507        354.667        4.51843
           1949           1949        352.678        354.833        4.50932
           1950           1950        352.852            355        4.50019
           1951           1951        353.023        355.167        4.49105
           1952           1952        353.193        355.333        4.48186
           1953           1953        353.363          355.5        4.47267
           1954           1954        353.519        355.667        4.46348
           1955           1955        353.693        355.833        4.45428
           1956           1956        353.872            356        4.44502
           1957           1957        354.038        356.167        4.43576
           1958           1958        354.206        356.333         4.4265
           1959           1959        354.363          356.5        4.41722
           1960           1960         354.54        356.667        4.40789
           1961           1961        354.709        356.833        4.39857
           1962           1962        354.874            357        4.38923
           1963           1963        355.041        357.167        4.37987
           1964           1964        355.206        357.333         4.3705
           1965           1965        355.376          357.5        4.36106
           1966           1966        355.551        357.667        4.35162
           1967           1967        355.723        357.833        4.34217
           1968           1968         355.89            358         4.3327
           1969           1969        356.058        358.167        4.32315
           1970           1970        356.224        358.333        4.31362
           1971           1971        356.395          358.5        4.30407
           1972           1972        356.564        358.667        4.29451
           1973           1973        356.733        358.833        4.28488
           1974           1974        356.899            359        4.27526
           1975           1975        357.072        359.167        4.26564
           1976           1976         357.24        359.333        4.25599
           1977           1977        357.412          359.5        4.24629
           1978           1978        357.572        359.667        4.23659
           1979           1979        357.745        359.833        4.22688
           1980           1980        357.908            360        4.21716
           1981           1981        358.071        360.167        4.20735
           1982           1982        358.239        360.333        4.19755
           1983           1983        358.412          360.5        4.18771
           1984           1984        358.582        360.667        4.17784
           1985           1985        358.754        360.833        4.16783
           1986           1986        358.911            361        4.15782
           1987           1987        359.084        361.167        4.14781
           1988           1988        359.257        361.333        4.13779
           1989           1989        359.427          361.5        4.12769
           1990           1990        359.599        361.667        4.11765
           1991           1991        359.761        361.833        4.10765
           1992           1992        359.929            362        4.09766
           1993           1993        360.104        362.167        4.08774
           1994           1994        360.272        362.333         4.0778
           1995           1995        360.443          362.5        4.06784
           1996           1996        360.615        362.667         4.0579
           1997           1997        360.788        362.833        4.04795
           1998           1998        360.955            363          4.038
           1999           1999        361.114        363.167        4.02804
           2000           2000        361.293        363.333        4.01808
           2001           2001        361.455          363.5        4.00812
           2002           2002        361.625        363.667        3.99816
           2003           2003        361.783        363.833        3.98821
           2004           2004        361.956            364        3.97827
           2005           2005        362.124        364.167        3.96834
           2006           2006        362.299        364.333        3.95842
           2007           2007        362.465          364.5        3.94849
           2008           2008        362.629        364.667        3.93854
           2009           2009        362.802        364.833        3.92858
           2010           2010        362.973            365        3.91861
           2011           2011        363.133        365.167        3.90863
           2012           2012        363.305        365.333        3.89866
           2013           2013        363.477          365.5        3.88867
           2014           2014        363.638        365.667        3.87867
           2015           2015        363.796        365.833         3.8687
           2016           2016        363.965            366        3.85876
           2017           2017        364.136        366.167        3.84884
           2018           2018        364.297        366.333        3.83895
           2019           2019        364.466          366.5        3.82905
           2020           2020        364.637        366.667        3.81913
           2021           2021        364.809        366.833        3.80918
           2022           2022        364.974            367        3.79915
           2023           2023        365.136        367.167        3.78905
           2024           2024        365.308        367.333        3.77888
           2025           2025        365.482          367.5        3.76865
           2026           2026        365.645        367.667        3.75802
           2027           2027         365.81        367.833        3.74737
           2028           2028        365.985            368         3.7366
           2029           2029         366.15        368.167        3.72574
           2030           2030        366.326        368.333        3.71484
           2031           2031        366.492          368.5        3.70366
           2032           2032        366.666        368.667        3.69278
           2033           2033        366.836        368.833        3.68203
           2034           2034        367.005            369        3.67135
           2035           2035        367.166        369.167        3.66108
           2036           2036        367.339        369.333        3.65073
           2037           2037        367.504          369.5        3.64044
           2038           2038        367.669        369.667         3.6302
           2039           2039        367.841        369.833        3.62026
           2040           2040        368.011            370        3.61022
           2041           2041         368.18        370.167        3.60019
           2042           2042        368.346        370.333        3.59019
           2043           2043         368.52          370.5        3.58028
           2044           2044        368.686        370.667        3.57034
           2045           2045        368.857        370.833         3.5604
           2046           2046        369.033            371        3.55044
           2047           2047        369.198        371.167        3.54052
           2048           2048        369.368        371.333        3.53061
           2049           2049         369.54          371.5        3.52072
           2050           2050        369.703        371.667        3.51086
           2051           2051        369.878        371.833        3.50108
           2052           2052        370.051            372        3.49136
           2053           2053        370.219        372.167        3.48172
           2054           2054        370.388        372.333        3.47213
           2055           2055        370.557          372.5        3.46283
           2056           2056        370.732        372.667         3.4535
           2057           2057          370.9        372.833        3.44424
           2058           2058        371.073            373        3.43504
           2059           2059        371.245        373.167        3.42616
           2060           2060        371.417        373.333        3.41723
           2061           2061        371.585          373.5        3.40834
           2062           2062        371.759        373.667        3.39954
           2063           2063        371.926        373.833        3.39081
           2064           2064        372.091            374        3.38236
           2065           2065        372.267        374.167        3.37386
           2066           2066        372.432        374.333        3.36542
           2067           2067        372.605          374.5        3.35704
           2068           2068        372.775        374.667        3.34894
           2069           2069        372.948        374.833        3.34081
           2070           2070        373.122            375        3.33274
           2071           2071         373.29        375.167        3.32473
           2072           2072        373.461        375.333        3.31704
           2073           2073        373.624          375.5         3.3093
           2074           2074        373.801        375.667        3.30162
           2075           2075        373.967        375.833          3.294
           2076           2076        374.144            376        3.28668
           2077           2077        374.315        376.167        3.27932
           2078           2078        374.479        376.333        3.27201
           2079           2079        374.656          376.5        3.26477
           2080           2080        374.824        376.667         3.2578
           2081           2081        374.988        376.833        3.25078
           2082           2082        375.161            377         3.2438
           2083           2083         375.34        377.167        3.23686
           2084           2084        375.501        377.333        3.23014
           2085           2085        375.669          377.5        3.22338
           2086           2086        375.837        377.667        3.21665
           2087           2087        376.006        377.833        3.20995
           2088           2088        376.176            378        3.20341
           2089           2089        376.345        378.167        3.19684
           2090           2090        376.518        378.333        3.19029
           2091           2091        376.674          378.5        3.18376
           2092           2092        376.843        378.667        3.17736
           2093           2093        377.022        378.833        3.17094
           2094           2094        377.188            379        3.16454
           2095           2095        377.356        379.167        3.15816
           2096           2096        377.522        379.333        3.15181
           2097           2097        377.698          379.5        3.14555
           2098           2098        377.871        379.667        3.13926
           2099           2099        378.043        379.833        3.13299
           2100           2100        378.204            380        3.12673
           2101           2101        378.376        380.167        3.12053
           2102           2102        378.544        380.333        3.11431
           2103           2103        378.714          380.5         3.1081
           2104           2104        378.886        380.667         3.1019
           2105           2105        379.048        380.833        3.09575
           2106           2106         379.22            381        3.08959
           2107           2107        379.394        381.167        3.08344
           2108           2108        379.561        381.333        3.07729
           2109           2109         379.73          381.5        3.07118
           2110           2110        379.899        381.667        3.06505
           2111           2111        380.066        381.833        3.05892
           2112           2112        380.239            382        3.05279
           2113           2113        380.401        382.167        3.04664
           2114           2114        380.573        382.333        3.04049
           2115           2115        380.742          382.5        3.03434
           2116           2116        380.918        382.667        3.02819
           2117           2117        381.078        382.833        3.02202
           2118           2118         381.25            383        3.01585
           2119           2119        381.419        383.167        3.00969
           2120           2120        381.586        383.333        3.00352
           2121           2121        381.756          383.5        2.99734
           2122           2122        381.915        383.667        2.99114
           2123           2123        382.088        383.833        2.98494
           2124           2124        382.255            384        2.97874
           2125           2125        382.424        384.167        2.97248
           2126           2126        382.597        384.333        2.96623
           2127           2127        382.767          384.5        2.95997
           2128           2128        382.932        384.667        2.95369
           2129           2129        383.097        384.833         2.9474
           2130           2130        383.269            385        2.94107
           2131           2131        383.435        385.167        2.93474
           2132           2132        383.601        385.333        2.92841
           2133           2133        383.767          385.5        2.92206
           2134           2134        383.934        385.667        2.91568
           2135           2135        384.115        385.833         2.9093
           2136           2136        384.283            386         2.9029
           2137           2137        384.455        386.167        2.89649
           2138           2138        384.618        386.333        2.89003
           2139           2139         384.79          386.5        2.88357
           2140           2140        384.959        386.667        2.87712
           2141           2141        385.126        386.833        2.87066
           2142           2142        385.286            387        2.86415
           2143           2143        385.458        387.167        2.85764
           2144           2144        385.622        387.333        2.85113
           2145           2145        385.789          387.5        2.84461
           2146           2146         385.96        387.667        2.83803
           2147           2147        386.126        387.833        2.83145
           2148           2148        386.295            388        2.82486
           2149           2149        386.467        388.167        2.81824
           2150           2150         386.63        388.333        2.81155
           2151           2151        386.795          388.5        2.80486
           2152           2152        386.972        388.667        2.79816
           2153           2153        387.132        388.833        2.79145
           2154           2154        387.296            389        2.78466
           2155           2155        387.475        389.167        2.77789
           2156           2156        387.636        389.333        2.77112
           2157           2157          387.8          389.5        2.76433
           2158           2158        387.971        389.667         2.7575
           2159           2159        388.138        389.833        2.75067
           2160           2160        388.307            390        2.74384
           2161           2161         388.48        390.167        2.73699
           2162           2162        388.649        390.333        2.73013
           2163           2163        388.815          390.5        2.72322
           2164           2164        388.983        390.667        2.71632
           2165           2165        389.148        390.833        2.70941
           2166           2166        389.317            391        2.70249
           2167           2167         389.48        391.167        2.69551
           2168           2168        389.652        391.333        2.68853
           2169           2169        389.816          391.5        2.68155
           2170           2170        389.976        391.667        2.67455
           2171           2171        390.144        391.833        2.66749
           2172           2172        390.308            392        2.66044
           2173           2173        390.475        392.167        2.65338
           2174           2174        390.648        392.333        2.64632
           2175           2175        390.811          392.5         2.6392
           2176           2176        390.984        392.667        2.63209
           2177           2177        391.155        392.833        2.62497
           2178           2178         391.32            393        2.61783
           2179           2179        391.492        393.167        2.61064
           2180           2180        391.654        393.333        2.60347
           2181           2181        391.816          393.5        2.59628
           2182           2182        391.988        393.667        2.58908
           2183           2183        392.154        393.833        2.58182
           2184           2184        392.324            394        2.57457
           2185           2185        392.493        394.167        2.56732
           2186           2186        392.666        394.333        2.56007
           2187           2187        392.828          394.5        2.55277
           2188           2188        392.994        394.667        2.54548
           2189           2189        393.168        394.833         2.5382
           2190           2190        393.329            395        2.53091
           2191           2191        393.493        395.167        2.52359
           2192           2192         393.67        395.333        2.51627
           2193           2193        393.842          395.5        2.50893
           2194           2194        394.001        395.667        2.50158
           2195           2195        394.166        395.833        2.49423
           2196           2196        394.347            396        2.48683
           2197           2197        394.506        396.167        2.47945
           2198           2198        394.673        396.333        2.47206
           2199           2199        394.849          396.5        2.46466
           2200           2200        395.014        396.667        2.45725
           2201           2201        395.181        396.833        2.44984
           2202           2202        395.345            397        2.44241
           2203           2203        395.518        397.167        2.43498
           2204           2204        395.685        397.333        2.42752
           2205           2205        395.851          397.5        2.42008
           2206           2206         396.02        397.667        2.41263
           2207           2207        396.188        397.833        2.40517
           2208           2208        396.353            398         2.3977
           2209           2209        396.528        398.167        2.39024
           2210           2210          396.7        398.333        2.38277
           2211           2211        396.863          398.5         2.3753
           2212           2212        397.034        398.667        2.36782
           2213           2213          397.2        398.833        2.36035
           2214           2214        397.373            399        2.35287
           2215           2215        397.534        399.167        2.34539
           2216           2216        397.708        399.333        2.33791
           2217           2217        397.873          399.5        2.33042
           2218           2218        398.036        399.667        2.32292
           2219           2219        398.207        399.833        2.31543
           2220           2220        398.373            400        2.30793
           2221           2221        398.537        400.167        2.30045
           2222           2222        398.701        400.333        2.29298
           2223           2223        398.871          400.5        2.28551
           2224           2224        399.048        400.667        2.27807
           2225           2225        399.215        400.833        2.27061
           2226           2226         399.38            401        2.26316
           2227           2227        399.545        401.167        2.25572
           2228           2228        399.704        401.333        2.24827
           2229           2229        399.881          401.5        2.24084
           2230           2230        400.049        401.667        2.23341
           2231           2231         400.22        401.833        2.22598
           2232           2232        400.385            402        2.21856
           2233           2233        400.552        402.167        2.21115
           2234           2234        400.728        402.333        2.20374
           2235           2235        400.901          402.5        2.19633
           2236           2236        401.061        402.667        2.18894
           2237           2237        401.234        402.833        2.18156
           2238           2238        401.405            403        2.17419
           2239           2239        401.575        403.167        2.16682
           2240           2240        401.741        403.333        2.15947
           2241           2241        401.909          403.5        2.15214
           2242           2242        402.073        403.667        2.14481
           2243           2243        402.243        403.833        2.13749
           2244           2244        402.411            404        2.13019
           2245           2245        402.573        404.167        2.12293
           2246           2246        402.738        404.333        2.11566
           2247           2247         402.91          404.5        2.10842
           2248           2248        403.078        404.667        2.10119
           2249           2249        403.242        404.833        2.09403
           2250           2250        403.419            405        2.08686
           2251           2251        403.578        405.167        2.07971
           2252           2252        403.753        405.333        2.07257
           2253           2253        403.923          405.5        2.06551
           2254           2254        404.092        405.667        2.05844
           2255           2255        404.258        405.833        2.05139
           2256           2256        404.423            406        2.04436
           2257           2257         404.59        406.167         2.0374
           2258           2258        404.763        406.333        2.03043
           2259           2259        404.926          406.5        2.02348
           2260           2260        405.098        406.667        2.01656
           2261           2261        405.266        406.833        2.00965
           2262           2262        405.439            407        2.00284
           2263           2263        405.599        407.167        1.99602
           2264           2264        405.767        407.333        1.98922
           2265           2265        405.941          407.5        1.98244
           2266           2266        406.108        407.667        1.97576
           2267           2267        406.279        407.833        1.96906
           2268           2268        406.444            408        1.96238
           2269           2269        406.613        408.167        1.95573
           2270           2270        406.776        408.333        1.94917
           2271           2271        406.954          408.5        1.94261
           2272           2272        407.122        408.667        1.93607
           2273           2273        407.282        408.833        1.92956
           2274           2274        407.447            409        1.92315
           2275           2275        407.625        409.167        1.91674
           2276           2276        407.792        409.333        1.91036
           2277           2277        407.966          409.5          1.904
           2278           2278        408.137        409.667        1.89777
           2279           2279        408.297        409.833        1.89154
           2280           2280        408.469            410        1.88534
           2281           2281        408.637        410.167        1.87917
           2282           2282        408.813        410.333        1.87315
           2283           2283        408.975          410.5        1.86711
           2284           2284        409.136        410.667        1.86109
           2285           2285        409.314        410.833         1.8551
           2286           2286        409.483            411        1.84925
           2287           2287        409.645        411.167        1.84338
           2288           2288        409.816        411.333        1.83754
           2289           2289        409.987          411.5        1.83172
           2290           2290        410.154        411.667        1.82603
           2291           2291        410.323        411.833        1.82033
           2292           2292        410.488            412        1.81466
           2293           2293        410.654        412.167        1.80902
           2294           2294        410.823        412.333        1.80341
           2295           2295        410.996          412.5        1.79794
           2296           2296        411.171        412.667        1.79245
           2297           2297        411.332        412.833        1.78697
           2298           2298        411.499            413        1.78152
           2299           2299        411.672        413.167        1.77619
           2300           2300        411.841        413.333        1.77084
           2301           2301        412.007          413.5        1.76552
           2302           2302        412.174        413.667        1.76023
           2303           2303        412.348        413.833        1.75506
           2304           2304        412.516            414        1.74988
           2305           2305        412.687        414.167        1.74473
           2306           2306        412.856        414.333         1.7396
           2307           2307        413.017          414.5        1.73462
           2308           2308        413.187        414.667        1.72961
           2309           2309        413.358        414.833        1.72463
           2310           2310        413.529            415        1.71967
           2311           2311        413.702        415.167        1.71484
           2312           2312        413.866        415.333        1.70999
           2313           2313        414.033          415.5        1.70516
           2314           2314        414.204        415.667        1.70035
           2315           2315        414.366        415.833        1.69565
           2316           2316        414.534            416        1.69095
           2317           2317        414.706        416.167        1.68627
           2318           2318        414.872        416.333        1.68162
           2319           2319        415.038          416.5        1.67709
           2320           2320        415.217        416.667        1.67254
           2321           2321        415.387        416.833        1.66802
           2322           2322        415.547            417        1.66352
           2323           2323        415.713        417.167        1.65913
           2324           2324        415.886        417.333        1.65471
           2325           2325        416.053          417.5        1.65032
           2326           2326        416.218        417.667        1.64597
           2327           2327        416.389        417.833        1.64163
           2328           2328        416.564            418         1.6374
           2329           2329        416.729        418.167        1.63314
           2330           2330        416.898        418.333        1.62891
           2331           2331        417.061          418.5         1.6247
           2332           2332        417.235        418.667        1.62059
           2333           2333        417.399        418.833        1.61647
           2334           2334        417.563            419        1.61236
           2335           2335        417.732        419.167        1.60827
           2336           2336        417.907        419.333        1.60427
           2337           2337         418.08          419.5        1.60026
           2338           2338        418.243        419.667        1.59627
           2339           2339        418.412        419.833        1.59228
           2340           2340        418.568            420        1.58838
           2341           2341        418.744        420.167        1.58448
           2342           2342        418.915        420.333         1.5806
           2343           2343        419.085          420.5        1.57674
           2344           2344        419.255        420.667        1.57296
           2345           2345        419.418        420.833        1.56917
           2346           2346        419.584            421         1.5654
           2347           2347        419.753        421.167        1.56165
           2348           2348        419.921        421.333          1.558
           2349           2349        420.093          421.5        1.55433
           2350           2350         420.26        421.667        1.55069
           2351           2351        420.428        421.833        1.54706
           2352           2352        420.595            422        1.54353
           2353           2353        420.757        422.167        1.53998
           2354           2354        420.932        422.333        1.53644
           2355           2355        421.097          422.5        1.53292
           2356           2356        421.267        422.667        1.52948
           2357           2357        421.435        422.833        1.52603
           2358           2358        421.604            423         1.5226
           2359           2359        421.773        423.167        1.51918
           2360           2360        421.942        423.333        1.51579
           2361           2361         422.12          423.5        1.51246
           2362           2362        422.278        423.667        1.50911
           2363           2363         422.45        423.833        1.50578
           2364           2364        422.616            424        1.50247
           2365           2365        422.786        424.167        1.49922
           2366           2366        422.953        424.333        1.49596
           2367           2367        423.118          424.5        1.49273
           2368           2368        423.297        424.667        1.48951
           2369           2369        423.467        424.833        1.48637
           2370           2370        423.631            425        1.48321
           2371           2371        423.806        425.167        1.48005
           2372           2372        423.979        425.333        1.47691
           2373           2373        424.139          425.5        1.47382
           2374           2374        424.309        425.667        1.47072
           2375           2375        424.476        425.833        1.46763
           2376           2376        424.644            426        1.46456
           2377           2377        424.814        426.167        1.46154
           2378           2378        424.976        426.333        1.45852
           2379           2379        425.141          426.5        1.45551
           2380           2380         425.31        426.667         1.4525
           2381           2381        425.478        426.833        1.44955
           2382           2382        425.641            427        1.44659
           2383           2383        425.807        427.167        1.44364
           2384           2384        425.977        427.333         1.4407
           2385           2385        426.145          427.5         1.4378
           2386           2386        426.318        427.667        1.43491
           2387           2387        426.486        427.833        1.43202
           2388           2388         426.65            428        1.42915
           2389           2389         426.82        428.167        1.42634
           2390           2390         426.98        428.333        1.42353
           2391           2391        427.158          428.5        1.42072
           2392           2392        427.324        428.667        1.41792
           2393           2393        427.494        428.833        1.41514
           2394           2394         427.66            429        1.41242
           2395           2395        427.828        429.167        1.40968
           2396           2396         427.99        429.333        1.40696
           2397           2397        428.164          429.5        1.40424
           2398           2398        428.327        429.667        1.40157
           2399           2399        428.494        429.833        1.39889
           2400           2400        428.663            430        1.39623
           2401           2401        428.828        430.167        1.39358
           2402           2402        428.996        430.333        1.39098
           2403           2403        429.168          430.5        1.38837
           2404           2404        429.332        430.667        1.38578
           2405           2405          429.5        430.833         1.3832
           2406           2406        429.667            431        1.38069
           2407           2407        429.843        431.167        1.37816
           2408           2408        430.015        431.333        1.37565
           2409           2409         430.18          431.5        1.37315
           2410           2410        430.349        431.667        1.37072
           2411           2411        430.511        431.833        1.36826
           2412           2412         430.68            432        1.36582
           2413           2413        430.854        432.167        1.36338
           2414           2414        431.026        432.333        1.36098
           2415           2415        431.193          432.5        1.35858
           2416           2416         431.36        432.667         1.3562
           2417           2417        431.526        432.833        1.35384
           2418           2418        431.694            433        1.35152
           2419           2419        431.856        433.167         1.3492
           2420           2420        432.028        433.333         1.3469
           2421           2421          432.2          433.5         1.3446
           2422           2422         432.36        433.667        1.34236
           2423           2423        432.532        433.833        1.34011
           2424           2424        432.696            434        1.33786
           2425           2425        432.869        434.167        1.33562
           2426           2426        433.036        434.333         1.3334
           2427           2427        433.201          434.5        1.33121
           2428           2428         433.37        434.667        1.32901
           2429           2429        433.538        434.833        1.32682
           2430           2430        433.705            435        1.32464
           2431           2431        433.874        435.167        1.32249
           2432           2432        434.041        435.333        1.32035
           2433           2433        434.208          435.5        1.31821
           2434           2434        434.371        435.667        1.31608
           2435           2435        434.541        435.833          1.314
           2436           2436        434.718            436         1.3119
           2437           2437        434.882        436.167        1.30981
           2438           2438         435.05        436.333        1.30772
           2439           2439        435.217          436.5        1.30566
           2440           2440        435.381        436.667        1.30361
           2441           2441        435.554        436.833        1.30156
           2442           2442        435.725            437        1.29953
           2443           2443        435.893        437.167        1.29753
           2444           2444        436.057        437.333        1.29552
           2445           2445        436.229          437.5        1.29352
           2446           2446        436.393        437.667        1.29152
           2447           2447        436.556        437.833        1.28956
           2448           2448        436.729            438        1.28758
           2449           2449        436.891        438.167        1.28561
           2450           2450        437.061        438.333        1.28364
           2451           2451        437.229          438.5        1.28171
           2452           2452        437.395        438.667        1.27978
           2453           2453        437.565        438.833        1.27786
           2454           2454        437.737            439        1.27594
           2455           2455        437.904        439.167        1.27405
           2456           2456        438.073        439.333        1.27216
           2457           2457        438.238          439.5        1.27027
           2458           2458         438.41        439.667        1.26839
           2459           2459        438.577        439.833        1.26652
           2460           2460        438.751            440        1.26466
           2461           2461        438.914        440.167        1.26279
           2462           2462        439.086        440.333        1.26093
           2463           2463         439.25          440.5        1.25908
           2464           2464        439.413        440.667        1.25724
           2465           2465        439.584        440.833         1.2554
           2466           2466        439.752            441        1.25357
           2467           2467         439.92        441.167        1.25174
           2468           2468        440.081        441.333        1.24992
           2469           2469        440.254          441.5         1.2481
           2470           2470        440.417        441.667        1.24628
           2471           2471        440.588        441.833        1.24446
           2472           2472        440.753            442        1.24265
           2473           2473        440.921        442.167        1.24084
           2474           2474        441.085        442.333        1.23902
           2475           2475        441.253          442.5        1.23721
           2476           2476        441.431        442.667         1.2354
           2477           2477        441.594        442.833        1.23359
           2478           2478        441.761            443        1.23179
           2479           2479        441.928        443.167        1.22999
           2480           2480        442.099        443.333         1.2282
           2481           2481        442.265          443.5        1.22641
           2482           2482        442.441        443.667        1.22463
           2483           2483        442.601        443.833        1.22286
           2484           2484        442.769            444         1.2211
           2485           2485         442.95        444.167        1.21934
           2486           2486        443.109        444.333        1.21758
           2487           2487        443.273          444.5        1.21583
           2488           2488        443.445        444.667        1.21408
           2489           2489        443.615        444.833        1.21232
           2490           2490        443.778            445        1.21057
           2491           2491        443.947        445.167        1.20881
           2492           2492        444.114        445.333        1.20706
           2493           2493        444.274          445.5         1.2053
           2494           2494        444.447        445.667        1.20356
           2495           2495        444.619        445.833        1.20181
           2496           2496        444.786            446        1.20007
           2497           2497        444.958        446.167        1.19833
           2498           2498        445.124        446.333        1.19659
           2499           2499        445.291          446.5        1.19484
           2500           2500        445.463        446.667        1.19309
           2501           2501         445.63        446.833        1.19134
           2502           2502        445.799            447        1.18959
           2503           2503         445.97        447.167        1.18784
           2504           2504        446.128        447.333         1.1861
           2505           2505        446.298          447.5        1.18436
           2506           2506        446.461        447.667        1.18262
           2507           2507        446.631        447.833        1.18088
           2508           2508        446.797            448        1.17914
           2509           2509        446.971        448.167         1.1774
           2510           2510         447.13        448.333        1.17567
           2511           2511        447.302          448.5        1.17395
           2512           2512        447.468        448.667        1.17222
           2513           2513        447.626        448.833         1.1705
           2514           2514        447.801            449        1.16878
           2515           2515        447.963        449.167        1.16706
           2516           2516        448.135        449.333        1.16535
           2517           2517        448.298          449.5        1.16364
           2518           2518        448.475        449.667        1.16194
           2519           2519        448.642        449.833        1.16025
           2520           2520        448.808            450        1.15855
           2521           2521        448.967        450.167        1.15687
           2522           2522        449.144        450.333        1.15518
           2523           2523        449.311          450.5        1.15349
           2524           2524        449.478        450.667         1.1518
           2525           2525        449.643        450.833         1.1501
           2526           2526        449.811            451        1.14841
           2527           2527        449.984        451.167        1.14672
           2528           2528        450.145        451.333        1.14504
           2529           2529        450.314          451.5        1.14336
           2530           2530        450.486        451.667        1.14169
           2531           2531        450.652        451.833        1.14001
           2532           2532        450.823            452        1.13833
           2533           2533        450.988        452.167        1.13665
           2534           2534        451.152        452.333        1.13498
           2535           2535        451.323          452.5        1.13331
           2536           2536        451.487        452.667        1.13165
           2537           2537        451.654        452.833           1.13
           2538           2538        451.819            453        1.12836
           2539           2539        451.992        453.167        1.12672
           2540           2540        452.159        453.333        1.12509
           2541           2541        452.335          453.5        1.12345
           2542           2542        452.498        453.667        1.12183
           2543           2543        452.658        453.833        1.12019
           2544           2544        452.828            454        1.11856
           2545           2545        452.996        454.167        1.11692
           2546           2546        453.164        454.333        1.11528
           2547           2547        453.334          454.5        1.11364
           2548           2548        453.499        454.667        1.11201
           2549           2549        453.663        454.833        1.11038
           2550           2550        453.833            455        1.10875
           2551           2551        454.003        455.167        1.10713
           2552           2552        454.166        455.333        1.10552
           2553           2553        454.337          455.5         1.1039
           2554           2554        454.501        455.667         1.1023
           2555           2555        454.662        455.833         1.1007
           2556           2556         454.83            456        1.09911
           2557           2557        454.998        456.167        1.09753
           2558           2558        455.166        456.333        1.09595
           2559           2559        455.337          456.5         1.0944
           2560           2560          455.5        456.667        1.09284
           2561           2561         455.67        456.833        1.09129
           2562           2562        455.842            457        1.08974
           2563           2563         456.01        457.167        1.08822
           2564           2564        456.178        457.333        1.08669
           2565           2565        456.346          457.5        1.08516
           2566           2566        456.518        457.667        1.08364
           2567           2567        456.685        457.833        1.08212
           2568           2568         456.85            458        1.08061
           2569           2569        457.021        458.167         1.0791
           2570           2570        457.196        458.333        1.07759
           2571           2571        457.355          458.5        1.07609
           2572           2572        457.527        458.667         1.0746
           2573           2573        457.693        458.833        1.07311
           2574           2574        457.862            459        1.07163
           2575           2575        458.023        459.167        1.07018
           2576           2576        458.199        459.333        1.06873
           2577           2577        458.366          459.5        1.06728
           2578           2578        458.535        459.667        1.06583
           2579           2579        458.705        459.833        1.06442
           2580           2580        458.863            460          1.063
           2581           2581        459.034        460.167        1.06158
           2582           2582        459.198        460.333        1.06016
           2583           2583        459.369          460.5        1.05876
           2584           2584        459.539        460.667        1.05735
           2585           2585         459.71        460.833        1.05596
           2586           2586        459.871            461        1.05456
           2587           2587        460.037        461.167         1.0532
           2588           2588         460.21        461.333        1.05183
           2589           2589        460.377          461.5        1.05048
           2590           2590        460.545        461.667        1.04912
           2591           2591        460.719        461.833        1.04778
           2592           2592        460.882            462        1.04646
           2593           2593        461.049        462.167        1.04513
           2594           2594        461.221        462.333         1.0438
           2595           2595        461.382          462.5        1.04248
           2596           2596        461.551        462.667        1.04118
           2597           2597        461.719        462.833        1.03988
           2598           2598        461.885            463        1.03859
           2599           2599         462.06        463.167         1.0373
           2600           2600        462.223        463.333        1.03605
           2601           2601        462.395          463.5        1.03479
           2602           2602        462.565        463.667        1.03353
           2603           2603        462.733        463.833        1.03228
           2604           2604        462.898            464        1.03106
           2605           2605        463.065        464.167        1.02985
           2606           2606        463.229        464.333        1.02864
           2607           2607        463.406          464.5        1.02744
           2608           2608        463.565        464.667        1.02628
           2609           2609        463.737        464.833        1.02511
           2610           2610        463.903            465        1.02395
           2611           2611        464.067        465.167        1.02279
           2612           2612        464.237        465.333        1.02166
           2613           2613        464.406          465.5        1.02052
           2614           2614        464.578        465.667        1.01939
           2615           2615        464.751        465.833        1.01826
           2616           2616        464.919            466        1.01716
           2617           2617        465.091        466.167        1.01607
           2618           2618        465.252        466.333        1.01498
           2619           2619        465.415          466.5         1.0139
           2620           2620        465.579        466.667        1.01285
           2621           2621        465.749        466.833        1.01179
           2622           2622         465.92            467        1.01073
           2623           2623        466.091        467.167        1.00969
           2624           2624        466.259        467.333        1.00864
           2625           2625        466.426          467.5        1.00762
           2626           2626        466.595        467.667         1.0066
           2627           2627        466.759        467.833        1.00559
           2628           2628        466.923            468        1.00458
           2629           2629        467.091        468.167         1.0036
           2630           2630         467.25        468.333        1.00262
           2631           2631        467.422          468.5        1.00163
           2632           2632        467.589        468.667        1.00066
           2633           2633         467.76        468.833       0.999699
           2634           2634        467.923            469       0.998739
           2635           2635        468.093        469.167       0.997784
           2636           2636        468.261        469.333       0.996832
           2637           2637        468.429          469.5       0.995907
           2638           2638        468.595        469.667       0.994988
           2639           2639        468.766        469.833       0.994076
           2640           2640        468.934            470       0.993168
           2641           2641        469.106        470.167       0.992292
           2642           2642        469.271        470.333       0.991402
           2643           2643         469.44          470.5       0.990514
           2644           2644        469.602        470.667        0.98963
           2645           2645        469.773        470.833       0.988758
           2646           2646        469.933            471       0.987886
           2647           2647        470.101        471.167       0.987021
           2648           2648         470.27        471.333       0.986162
           2649           2649        470.439          471.5       0.985324
           2650           2650        470.607        471.667       0.984484
           2651           2651        470.775        471.833       0.983652
           2652           2652        470.939            472       0.982826
           2653           2653        471.115        472.167       0.982023
           2654           2654        471.277        472.333       0.981214
           2655           2655        471.445          472.5       0.980407
           2656           2656        471.608        472.667       0.979605
           2657           2657        471.781        472.833       0.978806
           2658           2658        471.946            473       0.978019
           2659           2659        472.119        473.167       0.977234
           2660           2660        472.281        473.333        0.97646
           2661           2661        472.446          473.5       0.975693
           2662           2662        472.616        473.667       0.974952
           2663           2663        472.782        473.833       0.974212
           2664           2664        472.944            474       0.973477
           2665           2665        473.118        474.167       0.972746
           2666           2666        473.281        474.333       0.972047
           2667           2667        473.453          474.5       0.971335
           2668           2668        473.621        474.667       0.970623
           2669           2669        473.782        474.833       0.969911
           2670           2670        473.953            475       0.969209
           2671           2671        474.118        475.167       0.968507
           2672           2672        474.288        475.333       0.967808
           2673           2673        474.452          475.5       0.967112
           2674           2674        474.622        475.667        0.96643
           2675           2675        474.792        475.833       0.965747
           2676           2676        474.955            476       0.965068
           2677           2677        475.129        476.167       0.964393
           2678           2678        475.298        476.333       0.963732
           2679           2679         475.46          476.5       0.963068
           2680           2680        475.627        476.667       0.962411
           2681           2681        475.795        476.833       0.961759
           2682           2682        475.965            477       0.961124
           2683           2683        476.138        477.167       0.960487
           2684           2684        476.303        477.333       0.959855
           2685           2685        476.468          477.5       0.959226
           2686           2686        476.633        477.667       0.958617
           2687           2687        476.803        477.833       0.958003
           2688           2688        476.965            478       0.957391
           2689           2689        477.141        478.167       0.956783
           2690           2690        477.307        478.333       0.956186
           2691           2691        477.476          478.5       0.955586
           2692           2692        477.639        478.667       0.954989
           2693           2693        477.809        478.833       0.954397
           2694           2694        477.977            479       0.953817
           2695           2695        478.145        479.167       0.953238
           2696           2696        478.321        479.333       0.952659
           2697           2697        478.474          479.5       0.952081
           2698           2698        478.647        479.667       0.951515
           2699           2699         478.81        479.833       0.950951
           2700           2700        478.976            480       0.950392
           2701           2701        479.147        480.167       0.949838
           2702           2702         479.31        480.333       0.949291
           2703           2703         479.48          480.5        0.94874
           2704           2704        479.646        480.667       0.948193
           2705           2705        479.814        480.833        0.94765
           2706           2706        479.979            481       0.947119
           2707           2707        480.146        481.167       0.946586
           2708           2708        480.309        481.333       0.946051
           2709           2709        480.478          481.5       0.945516
           2710           2710        480.641        481.667       0.944988
           2711           2711        480.809        481.833       0.944458
           2712           2712        480.982            482       0.943931
           2713           2713        481.147        482.167       0.943407
           2714           2714        481.317        482.333       0.942887
           2715           2715        481.487          482.5       0.942373
           2716           2716        481.653        482.667       0.941862
           2717           2717        481.815        482.833       0.941348
           2718           2718        481.985            483        0.94084
           2719           2719        482.155        483.167       0.940327
           2720           2720        482.322        483.333       0.939816
           2721           2721        482.493          483.5       0.939305
           2722           2722        482.658        483.667       0.938791
           2723           2723        482.816        483.833       0.938286
           2724           2724        482.989            484       0.937787
           2725           2725         483.16        484.167        0.93729
           2726           2726        483.331        484.333        0.93681
           2727           2727        483.494          484.5       0.936321
           2728           2728         483.66        484.667       0.935826
           2729           2729         483.82        484.833       0.935328
           2730           2730        483.988            485       0.934831
           2731           2731        484.157        485.167       0.934336
           2732           2732        484.326        485.333       0.933839
           2733           2733        484.496          485.5       0.933339
           2734           2734        484.665        485.667       0.932839
           2735           2735        484.842        485.833        0.93234
           2736           2736        484.998            486       0.931838
           2737           2737        485.164        486.167       0.931332
           2738           2738        485.334        486.333       0.930812
           2739           2739        485.495          486.5       0.930287
           2740           2740        485.668        486.667       0.929756
           2741           2741        485.836        486.833       0.929221
           2742           2742        486.005            487       0.928656
           2743           2743        486.177        487.167         0.9281
           2744           2744         486.34        487.333       0.927538
           2745           2745        486.513          487.5       0.926972
           2746           2746        486.681        487.667       0.926398
           2747           2747        486.848        487.833        0.92583
           2748           2748        487.014            488        0.92526
           2749           2749        487.184        488.167        0.92469
           2750           2750        487.352        488.333       0.924118
           2751           2751         487.52          488.5       0.923542
           2752           2752        487.686        488.667       0.922961
           2753           2753        487.845        488.833       0.922378
           2754           2754        488.015            489       0.921774
           2755           2755        488.183        489.167       0.921163
           2756           2756        488.354        489.333       0.920537
           2757           2757        488.517          489.5       0.919902
           2758           2758        488.689        489.667       0.919233
           2759           2759        488.858        489.833       0.918579
           2760           2760         489.02            490       0.917928
           2761           2761        489.189        490.167       0.917277
           2762           2762        489.355        490.333       0.916614
           2763           2763        489.524          490.5       0.915955
           2764           2764        489.685        490.667       0.915297
           2765           2765        489.848        490.833       0.914637
           2766           2766        490.012            491       0.913964
           2767           2767        490.182        491.167       0.913278
           2768           2768         490.35        491.333       0.912578
           2769           2769        490.521          491.5       0.911867
           2770           2770        490.691        491.667       0.911112
           2771           2771        490.859        491.833       0.910367
           2772           2772        491.026            492       0.909617
           2773           2773        491.187        492.167        0.90886
           2774           2774        491.356        492.333       0.908072
           2775           2775        491.527          492.5         0.9073
           2776           2776        491.699        492.667       0.906534
           2777           2777        491.868        492.833       0.905771
           2778           2778        492.027            493       0.905011
           2779           2779        492.199        493.167       0.904251
           2780           2780        492.354        493.333       0.903489
           2781           2781        492.527          493.5       0.902724
           2782           2782        492.702        493.667       0.901956
           2783           2783        492.875        493.833       0.901167
           2784           2784         493.04            494       0.900355
           2785           2785        493.204        494.167       0.899528
           2786           2786        493.372        494.333       0.898654
           2787           2787        493.539          494.5       0.897797
           2788           2788        493.703        494.667       0.896937
           2789           2789        493.872        494.833       0.896071
           2790           2790        494.043            495       0.895201
           2791           2791        494.211        495.167       0.894318
           2792           2792        494.369        495.333       0.893441
           2793           2793        494.539          495.5       0.892564
           2794           2794        494.711        495.667       0.891687
           2795           2795        494.884        495.833       0.890819
           2796           2796        495.054            496       0.889955
           2797           2797        495.213        496.167       0.889097
           2798           2798        495.383        496.333       0.888242
           2799           2799        495.547          496.5       0.887405
           2800           2800        495.714        496.667       0.886562
           2801           2801        495.877        496.833       0.885721
           2802           2802        496.056            497       0.884881
           2803           2803        496.222        497.167        0.88405
           2804           2804        496.385        497.333       0.883215
           2805           2805        496.551          497.5       0.882382
           2806           2806        496.722        497.667       0.881549
           2807           2807         496.89        497.833       0.880723
           2808           2808        497.058            498       0.879895
           2809           2809        497.226        498.167       0.879065
           2810           2810        497.395        498.333       0.878233
           2811           2811        497.558          498.5       0.877404
           2812           2812        497.727        498.667       0.876571
           2813           2813        497.895        498.833       0.875733
           2814           2814        498.065            499       0.874892
           2815           2815        498.238        499.167       0.874044
           2816           2816        498.401        499.333       0.873203
           2817           2817        498.569          499.5       0.872367
           2818           2818        498.735        499.667       0.871534
           2819           2819        498.903        499.833       0.870709
           2820           2820        499.075            500       0.869889
           2821           2821        499.243        500.167       0.869076
           2822           2822        499.407        500.333       0.868267
           2823           2823        499.586          500.5       0.867461
           2824           2824         499.75        500.667        0.86668
           2825           2825        499.918        500.833       0.865891
           2826           2826        500.087            501       0.865107
           2827           2827        500.257        501.167       0.864327
           2828           2828        500.424        501.333       0.863567
           2829           2829        500.592          501.5       0.862802
           2830           2830        500.773        501.667       0.862038
           2831           2831         500.93        501.833       0.861277
           2832           2832        501.095            502       0.860538
           2833           2833        501.262        502.167       0.859794
           2834           2834        501.435        502.333       0.859051
           2835           2835        501.596          502.5       0.858309
           2836           2836        501.766        502.667       0.857573
           2837           2837        501.931        502.833       0.856837
           2838           2838        502.106            503       0.856106
           2839           2839        502.274        503.167       0.855379
           2840           2840        502.437        503.333       0.854661
           2841           2841        502.606          503.5        0.85395
           2842           2842        502.774        503.667       0.853245
           2843           2843        502.937        503.833       0.852545
           2844           2844        503.105            504       0.851871
           2845           2845        503.278        504.167       0.851192
           2846           2846        503.441        504.333       0.850514
           2847           2847        503.606          504.5       0.849837
           2848           2848         503.77        504.667       0.849179
           2849           2849        503.942        504.833       0.848519
           2850           2850        504.113            505       0.847864
           2851           2851        504.279        505.167       0.847214
           2852           2852        504.449        505.333       0.846575
           2853           2853        504.614          505.5       0.845932
           2854           2854        504.783        505.667        0.84529
           2855           2855        504.951        505.833       0.844656
           2856           2856         505.12            506       0.844029
           2857           2857        505.284        506.167       0.843419
           2858           2858        505.449        506.333       0.842814
           2859           2859         505.62          506.5       0.842214
           2860           2860        505.781        506.667       0.841618
           2861           2861        505.952        506.833       0.841046
           2862           2862        506.116            507        0.84046
           2863           2863        506.277        507.167       0.839872
           2864           2864        506.452        507.333       0.839285
           2865           2865        506.624          507.5       0.838703
           2866           2866        506.787        507.667       0.838126
           2867           2867        506.952        507.833       0.837555
           2868           2868        507.126            508       0.836987
           2869           2869        507.291        508.167       0.836444
           2870           2870        507.457        508.333       0.835898
           2871           2871        507.625          508.5       0.835354
           2872           2872        507.801        508.667       0.834814
           2873           2873        507.964        508.833       0.834302
           2874           2874        508.128            509       0.833785
           2875           2875        508.291        509.167        0.83327
           2876           2876        508.463        509.333       0.832758
           2877           2877        508.635          509.5       0.832265
           2878           2878          508.8        509.667       0.831763
           2879           2879        508.971        509.833       0.831258
           2880           2880        509.132            510       0.830754
           2881           2881        509.307        510.167       0.830258
           2882           2882        509.471        510.333       0.829758
           2883           2883         509.64          510.5       0.829253
           2884           2884        509.806        510.667       0.828744
           2885           2885        509.974        510.833       0.828237
           2886           2886        510.144            511       0.827727
           2887           2887        510.317        511.167       0.827214
           2888           2888        510.488        511.333       0.826702
           2889           2889        510.652          511.5        0.82619
           2890           2890         510.82        511.667       0.825681
           2891           2891        510.991        511.833       0.825182
           2892           2892        511.155            512        0.82469
           2893           2893        511.318        512.167       0.824203
           2894           2894        511.489        512.333       0.823738
           2895           2895        511.661          512.5       0.823269
           2896           2896        511.838        512.667       0.822805
           2897           2897        511.997        512.833       0.822344
           2898           2898        512.165            513       0.821894
           2899           2899         512.34        513.167       0.821439
           2900           2900        512.501        513.333       0.820983
           2901           2901        512.665          513.5       0.820527
           2902           2902        512.836        513.667        0.82007
           2903           2903        513.009        513.833       0.819613
           2904           2904        513.173            514       0.819157
           2905           2905        513.333        514.167       0.818704
           2906           2906         513.51        514.333       0.818245
           2907           2907        513.677          514.5       0.817786
           2908           2908        513.843        514.667       0.817329
           2909           2909        514.009        514.833       0.816875
           2910           2910        514.179            515       0.816427
           2911           2911        514.337        515.167       0.815981
           2912           2912          514.5        515.333       0.815537
           2913           2913        514.669          515.5       0.815095
           2914           2914        514.848        515.667       0.814669
           2915           2915        515.012        515.833        0.81424
           2916           2916        515.176            516       0.813814
           2917           2917        515.341        516.167       0.813392
           2918           2918        515.504        516.333       0.812978
           2919           2919        515.672          516.5       0.812565
           2920           2920        515.839        516.667       0.812155
           2921           2921        516.019        516.833       0.811747
           2922           2922        516.184            517       0.811337
           2923           2923        516.345        517.167       0.810934
           2924           2924        516.516        517.333       0.810524
           2925           2925        516.688          517.5       0.810112
           2926           2926        516.855        517.667       0.809701
           2927           2927        517.015        517.833       0.809283
           2928           2928        517.187            518       0.808869
           2929           2929        517.349        518.167       0.808457
           2930           2930        517.521        518.333       0.808046
           2931           2931        517.687          518.5       0.807642
           2932           2932        517.854        518.667       0.807243
           2933           2933        518.024        518.833       0.806854
           2934           2934        518.192            519       0.806471
           2935           2935        518.357        519.167       0.806102
           2936           2936        518.522        519.333       0.805726
           2937           2937        518.691          519.5       0.805356
           2938           2938        518.852        519.667       0.804991
           2939           2939         519.02        519.833       0.804635
           2940           2940         519.19            520       0.804269
           2941           2941        519.363        520.167         0.8039
           2942           2942        519.527        520.333       0.803531
           2943           2943        519.695          520.5       0.803161
           2944           2944        519.861        520.667       0.802788
           2945           2945        520.031        520.833       0.802412
           2946           2946        520.192            521       0.802035
           2947           2947        520.361        521.167       0.801663
           2948           2948        520.528        521.333       0.801293
           2949           2949        520.697          521.5       0.800923
           2950           2950        520.868        521.667       0.800555
           2951           2951        521.032        521.833       0.800195
           2952           2952        521.206            522        0.79983
           2953           2953        521.376        522.167       0.799464
           2954           2954        521.537        522.333       0.799096
           2955           2955        521.699          522.5       0.798729
           2956           2956        521.872        522.667        0.79836
           2957           2957        522.045        522.833       0.797991
           2958           2958        522.213            523       0.797623
           2959           2959        522.376        523.167       0.797254
           2960           2960        522.543        523.333       0.796891
           2961           2961        522.712          523.5        0.79653
           2962           2962        522.876        523.667       0.796172
           2963           2963         523.04        523.833       0.795816
           2964           2964        523.206            524       0.795465
           2965           2965        523.373        524.167       0.795114
           2966           2966        523.545        524.333        0.79477
           2967           2967        523.706          524.5       0.794429
           2968           2968        523.877        524.667        0.79409
           2969           2969        524.045        524.833       0.793747
           2970           2970        524.207            525       0.793403
           2971           2971        524.376        525.167       0.793059
           2972           2972        524.536        525.333       0.792716
           2973           2973        524.711          525.5       0.792373
           2974           2974        524.875        525.667        0.79203
           2975           2975        525.048        525.833       0.791689
           2976           2976        525.211            526       0.791353
           2977           2977        525.381        526.167       0.791017
           2978           2978        525.547        526.333        0.79068
           2979           2979        525.709          526.5        0.79034
           2980           2980        525.874        526.667       0.789999
           2981           2981        526.042        526.833       0.789654
           2982           2982        526.215            527       0.789306
           2983           2983        526.384        527.167       0.788956
           2984           2984        526.543        527.333       0.788599
           2985           2985         526.71          527.5       0.788248
           2986           2986        526.892        527.667       0.787901
           2987           2987        527.056        527.833       0.787556
           2988           2988        527.219            528       0.787213
           2989           2989        527.384        528.167       0.786888
           2990           2990        527.553        528.333        0.78656
           2991           2991        527.718          528.5       0.786232
           2992           2992        527.883        528.667       0.785905
           2993           2993        528.048        528.833       0.785599
           2994           2994        528.216            529       0.785292
           2995           2995        528.392        529.167       0.784983
           2996           2996        528.561        529.333       0.784672
           2997           2997        528.727          529.5       0.784369
           2998           2998        528.892        529.667       0.784064
           2999           2999         529.06        529.833       0.783761
           3000           3000        529.232            530       0.783459
           3001           3001        529.398        530.167       0.783151
           3002           3002        529.567        530.333       0.782846
           3003           3003        529.725          530.5       0.782543
           3004           3004          529.9        530.667        0.78224
           3005           3005        530.063        530.833       0.781939
           3006           3006        530.235            531        0.78164
           3007           3007        530.405        531.167       0.781341
           3008           3008        530.571        531.333       0.781042
           3009           3009        530.737          531.5       0.780746
           3010           3010        530.905        531.667       0.780451
           3011           3011         531.08        531.833       0.780158
           3012           3012         531.25            532        0.77987
           3013           3013        531.418        532.167       0.779588
           3014           3014        531.586        532.333       0.779301
           3015           3015        531.752          532.5       0.779014
           3016           3016        531.917        532.667       0.778729
           3017           3017        532.077        532.833       0.778449
           3018           3018        532.247            533       0.778164
           3019           3019        532.419        533.167       0.777879
           3020           3020        532.588        533.333       0.777594
           3021           3021        532.755          533.5        0.77731
           3022           3022         532.92        533.667       0.777023
           3023           3023        533.084        533.833       0.776738
           3024           3024        533.251            534       0.776455
           3025           3025        533.421        534.167       0.776172
           3026           3026        533.589        534.333       0.775891
           3027           3027         533.76          534.5       0.775612
           3028           3028        533.929        534.667       0.775337
           3029           3029        534.093        534.833       0.775066
           3030           3030        534.266            535       0.774809
           3031           3031        534.438        535.167       0.774551
           3032           3032        534.602        535.333        0.77429
           3033           3033        534.768          535.5       0.774028
           3034           3034        534.938        535.667       0.773771
           3035           3035        535.104        535.833         0.7735
           3036           3036        535.273            536       0.773223
           3037           3037        535.441        536.167       0.772946
           3038           3038        535.605        536.333        0.77265
           3039           3039        535.773          536.5       0.772364
           3040           3040        535.942        536.667       0.772082
           3041           3041        536.109        536.833       0.771804
           3042           3042        536.272            537       0.771528
           3043           3043        536.434        537.167       0.771244
           3044           3044        536.605        537.333       0.770958
           3045           3045        536.772          537.5       0.770674
           3046           3046        536.936        537.667       0.770395
           3047           3047         537.11        537.833       0.770125
           3048           3048         537.28            538       0.769861
           3049           3049        537.442        538.167         0.7696
           3050           3050        537.608        538.333       0.769352
           3051           3051         537.78          538.5       0.769094
           3052           3052        537.955        538.667       0.768836
           3053           3053        538.122        538.833       0.768578
           3054           3054         538.29            539       0.768319
           3055           3055        538.459        539.167       0.768059
           3056           3056        538.621        539.333       0.767803
           3057           3057        538.788          539.5       0.767551
           3058           3058        538.953        539.667       0.767302
           3059           3059        539.124        539.833       0.767056
           3060           3060        539.288            540       0.766805
           3061           3061        539.449        540.167       0.766553
           3062           3062        539.621        540.333         0.7663
           3063           3063        539.784          540.5       0.766043
           3064           3064        539.957        540.667       0.765791
           3065           3065        540.125        540.833       0.765541
           3066           3066        540.288            541       0.765292
           3067           3067        540.465        541.167       0.765043
           3068           3068        540.631        541.333        0.76479
           3069           3069        540.792          541.5       0.764535
           3070           3070        540.959        541.667       0.764279
           3071           3071        541.125        541.833       0.764021
           3072           3072        541.296            542       0.763766
           3073           3073        541.467        542.167        0.76351
           3074           3074        541.633        542.333       0.763253
           3075           3075        541.792          542.5       0.762994
           3076           3076        541.961        542.667       0.762735
           3077           3077        542.133        542.833       0.762473
           3078           3078        542.307            543       0.762211
           3079           3079        542.464        543.167       0.761948
           3080           3080        542.637        543.333       0.761693
           3081           3081        542.805          543.5       0.761442
           3082           3082        542.967        543.667       0.761193
           3083           3083        543.135        543.833       0.760953
           3084           3084        543.302            544       0.760706
           3085           3085        543.467        544.167       0.760458
           3086           3086        543.627        544.333       0.760208
           3087           3087         543.79          544.5       0.759959
           3088           3088        543.968        544.667       0.759705
           3089           3089        544.129        544.833        0.75945
           3090           3090        544.295            545       0.759197
           3091           3091        544.465        545.167       0.758944
           3092           3092         544.64        545.333       0.758691
           3093           3093        544.807          545.5       0.758439
           3094           3094         544.97        545.667       0.758195
           3095           3095        545.131        545.833       0.757957
           3096           3096        545.292            546       0.757734
           3097           3097        545.465        546.167       0.757512
           3098           3098        545.629        546.333       0.757292
           3099           3099        545.798          546.5       0.757071
           3100           3100        545.959        546.667       0.756862
           3101           3101        546.134        546.833       0.756641
           3102           3102        546.294            547       0.756417
           3103           3103        546.467        547.167       0.756191
           3104           3104         546.63        547.333       0.755948
           3105           3105        546.795          547.5       0.755708
           3106           3106        546.967        547.667       0.755469
           3107           3107        547.131        547.833       0.755231
           3108           3108        547.299            548        0.75499
           3109           3109        547.463        548.167       0.754752
           3110           3110        547.632        548.333       0.754511
           3111           3111        547.791          548.5       0.754267
           3112           3112        547.957        548.667       0.754023
           3113           3113         548.13        548.833       0.753779
           3114           3114        548.298            549       0.753536
           3115           3115        548.461        549.167       0.753295
           3116           3116        548.622        549.333       0.753056
           3117           3117        548.798          549.5       0.752826
           3118           3118        548.963        549.667         0.7526
           3119           3119        549.124        549.833       0.752378
           3120           3120        549.293            550       0.752158
           3121           3121        549.461        550.167       0.751955
           3122           3122        549.621        550.333       0.751744
           3123           3123        549.788          550.5       0.751533
           3124           3124        549.952        550.667       0.751322
           3125           3125        550.133        550.833        0.75111
           3126           3126        550.294            551         0.7509
           3127           3127        550.458        551.167       0.750689
           3128           3128        550.629        551.333       0.750473
           3129           3129        550.792          551.5       0.750251
           3130           3130        550.967        551.667       0.750028
           3131           3131        551.134        551.833       0.749803
           3132           3132        551.304            552       0.749577
           3133           3133         551.47        552.167       0.749346
           3134           3134        551.629        552.333       0.749128
           3135           3135        551.794          552.5       0.748918
           3136           3136        551.961        552.667       0.748712
           3137           3137        552.133        552.833       0.748525
           3138           3138          552.3            553        0.74833
           3139           3139        552.466        553.167       0.748135
           3140           3140        552.628        553.333       0.747938
           3141           3141        552.801          553.5       0.747743
           3142           3142        552.959        553.667       0.747542
           3143           3143        553.131        553.833       0.747341
           3144           3144        553.296            554        0.74714
           3145           3145        553.464        554.167       0.746928
           3146           3146         553.63        554.333       0.746722
           3147           3147        553.795          554.5       0.746519
           3148           3148        553.967        554.667        0.74632
           3149           3149        554.131        554.833       0.746125
           3150           3150        554.292            555       0.745928
           3151           3151        554.465        555.167        0.74573
           3152           3152        554.627        555.333       0.745535
           3153           3153        554.796          555.5       0.745344
           3154           3154        554.967        555.667       0.745159
           3155           3155        555.131        555.833       0.744976
           3156           3156        555.299            556       0.744799
           3157           3157        555.464        556.167       0.744623
           3158           3158        555.625        556.333       0.744455
           3159           3159        555.792          556.5       0.744279
           3160           3160        555.955        556.667       0.744102
           3161           3161        556.123        556.833       0.743925
           3162           3162        556.283            557       0.743739
           3163           3163        556.456        557.167       0.743554
           3164           3164        556.633        557.333       0.743368
           3165           3165        556.793          557.5        0.74318
           3166           3166        556.954        557.667       0.742982
           3167           3167        557.127        557.833       0.742785
           3168           3168        557.289            558       0.742586
           3169           3169        557.455        558.167       0.742387
           3170           3170        557.621        558.333       0.742184
           3171           3171        557.791          558.5       0.741991
           3172           3172        557.956        558.667       0.741796
           3173           3173        558.118        558.833       0.741593
           3174           3174        558.284            559       0.741399
           3175           3175        558.451        559.167       0.741208
           3176           3176        558.615        559.333       0.741018
           3177           3177        558.791          559.5       0.740829
           3178           3178         558.96        559.667       0.740639
           3179           3179        559.123        559.833       0.740449
           3180           3180        559.283            560       0.740259
           3181           3181        559.449        560.167       0.740071
           3182           3182        559.617        560.333       0.739891
           3183           3183        559.783          560.5       0.739712
           3184           3184        559.945        560.667       0.739536
           3185           3185        560.113        560.833       0.739361
           3186           3186        560.278            561       0.739185
           3187           3187        560.447        561.167       0.739019
           3188           3188        560.621        561.333       0.738851
           3189           3189        560.783          561.5       0.738685
           3190           3190        560.951        561.667       0.738521
           3191           3191        561.114        561.833       0.738353
           3192           3192         561.28            562       0.738181
           3193           3193        561.449        562.167       0.738009
           3194           3194        561.617        562.333       0.737839
           3195           3195        561.772          562.5        0.73766
           3196           3196        561.935        562.667       0.737482
           3197           3197        562.104        562.833       0.737303
           3198           3198        562.278            563       0.737125
           3199           3199        562.444        563.167       0.736951
           3200           3200        562.606        563.333       0.736781
           3201           3201        562.767          563.5       0.736612
           3202           3202         562.94        563.667       0.736442
           3203           3203        563.105        563.833       0.736283
           3204           3204        563.272            564       0.736123
           3205           3205        563.442        564.167       0.735967
           3206           3206        563.604        564.333       0.735814
           3207           3207        563.782          564.5       0.735665
           3208           3208        563.945        564.667       0.735517
           3209           3209        564.109        564.833       0.735373
           3210           3210        564.286            565       0.735232
           3211           3211        564.446        565.167       0.735093
           3212           3212        564.617        565.333       0.734945
           3213           3213        564.787          565.5       0.734793
           3214           3214        564.951        565.667       0.734639
           3215           3215        565.117        565.833       0.734474
           3216           3216        565.278            566        0.73431
           3217           3217        565.445        566.167       0.734147
           3218           3218        565.609        566.333       0.733983
           3219           3219        565.781          566.5        0.73382
           3220           3220        565.948        566.667       0.733654
           3221           3221         566.12        566.833       0.733489
           3222           3222        566.282            567       0.733324
           3223           3223        566.448        567.167        0.73316
           3224           3224        566.608        567.333       0.732998
           3225           3225         566.78          567.5       0.732834
           3226           3226        566.949        567.667       0.732671
           3227           3227        567.113        567.833        0.73251
           3228           3228        567.276            568        0.73235
           3229           3229        567.445        568.167       0.732196
           3230           3230        567.613        568.333       0.732048
           3231           3231        567.779          568.5       0.731906
           3232           3232        567.939        568.667       0.731779
           3233           3233        568.102        568.833       0.731645
           3234           3234        568.271            569       0.731507
           3235           3235        568.445        569.167       0.731367
           3236           3236        568.606        569.333        0.73123
           3237           3237        568.772          569.5       0.731088
           3238           3238        568.944        569.667       0.730946
           3239           3239        569.107        569.833       0.730804
           3240           3240        569.275            570       0.730644
           3241           3241        569.438        570.167        0.73049
           3242           3242        569.611        570.333        0.73034
           3243           3243        569.774          570.5        0.73019
           3244           3244        569.938        570.667       0.730036
           3245           3245        570.107        570.833       0.729887
           3246           3246        570.269            571        0.72974
           3247           3247        570.436        571.167       0.729592
           3248           3248        570.604        571.333       0.729449
           3249           3249        570.773          571.5       0.729306
           3250           3250        570.938        571.667       0.729161
           3251           3251        571.105        571.833       0.729014
           3252           3252        571.268            572       0.728866
           3253           3253        571.434        572.167       0.728718
           3254           3254        571.606        572.333       0.728572
           3255           3255        571.766          572.5       0.728429
           3256           3256        571.936        572.667       0.728288
           3257           3257        572.106        572.833       0.728148
           3258           3258        572.278            573       0.728011
           3259           3259         572.44        573.167       0.727878
           3260           3260        572.604        573.333       0.727748
           3261           3261         572.76          573.5       0.727626
           3262           3262        572.932        573.667         0.7275
           3263           3263        573.098        573.833       0.727373
           3264           3264         573.27            574       0.727246
           3265           3265        573.432        574.167       0.727115
           3266           3266        573.606        574.333       0.726983
           3267           3267        573.764          574.5       0.726848
           3268           3268        573.936        574.667       0.726711
           3269           3269        574.101        574.833       0.726567
           3270           3270        574.268            575        0.72643
           3271           3271        574.438        575.167       0.726295
           3272           3272        574.604        575.333       0.726161
           3273           3273        574.777          575.5       0.726026
           3274           3274        574.937        575.667       0.725891
           3275           3275          575.1        575.833        0.72576
           3276           3276        575.265            576        0.72563
           3277           3277        575.439        576.167         0.7255
           3278           3278        575.605        576.333       0.725371
           3279           3279        575.769          576.5       0.725242
           3280           3280         575.94        576.667       0.725112
           3281           3281        576.104        576.833       0.724979
           3282           3282        576.272            577       0.724844
           3283           3283        576.441        577.167        0.72471
           3284           3284        576.611        577.333       0.724576
           3285           3285        576.769          577.5       0.724442
           3286           3286        576.935        577.667         0.7243
           3287           3287        577.103        577.833       0.724155
           3288           3288        577.268            578       0.724009
           3289           3289        577.426        578.167       0.723864
           3290           3290        577.596        578.333       0.723721
           3291           3291        577.766          578.5       0.723583
           3292           3292        577.931        578.667       0.723451
           3293           3293        578.108        578.833       0.723321
           3294           3294        578.272            579       0.723197
           3295           3295        578.431        579.167       0.723065
           3296           3296        578.599        579.333       0.722932
           3297           3297        578.767          579.5       0.722801
           3298           3298        578.936        579.667       0.722665
           3299           3299        579.102        579.833       0.722531
           3300           3300         579.27            580       0.722399
           3301           3301        579.436        580.167       0.722268
           3302           3302        579.595        580.333       0.722141
           3303           3303        579.768          580.5       0.722011
           3304           3304        579.933        580.667        0.72188
           3305           3305        580.095        580.833       0.721753
           3306           3306        580.266            581       0.721628
           3307           3307        580.429        581.167       0.721501
           3308           3308        580.599        581.333       0.721374
           3309           3309         580.77          581.5       0.721246
           3310           3310        580.939        581.667       0.721114
           3311           3311        581.102        581.833       0.720982
           3312           3312        581.268            582       0.720855
           3313           3313        581.432        582.167       0.720729
           3314           3314        581.597        582.333       0.720602
           3315           3315        581.758          582.5       0.720481
           3316           3316        581.922        582.667       0.720363
           3317           3317        582.093        582.833       0.720248
           3318           3318        582.271            583       0.720136
           3319           3319        582.437        583.167       0.720034
           3320           3320        582.605        583.333       0.719928
           3321           3321        582.766          583.5       0.719823
           3322           3322        582.928        583.667       0.719718
           3323           3323        583.092        583.833       0.719612
           3324           3324        583.254            584       0.719504
           3325           3325        583.425        584.167       0.719397
           3326           3326        583.597        584.333       0.719291
           3327           3327        583.762          584.5        0.71918
           3328           3328        583.925        584.667       0.719065
           3329           3329        584.094        584.833       0.718947
           3330           3330        584.266            585       0.718828
           3331           3331        584.425        585.167       0.718707
           3332           3332        584.597        585.333       0.718589
           3333           3333        584.772          585.5        0.71847
           3334           3334        584.931        585.667       0.718351
           3335           3335        585.092        585.833       0.718237
           3336           3336        585.255            586       0.718124
           3337           3337        585.426        586.167       0.718012
           3338           3338        585.599        586.333         0.7179
           3339           3339        585.767          586.5       0.717786
           3340           3340        585.931        586.667       0.717674
           3341           3341          586.1        586.833       0.717568
           3342           3342        586.264            587       0.717466
           3343           3343        586.435        587.167       0.717363
           3344           3344        586.602        587.333       0.717259
           3345           3345         586.77          587.5       0.717161
           3346           3346         586.93        587.667       0.717067
           3347           3347        587.099        587.833       0.716978
           3348           3348        587.263            588       0.716884
           3349           3349        587.425        588.167       0.716787
           3350           3350        587.593        588.333       0.716683
           3351           3351        587.756          588.5       0.716576
           3352           3352         587.92        588.667        0.71646
           3353           3353        588.089        588.833       0.716352
           3354           3354        588.261            589       0.716247
           3355           3355        588.429        589.167       0.716144
           3356           3356        588.592        589.333       0.716039
           3357           3357        588.751          589.5       0.715939
           3358           3358         588.92        589.667       0.715841
           3359           3359        589.087        589.833       0.715744
           3360           3360        589.255            590       0.715648
           3361           3361        589.423        590.167       0.715552
           3362           3362        589.586        590.333        0.71546
           3363           3363        589.754          590.5       0.715369
           3364           3364        589.922        590.667       0.715275
           3365           3365        590.086        590.833       0.715183
           3366           3366        590.259            591       0.715092
           3367           3367        590.415        591.167       0.715001
           3368           3368        590.582        591.333       0.714907
           3369           3369        590.755          591.5       0.714807
           3370           3370        590.926        591.667       0.714706
           3371           3371        591.095        591.833       0.714605
           3372           3372        591.253            592       0.714501
           3373           3373        591.419        592.167       0.714403
           3374           3374        591.574        592.333       0.714306
           3375           3375        591.749          592.5       0.714208
           3376           3376        591.913        592.667       0.714117
           3377           3377         592.08        592.833       0.714019
           3378           3378        592.246            593       0.713919
           3379           3379        592.409        593.167       0.713818
           3380           3380        592.577        593.333       0.713714
           3381           3381        592.746          593.5       0.713615
           3382           3382        592.913        593.667       0.713516
           3383           3383        593.076        593.833       0.713416
           3384           3384        593.245            594       0.713315
           3385           3385        593.412        594.167        0.71322
           3386           3386        593.581        594.333        0.71312
           3387           3387        593.751          594.5       0.713018
           3388           3388        593.909        594.667       0.712916
           3389           3389         594.08        594.833       0.712817
           3390           3390        594.248            595       0.712725
           3391           3391        594.413        595.167       0.712636
           3392           3392        594.572        595.333       0.712546
           3393           3393        594.741          595.5       0.712465
           3394           3394        594.912        595.667       0.712379
           3395           3395        595.076        595.833       0.712291
           3396           3396         595.24            596       0.712203
           3397           3397        595.407        596.167       0.712116
           3398           3398        595.577        596.333       0.712026
           3399           3399        595.743          596.5        0.71193
           3400           3400        595.912        596.667       0.711833
           3401           3401        596.075        596.833       0.711737
           3402           3402         596.24            597       0.711638
           3403           3403        596.403        597.167       0.711533
           3404           3404        596.567        597.333       0.711425
           3405           3405        596.744          597.5       0.711317
           3406           3406        596.913        597.667       0.711211
           3407           3407        597.074        597.833       0.711105
           3408           3408        597.243            598          0.711
           3409           3409        597.415        598.167        0.71089
           3410           3410        597.579        598.333       0.710778
           3411           3411        597.741          598.5       0.710671
           3412           3412         597.91        598.667       0.710569
           3413           3413        598.071        598.833       0.710467
           3414           3414        598.237            599       0.710361
           3415           3415        598.403        599.167       0.710252
           3416           3416        598.578        599.333       0.710148
           3417           3417         598.75          599.5       0.710054
           3418           3418        598.915        599.667       0.709974
           3419           3419        599.075        599.833       0.709906
           3420           3420         599.25            600       0.709846


Results:
Texts:

  $D60-TN220-V70-TB80
  Sample Weight
  D60-TN220-V70-TB80, 6.5000 mg

Sample:
  D60-TN220-V70-TB80, 6.5000 mg
Evaluation:
  


Curve Name:
  $D60-TN220-V70-TB80
  Heatflow
Curve Values:
          Index              t             Ts             Tr          Value
                           [s]           [°C]           [°C]           [mW]
              0              0        36.6993             30        38.8603
              1              1        36.7211        30.1667        38.7046
              2              2        36.7441        30.3333        38.6229
              3              3        36.7815           30.5        38.5587
              4              4         36.854        30.6667        38.4299
              5              5        36.9382        30.8333        38.3824
              6              6        37.0367             31        38.3594
              7              7        37.1534        31.1667        38.3437
              8              8        37.2884        31.3333        38.4021
              9              9        37.4116           31.5        38.4151
             10             10        37.5504        31.6667        38.4212
             11             11        37.7048        31.8333        38.4293
             12             12         37.854             32        38.5132
             13             13        38.0045        32.1667        38.5565
             14             14        38.1575        32.3333        38.5987
             15             15        38.3275           32.5        38.6438
             16             16        38.4871        32.6667        38.7234
             17             17        38.6466        32.8333        38.7854
             18             18        38.8101             33        38.8444
             19             19        38.9748        33.1667        38.9023
             20             20        39.1408        33.3333        38.9715
             21             21        39.3042           33.5        39.0347
             22             22        39.4884        33.6667        39.0963
             23             23        39.6661        33.8333        39.1565
             24             24        39.8451             34        39.2249
             25             25         40.002        34.1667        39.2867
             26             26        40.2018        34.3333        39.3458
             27             27        40.3716           34.5        39.4038
             28             28        40.5376        34.6667        39.4546
             29             29        40.7113        34.8333        39.5088
             30             30        40.8902             35        39.5652
             31             31        41.0613        35.1667        39.6217
             32             32        41.2363        35.3333         39.665
             33             33        41.4087           35.5        39.7124
             34             34        41.5863        35.6667        39.7602
             35             35        41.7626        35.8333         39.808
             36             36         41.948             36        39.8506
             37             37        42.1112        36.1667        39.8934
             38             38        42.2875        36.3333        39.9354
             39             39        42.4768           36.5        39.9773
             40             40        42.6322        36.6667        40.0084
             41             41        42.8058        36.8333        40.0446
             42             42        42.9768             37        40.0816
             43             43         43.153        37.1667        40.1183
             44             44        43.3306        37.3333        40.1474
             45             45        43.4989           37.5        40.1802
             46             46        43.6582        37.6667        40.2119
             47             47        43.8435        37.8333        40.2422
             48             48        43.9976             38        40.2657
             49             49        44.1763        38.1667         40.291
             50             50        44.3447        38.3333         40.317
             51             51        44.5222           38.5        40.3431
             52             52        44.6788        38.6667        40.3628
             53             53        44.8536        38.8333         40.384
             54             54        45.0207             39        40.4059
             55             55        45.1786        39.1667        40.4265
             56             56        45.3534        39.3333        40.4386
             57             57        45.5074           39.5        40.4552
             58             58         45.677        39.6667        40.4709
             59             59        45.8466        39.8333         40.485
             60             60        46.0175             40        40.4958
             61             61        46.1688        40.1667        40.5082
             62             62        46.3449        40.3333        40.5206
             63             63        46.5028           40.5        40.5325
             64             64        46.6645        40.6667        40.5394
             65             65        46.8276        40.8333        40.5485
             66             66        46.9972             41        40.5573
             67             67        47.1498        41.1667        40.5666
             68             68        47.3193        41.3333        40.5705
             69             69        47.4837           41.5        40.5773
             70             70        47.6454        41.6667        40.5853
             71             71         47.811        41.8333        40.5926
             72             72        47.9766             42        40.6012
             73             73        48.1436        42.1667        40.6094
             74             74         48.287        42.3333         40.616
             75             75        48.4566           42.5        40.6215
             76             76        48.6261        42.6667        40.6277
             77             77        48.7799        42.8333         40.637
             78             78        48.9507             43        40.6474
             79             79        49.1111        43.1667        40.6559
             80             80        49.2793        43.3333        40.6632
             81             81         49.441           43.5        40.6758
             82             82        49.6066        43.6667        40.6851
             83             83        49.7539        43.8333        40.6945
             84             84        49.9247             44        40.7051
             85             85        50.0915        44.1667        40.7176
             86             86        50.2649        44.3333        40.7275
             87             87         50.424           44.5        40.7372
             88             88        50.5713        44.6667        40.7472
             89             89        50.7433        44.8333        40.7565
             90             90        50.9076             45        40.7677
             91             91        51.0536        45.1667        40.7792
             92             92         51.236        45.3333        40.7902
             93             93         51.395           45.5        40.8032
             94             94        51.5501        45.6667        40.8145
             95             95        51.7104        45.8333        40.8254
             96             96        51.8721             46        40.8357
             97             97        52.0428        46.1667        40.8472
             98             98        52.2044        46.3333        40.8577
             99             99        52.3673           46.5        40.8687
            100            100        52.5237        46.6667        40.8803
            101            101        52.6853        46.8333        40.8878
            102            102        52.8416             47        40.8967
            103            103        53.0163        47.1667        40.9079
            104            104        53.1687        47.3333        40.9201
            105            105        53.3316           47.5         40.933
            106            106        53.4867        47.6667        40.9454
            107            107        53.6521        47.8333        40.9576
            108            108        53.8137             48        40.9722
            109            109         53.974        48.1667        40.9899
            110            110        54.1238        48.3333        41.0068
            111            111        54.2932           48.5        41.0237
            112            112        54.4574        48.6667        41.0413
            113            113        54.6176        48.8333        41.0646
            114            114        54.7844             49        41.0841
            115            115        54.9342        49.1667        41.1023
            116            116        55.0971        49.3333          41.12
            117            117        55.2651           49.5        41.1415
            118            118        55.4254        49.6667        41.1625
            119            119        55.5869        49.8333        41.1819
            120            120        55.7445             50        41.1989
            121            121        55.9074        50.1667         41.215
            122            122        56.0689        50.3333        41.2323
            123            123        56.2278           50.5        41.2513
            124            124        56.3919        50.6667        41.2724
            125            125        56.5392        50.8333        41.2915
            126            126        56.7085             51        41.3099
            127            127        56.8713        51.1667        41.3278
            128            128        57.0185        51.3333        41.3457
            129            129        57.1787           51.5        41.3617
            130            130        57.3415        51.6667         41.378
            131            131        57.4991        51.8333        41.3955
            132            132        57.6697             52        41.4131
            133            133        57.8378        52.1667        41.4335
            134            134         57.981        52.3333        41.4515
            135            135        58.1321           52.5        41.4673
            136            136        58.2962        52.6667        41.4819
            137            137        58.4499        52.8333        41.4929
            138            138         58.601             53        41.5075
            139            139        58.7612        53.1667        41.5223
            140            140        58.9253        53.3333        41.5373
            141            141        59.0816           53.5        41.5515
            142            142        59.2391        53.6667        41.5685
            143            143         59.398        53.8333         41.586
            144            144        59.5465             54        41.6028
            145            145        59.7053        54.1667        41.6172
            146            146        59.8616        54.3333        41.6329
            147            147        60.0231           54.5         41.649
            148            148        60.1729        54.6667        41.6647
            149            149        60.3317        54.8333        41.6832
            150            150        60.4945             55        41.7003
            151            151         60.656        55.1667        41.7166
            152            152        60.8096        55.3333        41.7332
            153            153        60.9568           55.5        41.7483
            154            154        61.1156        55.6667         41.764
            155            155         61.268        55.8333        41.7793
            156            156        61.4256             56        41.7941
            157            157        61.5857        56.1667        41.8072
            158            158        61.7355        56.3333        41.8217
            159            159        61.8969           56.5        41.8367
            160            160        62.0506        56.6667        41.8513
            161            161        62.2055        56.8333        41.8645
            162            162        62.3605             57        41.8802
            163            163        62.5232        57.1667        41.8956
            164            164         62.669        57.3333        41.9098
            165            165        62.8292           57.5        41.9232
            166            166        62.9711        57.6667         41.938
            167            167        63.1391        57.8333        41.9543
            168            168        63.2875             58        41.9697
            169            169        63.4463        58.1667        41.9877
            170            170        63.5987        58.3333        42.0042
            171            171        63.7653           58.5        42.0217
            172            172        63.9085        58.6667          42.04
            173            173        64.0621        58.8333        42.0575
            174            174        64.2106             59         42.074
            175            175        64.3798        59.1667         42.091
            176            176        64.5308        59.3333        42.1078
            177            177        64.6806           59.5        42.1252
            178            178        64.8381        59.6667          42.14
            179            179        64.9943        59.8333         42.154
            180            180        65.1558             60        42.1679
            181            181        65.3029        60.1667        42.1815
            182            182        65.4526        60.3333        42.1948
            183            183        65.6075           60.5        42.2074
            184            184        65.7664        60.6667        42.2189
            185            185        65.9187        60.8333        42.2258
            186            186        66.0619             61        42.2354
            187            187        66.2168        61.1667         42.246
            188            188        66.3678        61.3333        42.2578
            189            189        66.5253           61.5        42.2687
            190            190        66.6724        61.6667        42.2803
            191            191        66.8286        61.8333        42.2916
            192            192        66.9783             62        42.3037
            193            193        67.1293        62.1667        42.3136
            194            194        67.2829        62.3333         42.322
            195            195          67.43           62.5        42.3303
            196            196        67.5953        62.6667        42.3404
            197            197         67.745        62.8333        42.3532
            198            198        67.8986             63        42.3616
            199            199        68.0457        63.1667        42.3685
            200            200         68.202        63.3333        42.3763
            201            201        68.3556           63.5        42.3827
            202            202           68.5        63.6667        42.3903
            203            203        68.6432        63.8333        42.3976
            204            204        68.8007             64        42.4051
            205            205         68.966        64.1667        42.4128
            206            206        69.1079        64.3333        42.4191
            207            207        69.2498           64.5        42.4236
            208            208        69.4047        64.6667        42.4272
            209            209        69.5713        64.8333        42.4318
            210            210        69.7197             65        42.4388
            211            211        69.8668        65.1667        42.4453
            212            212        70.0126        65.3333         42.451
            213            213        70.1714           65.5        42.4569
            214            214        70.3185        65.6667        42.4593
            215            215        70.4656        65.8333        42.4629
            216            216        70.6152             66        42.4679
            217            217         70.761        66.1667        42.4728
            218            218        70.9263        66.3333          42.48
            219            219        71.0786           66.5        42.4844
            220            220         71.227        66.6667        42.4897
            221            221        71.3754        66.8333        42.4956
            222            222        71.5303             67        42.4987
            223            223        71.6799        67.1667        42.5038
            224            224         71.827        67.3333        42.5081
            225            225        71.9845           67.5        42.5109
            226            226        72.1342        67.6667        42.5133
            227            227        72.2747        67.8333        42.5162
            228            228        72.4296             68        42.5184
            229            229        72.5832        68.1667        42.5218
            230            230        72.7316        68.3333        42.5308
            231            231        72.8813           68.5        42.5382
            232            232        73.0388        68.6667        42.5433
            233            233         73.178        68.8333        42.5475
            234            234        73.3277             69        42.5533
            235            235        73.4826        69.1667        42.5616
            236            236        73.6296        69.3333        42.5687
            237            237        73.7793           69.5        42.5752
            238            238        73.9446        69.6667        42.5892
            239            239        74.0982        69.8333        42.5961
            240            240        74.2426             70        42.6018
            241            241        74.3858        70.1667        42.6077
            242            242        74.5472        70.3333        42.6119
            243            243        74.7021           70.5        42.6177
            244            244        74.8518        70.6667        42.6246
            245            245        74.9936        70.8333        42.6325
            246            246        75.1459             71        42.6412
            247            247        75.2969        71.1667        42.6451
            248            248        75.4413        71.3333        42.6524
            249            249        75.6027           71.5        42.6598
            250            250        75.7511        71.6667        42.6668
            251            251         75.902        71.8333        42.6757
            252            252        76.0556             72         42.682
            253            253         76.204        72.1667        42.6876
            254            254        76.3654        72.3333        42.6916
            255            255        76.5059           72.5        42.6953
            256            256        76.6621        72.6667        42.7017
            257            257        76.8131        72.8333        42.7082
            258            258        76.9575             73        42.7144
            259            259        77.1085        73.1667        42.7156
            260            260        77.2556        73.3333        42.7203
            261            261        77.4117           73.5        42.7255
            262            262        77.5575        73.6667        42.7312
            263            263        77.6993        73.8333        42.7341
            264            264        77.8607             74        42.7364
            265            265        78.0195        74.1667        42.7385
            266            266        78.1692        74.3333        42.7411
            267            267        78.3123           74.5        42.7481
            268            268        78.4646        74.6667        42.7541
            269            269        78.6142        74.8333        42.7603
            270            270        78.7691             75        42.7661
            271            271        78.9136        75.1667        42.7687
            272            272        79.0606        75.3333        42.7726
            273            273        79.2077           75.5        42.7774
            274            274        79.3665        75.6667         42.782
            275            275        79.5148        75.8333        42.7901
            276            276        79.6684             76        42.7971
            277            277        79.8154        76.1667        42.8029
            278            278        79.9768        76.3333        42.8082
            279            279        80.1226           76.5        42.8138
            280            280        80.2774        76.6667        42.8154
            281            281        80.4193        76.8333        42.8195
            282            282        80.5702             77        42.8232
            283            283        80.7186        77.1667        42.8274
            284            284        80.8748        77.3333        42.8307
            285            285        81.0323           77.5        42.8337
            286            286        81.1741        77.6667        42.8369
            287            287        81.3316        77.8333        42.8396
            288            288        81.4721             78        42.8401
            289            289         81.627        78.1667        42.8428
            290            290        81.7831        78.3333        42.8472
            291            291         81.925           78.5        42.8525
            292            292        82.0812        78.6667        42.8542
            293            293        82.2308        78.8333        42.8567
            294            294        82.3792             79        42.8602
            295            295        82.5328        79.1667        42.8626
            296            296        82.6811        79.3333        42.8666
            297            297        82.8308           79.5        42.8698
            298            298         82.983        79.6667        42.8739
            299            299        83.1418        79.8333        42.8789
            300            300        83.2849             80        42.8853
            301            301         83.432        80.1667        42.8922
            302            302        83.5934        80.3333         42.898
            303            303        83.7417           80.5        42.9042
            304            304        83.8888        80.6667        42.9082
            305            305        84.0449        80.8333        42.9102
            306            306        84.1972             81        42.9126
            307            307        84.3508        81.1667        42.9156
            308            308        84.4965        81.3333         42.923
            309            309        84.6553           81.5        42.9272
            310            310        84.8063        81.6667        42.9298
            311            311        84.9598        81.8333        42.9323
            312            312        85.1082             82        42.9362
            313            313        85.2448        82.1667        42.9338
            314            314        85.3997        82.3333        42.9375
            315            315        85.5506           82.5        42.9413
            316            316        85.7042        82.6667        42.9458
            317            317        85.8591        82.8333        42.9518
            318            318        86.0035             83        42.9541
            319            319        86.1558        83.1667        42.9569
            320            320        86.3145        83.3333        42.9613
            321            321        86.4629           83.5        42.9693
            322            322        86.6203        83.6667        42.9719
            323            323          86.77        83.8333         42.973
            324            324        86.9157             84        42.9744
            325            325        87.0758        84.1667        42.9732
            326            326        87.2124        84.3333        42.9728
            327            327        87.3686           84.5        42.9733
            328            328        87.5248        84.6667        42.9746
            329            329        87.6848        84.8333        42.9729
            330            330        87.8293             85        42.9702
            331            331        87.9711        85.1667        42.9675
            332            332         88.126        85.3333        42.9662
            333            333        88.2822           85.5          42.96
            334            334        88.4279        85.6667        42.9554
            335            335        88.5749        85.8333        42.9521
            336            336        88.7363             86        42.9497
            337            337        88.8795        86.1667        42.9465
            338            338        89.0278        86.3333        42.9433
            339            339        89.1788           86.5        42.9416
            340            340        89.3349        86.6667        42.9398
            341            341        89.4911        86.8333         42.937
            342            342        89.6368             87        42.9338
            343            343        89.7761        87.1667         42.931
            344            344        89.9426        87.3333        42.9282
            345            345        90.0923           87.5        42.9259
            346            346        90.2432        87.6667        42.9236
            347            347        90.3955        87.8333        42.9214
            348            348        90.5529             88        42.9185
            349            349        90.6909        88.1667        42.9149
            350            350        90.8457        88.3333        42.9114
            351            351        90.9993           88.5        42.9076
            352            352        91.1541        88.6667        42.9043
            353            353        91.3064        88.8333        42.9026
            354            354        91.4587             89        42.9047
            355            355        91.6122        89.1667         42.905
            356            356        91.7645        89.3333        42.9046
            357            357        91.9063           89.5        42.9027
            358            358        92.0729        89.6667        42.8997
            359            359        92.2186        89.8333        42.8963
            360            360        92.3657             90        42.8939
            361            361        92.5192        90.1667        42.8923
            362            362        92.6819        90.3333        42.8972
            363            363        92.8276           90.5        42.9003
            364            364        92.9825        90.6667         42.901
            365            365        93.1374        90.8333        42.9008
            366            366        93.2779             91        42.8979
            367            367         93.434        91.1667        42.8989
            368            368        93.5746        91.3333        42.9012
            369            369        93.7346           91.5        42.9034
            370            370        93.8947        91.6667        42.9123
            371            371        94.0535        91.8333        42.9177
            372            372        94.2057             92        42.9214
            373            373        94.3476        92.1667        42.9241
            374            374         94.505        92.3333        42.9201
            375            375        94.6534           92.5        42.9182
            376            376        94.8135        92.6667        42.9185
            377            377        94.9657        92.8333        42.9207
            378            378        95.1167             93        42.9227
            379            379        95.2715        93.1667        42.9227
            380            380        95.4225        93.3333        42.9238
            381            381        95.5734           93.5        42.9245
            382            382        95.7153        93.6667        42.9245
            383            383        95.8688        93.8333        42.9192
            384            384        96.0211             94        42.9189
            385            385        96.1798        94.1667        42.9213
            386            386         96.336        94.3333        42.9239
            387            387        96.4805           94.5        42.9313
            388            388        96.6392        94.6667        42.9377
            389            389        96.7915        94.8333         42.942
            390            390        96.9437             95        42.9453
            391            391        97.0908        95.1667        42.9524
            392            392        97.2456        95.3333        42.9597
            393            393        97.4031           95.5        42.9665
            394            394        97.5619        95.6667        42.9728
            395            395         97.705        95.8333        42.9849
            396            396        97.8664             96        42.9936
            397            397        98.0225        96.1667        43.0015
            398            398        98.1722        96.3333        43.0105
            399            399        98.3179           96.5        43.0189
            400            400        98.4871        96.6667        43.0263
            401            401        98.6354        96.8333        43.0336
            402            402        98.7799             97        43.0401
            403            403        98.9373        97.1667        43.0456
            404            404        99.0922        97.3333        43.0518
            405            405        99.2444           97.5        43.0597
            406            406        99.4019        97.6667        43.0683
            407            407        99.5542        97.8333        43.0734
            408            408        99.7051             98        43.0774
            409            409        99.8561        98.1667        43.0815
            410            410        100.015        98.3333        43.0861
            411            411        100.162           98.5        43.0911
            412            412        100.319        98.6667        43.0929
            413            413        100.469        98.8333        43.0981
            414            414        100.634             99        43.1033
            415            415        100.781        99.1667        43.1068
            416            416        100.926        99.3333        43.1065
            417            417        101.083           99.5         43.109
            418            418        101.239        99.6667        43.1127
            419            419        101.392        99.8333        43.1169
            420            420        101.547            100        43.1212
            421            421        101.699        100.167        43.1216
            422            422        101.863        100.333        43.1215
            423            423        102.005          100.5        43.1215
            424            424        102.165        100.667        43.1194
            425            425        102.314        100.833        43.1218
            426            426        102.472            101        43.1253
            427            427        102.627        101.167        43.1284
            428            428        102.782        101.333        43.1304
            429            429        102.927          101.5        43.1329
            430            430        103.079        101.667        43.1371
            431            431        103.236        101.833        43.1419
            432            432        103.388            102        43.1484
            433            433        103.552        102.167        43.1513
            434            434        103.705        102.333        43.1525
            435            435        103.863          102.5        43.1536
            436            436        104.016        102.667        43.1536
            437            437        104.162        102.833        43.1545
            438            438        104.325            103        43.1578
            439            439        104.478        103.167        43.1609
            440            440        104.633        103.333        43.1591
            441            441        104.788          103.5        43.1593
            442            442        104.934        103.667        43.1622
            443            443        105.089        103.833        43.1651
            444            444        105.242            104        43.1682
            445            445        105.391        104.167        43.1726
            446            446        105.559        104.333        43.1754
            447            447        105.712          104.5        43.1772
            448            448        105.866        104.667         43.179
            449            449        106.011        104.833        43.1844
            450            450        106.171            105        43.1889
            451            451        106.334        105.167        43.1948
            452            452        106.484        105.333        43.2012
            453            453        106.645          105.5        43.2081
            454            454        106.797        105.667        43.2133
            455            455        106.939        105.833        43.2172
            456            456        107.094            106        43.2211
            457            457        107.261        106.167        43.2221
            458            458        107.406        106.333        43.2228
            459            459        107.568          106.5        43.2242
            460            460        107.727        106.667        43.2269
            461            461        107.876        106.833        43.2285
            462            462         108.03            107         43.231
            463            463         108.19        107.167         43.232
            464            464        108.336        107.333        43.2318
            465            465        108.498          107.5        43.2225
            466            466        108.644        107.667        43.2198
            467            467        108.795        107.833        43.2207
            468            468        108.955            108        43.2218
            469            469        109.111        108.167        43.2246
            470            470        109.266        108.333        43.2262
            471            471        109.425          108.5        43.2261
            472            472        109.574        108.667        43.2247
            473            473        109.724        108.833         43.222
            474            474        109.875            109        43.2237
            475            475         110.04        109.167         43.226
            476            476          110.2        109.333        43.2289
            477            477        110.357          109.5        43.2321
            478            478         110.51        109.667        43.2374
            479            479        110.661        109.833        43.2381
            480            480        110.813            110        43.2384
            481            481        110.964        110.167        43.2398
            482            482        111.128        110.333         43.238
            483            483        111.291          110.5        43.2354
            484            484        111.438        110.667        43.2332
            485            485        111.594        110.833        43.2304
            486            486         111.75            111        43.2249
            487            487        111.901        111.167        43.2234
            488            488         112.05        111.333        43.2235
            489            489        112.214          111.5        43.2231
            490            490        112.367        111.667        43.2183
            491            491        112.512        111.833        43.2152
            492            492        112.676            112        43.2133
            493            493        112.827        112.167        43.2128
            494            494        112.983        112.333        43.2151
            495            495        113.145          112.5         43.214
            496            496        113.302        112.667         43.211
            497            497        113.456        112.833        43.2077
            498            498        113.607            113         43.206
            499            499        113.762        113.167        43.2038
            500            500        113.912        113.333        43.2028
            501            501        114.079          113.5        43.2021
            502            502        114.233        113.667        43.1991
            503            503        114.388        113.833        43.1982
            504            504        114.542            114        43.1973
            505            505        114.695        114.167        43.1955
            506            506        114.857        114.333        43.1911
            507            507        115.013          114.5        43.1875
            508            508        115.166        114.667        43.1859
            509            509        115.328        114.833        43.1847
            510            510        115.479            115        43.1818
            511            511        115.631        115.167        43.1787
            512            512        115.794        115.333        43.1772
            513            513        115.946          115.5        43.1762
            514            514        116.103        115.667        43.1755
            515            515        116.258        115.833        43.1749
            516            516        116.407            116        43.1749
            517            517        116.572        116.167        43.1745
            518            518        116.728        116.333        43.1732
            519            519        116.874          116.5        43.1682
            520            520        117.037        116.667        43.1649
            521            521        117.194        116.833        43.1638
            522            522        117.351            117        43.1643
            523            523         117.51        117.167        43.1651
            524            524        117.664        117.333        43.1648
            525            525        117.821          117.5        43.1638
            526            526        117.974        117.667        43.1615
            527            527        118.126        117.833        43.1548
            528            528        118.278            118        43.1513
            529            529        118.438        118.167        43.1488
            530            530        118.601        118.333        43.1467
            531            531        118.757          118.5         43.147
            532            532        118.905        118.667        43.1448
            533            533        119.071        118.833         43.143
            534            534        119.218            119        43.1415
            535            535        119.374        119.167         43.138
            536            536        119.536        119.333        43.1374
            537            537        119.689          119.5        43.1355
            538            538        119.848        119.667        43.1312
            539            539        119.998        119.833        43.1287
            540            540        120.156            120        43.1275
            541            541        120.307        120.167         43.126
            542            542        120.477        120.333        43.1233
            543            543        120.627          120.5        43.1203
            544            544        120.791        120.667        43.1219
            545            545        120.945        120.833        43.1233
            546            546        121.093            121        43.1241
            547            547        121.241        121.167        43.1238
            548            548        121.404        121.333        43.1207
            549            549        121.572          121.5        43.1197
            550            550        121.719        121.667        43.1209
            551            551        121.874        121.833        43.1234
            552            552        122.036            122        43.1283
            553            553        122.198        122.167        43.1316
            554            554        122.354        122.333        43.1346
            555            555        122.508          122.5        43.1384
            556            556        122.661        122.667        43.1395
            557            557        122.813        122.833        43.1405
            558            558        122.975            123        43.1416
            559            559        123.141        123.167        43.1437
            560            560        123.291        123.333         43.148
            561            561        123.452          123.5        43.1491
            562            562        123.609        123.667        43.1501
            563            563        123.766        123.833        43.1509
            564            564         123.93            124        43.1485
            565            565        124.073        124.167        43.1484
            566            566        124.236        124.333        43.1482
            567            567          124.4          124.5        43.1488
            568            568        124.557        124.667        43.1526
            569            569        124.708        124.833        43.1553
            570            570        124.863            125        43.1568
            571            571        125.026        125.167         43.159
            572            572        125.182        125.333        43.1612
            573            573        125.345          125.5        43.1644
            574            574        125.494        125.667        43.1665
            575            575        125.653        125.833        43.1688
            576            576         125.82            126         43.172
            577            577        125.978        126.167        43.1802
            578            578        126.125        126.333        43.1859
            579            579        126.282          126.5        43.1907
            580            580        126.444        126.667         43.195
            581            581        126.603        126.833        43.1961
            582            582         126.76            127        43.1991
            583            583        126.911        127.167        43.2033
            584            584        127.077        127.333        43.2076
            585            585        127.237          127.5        43.2139
            586            586        127.389        127.667        43.2191
            587            587         127.55        127.833        43.2234
            588            588        127.708            128        43.2272
            589            589        127.867        128.167        43.2287
            590            590        128.019        128.333        43.2324
            591            591         128.18          128.5        43.2358
            592            592        128.343        128.667        43.2378
            593            593        128.497        128.833        43.2396
            594            594        128.659            129        43.2434
            595            595        128.813        129.167        43.2467
            596            596        128.975        129.333        43.2486
            597            597        129.126          129.5        43.2509
            598            598        129.288        129.667        43.2558
            599            599        129.449        129.833        43.2622
            600            600        129.601            130        43.2687
            601            601        129.758        130.167        43.2727
            602            602         129.92        130.333        43.2795
            603            603         130.08          130.5        43.2859
            604            604        130.242        130.667        43.2909
            605            605        130.385        130.833        43.2972
            606            606        130.558            131        43.3032
            607            607        130.717        131.167        43.3082
            608            608        130.878        131.333        43.3095
            609            609        131.025          131.5        43.3107
            610            610        131.188        131.667        43.3137
            611            611        131.352        131.833        43.3173
            612            612        131.511            132        43.3193
            613            613        131.652        132.167        43.3186
            614            614        131.815        132.333        43.3143
            615            615        131.986          132.5        43.3158
            616            616        132.131        132.667        43.3183
            617            617        132.281        132.833        43.3207
            618            618        132.453            133        43.3243
            619            619        132.612        133.167        43.3251
            620            620        132.772        133.333        43.3247
            621            621        132.914          133.5        43.3258
            622            622        133.074        133.667        43.3227
            623            623        133.244        133.833        43.3207
            624            624        133.399            134        43.3234
            625            625        133.554        134.167        43.3289
            626            626        133.715        134.333         43.334
            627            627        133.873          134.5        43.3373
            628            628        134.024        134.667        43.3397
            629            629        134.185        134.833        43.3416
            630            630         134.35            135        43.3433
            631            631        134.492        135.167        43.3445
            632            632        134.663        135.333        43.3471
            633            633        134.829          135.5        43.3506
            634            634        134.992        135.667        43.3586
            635            635        135.142        135.833        43.3635
            636            636        135.299            136        43.3674
            637            637        135.458        136.167        43.3716
            638            638        135.618        136.333        43.3674
            639            639        135.774          136.5        43.3671
            640            640         135.93        136.667        43.3695
            641            641        136.096        136.833        43.3723
            642            642        136.256            137        43.3758
            643            643        136.412        137.167        43.3803
            644            644        136.569        137.333        43.3836
            645            645        136.731          137.5        43.3865
            646            646        136.891        137.667        43.3898
            647            647        137.038        137.833        43.3916
            648            648        137.207            138        43.3933
            649            649        137.366        138.167        43.3948
            650            650        137.526        138.333        43.3968
            651            651        137.682          138.5        43.4031
            652            652        137.841        138.667        43.4057
            653            653        138.006        138.833        43.4066
            654            654        138.162            139        43.4087
            655            655         138.33        139.167        43.4083
            656            656         138.48        139.333        43.4115
            657            657        138.642          139.5        43.4173
            658            658        138.793        139.667        43.4231
            659            659        138.961        139.833        43.4292
            660            660        139.121            140        43.4362
            661            661        139.272        140.167        43.4407
            662            662        139.434        140.333        43.4431
            663            663        139.591          140.5        43.4516
            664            664        139.749        140.667        43.4551
            665            665        139.918        140.833        43.4582
            666            666        140.084            141        43.4615
            667            667        140.239        141.167        43.4646
            668            668        140.403        141.333        43.4652
            669            669        140.563          141.5        43.4653
            670            670        140.713        141.667        43.4666
            671            671        140.874        141.833        43.4597
            672            672        141.033            142        43.4588
            673            673        141.189        142.167        43.4593
            674            674        141.351        142.333        43.4585
            675            675        141.509          142.5        43.4558
            676            676        141.668        142.667        43.4502
            677            677        141.824        142.833        43.4465
            678            678        141.986            143        43.4447
            679            679        142.151        143.167        43.4427
            680            680        142.315        143.333        43.4435
            681            681        142.469          143.5        43.4406
            682            682        142.634        143.667        43.4377
            683            683        142.787        143.833        43.4353
            684            684        142.944            144        43.4283
            685            685        143.098        144.167        43.4233
            686            686         143.27        144.333        43.4199
            687            687        143.423          144.5        43.4176
            688            688        143.592        144.667        43.4172
            689            689        143.745        144.833        43.4154
            690            690        143.899            145        43.4129
            691            691        144.064        145.167        43.4109
            692            692        144.224        145.333        43.4087
            693            693        144.383          145.5         43.406
            694            694         144.54        145.667        43.4017
            695            695        144.706        145.833        43.3976
            696            696        144.858            146        43.3948
            697            697        145.021        146.167        43.3919
            698            698        145.182        146.333         43.391
            699            699        145.341          146.5         43.391
            700            700        145.504        146.667        43.3916
            701            701        145.665        146.833        43.3919
            702            702        145.816            147        43.3925
            703            703        145.977        147.167        43.3948
            704            704         146.14        147.333        43.3976
            705            705          146.3          147.5        43.4001
            706            706        146.457        147.667        43.4011
            707            707        146.625        147.833        43.4026
            708            708        146.782            148        43.4048
            709            709        146.944        148.167        43.4133
            710            710        147.107        148.333         43.417
            711            711        147.267          148.5         43.419
            712            712         147.43        148.667         43.421
            713            713        147.591        148.833        43.4207
            714            714        147.743            149        43.4209
            715            715        147.909        149.167        43.4218
            716            716        148.064        149.333        43.4254
            717            717        148.233          149.5         43.427
            718            718        148.385        149.667        43.4287
            719            719        148.545        149.833        43.4309
            720            720        148.708            150        43.4335
            721            721        148.868        150.167        43.4338
            722            722        149.025        150.333        43.4375
            723            723        149.182          150.5        43.4415
            724            724        149.349        150.667         43.444
            725            725        149.516        150.833        43.4492
            726            726        149.672            151          43.45
            727            727        149.831        151.167        43.4505
            728            728        149.992        151.333        43.4515
            729            729        150.148          151.5        43.4531
            730            730        150.314        151.667        43.4529
            731            731        150.479        151.833        43.4512
            732            732        150.634            152        43.4506
            733            733        150.788        152.167        43.4464
            734            734         150.95        152.333        43.4461
            735            735        151.112          152.5        43.4461
            736            736        151.272        152.667        43.4466
            737            737        151.441        152.833        43.4524
            738            738        151.596            153        43.4551
            739            739        151.752        153.167        43.4576
            740            740        151.907        153.333        43.4633
            741            741        152.077          153.5          43.47
            742            742        152.237        153.667        43.4767
            743            743        152.392        153.833        43.4818
            744            744         152.56            154        43.4871
            745            745        152.719        154.167        43.4927
            746            746         152.88        154.333        43.5008
            747            747        153.038          154.5        43.5051
            748            748        153.206        154.667        43.5086
            749            749        153.375        154.833        43.5111
            750            750        153.526            155        43.5151
            751            751        153.686        155.167        43.5203
            752            752        153.851        155.333        43.5261
            753            753        154.007          155.5        43.5323
            754            754        154.173        155.667        43.5342
            755            755        154.329        155.833        43.5387
            756            756        154.489            156        43.5437
            757            757         154.65        156.167         43.548
            758            758        154.812        156.333        43.5563
            759            759        154.981          156.5        43.5624
            760            760        155.138        156.667        43.5685
            761            761        155.301        156.833        43.5748
            762            762        155.468            157        43.5827
            763            763        155.615        157.167        43.5869
            764            764         155.79        157.333        43.5899
            765            765        155.937          157.5        43.5918
            766            766        156.108        157.667        43.5919
            767            767        156.269        157.833        43.5925
            768            768        156.427            158        43.5939
            769            769        156.591        158.167        43.5945
            770            770         156.75        158.333        43.5871
            771            771         156.91          158.5        43.5826
            772            772        157.067        158.667        43.5772
            773            773        157.231        158.833        43.5729
            774            774        157.389            159         43.569
            775            775        157.551        159.167        43.5589
            776            776        157.707        159.333        43.5519
            777            777        157.879          159.5        43.5449
            778            778        158.025        159.667         43.538
            779            779         158.19        159.833        43.5276
            780            780        158.347            160        43.5202
            781            781        158.508        160.167        43.5154
            782            782        158.677        160.333        43.5115
            783            783        158.835          160.5        43.5136
            784            784        158.997        160.667        43.5157
            785            785        159.151        160.833        43.5186
            786            786        159.316            161        43.5199
            787            787         159.48        161.167        43.5252
            788            788        159.634        161.333        43.5305
            789            789        159.799          161.5        43.5354
            790            790        159.966        161.667        43.5385
            791            791        160.124        161.833        43.5489
            792            792        160.292            162        43.5528
            793            793        160.461        162.167        43.5554
            794            794        160.619        162.333        43.5578
            795            795        160.775          162.5        43.5585
            796            796         160.94        162.667        43.5625
            797            797        161.107        162.833         43.566
            798            798        161.267            163        43.5673
            799            799        161.417        163.167        43.5616
            800            800        161.581        163.333        43.5605
            801            801        161.741          163.5        43.5605
            802            802        161.906        163.667        43.5607
            803            803        162.062        163.833        43.5626
            804            804        162.229            164        43.5608
            805            805        162.395        164.167         43.557
            806            806        162.556        164.333        43.5534
            807            807        162.709          164.5         43.551
            808            808        162.872        164.667        43.5455
            809            809        163.037        164.833         43.543
            810            810        163.198            165        43.5404
            811            811        163.359        165.167        43.5379
            812            812        163.521        165.333        43.5346
            813            813        163.676          165.5        43.5323
            814            814        163.838        165.667        43.5306
            815            815        164.005        165.833        43.5315
            816            816        164.169            166         43.536
            817            817        164.331        166.167         43.538
            818            818        164.491        166.333        43.5393
            819            819        164.647          166.5        43.5396
            820            820        164.814        166.667        43.5405
            821            821        164.982        166.833        43.5391
            822            822        165.129            167        43.5374
            823            823        165.303        167.167        43.5381
            824            824        165.466        167.333        43.5401
            825            825        165.622          167.5        43.5377
            826            826        165.788        167.667        43.5336
            827            827        165.941        167.833        43.5301
            828            828        166.113            168        43.5226
            829            829        166.266        168.167         43.518
            830            830        166.424        168.333        43.5142
            831            831         166.59          168.5        43.5129
            832            832        166.757        168.667        43.5107
            833            833        166.909        168.833        43.5084
            834            834         167.07            169        43.5066
            835            835        167.229        169.167         43.506
            836            836        167.402        169.333        43.5052
            837            837        167.562          169.5        43.5023
            838            838        167.721        169.667        43.4991
            839            839        167.886        169.833        43.4966
            840            840        168.049            170        43.4956
            841            841        168.211        170.167        43.4959
            842            842        168.373        170.333        43.4954
            843            843        168.539          170.5        43.4966
            844            844          168.7        170.667        43.4973
            845            845         168.86        170.833        43.4941
            846            846        169.014            171        43.4919
            847            847        169.179        171.167        43.4901
            848            848        169.342        171.333        43.4884
            849            849        169.513          171.5        43.4934
            850            850        169.663        171.667         43.497
            851            851         169.84        171.833        43.4997
            852            852        169.995            172         43.501
            853            853        170.158        172.167        43.4987
            854            854        170.311        172.333        43.4974
            855            855        170.483          172.5        43.4988
            856            856        170.642        172.667        43.5006
            857            857        170.808        172.833        43.5027
            858            858        170.972            173        43.5023
            859            859        171.142        173.167        43.4996
            860            860        171.298        173.333        43.4941
            861            861        171.462          173.5        43.4861
            862            862        171.619        173.667        43.4822
            863            863        171.783        173.833        43.4787
            864            864        171.951            174        43.4742
            865            865        172.111        174.167        43.4688
            866            866        172.271        174.333        43.4655
            867            867        172.435          174.5        43.4625
            868            868        172.593        174.667        43.4595
            869            869         172.75        174.833        43.4544
            870            870        172.921            175        43.4541
            871            871        173.087        175.167        43.4567
            872            872        173.245        175.333          43.46
            873            873        173.406          175.5        43.4636
            874            874        173.573        175.667        43.4754
            875            875        173.732        175.833        43.4796
            876            876        173.902            176        43.4821
            877            877        174.053        176.167        43.4843
            878            878        174.228        176.333        43.4919
            879            879        174.393          176.5        43.4974
            880            880        174.554        176.667        43.5024
            881            881        174.721        176.833        43.5072
            882            882        174.883            177        43.5074
            883            883        175.042        177.167        43.5103
            884            884        175.201        177.333        43.5147
            885            885        175.365          177.5        43.5214
            886            886         175.53        177.667        43.5265
            887            887        175.696        177.833        43.5312
            888            888        175.858            178        43.5348
            889            889        176.022        178.167        43.5366
            890            890        176.178        178.333        43.5388
            891            891        176.341          178.5        43.5403
            892            892        176.508        178.667        43.5408
            893            893        176.676        178.833        43.5419
            894            894         176.84            179        43.5462
            895            895        177.005        179.167        43.5472
            896            896        177.164        179.333        43.5481
            897            897        177.324          179.5        43.5508
            898            898         177.48        179.667        43.5434
            899            899        177.653        179.833        43.5433
            900            900        177.807            180        43.5452
            901            901        177.975        180.167        43.5484
            902            902        178.146        180.333        43.5527
            903            903        178.308          180.5        43.5525
            904            904         178.46        180.667        43.5525
            905            905        178.632        180.833        43.5528
            906            906        178.797            181        43.5519
            907            907        178.957        181.167        43.5518
            908            908        179.123        181.333          43.55
            909            909        179.289          181.5        43.5475
            910            910        179.449        181.667        43.5447
            911            911        179.608        181.833        43.5362
            912            912        179.773            182        43.5316
            913            913         179.94        182.167        43.5289
            914            914        180.104        182.333        43.5265
            915            915        180.268          182.5        43.5235
            916            916        180.429        182.667        43.5243
            917            917        180.588        182.833        43.5265
            918            918         180.75            183        43.5301
            919            919        180.915        183.167        43.5358
            920            920        181.072        183.333        43.5412
            921            921        181.244          183.5        43.5453
            922            922        181.403        183.667        43.5491
            923            923        181.567        183.833        43.5599
            924            924        181.732            184        43.5634
            925            925        181.901        184.167        43.5667
            926            926        182.064        184.333        43.5709
            927            927        182.231          184.5         43.577
            928            928        182.396        184.667         43.579
            929            929        182.555        184.833        43.5807
            930            930        182.719            185        43.5843
            931            931        182.883        185.167        43.5852
            932            932        183.046        185.333        43.5905
            933            933          183.2          185.5        43.5951
            934            934        183.372        185.667        43.5991
            935            935        183.539        185.833        43.6079
            936            936        183.695            186        43.6152
            937            937        183.858        186.167        43.6215
            938            938        184.022        186.333        43.6257
            939            939        184.196          186.5        43.6268
            940            940        184.363        186.667        43.6337
            941            941        184.528        186.833        43.6381
            942            942        184.679            187        43.6406
            943            943        184.852        187.167        43.6413
            944            944        185.015        187.333        43.6392
            945            945        185.185          187.5        43.6445
            946            946        185.343        187.667        43.6505
            947            947          185.5        187.833        43.6576
            948            948         185.66            188        43.6581
            949            949         185.83        188.167        43.6624
            950            950        185.996        188.333        43.6686
            951            951        186.151          188.5         43.675
            952            952        186.315        188.667        43.6904
            953            953        186.492        188.833        43.7014
            954            954        186.656            189        43.7116
            955            955        186.813        189.167        43.7203
            956            956        186.987        189.333         43.733
            957            957        187.147          189.5        43.7451
            958            958        187.304        189.667        43.7561
            959            959        187.475        189.833        43.7654
            960            960        187.635            190        43.7719
            961            961          187.8        190.167        43.7797
            962            962        187.968        190.333        43.7901
            963            963        188.131          190.5        43.8018
            964            964        188.291        190.667        43.8091
            965            965        188.455        190.833        43.8171
            966            966        188.627            191        43.8257
            967            967        188.781        191.167        43.8339
            968            968        188.947        191.333        43.8387
            969            969        189.105          191.5        43.8425
            970            970        189.273        191.667        43.8472
            971            971        189.445        191.833        43.8528
            972            972        189.611            192        43.8616
            973            973        189.765        192.167        43.8674
            974            974        189.931        192.333        43.8711
            975            975        190.097          192.5        43.8751
            976            976        190.265        192.667        43.8778
            977            977        190.425        192.833        43.8814
            978            978        190.583            193        43.8853
            979            979        190.758        193.167        43.8899
            980            980        190.912        193.333        43.8973
            981            981        191.085          193.5        43.9034
            982            982        191.245        193.667        43.9095
            983            983        191.409        193.833        43.9151
            984            984        191.575            194        43.9214
            985            985        191.744        194.167        43.9296
            986            986          191.9        194.333        43.9382
            987            987        192.065          194.5        43.9453
            988            988        192.236        194.667        43.9531
            989            989        192.397        194.833        43.9617
            990            990        192.562            195        43.9697
            991            991        192.733        195.167         43.977
            992            992        192.889        195.333        43.9814
            993            993         193.06          195.5         43.987
            994            994        193.228        195.667        43.9929
            995            995        193.393        195.833        43.9971
            996            996        193.548            196        43.9995
            997            997        193.718        196.167        44.0037
            998            998         193.88        196.333        44.0095
            999            999         194.05          196.5        44.0162
           1000           1000        194.206        196.667        44.0199
           1001           1001        194.366        196.833        44.0263
           1002           1002        194.541            197        44.0332
           1003           1003        194.698        197.167        44.0409
           1004           1004        194.862        197.333        44.0491
           1005           1005         195.03          197.5        44.0554
           1006           1006         195.19        197.667        44.0612
           1007           1007        195.361        197.833        44.0676
           1008           1008        195.526            198         44.084
           1009           1009        195.691        198.167        44.0985
           1010           1010        195.855        198.333        44.1098
           1011           1011        196.021          198.5        44.1187
           1012           1012        196.185        198.667        44.1282
           1013           1013        196.351        198.833        44.1384
           1014           1014        196.511            199        44.1483
           1015           1015        196.673        199.167        44.1576
           1016           1016        196.845        199.333        44.1699
           1017           1017        197.018          199.5        44.1806
           1018           1018        197.182        199.667        44.1902
           1019           1019        197.335        199.833        44.1976
           1020           1020        197.499            200        44.1971
           1021           1021        197.668        200.167        44.2018
           1022           1022        197.834        200.333        44.2081
           1023           1023        197.995          200.5        44.2142
           1024           1024        198.159        200.667        44.2175
           1025           1025        198.326        200.833        44.2237
           1026           1026        198.488            201        44.2291
           1027           1027        198.652        201.167        44.2335
           1028           1028        198.813        201.333        44.2343
           1029           1029        198.984          201.5        44.2368
           1030           1030        199.144        201.667        44.2397
           1031           1031        199.312        201.833        44.2421
           1032           1032         199.47            202        44.2466
           1033           1033        199.647        202.167        44.2503
           1034           1034        199.811        202.333        44.2523
           1035           1035        199.967          202.5        44.2532
           1036           1036        200.132        202.667        44.2524
           1037           1037          200.3        202.833        44.2552
           1038           1038        200.467            203        44.2598
           1039           1039         200.63        203.167         44.263
           1040           1040        200.794        203.333        44.2633
           1041           1041        200.963          203.5        44.2636
           1042           1042        201.127        203.667        44.2649
           1043           1043        201.295        203.833         44.267
           1044           1044        201.455            204        44.2691
           1045           1045         201.62        204.167        44.2723
           1046           1046        201.794        204.333        44.2763
           1047           1047         201.96          204.5        44.2799
           1048           1048        202.117        204.667        44.2858
           1049           1049        202.281        204.833         44.291
           1050           1050        202.444            205        44.2946
           1051           1051         202.62        205.167        44.2986
           1052           1052        202.777        205.333        44.3067
           1053           1053        202.944          205.5        44.3119
           1054           1054         203.11        205.667        44.3161
           1055           1055        203.273        205.833        44.3208
           1056           1056        203.449            206        44.3259
           1057           1057        203.611        206.167        44.3314
           1058           1058         203.77        206.333        44.3379
           1059           1059        203.933          206.5        44.3449
           1060           1060        204.097        206.667        44.3464
           1061           1061        204.264        206.833         44.352
           1062           1062        204.429            207        44.3569
           1063           1063        204.592        207.167        44.3598
           1064           1064        204.754        207.333        44.3681
           1065           1065         204.92          207.5        44.3751
           1066           1066         205.09        207.667        44.3806
           1067           1067        205.261        207.833        44.3849
           1068           1068        205.418            208        44.3882
           1069           1069        205.585        208.167        44.3931
           1070           1070        205.756        208.333        44.3974
           1071           1071        205.914          208.5        44.4009
           1072           1072        206.071        208.667        44.4049
           1073           1073        206.246        208.833        44.4122
           1074           1074         206.41            209        44.4181
           1075           1075        206.576        209.167        44.4228
           1076           1076        206.735        209.333        44.4289
           1077           1077        206.903          209.5        44.4336
           1078           1078        207.072        209.667        44.4401
           1079           1079        207.232        209.833        44.4479
           1080           1080        207.398            210        44.4564
           1081           1081        207.568        210.167        44.4647
           1082           1082        207.736        210.333        44.4699
           1083           1083        207.895          210.5        44.4765
           1084           1084        208.058        210.667        44.4838
           1085           1085         208.23        210.833        44.4901
           1086           1086        208.392            211        44.4949
           1087           1087         208.56        211.167        44.4998
           1088           1088        208.728        211.333        44.5051
           1089           1089        208.892          211.5        44.5055
           1090           1090        209.046        211.667         44.506
           1091           1091        209.217        211.833        44.5049
           1092           1092        209.392            212        44.5038
           1093           1093        209.548        212.167        44.5046
           1094           1094        209.716        212.333        44.5059
           1095           1095        209.877          212.5         44.509
           1096           1096        210.048        212.667        44.5142
           1097           1097        210.211        212.833        44.5126
           1098           1098        210.375            213        44.5147
           1099           1099        210.536        213.167        44.5179
           1100           1100        210.699        213.333        44.5208
           1101           1101        210.868          213.5        44.5284
           1102           1102        211.035        213.667        44.5338
           1103           1103        211.201        213.833        44.5373
           1104           1104        211.372            214        44.5389
           1105           1105        211.533        214.167        44.5392
           1106           1106        211.696        214.333        44.5417
           1107           1107        211.865          214.5        44.5429
           1108           1108        212.029        214.667        44.5431
           1109           1109        212.193        214.833        44.5436
           1110           1110        212.362            215        44.5456
           1111           1111        212.529        215.167        44.5495
           1112           1112        212.688        215.333        44.5527
           1113           1113        212.852          215.5        44.5549
           1114           1114        213.013        215.667        44.5499
           1115           1115        213.187        215.833         44.544
           1116           1116        213.345            216        44.5385
           1117           1117        213.517        216.167        44.5337
           1118           1118        213.683        216.333        44.5332
           1119           1119        213.851          216.5        44.5291
           1120           1120        214.016        216.667        44.5248
           1121           1121        214.178        216.833        44.5206
           1122           1122        214.344            217        44.5049
           1123           1123        214.498        217.167        44.4972
           1124           1124        214.662        217.333        44.4925
           1125           1125        214.829          217.5        44.4889
           1126           1126        214.994        217.667        44.4869
           1127           1127        215.163        217.833        44.4818
           1128           1128        215.325            218        44.4759
           1129           1129        215.495        218.167        44.4691
           1130           1130        215.658        218.333        44.4713
           1131           1131        215.821          218.5        44.4695
           1132           1132        215.992        218.667        44.4664
           1133           1133        216.158        218.833        44.4636
           1134           1134        216.329            219         44.466
           1135           1135         216.49        219.167        44.4672
           1136           1136        216.656        219.333        44.4673
           1137           1137        216.814          219.5        44.4671
           1138           1138        216.987        219.667        44.4661
           1139           1139        217.153        219.833        44.4701
           1140           1140        217.315            220         44.472
           1141           1141        217.481        220.167        44.4746
           1142           1142        217.652        220.333        44.4763
           1143           1143        217.824          220.5        44.4741
           1144           1144        217.984        220.667        44.4696
           1145           1145        218.153        220.833        44.4649
           1146           1146        218.309            221        44.4605
           1147           1147        218.481        221.167        44.4522
           1148           1148        218.646        221.333        44.4481
           1149           1149        218.817          221.5        44.4442
           1150           1150        218.986        221.667         44.438
           1151           1151        219.142        221.833        44.4239
           1152           1152        219.305            222        44.4144
           1153           1153        219.474        222.167         44.407
           1154           1154        219.641        222.333        44.4005
           1155           1155        219.805          222.5        44.4016
           1156           1156        219.973        222.667        44.4016
           1157           1157        220.141        222.833        44.4015
           1158           1158        220.303            223        44.4008
           1159           1159        220.463        223.167        44.3974
           1160           1160        220.625        223.333        44.3947
           1161           1161        220.798          223.5        44.3948
           1162           1162        220.962        223.667        44.3961
           1163           1163        221.138        223.833        44.4044
           1164           1164        221.303            224        44.4042
           1165           1165        221.471        224.167        44.4044
           1166           1166        221.636        224.333        44.4062
           1167           1167        221.798          224.5        44.4037
           1168           1168        221.958        224.667        44.4018
           1169           1169        222.123        224.833        44.4002
           1170           1170        222.297            225        44.4014
           1171           1171         222.46        225.167        44.4047
           1172           1172         222.62        225.333        44.4026
           1173           1173        222.787          225.5        44.3989
           1174           1174         222.96        225.667        44.3967
           1175           1175        223.133        225.833        44.3952
           1176           1176        223.287            226        44.3982
           1177           1177        223.451        226.167        44.3998
           1178           1178        223.613        226.333        44.4011
           1179           1179        223.793          226.5        44.4015
           1180           1180        223.957        226.667        44.4015
           1181           1181        224.112        226.833           44.4
           1182           1182        224.277            227        44.3988
           1183           1183        224.449        227.167        44.4003
           1184           1184        224.613        227.333        44.4017
           1185           1185        224.781          227.5        44.4024
           1186           1186        224.952        227.667        44.4042
           1187           1187        225.113        227.833        44.4054
           1188           1188        225.277            228        44.4089
           1189           1189        225.445        228.167        44.4123
           1190           1190        225.604        228.333        44.4135
           1191           1191        225.773          228.5        44.4145
           1192           1192        225.949        228.667        44.4221
           1193           1193        226.106        228.833        44.4244
           1194           1194        226.273            229        44.4266
           1195           1195        226.441        229.167        44.4279
           1196           1196        226.609        229.333        44.4289
           1197           1197        226.779          229.5        44.4308
           1198           1198        226.938        229.667        44.4326
           1199           1199        227.103        229.833        44.4335
           1200           1200         227.27            230         44.431
           1201           1201        227.439        230.167        44.4296
           1202           1202        227.602        230.333        44.4294
           1203           1203         227.77          230.5        44.4314
           1204           1204         227.93        230.667         44.434
           1205           1205        228.102        230.833        44.4352
           1206           1206        228.271            231        44.4372
           1207           1207        228.435        231.167        44.4392
           1208           1208        228.596        231.333        44.4403
           1209           1209        228.765          231.5        44.4411
           1210           1210        228.928        231.667         44.441
           1211           1211        229.097        231.833        44.4411
           1212           1212        229.265            232        44.4415
           1213           1213        229.434        232.167        44.4454
           1214           1214        229.597        232.333        44.4487
           1215           1215        229.764          232.5         44.453
           1216           1216        229.928        232.667        44.4566
           1217           1217        230.093        232.833        44.4522
           1218           1218         230.26            233        44.4508
           1219           1219         230.42        233.167        44.4519
           1220           1220        230.594        233.333        44.4563
           1221           1221        230.757          233.5        44.4636
           1222           1222        230.925        233.667        44.4649
           1223           1223        231.098        233.833        44.4655
           1224           1224        231.263            234        44.4673
           1225           1225        231.423        234.167        44.4668
           1226           1226        231.586        234.333        44.4694
           1227           1227         231.75          234.5        44.4742
           1228           1228        231.927        234.667        44.4811
           1229           1229        232.096        234.833        44.4911
           1230           1230        232.256            235        44.4976
           1231           1231        232.414        235.167        44.5029
           1232           1232        232.587        235.333        44.5096
           1233           1233        232.754          235.5        44.5174
           1234           1234        232.919        235.667        44.5221
           1235           1235        233.089        235.833        44.5258
           1236           1236        233.264            236        44.5285
           1237           1237        233.427        236.167        44.5311
           1238           1238        233.592        236.333        44.5358
           1239           1239        233.757          236.5        44.5424
           1240           1240        233.924        236.667        44.5504
           1241           1241        234.092        236.833        44.5577
           1242           1242        234.256            237        44.5624
           1243           1243        234.418        237.167        44.5656
           1244           1244        234.585        237.333        44.5669
           1245           1245         234.75          237.5        44.5679
           1246           1246        234.917        237.667        44.5744
           1247           1247        235.085        237.833        44.5802
           1248           1248        235.259            238        44.5853
           1249           1249        235.423        238.167        44.5915
           1250           1250         235.59        238.333        44.5913
           1251           1251        235.755          238.5        44.5922
           1252           1252        235.915        238.667        44.5926
           1253           1253        236.083        238.833        44.5893
           1254           1254        236.249            239        44.5821
           1255           1255        236.426        239.167        44.5794
           1256           1256        236.588        239.333        44.5779
           1257           1257        236.754          239.5        44.5742
           1258           1258        236.924        239.667        44.5684
           1259           1259        237.082        239.833        44.5645
           1260           1260         237.26            240        44.5591
           1261           1261        237.416        240.167        44.5521
           1262           1262        237.574        240.333        44.5379
           1263           1263        237.744          240.5        44.5301
           1264           1264        237.924        240.667        44.5214
           1265           1265         238.08        240.833          44.51
           1266           1266        238.245            241         44.501
           1267           1267        238.421        241.167         44.494
           1268           1268         238.58        241.333         44.487
           1269           1269        238.748          241.5         44.478
           1270           1270        238.908        241.667        44.4675
           1271           1271        239.081        241.833         44.455
           1272           1272        239.248            242        44.4442
           1273           1273        239.409        242.167         44.435
           1274           1274        239.565        242.333        44.4278
           1275           1275        239.745          242.5        44.4212
           1276           1276        239.911        242.667        44.4138
           1277           1277        240.077        242.833        44.4068
           1278           1278        240.242            243        44.4001
           1279           1279        240.407        243.167        44.3935
           1280           1280        240.579        243.333         44.386
           1281           1281        240.741          243.5        44.3788
           1282           1282        240.907        243.667         44.372
           1283           1283        241.079        243.833        44.3718
           1284           1284        241.239            244        44.3711
           1285           1285        241.411        244.167        44.3722
           1286           1286        241.576        244.333        44.3738
           1287           1287        241.744          244.5        44.3708
           1288           1288        241.907        244.667        44.3674
           1289           1289        242.072        244.833        44.3667
           1290           1290        242.243            245        44.3655
           1291           1291        242.405        245.167        44.3715
           1292           1292         242.58        245.333        44.3723
           1293           1293        242.747          245.5        44.3719
           1294           1294        242.921        245.667        44.3737
           1295           1295        243.084        245.833        44.3754
           1296           1296        243.236            246        44.3748
           1297           1297        243.416        246.167        44.3761
           1298           1298        243.578        246.333        44.3794
           1299           1299        243.751          246.5        44.3785
           1300           1300        243.913        246.667        44.3788
           1301           1301        244.078        246.833        44.3814
           1302           1302        244.245            247        44.3839
           1303           1303        244.421        247.167        44.3878
           1304           1304        244.578        247.333        44.3921
           1305           1305        244.742          247.5        44.3946
           1306           1306        244.923        247.667        44.3967
           1307           1307        245.082        247.833        44.3987
           1308           1308        245.239            248        44.3994
           1309           1309        245.419        248.167        44.3996
           1310           1310        245.583        248.333        44.4003
           1311           1311        245.751          248.5           44.4
           1312           1312        245.916        248.667        44.4045
           1313           1313        246.087        248.833        44.4085
           1314           1314        246.247            249         44.415
           1315           1315        246.417        249.167         44.422
           1316           1316        246.592        249.333        44.4211
           1317           1317        246.743          249.5        44.4195
           1318           1318        246.922        249.667        44.4185
           1319           1319        247.081        249.833        44.4189
           1320           1320        247.253            250        44.4229
           1321           1321        247.418        250.167         44.423
           1322           1322        247.592        250.333        44.4198
           1323           1323        247.762          250.5        44.4169
           1324           1324         247.93        250.667        44.4109
           1325           1325        248.087        250.833        44.4066
           1326           1326        248.246            251         44.403
           1327           1327        248.425        251.167        44.3995
           1328           1328        248.591        251.333         44.391
           1329           1329         248.76          251.5        44.3852
           1330           1330        248.918        251.667        44.3834
           1331           1331        249.082        251.833        44.3864
           1332           1332        249.258            252         44.385
           1333           1333         249.42        252.167        44.3832
           1334           1334        249.586        252.333        44.3817
           1335           1335        249.755          252.5        44.3784
           1336           1336        249.924        252.667        44.3762
           1337           1337        250.084        252.833        44.3833
           1338           1338        250.251            253        44.3869
           1339           1339        250.438        253.167        44.3901
           1340           1340        250.598        253.333        44.3933
           1341           1341         250.76          253.5        44.3974
           1342           1342        250.928        253.667        44.4025
           1343           1343        251.093        253.833        44.4067
           1344           1344        251.256            254        44.4108
           1345           1345        251.429        254.167        44.4171
           1346           1346        251.598        254.333        44.4204
           1347           1347        251.765          254.5        44.4229
           1348           1348        251.937        254.667        44.4253
           1349           1349        252.095        254.833         44.427
           1350           1350        252.271            255        44.4265
           1351           1351        252.436        255.167         44.426
           1352           1352        252.599        255.333        44.4266
           1353           1353        252.763          255.5        44.4218
           1354           1354        252.929        255.667        44.4214
           1355           1355        253.098        255.833         44.422
           1356           1356        253.266            256        44.4226
           1357           1357         253.43        256.167        44.4209
           1358           1358          253.6        256.333        44.4182
           1359           1359        253.756          256.5        44.4151
           1360           1360        253.931        256.667        44.4118
           1361           1361          254.1        256.833        44.4108
           1362           1362        254.268            257        44.4095
           1363           1363        254.433        257.167        44.4112
           1364           1364        254.597        257.333        44.4137
           1365           1365        254.769          257.5        44.4081
           1366           1366        254.934        257.667        44.4062
           1367           1367        255.098        257.833        44.4058
           1368           1368        255.266            258        44.4058
           1369           1369         255.43        258.167        44.4033
           1370           1370        255.598        258.333        44.4052
           1371           1371        255.773          258.5        44.4049
           1372           1372        255.943        258.667        44.4026
           1373           1373        256.102        258.833        44.3972
           1374           1374        256.266            259        44.3873
           1375           1375         256.44        259.167        44.3784
           1376           1376         256.61        259.333         44.369
           1377           1377         256.77          259.5        44.3607
           1378           1378        256.933        259.667        44.3512
           1379           1379        257.107        259.833        44.3474
           1380           1380        257.274            260        44.3457
           1381           1381         257.44        260.167        44.3456
           1382           1382        257.599        260.333        44.3416
           1383           1383         257.77          260.5         44.341
           1384           1384        257.928        260.667        44.3393
           1385           1385        258.099        260.833        44.3362
           1386           1386        258.268            261        44.3512
           1387           1387        258.443        261.167         44.355
           1388           1388        258.612        261.333         44.357
           1389           1389         258.78          261.5        44.3599
           1390           1390        258.952        261.667        44.3697
           1391           1391        259.116        261.833        44.3744
           1392           1392         259.28            262        44.3804
           1393           1393        259.442        262.167        44.3855
           1394           1394         259.61        262.333        44.3894
           1395           1395        259.783          262.5        44.3978
           1396           1396        259.945        262.667         44.404
           1397           1397        260.115        262.833        44.4072
           1398           1398        260.292            263        44.4197
           1399           1399        260.447        263.167        44.4295
           1400           1400        260.622        263.333        44.4366
           1401           1401        260.788          263.5        44.4419
           1402           1402        260.948        263.667        44.4453
           1403           1403        261.129        263.833        44.4506
           1404           1404        261.292            264         44.456
           1405           1405        261.452        264.167        44.4593
           1406           1406        261.616        264.333         44.462
           1407           1407        261.791          264.5        44.4622
           1408           1408        261.965        264.667        44.4626
           1409           1409        262.124        264.833        44.4631
           1410           1410        262.292            265        44.4646
           1411           1411        262.456        265.167        44.4621
           1412           1412        262.634        265.333        44.4645
           1413           1413        262.792          265.5        44.4677
           1414           1414        262.957        265.667        44.4708
           1415           1415        263.133        265.833        44.4725
           1416           1416        263.296            266        44.4706
           1417           1417         263.46        266.167         44.469
           1418           1418        263.632        266.333          44.47
           1419           1419        263.799          266.5        44.4761
           1420           1420        263.965        266.667        44.4763
           1421           1421        264.142        266.833        44.4749
           1422           1422         264.31            267         44.473
           1423           1423        264.475        267.167        44.4676
           1424           1424        264.635        267.333        44.4664
           1425           1425        264.799          267.5        44.4662
           1426           1426         264.97        267.667        44.4661
           1427           1427        265.142        267.833        44.4686
           1428           1428         265.31            268        44.4673
           1429           1429        265.465        268.167        44.4654
           1430           1430        265.643        268.333        44.4619
           1431           1431        265.807          268.5        44.4562
           1432           1432        265.972        268.667        44.4545
           1433           1433        266.148        268.833        44.4551
           1434           1434        266.308            269        44.4563
           1435           1435        266.477        269.167        44.4574
           1436           1436        266.646        269.333        44.4571
           1437           1437        266.808          269.5         44.453
           1438           1438        266.981        269.667        44.4493
           1439           1439        267.138        269.833        44.4484
           1440           1440        267.312            270        44.4528
           1441           1441        267.482        270.167        44.4557
           1442           1442        267.649        270.333        44.4573
           1443           1443        267.819          270.5        44.4599
           1444           1444        267.982        270.667        44.4627
           1445           1445        268.147        270.833         44.466
           1446           1446        268.307            271        44.4711
           1447           1447        268.482        271.167        44.4766
           1448           1448        268.658        271.333        44.4875
           1449           1449        268.826          271.5         44.494
           1450           1450        268.991        271.667        44.4969
           1451           1451        269.155        271.833        44.4977
           1452           1452        269.327            272         44.498
           1453           1453        269.492        272.167        44.4991
           1454           1454         269.66        272.333        44.4978
           1455           1455        269.832          272.5        44.4945
           1456           1456        269.996        272.667        44.4923
           1457           1457        270.163        272.833        44.4951
           1458           1458        270.328            273           44.5
           1459           1459        270.494        273.167        44.5052
           1460           1460        270.655        273.333        44.5009
           1461           1461        270.829          273.5        44.5007
           1462           1462        270.996        273.667        44.5004
           1463           1463        271.152        273.833        44.4986
           1464           1464        271.329            274        44.5042
           1465           1465        271.496        274.167        44.5051
           1466           1466         271.67        274.333        44.5047
           1467           1467        271.839          274.5        44.5028
           1468           1468        272.007        274.667        44.4988
           1469           1469        272.165        274.833        44.4857
           1470           1470        272.339            275        44.4739
           1471           1471        272.499        275.167        44.4632
           1472           1472        272.671        275.333        44.4539
           1473           1473        272.835          275.5         44.442
           1474           1474        273.002        275.667        44.4337
           1475           1475        273.175        275.833        44.4292
           1476           1476        273.334            276        44.4255
           1477           1477        273.499        276.167        44.4091
           1478           1478        273.659        276.333        44.4005
           1479           1479        273.826          276.5        44.3951
           1480           1480        273.998        276.667        44.3919
           1481           1481        274.164        276.833        44.3988
           1482           1482        274.338            277        44.3988
           1483           1483        274.498        277.167        44.3964
           1484           1484        274.679        277.333        44.3948
           1485           1485        274.832          277.5        44.3965
           1486           1486        275.004        277.667        44.3957
           1487           1487        275.169        277.833        44.3967
           1488           1488         275.34            278        44.4022
           1489           1489        275.508        278.167        44.4085
           1490           1490        275.676        278.333        44.4124
           1491           1491         275.84          278.5        44.4151
           1492           1492        276.006        278.667        44.4173
           1493           1493        276.173        278.833        44.4267
           1494           1494        276.349            279        44.4335
           1495           1495         276.51        279.167        44.4378
           1496           1496        276.689        279.333        44.4414
           1497           1497        276.858          279.5        44.4522
           1498           1498         277.02        279.667        44.4552
           1499           1499         277.19        279.833        44.4554
           1500           1500        277.358            280         44.458
           1501           1501        277.524        280.167        44.4623
           1502           1502          277.7        280.333        44.4601
           1503           1503        277.863          280.5        44.4577
           1504           1504        278.028        280.667        44.4554
           1505           1505        278.197        280.833         44.454
           1506           1506        278.364            281        44.4444
           1507           1507        278.527        281.167        44.4376
           1508           1508        278.696        281.333        44.4326
           1509           1509        278.869          281.5        44.4278
           1510           1510        279.036        281.667        44.4213
           1511           1511        279.201        281.833        44.4151
           1512           1512        279.365            282        44.4087
           1513           1513        279.532        282.167         44.402
           1514           1514        279.706        282.333        44.3913
           1515           1515        279.867          282.5        44.3834
           1516           1516        280.036        282.667        44.3769
           1517           1517        280.204        282.833        44.3692
           1518           1518        280.373            283        44.3635
           1519           1519        280.534        283.167        44.3572
           1520           1520        280.707        283.333        44.3491
           1521           1521        280.869          283.5        44.3406
           1522           1522        281.039        283.667        44.3323
           1523           1523        281.201        283.833        44.3262
           1524           1524        281.377            284        44.3212
           1525           1525        281.543        284.167         44.315
           1526           1526        281.707        284.333        44.3049
           1527           1527        281.878          284.5        44.2953
           1528           1528        282.041        284.667        44.2863
           1529           1529        282.211        284.833         44.276
           1530           1530        282.372            285         44.268
           1531           1531        282.546        285.167         44.264
           1532           1532        282.712        285.333          44.26
           1533           1533        282.885          285.5        44.2542
           1534           1534        283.043        285.667        44.2477
           1535           1535        283.211        285.833        44.2362
           1536           1536        283.379            286        44.2278
           1537           1537        283.547        286.167        44.2192
           1538           1538        283.712        286.333        44.2091
           1539           1539        283.884          286.5        44.2034
           1540           1540        284.057        286.667        44.1975
           1541           1541        284.221        286.833        44.1935
           1542           1542         284.39            287        44.1884
           1543           1543        284.555        287.167        44.1729
           1544           1544        284.717        287.333        44.1643
           1545           1545        284.889          287.5        44.1572
           1546           1546        285.054        287.667        44.1504
           1547           1547        285.212        287.833        44.1442
           1548           1548        285.382            288        44.1377
           1549           1549        285.563        288.167          44.13
           1550           1550        285.732        288.333        44.1206
           1551           1551        285.889          288.5        44.1177
           1552           1552        286.061        288.667         44.112
           1553           1553        286.227        288.833        44.1033
           1554           1554        286.394            289        44.0954
           1555           1555        286.564        289.167        44.0854
           1556           1556        286.731        289.333        44.0768
           1557           1557        286.896          289.5        44.0698
           1558           1558         287.06        289.667        44.0659
           1559           1559        287.226        289.833        44.0516
           1560           1560        287.404            290        44.0377
           1561           1561        287.561        290.167        44.0261
           1562           1562        287.729        290.333        44.0163
           1563           1563          287.9          290.5        44.0131
           1564           1564        288.065        290.667        44.0078
           1565           1565        288.229        290.833        44.0028
           1566           1566        288.404            291        43.9993
           1567           1567        288.568        291.167        43.9959
           1568           1568        288.725        291.333        43.9897
           1569           1569        288.893          291.5         43.988
           1570           1570        289.065        291.667        43.9866
           1571           1571        289.245        291.833        43.9839
           1572           1572        289.408            292        43.9946
           1573           1573        289.573        292.167         43.995
           1574           1574        289.742        292.333         43.995
           1575           1575         289.91          292.5        43.9961
           1576           1576        290.077        292.667        43.9952
           1577           1577        290.245        292.833        43.9968
           1578           1578        290.416            293        44.0026
           1579           1579        290.583        293.167        44.0105
           1580           1580        290.745        293.333        44.0119
           1581           1581        290.909          293.5        44.0139
           1582           1582        291.083        293.667        44.0178
           1583           1583        291.251        293.833        44.0232
           1584           1584         291.42            294        44.0373
           1585           1585        291.587        294.167        44.0439
           1586           1586        291.756        294.333        44.0481
           1587           1587        291.932          294.5        44.0514
           1588           1588          292.1        294.667        44.0511
           1589           1589        292.259        294.833        44.0522
           1590           1590        292.426            295        44.0548
           1591           1591          292.6        295.167        44.0573
           1592           1592        292.769        295.333        44.0538
           1593           1593        292.938          295.5        44.0502
           1594           1594        293.098        295.667        44.0457
           1595           1595         293.27        295.833        44.0433
           1596           1596         293.43            296        44.0355
           1597           1597        293.606        296.167        44.0335
           1598           1598        293.771        296.333        44.0316
           1599           1599        293.943          296.5        44.0293
           1600           1600         294.11        296.667        44.0291
           1601           1601        294.275        296.833        44.0316
           1602           1602        294.433            297        44.0287
           1603           1603        294.611        297.167        44.0227
           1604           1604        294.778        297.333        44.0157
           1605           1605        294.944          297.5        44.0132
           1606           1606        295.116        297.667        44.0088
           1607           1607         295.28        297.833        44.0058
           1608           1608        295.447            298        44.0042
           1609           1609        295.628        298.167        43.9981
           1610           1610        295.789        298.333        43.9932
           1611           1611        295.948          298.5        43.9903
           1612           1612        296.111        298.667        43.9889
           1613           1613        296.282        298.833        43.9793
           1614           1614        296.447            299        43.9728
           1615           1615        296.621        299.167        43.9666
           1616           1616        296.788        299.333        43.9602
           1617           1617         296.96          299.5        43.9618
           1618           1618        297.124        299.667        43.9588
           1619           1619        297.292        299.833        43.9552
           1620           1620        297.465            300        43.9525
           1621           1621        297.632        300.167        43.9532
           1622           1622        297.798        300.333        43.9529
           1623           1623        297.962          300.5        43.9521
           1624           1624         298.13        300.667        43.9511
           1625           1625        298.294        300.833        43.9478
           1626           1626        298.471            301        43.9483
           1627           1627        298.638        301.167        43.9493
           1628           1628        298.803        301.333        43.9501
           1629           1629        298.978          301.5        43.9587
           1630           1630        299.147        301.667        43.9633
           1631           1631        299.308        301.833        43.9664
           1632           1632        299.479            302        43.9663
           1633           1633        299.643        302.167        43.9666
           1634           1634        299.812        302.333         43.965
           1635           1635        299.987          302.5        43.9615
           1636           1636        300.151        302.667        43.9577
           1637           1637        300.317        302.833        43.9549
           1638           1638        300.485            303        43.9477
           1639           1639        300.658        303.167        43.9405
           1640           1640        300.821        303.333        43.9348
           1641           1641        300.984          303.5        43.9305
           1642           1642        301.161        303.667        43.9195
           1643           1643        301.324        303.833        43.9124
           1644           1644        301.484            304        43.9063
           1645           1645        301.654        304.167        43.9014
           1646           1646        301.821        304.333        43.8917
           1647           1647        301.984          304.5        43.8794
           1648           1648        302.154        304.667        43.8667
           1649           1649        302.327        304.833         43.855
           1650           1650        302.499            305        43.8496
           1651           1651        302.662        305.167        43.8415
           1652           1652        302.827        305.333         43.833
           1653           1653        302.998          305.5        43.8226
           1654           1654         303.17        305.667        43.8061
           1655           1655        303.328        305.833        43.7965
           1656           1656        303.491            306        43.7874
           1657           1657         303.66        306.167        43.7769
           1658           1658        303.835        306.333        43.7729
           1659           1659        304.004          306.5        43.7668
           1660           1660        304.175        306.667        43.7582
           1661           1661        304.339        306.833        43.7488
           1662           1662        304.501            307        43.7414
           1663           1663        304.676        307.167        43.7302
           1664           1664        304.842        307.333        43.7204
           1665           1665        305.009          307.5        43.7124
           1666           1666        305.177        307.667        43.7045
           1667           1667         305.35        307.833        43.7023
           1668           1668        305.517            308        43.6961
           1669           1669        305.677        308.167        43.6852
           1670           1670         305.85        308.333        43.6731
           1671           1671        306.013          308.5        43.6555
           1672           1672        306.176        308.667        43.6393
           1673           1673        306.351        308.833        43.6257
           1674           1674        306.521            309         43.614
           1675           1675        306.692        309.167        43.6089
           1676           1676        306.858        309.333        43.6032
           1677           1677        307.022          309.5        43.5963
           1678           1678        307.182        309.667        43.5874
           1679           1679        307.354        309.833        43.5719
           1680           1680        307.515            310        43.5613
           1681           1681        307.683        310.167        43.5545
           1682           1682        307.848        310.333          43.55
           1683           1683        308.031          310.5        43.5531
           1684           1684        308.195        310.667        43.5471
           1685           1685        308.365        310.833          43.54
           1686           1686        308.527            311        43.5326
           1687           1687        308.695        311.167        43.5235
           1688           1688         308.86        311.333        43.5204
           1689           1689        309.029          311.5        43.5146
           1690           1690        309.201        311.667        43.5066
           1691           1691        309.368        311.833        43.5036
           1692           1692        309.527            312        43.5005
           1693           1693        309.696        312.167        43.4938
           1694           1694        309.867        312.333        43.4861
           1695           1695        310.037          312.5        43.4807
           1696           1696         310.21        312.667        43.4746
           1697           1697        310.376        312.833        43.4714
           1698           1698        310.534            313        43.4678
           1699           1699        310.701        313.167        43.4626
           1700           1700        310.879        313.333        43.4551
           1701           1701        311.042          313.5        43.4517
           1702           1702        311.204        313.667        43.4504
           1703           1703        311.372        313.833        43.4493
           1704           1704        311.545            314        43.4515
           1705           1705         311.71        314.167        43.4501
           1706           1706        311.886        314.333        43.4474
           1707           1707        312.045          314.5         43.444
           1708           1708         312.21        314.667        43.4429
           1709           1709        312.383        314.833        43.4403
           1710           1710         312.55            315        43.4376
           1711           1711        312.724        315.167         43.436
           1712           1712        312.891        315.333         43.431
           1713           1713        313.055          315.5        43.4255
           1714           1714        313.223        315.667        43.4183
           1715           1715        313.387        315.833        43.4116
           1716           1716        313.558            316        43.3987
           1717           1717        313.726        316.167        43.3923
           1718           1718        313.896        316.333        43.3882
           1719           1719        314.061          316.5        43.3843
           1720           1720        314.228        316.667        43.3759
           1721           1721        314.397        316.833        43.3678
           1722           1722        314.567            317        43.3565
           1723           1723        314.728        317.167        43.3425
           1724           1724        314.901        317.333        43.3296
           1725           1725        315.069          317.5        43.3162
           1726           1726        315.236        317.667        43.3046
           1727           1727        315.412        317.833        43.2942
           1728           1728        315.569            318         43.274
           1729           1729        315.741        318.167        43.2576
           1730           1730        315.908        318.333        43.2438
           1731           1731         316.07          318.5        43.2317
           1732           1732        316.237        318.667        43.2197
           1733           1733        316.406        318.833        43.2008
           1734           1734        316.574            319        43.1848
           1735           1735         316.75        319.167         43.171
           1736           1736        316.911        319.333        43.1574
           1737           1737        317.077          319.5        43.1407
           1738           1738        317.246        319.667        43.1223
           1739           1739        317.415        319.833        43.1051
           1740           1740        317.588            320        43.0881
           1741           1741        317.755        320.167        43.0717
           1742           1742        317.916        320.333        43.0564
           1743           1743        318.084          320.5        43.0424
           1744           1744        318.257        320.667        43.0273
           1745           1745        318.422        320.833        43.0108
           1746           1746        318.583            321        42.9939
           1747           1747        318.751        321.167         42.976
           1748           1748         318.92        321.333        42.9594
           1749           1749        319.086          321.5        42.9463
           1750           1750        319.251        321.667        42.9288
           1751           1751        319.425        321.833        42.9118
           1752           1752        319.585            322        42.8977
           1753           1753        319.753        322.167        42.8761
           1754           1754        319.924        322.333        42.8555
           1755           1755        320.085          322.5         42.836
           1756           1756        320.251        322.667        42.8182
           1757           1757        320.424        322.833        42.7982
           1758           1758        320.584            323        42.7768
           1759           1759        320.749        323.167        42.7534
           1760           1760        320.926        323.333        42.7328
           1761           1761        321.085          323.5         42.714
           1762           1762        321.252        323.667        42.6959
           1763           1763        321.421        323.833        42.6788
           1764           1764        321.589            324        42.6613
           1765           1765        321.758        324.167        42.6454
           1766           1766        321.925        324.333        42.6304
           1767           1767        322.077          324.5        42.6173
           1768           1768        322.253        324.667         42.604
           1769           1769        322.418        324.833        42.5923
           1770           1770        322.588            325        42.5827
           1771           1771         322.76        325.167        42.5703
           1772           1772        322.924        325.333        42.5595
           1773           1773         323.09          325.5        42.5506
           1774           1774        323.261        325.667        42.5435
           1775           1775        323.428        325.833        42.5342
           1776           1776        323.594            326        42.5251
           1777           1777        323.758        326.167        42.5144
           1778           1778        323.927        326.333        42.5085
           1779           1779        324.089          326.5        42.5057
           1780           1780        324.263        326.667        42.5026
           1781           1781        324.435        326.833        42.4978
           1782           1782        324.602            327        42.4953
           1783           1783        324.767        327.167        42.4901
           1784           1784        324.938        327.333        42.4855
           1785           1785        325.104          327.5        42.4806
           1786           1786        325.267        327.667        42.4813
           1787           1787        325.445        327.833        42.4807
           1788           1788        325.613            328        42.4775
           1789           1789        325.775        328.167         42.473
           1790           1790        325.939        328.333         42.463
           1791           1791        326.107          328.5        42.4578
           1792           1792        326.278        328.667        42.4537
           1793           1793        326.444        328.833        42.4477
           1794           1794        326.617            329        42.4397
           1795           1795        326.789        329.167        42.4285
           1796           1796        326.954        329.333        42.4171
           1797           1797        327.116          329.5        42.4046
           1798           1798        327.285        329.667        42.3912
           1799           1799        327.453        329.833         42.367
           1800           1800        327.628            330        42.3487
           1801           1801        327.794        330.167        42.3324
           1802           1802        327.954        330.333        42.3158
           1803           1803        328.121          330.5        42.2853
           1804           1804         328.29        330.667        42.2629
           1805           1805        328.457        330.833        42.2425
           1806           1806        328.629            331        42.2235
           1807           1807         328.79        331.167        42.2036
           1808           1808        328.954        331.333        42.1824
           1809           1809        329.129          331.5        42.1591
           1810           1810        329.297        331.667        42.1352
           1811           1811         329.46        331.833        42.1137
           1812           1812        329.625            332        42.0954
           1813           1813        329.799        332.167        42.0806
           1814           1814        329.966        332.333        42.0678
           1815           1815        330.137          332.5        42.0584
           1816           1816        330.301        332.667        42.0468
           1817           1817        330.471        332.833        42.0359
           1818           1818        330.629            333        42.0279
           1819           1819        330.804        333.167        42.0262
           1820           1820        330.972        333.333        42.0181
           1821           1821        331.143          333.5        42.0073
           1822           1822         331.32        333.667        41.9944
           1823           1823         331.48        333.833        41.9906
           1824           1824        331.652            334        41.9831
           1825           1825        331.811        334.167        41.9747
           1826           1826        331.988        334.333        41.9644
           1827           1827        332.158          334.5        41.9483
           1828           1828        332.322        334.667        41.9342
           1829           1829        332.489        334.833        41.9195
           1830           1830        332.653            335        41.9042
           1831           1831        332.817        335.167        41.8786
           1832           1832        332.989        335.333         41.861
           1833           1833        333.162          335.5        41.8437
           1834           1834        333.327        335.667        41.8243
           1835           1835        333.495        335.833        41.8036
           1836           1836        333.661            336        41.7859
           1837           1837        333.826        336.167        41.7652
           1838           1838        333.994        336.333        41.7408
           1839           1839         334.16          336.5        41.7162
           1840           1840        334.329        336.667        41.6962
           1841           1841        334.498        336.833        41.6742
           1842           1842        334.665            337        41.6517
           1843           1843        334.829        337.167        41.6264
           1844           1844        334.999        337.333        41.6049
           1845           1845        335.172          337.5        41.5825
           1846           1846        335.325        337.667        41.5599
           1847           1847        335.495        337.833        41.5456
           1848           1848         335.67            338         41.532
           1849           1849        335.835        338.167        41.5169
           1850           1850        335.998        338.333        41.5015
           1851           1851        336.163          338.5        41.4926
           1852           1852        336.335        338.667        41.4801
           1853           1853        336.499        338.833        41.4658
           1854           1854        336.663            339        41.4527
           1855           1855         336.84        339.167        41.4524
           1856           1856        337.011        339.333        41.4459
           1857           1857        337.177          339.5        41.4387
           1858           1858        337.338        339.667        41.4327
           1859           1859        337.507        339.833         41.427
           1860           1860        337.676            340         41.426
           1861           1861        337.845        340.167        41.4302
           1862           1862        338.007        340.333        41.4372
           1863           1863        338.183          340.5        41.4502
           1864           1864        338.347        340.667        41.4572
           1865           1865        338.518        340.833        41.4624
           1866           1866        338.685            341        41.4671
           1867           1867        338.854        341.167        41.4829
           1868           1868        339.021        341.333        41.4912
           1869           1869        339.199          341.5        41.4961
           1870           1870         339.37        341.667        41.5015
           1871           1871        339.538        341.833        41.5117
           1872           1872        339.698            342        41.5178
           1873           1873         339.87        342.167          41.52
           1874           1874        340.035        342.333        41.5208
           1875           1875        340.201          342.5        41.5157
           1876           1876         340.37        342.667        41.5215
           1877           1877        340.538        342.833        41.5322
           1878           1878        340.702            343        41.5433
           1879           1879        340.875        343.167        41.5535
           1880           1880        341.046        343.333         41.562
           1881           1881         341.21          343.5        41.5708
           1882           1882        341.374        343.667         41.582
           1883           1883        341.544        343.833        41.5945
           1884           1884        341.715            344        41.6025
           1885           1885        341.892        344.167        41.6094
           1886           1886        342.061        344.333        41.6168
           1887           1887        342.229          344.5         41.627
           1888           1888        342.396        344.667        41.6332
           1889           1889         342.56        344.833        41.6392
           1890           1890        342.734            345        41.6444
           1891           1891        342.901        345.167        41.6368
           1892           1892         343.07        345.333        41.6321
           1893           1893        343.233          345.5        41.6313
           1894           1894        343.401        345.667        41.6324
           1895           1895        343.573        345.833        41.6284
           1896           1896        343.736            346        41.6264
           1897           1897         343.91        346.167        41.6256
           1898           1898        344.078        346.333        41.6275
           1899           1899        344.242          346.5        41.6253
           1900           1900        344.402        346.667        41.6252
           1901           1901         344.57        346.833         41.626
           1902           1902        344.745            347        41.6283
           1903           1903        344.919        347.167        41.6383
           1904           1904        345.086        347.333        41.6438
           1905           1905        345.248          347.5        41.6528
           1906           1906         345.42        347.667        41.6622
           1907           1907        345.591        347.833        41.6747
           1908           1908        345.755            348        41.6848
           1909           1909        345.924        348.167        41.6915
           1910           1910        346.091        348.333        41.6969
           1911           1911        346.264          348.5        41.7078
           1912           1912        346.429        348.667        41.7193
           1913           1913        346.603        348.833        41.7298
           1914           1914        346.776            349        41.7393
           1915           1915         346.94        349.167        41.7529
           1916           1916        347.112        349.333        41.7659
           1917           1917        347.278          349.5        41.7799
           1918           1918         347.44        349.667        41.7951
           1919           1919        347.608        349.833        41.8094
           1920           1920        347.786            350        41.8263
           1921           1921        347.955        350.167        41.8441
           1922           1922        348.123        350.333        41.8582
           1923           1923        348.289          350.5        41.8764
           1924           1924        348.461        350.667         41.892
           1925           1925        348.632        350.833        41.9063
           1926           1926        348.802            351        41.9212
           1927           1927        348.975        351.167        41.9435
           1928           1928        349.139        351.333        41.9582
           1929           1929        349.313          351.5        41.9685
           1930           1930        349.484        351.667        41.9783
           1931           1931        349.639        351.833        41.9885
           1932           1932        349.821            352        41.9905
           1933           1933         349.98        352.167        41.9993
           1934           1934        350.154        352.333        42.0107
           1935           1935         350.33          352.5          42.02
           1936           1936        350.494        352.667        42.0262
           1937           1937        350.657        352.833        42.0329
           1938           1938        350.826            353         42.039
           1939           1939        350.997        353.167        42.0423
           1940           1940        351.169        353.333        42.0379
           1941           1941        351.333          353.5        42.0393
           1942           1942        351.505        353.667        42.0443
           1943           1943        351.676        353.833        42.0493
           1944           1944        351.839            354        42.0473
           1945           1945        352.006        354.167        42.0456
           1946           1946        352.178        354.333        42.0432
           1947           1947        352.344          354.5        42.0444
           1948           1948        352.507        354.667        42.0459
           1949           1949        352.678        354.833        42.0492
           1950           1950        352.852            355        42.0484
           1951           1951        353.023        355.167        42.0461
           1952           1952        353.193        355.333        42.0536
           1953           1953        353.363          355.5         42.057
           1954           1954        353.519        355.667        42.0564
           1955           1955        353.693        355.833        42.0544
           1956           1956        353.872            356        42.0538
           1957           1957        354.038        356.167        42.0554
           1958           1958        354.206        356.333        42.0586
           1959           1959        354.363          356.5        42.0616
           1960           1960         354.54        356.667        42.0576
           1961           1961        354.709        356.833        42.0592
           1962           1962        354.874            357        42.0619
           1963           1963        355.041        357.167        42.0665
           1964           1964        355.206        357.333        42.0725
           1965           1965        355.376          357.5        42.0827
           1966           1966        355.551        357.667        42.0892
           1967           1967        355.723        357.833        42.0963
           1968           1968         355.89            358        42.1045
           1969           1969        356.058        358.167         42.116
           1970           1970        356.224        358.333        42.1233
           1971           1971        356.395          358.5        42.1276
           1972           1972        356.564        358.667        42.1289
           1973           1973        356.733        358.833        42.1295
           1974           1974        356.899            359          42.13
           1975           1975        357.072        359.167        42.1316
           1976           1976         357.24        359.333        42.1342
           1977           1977        357.412          359.5        42.1248
           1978           1978        357.572        359.667         42.118
           1979           1979        357.745        359.833        42.1147
           1980           1980        357.908            360         42.113
           1981           1981        358.071        360.167        42.1048
           1982           1982        358.239        360.333        42.1018
           1983           1983        358.412          360.5           42.1
           1984           1984        358.582        360.667        42.0994
           1985           1985        358.754        360.833        42.1102
           1986           1986        358.911            361        42.1169
           1987           1987        359.084        361.167        42.1245
           1988           1988        359.257        361.333        42.1334
           1989           1989        359.427          361.5        42.1571
           1990           1990        359.599        361.667        42.1693
           1991           1991        359.761        361.833        42.1806
           1992           1992        359.929            362        42.1928
           1993           1993        360.104        362.167        42.2106
           1994           1994        360.272        362.333        42.2201
           1995           1995        360.443          362.5        42.2242
           1996           1996        360.615        362.667          42.23
           1997           1997        360.788        362.833        42.2367
           1998           1998        360.955            363        42.2405
           1999           1999        361.114        363.167        42.2439
           2000           2000        361.293        363.333        42.2484
           2001           2001        361.455          363.5        42.2538
           2002           2002        361.625        363.667        42.2401
           2003           2003        361.783        363.833        42.2353
           2004           2004        361.956            364        42.2349
           2005           2005        362.124        364.167        42.2345
           2006           2006        362.299        364.333        42.2235
           2007           2007        362.465          364.5          42.21
           2008           2008        362.629        364.667        42.1955
           2009           2009        362.802        364.833        42.1783
           2010           2010        362.973            365         42.152
           2011           2011        363.133        365.167        42.1319
           2012           2012        363.305        365.333        42.1152
           2013           2013        363.477          365.5        42.1004
           2014           2014        363.638        365.667        42.0625
           2015           2015        363.796        365.833        42.0361
           2016           2016        363.965            366        42.0163
           2017           2017        364.136        366.167        41.9992
           2018           2018        364.297        366.333        41.9756
           2019           2019        364.466          366.5        41.9564
           2020           2020        364.637        366.667        41.9391
           2021           2021        364.809        366.833        41.9234
           2022           2022        364.974            367        41.9236
           2023           2023        365.136        367.167         41.919
           2024           2024        365.308        367.333        41.9169
           2025           2025        365.482          367.5        41.9152
           2026           2026        365.645        367.667        41.9239
           2027           2027         365.81        367.833        41.9253
           2028           2028        365.985            368        41.9259
           2029           2029         366.15        368.167        41.9252
           2030           2030        366.326        368.333        41.9257
           2031           2031        366.492          368.5        41.9426
           2032           2032        366.666        368.667        41.9496
           2033           2033        366.836        368.833        41.9551
           2034           2034        367.005            369        41.9597
           2035           2035        367.166        369.167        41.9611
           2036           2036        367.339        369.333         41.967
           2037           2037        367.504          369.5        41.9785
           2038           2038        367.669        369.667        41.9937
           2039           2039        367.841        369.833        42.0084
           2040           2040        368.011            370        42.0245
           2041           2041         368.18        370.167        42.0392
           2042           2042        368.346        370.333        42.0528
           2043           2043         368.52          370.5        42.0812
           2044           2044        368.686        370.667        42.1034
           2045           2045        368.857        370.833        42.1238
           2046           2046        369.033            371        42.1447
           2047           2047        369.198        371.167        42.1766
           2048           2048        369.368        371.333        42.2027
           2049           2049         369.54          371.5        42.2293
           2050           2050        369.703        371.667        42.2584
           2051           2051        369.878        371.833        42.2911
           2052           2052        370.051            372        42.3254
           2053           2053        370.219        372.167        42.3598
           2054           2054        370.388        372.333        42.3931
           2055           2055        370.557          372.5        42.4345
           2056           2056        370.732        372.667        42.4716
           2057           2057          370.9        372.833        42.5082
           2058           2058        371.073            373        42.5453
           2059           2059        371.245        373.167        42.5912
           2060           2060        371.417        373.333        42.6308
           2061           2061        371.585          373.5        42.6722
           2062           2062        371.759        373.667        42.7151
           2063           2063        371.926        373.833         42.757
           2064           2064        372.091            374        42.7919
           2065           2065        372.267        374.167        42.8304
           2066           2066        372.432        374.333        42.8719
           2067           2067        372.605          374.5        42.9143
           2068           2068        372.775        374.667        42.9581
           2069           2069        372.948        374.833        42.9981
           2070           2070        373.122            375         43.038
           2071           2071         373.29        375.167        43.0795
           2072           2072        373.461        375.333        43.1136
           2073           2073        373.624          375.5        43.1483
           2074           2074        373.801        375.667        43.1852
           2075           2075        373.967        375.833        43.2225
           2076           2076        374.144            376         43.251
           2077           2077        374.315        376.167        43.2794
           2078           2078        374.479        376.333         43.306
           2079           2079        374.656          376.5        43.3322
           2080           2080        374.824        376.667        43.3477
           2081           2081        374.988        376.833        43.3696
           2082           2082        375.161            377        43.3877
           2083           2083         375.34        377.167         43.402
           2084           2084        375.501        377.333        43.4105
           2085           2085        375.669          377.5        43.4277
           2086           2086        375.837        377.667        43.4447
           2087           2087        376.006        377.833        43.4602
           2088           2088        376.176            378        43.4698
           2089           2089        376.345        378.167        43.4874
           2090           2090        376.518        378.333        43.5071
           2091           2091        376.674          378.5        43.5264
           2092           2092        376.843        378.667        43.5421
           2093           2093        377.022        378.833        43.5582
           2094           2094        377.188            379        43.5758
           2095           2095        377.356        379.167        43.5952
           2096           2096        377.522        379.333        43.6156
           2097           2097        377.698          379.5        43.6418
           2098           2098        377.871        379.667        43.6654
           2099           2099        378.043        379.833        43.6888
           2100           2100        378.204            380        43.7114
           2101           2101        378.376        380.167        43.7327
           2102           2102        378.544        380.333        43.7548
           2103           2103        378.714          380.5        43.7766
           2104           2104        378.886        380.667        43.7991
           2105           2105        379.048        380.833        43.8247
           2106           2106         379.22            381        43.8485
           2107           2107        379.394        381.167        43.8728
           2108           2108        379.561        381.333        43.8979
           2109           2109         379.73          381.5        43.9187
           2110           2110        379.899        381.667        43.9415
           2111           2111        380.066        381.833        43.9632
           2112           2112        380.239            382        43.9837
           2113           2113        380.401        382.167        43.9973
           2114           2114        380.573        382.333        44.0095
           2115           2115        380.742          382.5        44.0222
           2116           2116        380.918        382.667        44.0355
           2117           2117        381.078        382.833        44.0443
           2118           2118         381.25            383        44.0577
           2119           2119        381.419        383.167        44.0695
           2120           2120        381.586        383.333         44.078
           2121           2121        381.756          383.5        44.0761
           2122           2122        381.915        383.667        44.0819
           2123           2123        382.088        383.833        44.0865
           2124           2124        382.255            384        44.0899
           2125           2125        382.424        384.167        44.0923
           2126           2126        382.597        384.333        44.0975
           2127           2127        382.767          384.5        44.1088
           2128           2128        382.932        384.667        44.1222
           2129           2129        383.097        384.833        44.1355
           2130           2130        383.269            385        44.1429
           2131           2131        383.435        385.167        44.1562
           2132           2132        383.601        385.333        44.1691
           2133           2133        383.767          385.5        44.1799
           2134           2134        383.934        385.667        44.1983
           2135           2135        384.115        385.833         44.209
           2136           2136        384.283            386        44.2184
           2137           2137        384.455        386.167        44.2268
           2138           2138        384.618        386.333        44.2391
           2139           2139         384.79          386.5        44.2471
           2140           2140        384.959        386.667        44.2565
           2141           2141        385.126        386.833        44.2656
           2142           2142        385.286            387        44.2577
           2143           2143        385.458        387.167        44.2594
           2144           2144        385.622        387.333        44.2629
           2145           2145        385.789          387.5        44.2643
           2146           2146         385.96        387.667        44.2644
           2147           2147        386.126        387.833         44.265
           2148           2148        386.295            388        44.2604
           2149           2149        386.467        388.167        44.2538
           2150           2150         386.63        388.333        44.2412
           2151           2151        386.795          388.5        44.2328
           2152           2152        386.972        388.667        44.2274
           2153           2153        387.132        388.833        44.2235
           2154           2154        387.296            389        44.2115
           2155           2155        387.475        389.167        44.2053
           2156           2156        387.636        389.333        44.1976
           2157           2157          387.8          389.5        44.1891
           2158           2158        387.971        389.667        44.1749
           2159           2159        388.138        389.833        44.1639
           2160           2160        388.307            390        44.1539
           2161           2161         388.48        390.167        44.1397
           2162           2162        388.649        390.333        44.1205
           2163           2163        388.815          390.5        44.1047
           2164           2164        388.983        390.667        44.0842
           2165           2165        389.148        390.833         44.064
           2166           2166        389.317            391        44.0435
           2167           2167         389.48        391.167        44.0145
           2168           2168        389.652        391.333        43.9961
           2169           2169        389.816          391.5        43.9804
           2170           2170        389.976        391.667        43.9667
           2171           2171        390.144        391.833        43.9398
           2172           2172        390.308            392        43.9196
           2173           2173        390.475        392.167        43.9005
           2174           2174        390.648        392.333        43.8816
           2175           2175        390.811          392.5        43.8798
           2176           2176        390.984        392.667        43.8694
           2177           2177        391.155        392.833        43.8596
           2178           2178         391.32            393        43.8481
           2179           2179        391.492        393.167        43.8366
           2180           2180        391.654        393.333        43.8248
           2181           2181        391.816          393.5         43.813
           2182           2182        391.988        393.667        43.7978
           2183           2183        392.154        393.833          43.79
           2184           2184        392.324            394        43.7832
           2185           2185        392.493        394.167        43.7748
           2186           2186        392.666        394.333        43.7639
           2187           2187        392.828          394.5        43.7594
           2188           2188        392.994        394.667        43.7528
           2189           2189        393.168        394.833        43.7452
           2190           2190        393.329            395        43.7405
           2191           2191        393.493        395.167        43.7408
           2192           2192         393.67        395.333         43.739
           2193           2193        393.842          395.5        43.7351
           2194           2194        394.001        395.667         43.732
           2195           2195        394.166        395.833        43.7286
           2196           2196        394.347            396        43.7327
           2197           2197        394.506        396.167        43.7307
           2198           2198        394.673        396.333        43.7282
           2199           2199        394.849          396.5        43.7252
           2200           2200        395.014        396.667        43.7225
           2201           2201        395.181        396.833        43.7233
           2202           2202        395.345            397        43.7249
           2203           2203        395.518        397.167        43.7244
           2204           2204        395.685        397.333        43.7215
           2205           2205        395.851          397.5        43.7227
           2206           2206         396.02        397.667        43.7238
           2207           2207        396.188        397.833        43.7244
           2208           2208        396.353            398        43.7302
           2209           2209        396.528        398.167        43.7292
           2210           2210          396.7        398.333        43.7256
           2211           2211        396.863          398.5        43.7208
           2212           2212        397.034        398.667        43.7149
           2213           2213          397.2        398.833        43.7074
           2214           2214        397.373            399         43.699
           2215           2215        397.534        399.167        43.6934
           2216           2216        397.708        399.333         43.685
           2217           2217        397.873          399.5        43.6815
           2218           2218        398.036        399.667        43.6767
           2219           2219        398.207        399.833        43.6678
           2220           2220        398.373            400        43.6569
           2221           2221        398.537        400.167        43.6522
           2222           2222        398.701        400.333        43.6507
           2223           2223        398.871          400.5        43.6497
           2224           2224        399.048        400.667        43.6631
           2225           2225        399.215        400.833        43.6705
           2226           2226         399.38            401        43.6811
           2227           2227        399.545        401.167        43.6931
           2228           2228        399.704        401.333        43.7035
           2229           2229        399.881          401.5        43.7259
           2230           2230        400.049        401.667        43.7441
           2231           2231         400.22        401.833        43.7626
           2232           2232        400.385            402        43.7807
           2233           2233        400.552        402.167        43.8094
           2234           2234        400.728        402.333         43.828
           2235           2235        400.901          402.5        43.8428
           2236           2236        401.061        402.667         43.856
           2237           2237        401.234        402.833        43.8612
           2238           2238        401.405            403        43.8659
           2239           2239        401.575        403.167        43.8708
           2240           2240        401.741        403.333        43.8747
           2241           2241        401.909          403.5        43.8675
           2242           2242        402.073        403.667        43.8694
           2243           2243        402.243        403.833        43.8717
           2244           2244        402.411            404        43.8766
           2245           2245        402.573        404.167        43.8694
           2246           2246        402.738        404.333        43.8716
           2247           2247         402.91          404.5        43.8733
           2248           2248        403.078        404.667        43.8744
           2249           2249        403.242        404.833         43.884
           2250           2250        403.419            405        43.8883
           2251           2251        403.578        405.167        43.8918
           2252           2252        403.753        405.333        43.8965
           2253           2253        403.923          405.5         43.911
           2254           2254        404.092        405.667        43.9191
           2255           2255        404.258        405.833         43.925
           2256           2256        404.423            406        43.9331
           2257           2257         404.59        406.167         43.943
           2258           2258        404.763        406.333        43.9554
           2259           2259        404.926          406.5        43.9663
           2260           2260        405.098        406.667        43.9779
           2261           2261        405.266        406.833        43.9893
           2262           2262        405.439            407        44.0082
           2263           2263        405.599        407.167        44.0228
           2264           2264        405.767        407.333        44.0322
           2265           2265        405.941          407.5        44.0381
           2266           2266        406.108        407.667        44.0487
           2267           2267        406.279        407.833         44.061
           2268           2268        406.444            408        44.0762
           2269           2269        406.613        408.167        44.0946
           2270           2270        406.776        408.333        44.1012
           2271           2271        406.954          408.5        44.1118
           2272           2272        407.122        408.667        44.1245
           2273           2273        407.282        408.833        44.1383
           2274           2274        407.447            409        44.1492
           2275           2275        407.625        409.167        44.1574
           2276           2276        407.792        409.333        44.1676
           2277           2277        407.966          409.5         44.181
           2278           2278        408.137        409.667        44.1969
           2279           2279        408.297        409.833        44.2062
           2280           2280        408.469            410        44.2145
           2281           2281        408.637        410.167        44.2216
           2282           2282        408.813        410.333        44.2228
           2283           2283        408.975          410.5        44.2299
           2284           2284        409.136        410.667        44.2351
           2285           2285        409.314        410.833        44.2389
           2286           2286        409.483            411        44.2449
           2287           2287        409.645        411.167         44.254
           2288           2288        409.816        411.333        44.2614
           2289           2289        409.987          411.5        44.2657
           2290           2290        410.154        411.667        44.2692
           2291           2291        410.323        411.833        44.2759
           2292           2292        410.488            412        44.2844
           2293           2293        410.654        412.167        44.2932
           2294           2294        410.823        412.333        44.3033
           2295           2295        410.996          412.5        44.3176
           2296           2296        411.171        412.667        44.3327
           2297           2297        411.332        412.833        44.3469
           2298           2298        411.499            413        44.3603
           2299           2299        411.672        413.167        44.3733
           2300           2300        411.841        413.333        44.3883
           2301           2301        412.007          413.5        44.4056
           2302           2302        412.174        413.667        44.4247
           2303           2303        412.348        413.833        44.4519
           2304           2304        412.516            414        44.4721
           2305           2305        412.687        414.167        44.4911
           2306           2306        412.856        414.333         44.509
           2307           2307        413.017          414.5        44.5206
           2308           2308        413.187        414.667        44.5329
           2309           2309        413.358        414.833        44.5436
           2310           2310        413.529            415        44.5531
           2311           2311        413.702        415.167        44.5711
           2312           2312        413.866        415.333        44.5895
           2313           2313        414.033          415.5        44.6053
           2314           2314        414.204        415.667        44.6177
           2315           2315        414.366        415.833        44.6165
           2316           2316        414.534            416         44.623
           2317           2317        414.706        416.167        44.6298
           2318           2318        414.872        416.333        44.6357
           2319           2319        415.038          416.5        44.6517
           2320           2320        415.217        416.667        44.6646
           2321           2321        415.387        416.833        44.6742
           2322           2322        415.547            417        44.6838
           2323           2323        415.713        417.167        44.6849
           2324           2324        415.886        417.333        44.6929
           2325           2325        416.053          417.5        44.7007
           2326           2326        416.218        417.667        44.7052
           2327           2327        416.389        417.833        44.7082
           2328           2328        416.564            418        44.7247
           2329           2329        416.729        418.167        44.7367
           2330           2330        416.898        418.333        44.7464
           2331           2331        417.061          418.5        44.7548
           2332           2332        417.235        418.667        44.7548
           2333           2333        417.399        418.833         44.762
           2334           2334        417.563            419        44.7719
           2335           2335        417.732        419.167        44.7854
           2336           2336        417.907        419.333        44.7981
           2337           2337         418.08          419.5        44.8073
           2338           2338        418.243        419.667        44.8153
           2339           2339        418.412        419.833         44.824
           2340           2340        418.568            420        44.8318
           2341           2341        418.744        420.167        44.8413
           2342           2342        418.915        420.333        44.8514
           2343           2343        419.085          420.5        44.8628
           2344           2344        419.255        420.667        44.8721
           2345           2345        419.418        420.833        44.8781
           2346           2346        419.584            421        44.8842
           2347           2347        419.753        421.167        44.8897
           2348           2348        419.921        421.333        44.8933
           2349           2349        420.093          421.5        44.8992
           2350           2350         420.26        421.667        44.9074
           2351           2351        420.428        421.833        44.9173
           2352           2352        420.595            422        44.9307
           2353           2353        420.757        422.167         44.945
           2354           2354        420.932        422.333        44.9586
           2355           2355        421.097          422.5        44.9714
           2356           2356        421.267        422.667        44.9886
           2357           2357        421.435        422.833        45.0026
           2358           2358        421.604            423        45.0158
           2359           2359        421.773        423.167        45.0315
           2360           2360        421.942        423.333        45.0506
           2361           2361         422.12          423.5        45.0795
           2362           2362        422.278        423.667        45.1012
           2363           2363         422.45        423.833        45.1239
           2364           2364        422.616            424        45.1459
           2365           2365        422.786        424.167        45.1603
           2366           2366        422.953        424.333        45.1779
           2367           2367        423.118          424.5        45.1971
           2368           2368        423.297        424.667        45.2161
           2369           2369        423.467        424.833        45.2403
           2370           2370        423.631            425        45.2542
           2371           2371        423.806        425.167        45.2649
           2372           2372        423.979        425.333         45.276
           2373           2373        424.139          425.5        45.2737
           2374           2374        424.309        425.667         45.276
           2375           2375        424.476        425.833        45.2791
           2376           2376        424.644            426        45.2832
           2377           2377        424.814        426.167        45.2747
           2378           2378        424.976        426.333        45.2785
           2379           2379        425.141          426.5        45.2837
           2380           2380         425.31        426.667        45.2883
           2381           2381        425.478        426.833        45.2819
           2382           2382        425.641            427        45.2809
           2383           2383        425.807        427.167        45.2821
           2384           2384        425.977        427.333         45.283
           2385           2385        426.145          427.5        45.2874
           2386           2386        426.318        427.667         45.288
           2387           2387        426.486        427.833        45.2848
           2388           2388         426.65            428        45.2799
           2389           2389         426.82        428.167        45.2704
           2390           2390         426.98        428.333        45.2613
           2391           2391        427.158          428.5        45.2535
           2392           2392        427.324        428.667         45.245
           2393           2393        427.494        428.833        45.2356
           2394           2394         427.66            429        45.2215
           2395           2395        427.828        429.167        45.2115
           2396           2396         427.99        429.333        45.2014
           2397           2397        428.164          429.5        45.1907
           2398           2398        428.327        429.667        45.1801
           2399           2399        428.494        429.833        45.1762
           2400           2400        428.663            430        45.1744
           2401           2401        428.828        430.167        45.1746
           2402           2402        428.996        430.333        45.1757
           2403           2403        429.168          430.5        45.1738
           2404           2404        429.332        430.667        45.1751
           2405           2405          429.5        430.833        45.1805
           2406           2406        429.667            431        45.1993
           2407           2407        429.843        431.167          45.21
           2408           2408        430.015        431.333        45.2203
           2409           2409         430.18          431.5        45.2302
           2410           2410        430.349        431.667         45.243
           2411           2411        430.511        431.833        45.2511
           2412           2412         430.68            432        45.2603
           2413           2413        430.854        432.167        45.2674
           2414           2414        431.026        432.333        45.2804
           2415           2415        431.193          432.5        45.2887
           2416           2416         431.36        432.667        45.2954
           2417           2417        431.526        432.833        45.3029
           2418           2418        431.694            433         45.292
           2419           2419        431.856        433.167        45.2899
           2420           2420        432.028        433.333        45.2918
           2421           2421          432.2          433.5        45.2959
           2422           2422         432.36        433.667         45.296
           2423           2423        432.532        433.833        45.2991
           2424           2424        432.696            434        45.2995
           2425           2425        432.869        434.167        45.2971
           2426           2426        433.036        434.333        45.2916
           2427           2427        433.201          434.5        45.2917
           2428           2428         433.37        434.667        45.2965
           2429           2429        433.538        434.833        45.2996
           2430           2430        433.705            435        45.3018
           2431           2431        433.874        435.167        45.3052
           2432           2432        434.041        435.333        45.3078
           2433           2433        434.208          435.5        45.3148
           2434           2434        434.371        435.667        45.3242
           2435           2435        434.541        435.833        45.3343
           2436           2436        434.718            436        45.3447
           2437           2437        434.882        436.167        45.3544
           2438           2438         435.05        436.333        45.3594
           2439           2439        435.217          436.5        45.3699
           2440           2440        435.381        436.667        45.3753
           2441           2441        435.554        436.833        45.3783
           2442           2442        435.725            437          45.38
           2443           2443        435.893        437.167        45.3838
           2444           2444        436.057        437.333        45.3839
           2445           2445        436.229          437.5        45.3856
           2446           2446        436.393        437.667        45.3867
           2447           2447        436.556        437.833        45.3705
           2448           2448        436.729            438        45.3661
           2449           2449        436.891        438.167        45.3644
           2450           2450        437.061        438.333        45.3645
           2451           2451        437.229          438.5        45.3674
           2452           2452        437.395        438.667        45.3709
           2453           2453        437.565        438.833        45.3721
           2454           2454        437.737            439         45.374
           2455           2455        437.904        439.167        45.3782
           2456           2456        438.073        439.333        45.3762
           2457           2457        438.238          439.5        45.3742
           2458           2458         438.41        439.667        45.3701
           2459           2459        438.577        439.833        45.3631
           2460           2460        438.751            440        45.3568
           2461           2461        438.914        440.167        45.3489
           2462           2462        439.086        440.333        45.3405
           2463           2463         439.25          440.5        45.3334
           2464           2464        439.413        440.667        45.3063
           2465           2465        439.584        440.833         45.288
           2466           2466        439.752            441        45.2717
           2467           2467         439.92        441.167         45.257
           2468           2468        440.081        441.333        45.2433
           2469           2469        440.254          441.5          45.23
           2470           2470        440.417        441.667        45.2171
           2471           2471        440.588        441.833        45.2058
           2472           2472        440.753            442        45.1965
           2473           2473        440.921        442.167        45.1889
           2474           2474        441.085        442.333        45.1826
           2475           2475        441.253          442.5        45.1745
           2476           2476        441.431        442.667        45.1841
           2477           2477        441.594        442.833        45.1889
           2478           2478        441.761            443        45.1864
           2479           2479        441.928        443.167        45.1839
           2480           2480        442.099        443.333        45.1914
           2481           2481        442.265          443.5        45.1917
           2482           2482        442.441        443.667        45.1928
           2483           2483        442.601        443.833        45.1957
           2484           2484        442.769            444        45.1937
           2485           2485         442.95        444.167        45.1889
           2486           2486        443.109        444.333        45.1853
           2487           2487        443.273          444.5        45.1833
           2488           2488        443.445        444.667        45.1792
           2489           2489        443.615        444.833        45.1815
           2490           2490        443.778            445        45.1841
           2491           2491        443.947        445.167        45.1868
           2492           2492        444.114        445.333        45.1908
           2493           2493        444.274          445.5        45.1903
           2494           2494        444.447        445.667        45.1941
           2495           2495        444.619        445.833         45.197
           2496           2496        444.786            446        45.1972
           2497           2497        444.958        446.167        45.2093
           2498           2498        445.124        446.333         45.209
           2499           2499        445.291          446.5        45.2056
           2500           2500        445.463        446.667        45.2028
           2501           2501         445.63        446.833        45.1911
           2502           2502        445.799            447        45.1823
           2503           2503         445.97        447.167        45.1742
           2504           2504        446.128        447.333        45.1597
           2505           2505        446.298          447.5        45.1255
           2506           2506        446.461        447.667        45.1042
           2507           2507        446.631        447.833        45.0847
           2508           2508        446.797            448        45.0649
           2509           2509        446.971        448.167        45.0444
           2510           2510         447.13        448.333        45.0291
           2511           2511        447.302          448.5        45.0155
           2512           2512        447.468        448.667        45.0001
           2513           2513        447.626        448.833        44.9733
           2514           2514        447.801            449        44.9594
           2515           2515        447.963        449.167        44.9488
           2516           2516        448.135        449.333        44.9386
           2517           2517        448.298          449.5        44.9415
           2518           2518        448.475        449.667         44.937
           2519           2519        448.642        449.833         44.927
           2520           2520        448.808            450        44.9137
           2521           2521        448.967        450.167        44.9084
           2522           2522        449.144        450.333        44.9033
           2523           2523        449.311          450.5        44.9004
           2524           2524        449.478        450.667        44.8978
           2525           2525        449.643        450.833        44.8949
           2526           2526        449.811            451         44.886
           2527           2527        449.984        451.167        44.8798
           2528           2528        450.145        451.333        44.8734
           2529           2529        450.314          451.5        44.8665
           2530           2530        450.486        451.667        44.8649
           2531           2531        450.652        451.833         44.862
           2532           2532        450.823            452        44.8626
           2533           2533        450.988        452.167        44.8674
           2534           2534        451.152        452.333        44.8567
           2535           2535        451.323          452.5        44.8485
           2536           2536        451.487        452.667        44.8425
           2537           2537        451.654        452.833        44.8365
           2538           2538        451.819            453         44.832
           2539           2539        451.992        453.167        44.8282
           2540           2540        452.159        453.333         44.823
           2541           2541        452.335          453.5        44.8151
           2542           2542        452.498        453.667        44.8115
           2543           2543        452.658        453.833        44.8076
           2544           2544        452.828            454        44.8011
           2545           2545        452.996        454.167        44.7938
           2546           2546        453.164        454.333        44.7767
           2547           2547        453.334          454.5        44.7619
           2548           2548        453.499        454.667        44.7471
           2549           2549        453.663        454.833        44.7318
           2550           2550        453.833            455        44.7171
           2551           2551        454.003        455.167        44.7046
           2552           2552        454.166        455.333         44.693
           2553           2553        454.337          455.5        44.6833
           2554           2554        454.501        455.667        44.6717
           2555           2555        454.662        455.833        44.6676
           2556           2556         454.83            456        44.6651
           2557           2557        454.998        456.167        44.6648
           2558           2558        455.166        456.333        44.6689
           2559           2559        455.337          456.5        44.6851
           2560           2560          455.5        456.667        44.6923
           2561           2561         455.67        456.833        44.7017
           2562           2562        455.842            457        44.7114
           2563           2563         456.01        457.167        44.7353
           2564           2564        456.178        457.333         44.749
           2565           2565        456.346          457.5        44.7608
           2566           2566        456.518        457.667        44.7698
           2567           2567        456.685        457.833         44.783
           2568           2568         456.85            458        44.7978
           2569           2569        457.021        458.167        44.8132
           2570           2570        457.196        458.333        44.8302
           2571           2571        457.355          458.5        44.8392
           2572           2572        457.527        458.667        44.8467
           2573           2573        457.693        458.833        44.8545
           2574           2574        457.862            459        44.8619
           2575           2575        458.023        459.167        44.8693
           2576           2576        458.199        459.333        44.8809
           2577           2577        458.366          459.5        44.8912
           2578           2578        458.535        459.667        44.8983
           2579           2579        458.705        459.833        44.9034
           2580           2580        458.863            460        44.9126
           2581           2581        459.034        460.167        44.9231
           2582           2582        459.198        460.333        44.9354
           2583           2583        459.369          460.5        44.9495
           2584           2584        459.539        460.667        44.9604
           2585           2585         459.71        460.833        44.9694
           2586           2586        459.871            461        44.9772
           2587           2587        460.037        461.167        44.9825
           2588           2588         460.21        461.333        44.9883
           2589           2589        460.377          461.5        44.9926
           2590           2590        460.545        461.667        44.9996
           2591           2591        460.719        461.833        45.0063
           2592           2592        460.882            462        45.0118
           2593           2593        461.049        462.167        45.0196
           2594           2594        461.221        462.333        45.0264
           2595           2595        461.382          462.5        45.0322
           2596           2596        461.551        462.667        45.0295
           2597           2597        461.719        462.833        45.0266
           2598           2598        461.885            463        45.0254
           2599           2599         462.06        463.167        45.0255
           2600           2600        462.223        463.333        45.0241
           2601           2601        462.395          463.5        45.0235
           2602           2602        462.565        463.667        45.0195
           2603           2603        462.733        463.833        45.0137
           2604           2604        462.898            464        45.0035
           2605           2605        463.065        464.167        45.0011
           2606           2606        463.229        464.333        45.0031
           2607           2607        463.406          464.5        45.0076
           2608           2608        463.565        464.667        45.0141
           2609           2609        463.737        464.833        45.0185
           2610           2610        463.903            465        45.0169
           2611           2611        464.067        465.167        45.0134
           2612           2612        464.237        465.333        45.0158
           2613           2613        464.406          465.5        45.0161
           2614           2614        464.578        465.667        45.0191
           2615           2615        464.751        465.833        45.0218
           2616           2616        464.919            466        45.0272
           2617           2617        465.091        466.167        45.0272
           2618           2618        465.252        466.333        45.0246
           2619           2619        465.415          466.5        45.0208
           2620           2620        465.579        466.667        44.9947
           2621           2621        465.749        466.833         44.975
           2622           2622         465.92            467        44.9565
           2623           2623        466.091        467.167        44.9393
           2624           2624        466.259        467.333        44.9217
           2625           2625        466.426          467.5         44.901
           2626           2626        466.595        467.667        44.8839
           2627           2627        466.759        467.833        44.8668
           2628           2628        466.923            468        44.8492
           2629           2629        467.091        468.167        44.8159
           2630           2630         467.25        468.333        44.7978
           2631           2631        467.422          468.5        44.7863
           2632           2632        467.589        468.667        44.7779
           2633           2633         467.76        468.833        44.7825
           2634           2634        467.923            469        44.7776
           2635           2635        468.093        469.167        44.7701
           2636           2636        468.261        469.333        44.7619
           2637           2637        468.429          469.5        44.7593
           2638           2638        468.595        469.667        44.7476
           2639           2639        468.766        469.833        44.7346
           2640           2640        468.934            470        44.7231
           2641           2641        469.106        470.167         44.717
           2642           2642        469.271        470.333        44.7093
           2643           2643         469.44          470.5        44.7013
           2644           2644        469.602        470.667        44.6948
           2645           2645        469.773        470.833        44.6765
           2646           2646        469.933            471        44.6656
           2647           2647        470.101        471.167        44.6535
           2648           2648         470.27        471.333        44.6407
           2649           2649        470.439          471.5        44.6378
           2650           2650        470.607        471.667        44.6341
           2651           2651        470.775        471.833        44.6294
           2652           2652        470.939            472        44.6198
           2653           2653        471.115        472.167        44.6126
           2654           2654        471.277        472.333        44.6024
           2655           2655        471.445          472.5        44.5888
           2656           2656        471.608        472.667        44.5748
           2657           2657        471.781        472.833        44.5625
           2658           2658        471.946            473         44.549
           2659           2659        472.119        473.167        44.5375
           2660           2660        472.281        473.333        44.5231
           2661           2661        472.446          473.5        44.5073
           2662           2662        472.616        473.667        44.4819
           2663           2663        472.782        473.833        44.4656
           2664           2664        472.944            474        44.4514
           2665           2665        473.118        474.167        44.4374
           2666           2666        473.281        474.333        44.4308
           2667           2667        473.453          474.5        44.4209
           2668           2668        473.621        474.667        44.4109
           2669           2669        473.782        474.833        44.4027
           2670           2670        473.953            475        44.3948
           2671           2671        474.118        475.167        44.3843
           2672           2672        474.288        475.333        44.3744
           2673           2673        474.452          475.5        44.3668
           2674           2674        474.622        475.667        44.3775
           2675           2675        474.792        475.833        44.3811
           2676           2676        474.955            476        44.3815
           2677           2677        475.129        476.167        44.3832
           2678           2678        475.298        476.333        44.3856
           2679           2679         475.46          476.5        44.3837
           2680           2680        475.627        476.667        44.3827
           2681           2681        475.795        476.833        44.3859
           2682           2682        475.965            477        44.3977
           2683           2683        476.138        477.167        44.4023
           2684           2684        476.303        477.333        44.4028
           2685           2685        476.468          477.5        44.4039
           2686           2686        476.633        477.667        44.4042
           2687           2687        476.803        477.833        44.4089
           2688           2688        476.965            478        44.4101
           2689           2689        477.141        478.167        44.4077
           2690           2690        477.307        478.333        44.4107
           2691           2691        477.476          478.5        44.4069
           2692           2692        477.639        478.667        44.4013
           2693           2693        477.809        478.833        44.3926
           2694           2694        477.977            479        44.3807
           2695           2695        478.145        479.167        44.3711
           2696           2696        478.321        479.333        44.3622
           2697           2697        478.474          479.5        44.3548
           2698           2698        478.647        479.667        44.3263
           2699           2699         478.81        479.833         44.305
           2700           2700        478.976            480        44.2848
           2701           2701        479.147        480.167        44.2644
           2702           2702         479.31        480.333        44.2371
           2703           2703         479.48          480.5        44.2151
           2704           2704        479.646        480.667        44.1963
           2705           2705        479.814        480.833        44.1779
           2706           2706        479.979            481          44.16
           2707           2707        480.146        481.167        44.1468
           2708           2708        480.309        481.333        44.1322
           2709           2709        480.478          481.5        44.1173
           2710           2710        480.641        481.667        44.1066
           2711           2711        480.809        481.833        44.0966
           2712           2712        480.982            482        44.0891
           2713           2713        481.147        482.167        44.0821
           2714           2714        481.317        482.333         44.082
           2715           2715        481.487          482.5        44.0715
           2716           2716        481.653        482.667        44.0633
           2717           2717        481.815        482.833        44.0554
           2718           2718        481.985            483         44.049
           2719           2719        482.155        483.167        44.0405
           2720           2720        482.322        483.333        44.0279
           2721           2721        482.493          483.5        44.0122
           2722           2722        482.658        483.667        43.9938
           2723           2723        482.816        483.833        43.9807
           2724           2724        482.989            484        43.9735
           2725           2725         483.16        484.167        43.9675
           2726           2726        483.331        484.333        43.9746
           2727           2727        483.494          484.5         43.977
           2728           2728         483.66        484.667        43.9727
           2729           2729         483.82        484.833        43.9669
           2730           2730        483.988            485        43.9625
           2731           2731        484.157        485.167        43.9573
           2732           2732        484.326        485.333         43.954
           2733           2733        484.496          485.5        43.9509
           2734           2734        484.665        485.667        43.9729
           2735           2735        484.842        485.833        43.9812
           2736           2736        484.998            486        43.9862
           2737           2737        485.164        486.167        43.9919
           2738           2738        485.334        486.333        43.9906
           2739           2739        485.495          486.5        43.9943
           2740           2740        485.668        486.667        44.0004
           2741           2741        485.836        486.833        44.0063
           2742           2742        486.005            487        44.0223
           2743           2743        486.177        487.167         44.031
           2744           2744         486.34        487.333         44.033
           2745           2745        486.513          487.5        44.0308
           2746           2746        486.681        487.667        44.0292
           2747           2747        486.848        487.833        44.0297
           2748           2748        487.014            488        44.0291
           2749           2749        487.184        488.167        44.0297
           2750           2750        487.352        488.333        44.0209
           2751           2751         487.52          488.5        44.0177
           2752           2752        487.686        488.667        44.0172
           2753           2753        487.845        488.833        44.0166
           2754           2754        488.015            489        44.0076
           2755           2755        488.183        489.167        43.9992
           2756           2756        488.354        489.333         43.983
           2757           2757        488.517          489.5        43.9619
           2758           2758        488.689        489.667        43.9437
           2759           2759        488.858        489.833        43.9217
           2760           2760         489.02            490        43.9002
           2761           2761        489.189        490.167        43.8823
           2762           2762        489.355        490.333        43.8427
           2763           2763        489.524          490.5        43.8167
           2764           2764        489.685        490.667        43.7908
           2765           2765        489.848        490.833        43.7644
           2766           2766        490.012            491         43.725
           2767           2767        490.182        491.167         43.703
           2768           2768         490.35        491.333        43.6878
           2769           2769        490.521          491.5         43.674
           2770           2770        490.691        491.667        43.6796
           2771           2771        490.859        491.833        43.6667
           2772           2772        491.026            492        43.6488
           2773           2773        491.187        492.167        43.6321
           2774           2774        491.356        492.333        43.6372
           2775           2775        491.527          492.5        43.6368
           2776           2776        491.699        492.667        43.6328
           2777           2777        491.868        492.833        43.6275
           2778           2778        492.027            493        43.6268
           2779           2779        492.199        493.167        43.6201
           2780           2780        492.354        493.333        43.6105
           2781           2781        492.527          493.5        43.5996
           2782           2782        492.702        493.667        43.6017
           2783           2783        492.875        493.833        43.5941
           2784           2784         493.04            494        43.5805
           2785           2785        493.204        494.167        43.5669
           2786           2786        493.372        494.333        43.5454
           2787           2787        493.539          494.5        43.5359
           2788           2788        493.703        494.667        43.5255
           2789           2789        493.872        494.833        43.5138
           2790           2790        494.043            495         43.501
           2791           2791        494.211        495.167        43.4813
           2792           2792        494.369        495.333        43.4609
           2793           2793        494.539          495.5        43.4441
           2794           2794        494.711        495.667        43.4321
           2795           2795        494.884        495.833        43.4178
           2796           2796        495.054            496        43.4022
           2797           2797        495.213        496.167        43.3871
           2798           2798        495.383        496.333        43.3742
           2799           2799        495.547          496.5        43.3536
           2800           2800        495.714        496.667         43.343
           2801           2801        495.877        496.833        43.3351
           2802           2802        496.056            497        43.3281
           2803           2803        496.222        497.167        43.3352
           2804           2804        496.385        497.333        43.3339
           2805           2805        496.551          497.5        43.3343
           2806           2806        496.722        497.667        43.3373
           2807           2807         496.89        497.833        43.3501
           2808           2808        497.058            498        43.3565
           2809           2809        497.226        498.167        43.3614
           2810           2810        497.395        498.333        43.3658
           2811           2811        497.558          498.5        43.3819
           2812           2812        497.727        498.667        43.3961
           2813           2813        497.895        498.833        43.4102
           2814           2814        498.065            499        43.4263
           2815           2815        498.238        499.167        43.4565
           2816           2816        498.401        499.333        43.4803
           2817           2817        498.569          499.5         43.505
           2818           2818        498.735        499.667        43.5316
           2819           2819        498.903        499.833        43.5663
           2820           2820        499.075            500        43.5959
           2821           2821        499.243        500.167        43.6291
           2822           2822        499.407        500.333        43.6618
           2823           2823        499.586          500.5        43.6894
           2824           2824         499.75        500.667        43.7281
           2825           2825        499.918        500.833        43.7575
           2826           2826        500.087            501        43.7841
           2827           2827        500.257        501.167        43.8068
           2828           2828        500.424        501.333         43.827
           2829           2829        500.592          501.5        43.8497
           2830           2830        500.773        501.667        43.8746
           2831           2831         500.93        501.833        43.8966
           2832           2832        501.095            502        43.8958
           2833           2833        501.262        502.167        43.9064
           2834           2834        501.435        502.333        43.9164
           2835           2835        501.596          502.5        43.9228
           2836           2836        501.766        502.667        43.9317
           2837           2837        501.931        502.833        43.9396
           2838           2838        502.106            503        43.9431
           2839           2839        502.274        503.167        43.9447
           2840           2840        502.437        503.333        43.9359
           2841           2841        502.606          503.5        43.9362
           2842           2842        502.774        503.667         43.936
           2843           2843        502.937        503.833         43.937
           2844           2844        503.105            504        43.9288
           2845           2845        503.278        504.167        43.9282
           2846           2846        503.441        504.333        43.9291
           2847           2847        503.606          504.5        43.9316
           2848           2848         503.77        504.667        43.9259
           2849           2849        503.942        504.833        43.9188
           2850           2850        504.113            505        43.9104
           2851           2851        504.279        505.167         43.901
           2852           2852        504.449        505.333        43.8923
           2853           2853        504.614          505.5        43.8787
           2854           2854        504.783        505.667        43.8604
           2855           2855        504.951        505.833        43.8422
           2856           2856         505.12            506         43.828
           2857           2857        505.284        506.167        43.7958
           2858           2858        505.449        506.333        43.7765
           2859           2859         505.62          506.5        43.7609
           2860           2860        505.781        506.667         43.748
           2861           2861        505.952        506.833        43.7313
           2862           2862        506.116            507         43.718
           2863           2863        506.277        507.167        43.7085
           2864           2864        506.452        507.333        43.7017
           2865           2865        506.624          507.5        43.7035
           2866           2866        506.787        507.667        43.6914
           2867           2867        506.952        507.833        43.6771
           2868           2868        507.126            508        43.6642
           2869           2869        507.291        508.167        43.6643
           2870           2870        507.457        508.333         43.661
           2871           2871        507.625          508.5        43.6567
           2872           2872        507.801        508.667        43.6521
           2873           2873        507.964        508.833        43.6497
           2874           2874        508.128            509        43.6484
           2875           2875        508.291        509.167        43.6463
           2876           2876        508.463        509.333        43.6435
           2877           2877        508.635          509.5        43.6513
           2878           2878          508.8        509.667        43.6591
           2879           2879        508.971        509.833        43.6687
           2880           2880        509.132            510        43.6781
           2881           2881        509.307        510.167        43.6922
           2882           2882        509.471        510.333        43.7063
           2883           2883         509.64          510.5        43.7198
           2884           2884        509.806        510.667        43.7282
           2885           2885        509.974        510.833        43.7403
           2886           2886        510.144            511         43.755
           2887           2887        510.317        511.167        43.7752
           2888           2888        510.488        511.333        43.7953
           2889           2889        510.652          511.5        43.8098
           2890           2890         510.82        511.667        43.8302
           2891           2891        510.991        511.833        43.8462
           2892           2892        511.155            512        43.8565
           2893           2893        511.318        512.167        43.8644
           2894           2894        511.489        512.333        43.8723
           2895           2895        511.661          512.5        43.8811
           2896           2896        511.838        512.667        43.8857
           2897           2897        511.997        512.833        43.8881
           2898           2898        512.165            513        43.8858
           2899           2899         512.34        513.167        43.8862
           2900           2900        512.501        513.333        43.8855
           2901           2901        512.665          513.5        43.8837
           2902           2902        512.836        513.667         43.869
           2903           2903        513.009        513.833        43.8531
           2904           2904        513.173            514        43.8381
           2905           2905        513.333        514.167         43.827
           2906           2906         513.51        514.333        43.8155
           2907           2907        513.677          514.5        43.8066
           2908           2908        513.843        514.667        43.7935
           2909           2909        514.009        514.833        43.7765
           2910           2910        514.179            515        43.7453
           2911           2911        514.337        515.167        43.7234
           2912           2912          514.5        515.333        43.7115
           2913           2913        514.669          515.5        43.7066
           2914           2914        514.848        515.667        43.7072
           2915           2915        515.012        515.833        43.7031
           2916           2916        515.176            516        43.7013
           2917           2917        515.341        516.167        43.7021
           2918           2918        515.504        516.333        43.6945
           2919           2919        515.672          516.5        43.6908
           2920           2920        515.839        516.667        43.6888
           2921           2921        516.019        516.833        43.6888
           2922           2922        516.184            517        43.6916
           2923           2923        516.345        517.167        43.7125
           2924           2924        516.516        517.333        43.7221
           2925           2925        516.688          517.5        43.7299
           2926           2926        516.855        517.667        43.7346
           2927           2927        517.015        517.833        43.7331
           2928           2928        517.187            518        43.7347
           2929           2929        517.349        518.167        43.7355
           2930           2930        517.521        518.333        43.7337
           2931           2931        517.687          518.5        43.7377
           2932           2932        517.854        518.667         43.743
           2933           2933        518.024        518.833        43.7485
           2934           2934        518.192            519         43.751
           2935           2935        518.357        519.167        43.7483
           2936           2936        518.522        519.333        43.7481
           2937           2937        518.691          519.5        43.7448
           2938           2938        518.852        519.667        43.7402
           2939           2939         519.02        519.833        43.7379
           2940           2940         519.19            520        43.7369
           2941           2941        519.363        520.167         43.738
           2942           2942        519.527        520.333         43.739
           2943           2943        519.695          520.5        43.7396
           2944           2944        519.861        520.667         43.744
           2945           2945        520.031        520.833         43.743
           2946           2946        520.192            521        43.7355
           2947           2947        520.361        521.167        43.7314
           2948           2948        520.528        521.333         43.738
           2949           2949        520.697          521.5        43.7477
           2950           2950        520.868        521.667        43.7553
           2951           2951        521.032        521.833        43.7618
           2952           2952        521.206            522        43.7659
           2953           2953        521.376        522.167        43.7671
           2954           2954        521.537        522.333        43.7641
           2955           2955        521.699          522.5        43.7597
           2956           2956        521.872        522.667        43.7549
           2957           2957        522.045        522.833        43.7508
           2958           2958        522.213            523        43.7475
           2959           2959        522.376        523.167        43.7415
           2960           2960        522.543        523.333        43.7231
           2961           2961        522.712          523.5        43.7137
           2962           2962        522.876        523.667        43.7029
           2963           2963         523.04        523.833        43.6913
           2964           2964        523.206            524        43.6674
           2965           2965        523.373        524.167        43.6517
           2966           2966        523.545        524.333        43.6398
           2967           2967        523.706          524.5        43.6282
           2968           2968        523.877        524.667        43.6173
           2969           2969        524.045        524.833        43.6055
           2970           2970        524.207            525        43.5889
           2971           2971        524.376        525.167        43.5686
           2972           2972        524.536        525.333        43.5389
           2973           2973        524.711          525.5         43.519
           2974           2974        524.875        525.667        43.5037
           2975           2975        525.048        525.833        43.4844
           2976           2976        525.211            526        43.4608
           2977           2977        525.381        526.167        43.4436
           2978           2978        525.547        526.333        43.4312
           2979           2979        525.709          526.5         43.417
           2980           2980        525.874        526.667        43.3879
           2981           2981        526.042        526.833        43.3684
           2982           2982        526.215            527        43.3498
           2983           2983        526.384        527.167        43.3287
           2984           2984        526.543        527.333        43.3081
           2985           2985         526.71          527.5        43.2848
           2986           2986        526.892        527.667        43.2699
           2987           2987        527.056        527.833        43.2593
           2988           2988        527.219            528        43.2493
           2989           2989        527.384        528.167        43.2334
           2990           2990        527.553        528.333        43.2215
           2991           2991        527.718          528.5        43.2132
           2992           2992        527.883        528.667        43.2102
           2993           2993        528.048        528.833        43.2088
           2994           2994        528.216            529        43.2044
           2995           2995        528.392        529.167         43.199
           2996           2996        528.561        529.333        43.1933
           2997           2997        528.727          529.5        43.2066
           2998           2998        528.892        529.667        43.2137
           2999           2999         529.06        529.833        43.2201
           3000           3000        529.232            530        43.2238
           3001           3001        529.398        530.167        43.2327
           3002           3002        529.567        530.333        43.2422
           3003           3003        529.725          530.5        43.2578
           3004           3004          529.9        530.667        43.2766
           3005           3005        530.063        530.833        43.2969
           3006           3006        530.235            531        43.3142
           3007           3007        530.405        531.167        43.3264
           3008           3008        530.571        531.333         43.332
           3009           3009        530.737          531.5        43.3402
           3010           3010        530.905        531.667        43.3475
           3011           3011         531.08        531.833         43.357
           3012           3012         531.25            532        43.3638
           3013           3013        531.418        532.167        43.3713
           3014           3014        531.586        532.333        43.3711
           3015           3015        531.752          532.5        43.3657
           3016           3016        531.917        532.667        43.3605
           3017           3017        532.077        532.833        43.3315
           3018           3018        532.247            533        43.3222
           3019           3019        532.419        533.167        43.3189
           3020           3020        532.588        533.333        43.3169
           3021           3021        532.755          533.5        43.3167
           3022           3022         532.92        533.667        43.3224
           3023           3023        533.084        533.833        43.3283
           3024           3024        533.251            534        43.3335
           3025           3025        533.421        534.167        43.3427
           3026           3026        533.589        534.333        43.3577
           3027           3027         533.76          534.5        43.3652
           3028           3028        533.929        534.667        43.3726
           3029           3029        534.093        534.833        43.3795
           3030           3030        534.266            535        43.3918
           3031           3031        534.438        535.167        43.3971
           3032           3032        534.602        535.333        43.4038
           3033           3033        534.768          535.5        43.4078
           3034           3034        534.938        535.667        43.3973
           3035           3035        535.104        535.833        43.3897
           3036           3036        535.273            536         43.381
           3037           3037        535.441        536.167        43.3712
           3038           3038        535.605        536.333        43.3531
           3039           3039        535.773          536.5        43.3457
           3040           3040        535.942        536.667         43.337
           3041           3041        536.109        536.833        43.3275
           3042           3042        536.272            537        43.3126
           3043           3043        536.434        537.167        43.3085
           3044           3044        536.605        537.333        43.3118
           3045           3045        536.772          537.5         43.316
           3046           3046        536.936        537.667        43.3256
           3047           3047         537.11        537.833         43.327
           3048           3048         537.28            538        43.3227
           3049           3049        537.442        538.167        43.3166
           3050           3050        537.608        538.333        43.3237
           3051           3051         537.78          538.5        43.3186
           3052           3052        537.955        538.667        43.3039
           3053           3053        538.122        538.833        43.2867
           3054           3054         538.29            539        43.2706
           3055           3055        538.459        539.167         43.246
           3056           3056        538.621        539.333        43.2291
           3057           3057        538.788          539.5         43.213
           3058           3058        538.953        539.667        43.1964
           3059           3059        539.124        539.833        43.1744
           3060           3060        539.288            540        43.1603
           3061           3061        539.449        540.167        43.1419
           3062           3062        539.621        540.333        43.1223
           3063           3063        539.784          540.5          43.11
           3064           3064        539.957        540.667        43.0972
           3065           3065        540.125        540.833        43.0859
           3066           3066        540.288            541        43.0722
           3067           3067        540.465        541.167        43.0604
           3068           3068        540.631        541.333        43.0513
           3069           3069        540.792          541.5        43.0472
           3070           3070        540.959        541.667        43.0466
           3071           3071        541.125        541.833        43.0331
           3072           3072        541.296            542        43.0262
           3073           3073        541.467        542.167        43.0194
           3074           3074        541.633        542.333        43.0101
           3075           3075        541.792          542.5        43.0123
           3076           3076        541.961        542.667        43.0052
           3077           3077        542.133        542.833        42.9928
           3078           3078        542.307            543        42.9741
           3079           3079        542.464        543.167        42.9635
           3080           3080        542.637        543.333        42.9491
           3081           3081        542.805          543.5        42.9294
           3082           3082        542.967        543.667        42.9107
           3083           3083        543.135        543.833        42.8876
           3084           3084        543.302            544          42.88
           3085           3085        543.467        544.167        42.8741
           3086           3086        543.627        544.333        42.8621
           3087           3087         543.79          544.5        42.8435
           3088           3088        543.968        544.667        42.8203
           3089           3089        544.129        544.833        42.7993
           3090           3090        544.295            545        42.7739
           3091           3091        544.465        545.167        42.7447
           3092           3092         544.64        545.333        42.7315
           3093           3093        544.807          545.5        42.7097
           3094           3094         544.97        545.667         42.683
           3095           3095        545.131        545.833        42.6568
           3096           3096        545.292            546        42.5897
           3097           3097        545.465        546.167        42.5479
           3098           3098        545.629        546.333        42.5142
           3099           3099        545.798          546.5        42.4816
           3100           3100        545.959        546.667        42.4446
           3101           3101        546.134        546.833        42.4072
           3102           3102        546.294            547        42.3626
           3103           3103        546.467        547.167        42.3107
           3104           3104         546.63        547.333        42.2605
           3105           3105        546.795          547.5        42.2147
           3106           3106        546.967        547.667        42.1708
           3107           3107        547.131        547.833        42.1222
           3108           3108        547.299            548        42.0619
           3109           3109        547.463        548.167        42.0108
           3110           3110        547.632        548.333        41.9577
           3111           3111        547.791          548.5        41.9017
           3112           3112        547.957        548.667         41.839
           3113           3113         548.13        548.833        41.7809
           3114           3114        548.298            549        41.7204
           3115           3115        548.461        549.167         41.657
           3116           3116        548.622        549.333        41.6082
           3117           3117        548.798          549.5        41.5639
           3118           3118        548.963        549.667        41.5185
           3119           3119        549.124        549.833        41.4731
           3120           3120        549.293            550         41.428
           3121           3121        549.461        550.167        41.3915
           3122           3122        549.621        550.333        41.3613
           3123           3123        549.788          550.5        41.3322
           3124           3124        549.952        550.667        41.3065
           3125           3125        550.133        550.833        41.2985
           3126           3126        550.294            551        41.2663
           3127           3127        550.458        551.167        41.2295
           3128           3128        550.629        551.333        41.1941
           3129           3129        550.792          551.5         41.172
           3130           3130        550.967        551.667        41.1446
           3131           3131        551.134        551.833        41.1133
           3132           3132        551.304            552        41.0812
           3133           3133         551.47        552.167        41.0407
           3134           3134        551.629        552.333        41.0017
           3135           3135        551.794          552.5        40.9628
           3136           3136        551.961        552.667        40.9242
           3137           3137        552.133        552.833         40.888
           3138           3138          552.3            553        40.8531
           3139           3139        552.466        553.167        40.8212
           3140           3140        552.628        553.333          40.79
           3141           3141        552.801          553.5        40.7493
           3142           3142        552.959        553.667        40.7125
           3143           3143        553.131        553.833        40.6771
           3144           3144        553.296            554         40.642
           3145           3145        553.464        554.167        40.6195
           3146           3146         553.63        554.333        40.5914
           3147           3147        553.795          554.5        40.5617
           3148           3148        553.967        554.667        40.5318
           3149           3149        554.131        554.833        40.4947
           3150           3150        554.292            555        40.4525
           3151           3151        554.465        555.167        40.4074
           3152           3152        554.627        555.333        40.3585
           3153           3153        554.796          555.5        40.3086
           3154           3154        554.967        555.667        40.2539
           3155           3155        555.131        555.833        40.2129
           3156           3156        555.299            556        40.1739
           3157           3157        555.464        556.167        40.1275
           3158           3158        555.625        556.333        40.0572
           3159           3159        555.792          556.5        40.0065
           3160           3160        555.955        556.667         39.958
           3161           3161        556.123        556.833        39.9102
           3162           3162        556.283            557        39.8738
           3163           3163        556.456        557.167        39.8327
           3164           3164        556.633        557.333        39.7851
           3165           3165        556.793          557.5        39.7361
           3166           3166        556.954        557.667        39.6888
           3167           3167        557.127        557.833        39.6408
           3168           3168        557.289            558         39.597
           3169           3169        557.455        558.167        39.5599
           3170           3170        557.621        558.333        39.5259
           3171           3171        557.791          558.5         39.482
           3172           3172        557.956        558.667        39.4319
           3173           3173        558.118        558.833        39.3834
           3174           3174        558.284            559        39.3356
           3175           3175        558.451        559.167        39.2883
           3176           3176        558.615        559.333        39.2387
           3177           3177        558.791          559.5        39.1887
           3178           3178         558.96        559.667        39.1491
           3179           3179        559.123        559.833        39.1092
           3180           3180        559.283            560        39.0715
           3181           3181        559.449        560.167        39.0321
           3182           3182        559.617        560.333        38.9838
           3183           3183        559.783          560.5        38.9431
           3184           3184        559.945        560.667         38.904
           3185           3185        560.113        560.833        38.8664
           3186           3186        560.278            561        38.8248
           3187           3187        560.447        561.167        38.7886
           3188           3188        560.621        561.333        38.7431
           3189           3189        560.783          561.5        38.7017
           3190           3190        560.951        561.667        38.6669
           3191           3191        561.114        561.833        38.6231
           3192           3192         561.28            562        38.5759
           3193           3193        561.449        562.167        38.5295
           3194           3194        561.617        562.333        38.4859
           3195           3195        561.772          562.5        38.4231
           3196           3196        561.935        562.667        38.3747
           3197           3197        562.104        562.833        38.3314
           3198           3198        562.278            563         38.292
           3199           3199        562.444        563.167        38.2725
           3200           3200        562.606        563.333        38.2401
           3201           3201        562.767          563.5        38.2093
           3202           3202         562.94        563.667        38.1817
           3203           3203        563.105        563.833        38.1525
           3204           3204        563.272            564        38.1271
           3205           3205        563.442        564.167        38.1037
           3206           3206        563.604        564.333        38.0812
           3207           3207        563.782          564.5        38.0717
           3208           3208        563.945        564.667        38.0442
           3209           3209        564.109        564.833        38.0113
           3210           3210        564.286            565        37.9767
           3211           3211        564.446        565.167        37.9494
           3212           3212        564.617        565.333        37.9239
           3213           3213        564.787          565.5        37.8969
           3214           3214        564.951        565.667        37.8665
           3215           3215        565.117        565.833        37.8063
           3216           3216        565.278            566        37.7609
           3217           3217        565.445        566.167        37.7207
           3218           3218        565.609        566.333        37.6794
           3219           3219        565.781          566.5        37.6348
           3220           3220        565.948        566.667        37.5875
           3221           3221         566.12        566.833        37.5403
           3222           3222        566.282            567        37.4927
           3223           3223        566.448        567.167        37.4449
           3224           3224        566.608        567.333        37.3649
           3225           3225         566.78          567.5        37.2996
           3226           3226        566.949        567.667        37.2447
           3227           3227        567.113        567.833        37.1922
           3228           3228        567.276            568        37.1367
           3229           3229        567.445        568.167        37.0876
           3230           3230        567.613        568.333         37.041
           3231           3231        567.779          568.5        36.9955
           3232           3232        567.939        568.667        36.9509
           3233           3233        568.102        568.833        36.9094
           3234           3234        568.271            569        36.8694
           3235           3235        568.445        569.167        36.8281
           3236           3236        568.606        569.333        36.8114
           3237           3237        568.772          569.5        36.7759
           3238           3238        568.944        569.667        36.7339
           3239           3239        569.107        569.833        36.6908
           3240           3240        569.275            570        36.6619
           3241           3241        569.438        570.167        36.6283
           3242           3242        569.611        570.333        36.5944
           3243           3243        569.774          570.5        36.5611
           3244           3244        569.938        570.667        36.5099
           3245           3245        570.107        570.833        36.4688
           3246           3246        570.269            571        36.4289
           3247           3247        570.436        571.167         36.387
           3248           3248        570.604        571.333        36.3557
           3249           3249        570.773          571.5        36.3324
           3250           3250        570.938        571.667        36.3099
           3251           3251        571.105        571.833         36.282
           3252           3252        571.268            572        36.2476
           3253           3253        571.434        572.167        36.2055
           3254           3254        571.606        572.333        36.1664
           3255           3255        571.766          572.5        36.1329
           3256           3256        571.936        572.667         36.098
           3257           3257        572.106        572.833        36.0853
           3258           3258        572.278            573        36.0586
           3259           3259         572.44        573.167        36.0248
           3260           3260        572.604        573.333        35.9893
           3261           3261         572.76          573.5        35.9322
           3262           3262        572.932        573.667        35.8932
           3263           3263        573.098        573.833        35.8605
           3264           3264         573.27            574        35.8322
           3265           3265        573.432        574.167        35.8193
           3266           3266        573.606        574.333        35.7871
           3267           3267        573.764          574.5        35.7496
           3268           3268        573.936        574.667        35.7107
           3269           3269        574.101        574.833        35.6784
           3270           3270        574.268            575        35.6454
           3271           3271        574.438        575.167        35.6131
           3272           3272        574.604        575.333        35.5812
           3273           3273        574.777          575.5        35.5527
           3274           3274        574.937        575.667        35.5276
           3275           3275          575.1        575.833        35.5045
           3276           3276        575.265            576         35.479
           3277           3277        575.439        576.167         35.439
           3278           3278        575.605        576.333        35.4052
           3279           3279        575.769          576.5          35.37
           3280           3280         575.94        576.667        35.3292
           3281           3281        576.104        576.833        35.2917
           3282           3282        576.272            577        35.2482
           3283           3283        576.441        577.167        35.2038
           3284           3284        576.611        577.333        35.1646
           3285           3285        576.769          577.5        35.1317
           3286           3286        576.935        577.667        35.0645
           3287           3287        577.103        577.833        35.0106
           3288           3288        577.268            578        34.9614
           3289           3289        577.426        578.167        34.9159
           3290           3290        577.596        578.333        34.8683
           3291           3291        577.766          578.5        34.8236
           3292           3292        577.931        578.667         34.781
           3293           3293        578.108        578.833         34.736
           3294           3294        578.272            579        34.6971
           3295           3295        578.431        579.167        34.6511
           3296           3296        578.599        579.333        34.6009
           3297           3297        578.767          579.5          34.55
           3298           3298        578.936        579.667        34.4968
           3299           3299        579.102        579.833        34.4478
           3300           3300         579.27            580         34.405
           3301           3301        579.436        580.167        34.3664
           3302           3302        579.595        580.333        34.3204
           3303           3303        579.768          580.5        34.2757
           3304           3304        579.933        580.667         34.228
           3305           3305        580.095        580.833        34.1799
           3306           3306        580.266            581         34.133
           3307           3307        580.429        581.167        34.0779
           3308           3308        580.599        581.333        34.0245
           3309           3309         580.77          581.5        33.9775
           3310           3310        580.939        581.667        33.9499
           3311           3311        581.102        581.833        33.9142
           3312           3312        581.268            582        33.8756
           3313           3313        581.432        582.167        33.8339
           3314           3314        581.597        582.333        33.7629
           3315           3315        581.758          582.5        33.6994
           3316           3316        581.922        582.667        33.6398
           3317           3317        582.093        582.833        33.5864
           3318           3318        582.271            583        33.5375
           3319           3319        582.437        583.167        33.5016
           3320           3320        582.605        583.333        33.4558
           3321           3321        582.766          583.5         33.412
           3322           3322        582.928        583.667        33.3658
           3323           3323        583.092        583.833        33.2848
           3324           3324        583.254            584        33.2352
           3325           3325        583.425        584.167        33.1936
           3326           3326        583.597        584.333        33.1482
           3327           3327        583.762          584.5        33.1142
           3328           3328        583.925        584.667         33.067
           3329           3329        584.094        584.833        33.0211
           3330           3330        584.266            585        32.9781
           3331           3331        584.425        585.167        32.9304
           3332           3332        584.597        585.333        32.8865
           3333           3333        584.772          585.5        32.8442
           3334           3334        584.931        585.667        32.8021
           3335           3335        585.092        585.833        32.7481
           3336           3336        585.255            586        32.7051
           3337           3337        585.426        586.167        32.6614
           3338           3338        585.599        586.333        32.6177
           3339           3339        585.767          586.5        32.5822
           3340           3340        585.931        586.667        32.5297
           3341           3341          586.1        586.833        32.4725
           3342           3342        586.264            587         32.414
           3343           3343        586.435        587.167        32.3383
           3344           3344        586.602        587.333        32.2679
           3345           3345         586.77          587.5        32.2055
           3346           3346         586.93        587.667         32.145
           3347           3347        587.099        587.833        32.0601
           3348           3348        587.263            588        31.9838
           3349           3349        587.425        588.167        31.9077
           3350           3350        587.593        588.333        31.8353
           3351           3351        587.756          588.5        31.7641
           3352           3352         587.92        588.667        31.6929
           3353           3353        588.089        588.833        31.6254
           3354           3354        588.261            589        31.5614
           3355           3355        588.429        589.167        31.5015
           3356           3356        588.592        589.333        31.4484
           3357           3357        588.751          589.5        31.3937
           3358           3358         588.92        589.667        31.3355
           3359           3359        589.087        589.833        31.2747
           3360           3360        589.255            590        31.2324
           3361           3361        589.423        590.167        31.1882
           3362           3362        589.586        590.333        31.1504
           3363           3363        589.754          590.5        31.1122
           3364           3364        589.922        590.667        31.0759
           3365           3365        590.086        590.833        31.0252
           3366           3366        590.259            591        30.9702
           3367           3367        590.415        591.167        30.9178
           3368           3368        590.582        591.333        30.8644
           3369           3369        590.755          591.5        30.8133
           3370           3370        590.926        591.667        30.7595
           3371           3371        591.095        591.833        30.7052
           3372           3372        591.253            592        30.6451
           3373           3373        591.419        592.167        30.5915
           3374           3374        591.574        592.333        30.5364
           3375           3375        591.749          592.5        30.4812
           3376           3376        591.913        592.667         30.418
           3377           3377         592.08        592.833        30.3642
           3378           3378        592.246            593        30.3164
           3379           3379        592.409        593.167        30.2641
           3380           3380        592.577        593.333         30.212
           3381           3381        592.746          593.5        30.1644
           3382           3382        592.913        593.667        30.1148
           3383           3383        593.076        593.833        30.0583
           3384           3384        593.245            594        30.0004
           3385           3385        593.412        594.167        29.9475
           3386           3386        593.581        594.333        29.8908
           3387           3387        593.751          594.5        29.8317
           3388           3388        593.909        594.667        29.7693
           3389           3389         594.08        594.833        29.7056
           3390           3390        594.248            595          29.65
           3391           3391        594.413        595.167        29.5947
           3392           3392        594.572        595.333        29.5425
           3393           3393        594.741          595.5        29.4758
           3394           3394        594.912        595.667        29.4101
           3395           3395        595.076        595.833        29.3432
           3396           3396         595.24            596        29.2834
           3397           3397        595.407        596.167        29.2328
           3398           3398        595.577        596.333        29.1839
           3399           3399        595.743          596.5        29.1349
           3400           3400        595.912        596.667        29.0919
           3401           3401        596.075        596.833        29.0511
           3402           3402         596.24            597         29.004
           3403           3403        596.403        597.167        28.9559
           3404           3404        596.567        597.333        28.9095
           3405           3405        596.744          597.5        28.8588
           3406           3406        596.913        597.667        28.8088
           3407           3407        597.074        597.833        28.7694
           3408           3408        597.243            598        28.7333
           3409           3409        597.415        598.167        28.6986
           3410           3410        597.579        598.333        28.6634
           3411           3411        597.741          598.5        28.6275
           3412           3412         597.91        598.667        28.5984
           3413           3413        598.071        598.833         28.578
           3414           3414        598.237            599        28.5631
           3415           3415        598.403        599.167        28.5447
           3416           3416        598.578        599.333        28.5202
           3417           3417         598.75          599.5        28.4973
           3418           3418        598.915        599.667        28.4778
           3419           3419        599.075        599.833        28.4553
           3420           3420         599.25            600        28.4299


Results:
Texts:

  $D60-TN220-V70-TB80
  Heatflow
  D60-TN220-V70-TB80, 6.5000 mg

Sample:
  D60-TN220-V70-TB80, 6.5000 mg
Evaluation:
  


Curve Name:
  !$D60-TN220-V70-TB80
  Sample Weight
Curve Values:
          Index              t             Ts             Tr          Value
                           [s]           [°C]           [°C]            [%]
              0              0        36.6993             30        99.9904
              1              1        36.7211        30.1667        99.9856
              2              2        36.7441        30.3333        99.9825
              3              3        36.7815           30.5        99.9804
              4              4         36.854        30.6667        99.9787
              5              5        36.9382        30.8333        99.9788
              6              6        37.0367             31        99.9802
              7              7        37.1534        31.1667         99.982
              8              8        37.2884        31.3333        99.9882
              9              9        37.4116           31.5        99.9916
             10             10        37.5504        31.6667         99.994
             11             11        37.7048        31.8333        99.9961
             12             12         37.854             32        99.9966
             13             13        38.0045        32.1667        99.9973
             14             14        38.1575        32.3333        99.9975
             15             15        38.3275           32.5        99.9973
             16             16        38.4871        32.6667        99.9958
             17             17        38.6466        32.8333        99.9947
             18             18        38.8101             33        99.9935
             19             19        38.9748        33.1667        99.9921
             20             20        39.1408        33.3333        99.9906
             21             21        39.3042           33.5        99.9894
             22             22        39.4884        33.6667        99.9882
             23             23        39.6661        33.8333        99.9869
             24             24        39.8451             34        99.9859
             25             25         40.002        34.1667        99.9846
             26             26        40.2018        34.3333        99.9833
             27             27        40.3716           34.5         99.982
             28             28        40.5376        34.6667        99.9805
             29             29        40.7113        34.8333        99.9792
             30             30        40.8902             35        99.9779
             31             31        41.0613        35.1667        99.9767
             32             32        41.2363        35.3333        99.9757
             33             33        41.4087           35.5        99.9747
             34             34        41.5863        35.6667        99.9737
             35             35        41.7626        35.8333        99.9728
             36             36         41.948             36         99.972
             37             37        42.1112        36.1667        99.9711
             38             38        42.2875        36.3333        99.9701
             39             39        42.4768           36.5        99.9691
             40             40        42.6322        36.6667         99.968
             41             41        42.8058        36.8333        99.9669
             42             42        42.9768             37        99.9657
             43             43         43.153        37.1667        99.9645
             44             44        43.3306        37.3333        99.9631
             45             45        43.4989           37.5        99.9618
             46             46        43.6582        37.6667        99.9606
             47             47        43.8435        37.8333        99.9594
             48             48        43.9976             38        99.9583
             49             49        44.1763        38.1667        99.9573
             50             50        44.3447        38.3333        99.9562
             51             51        44.5222           38.5        99.9551
             52             52        44.6788        38.6667        99.9539
             53             53        44.8536        38.8333        99.9528
             54             54        45.0207             39        99.9515
             55             55        45.1786        39.1667        99.9503
             56             56        45.3534        39.3333        99.9491
             57             57        45.5074           39.5         99.948
             58             58         45.677        39.6667         99.947
             59             59        45.8466        39.8333        99.9461
             60             60        46.0175             40        99.9452
             61             61        46.1688        40.1667         99.944
             62             62        46.3449        40.3333        99.9426
             63             63        46.5028           40.5        99.9413
             64             64        46.6645        40.6667        99.9397
             65             65        46.8276        40.8333        99.9384
             66             66        46.9972             41        99.9373
             67             67        47.1498        41.1667        99.9361
             68             68        47.3193        41.3333        99.9351
             69             69        47.4837           41.5         99.934
             70             70        47.6454        41.6667        99.9328
             71             71         47.811        41.8333        99.9316
             72             72        47.9766             42        99.9303
             73             73        48.1436        42.1667        99.9293
             74             74         48.287        42.3333        99.9283
             75             75        48.4566           42.5        99.9273
             76             76        48.6261        42.6667        99.9263
             77             77        48.7799        42.8333        99.9253
             78             78        48.9507             43        99.9242
             79             79        49.1111        43.1667        99.9232
             80             80        49.2793        43.3333        99.9222
             81             81         49.441           43.5         99.921
             82             82        49.6066        43.6667        99.9199
             83             83        49.7539        43.8333        99.9189
             84             84        49.9247             44        99.9178
             85             85        50.0915        44.1667        99.9168
             86             86        50.2649        44.3333        99.9157
             87             87         50.424           44.5        99.9146
             88             88        50.5713        44.6667        99.9135
             89             89        50.7433        44.8333        99.9123
             90             90        50.9076             45        99.9112
             91             91        51.0536        45.1667        99.9101
             92             92         51.236        45.3333         99.909
             93             93         51.395           45.5         99.908
             94             94        51.5501        45.6667         99.907
             95             95        51.7104        45.8333         99.906
             96             96        51.8721             46         99.905
             97             97        52.0428        46.1667        99.9041
             98             98        52.2044        46.3333        99.9032
             99             99        52.3673           46.5        99.9022
            100            100        52.5237        46.6667        99.9012
            101            101        52.6853        46.8333        99.8999
            102            102        52.8416             47        99.8986
            103            103        53.0163        47.1667        99.8973
            104            104        53.1687        47.3333         99.896
            105            105        53.3316           47.5        99.8945
            106            106        53.4867        47.6667        99.8931
            107            107        53.6521        47.8333        99.8917
            108            108        53.8137             48        99.8904
            109            109         53.974        48.1667        99.8893
            110            110        54.1238        48.3333        99.8882
            111            111        54.2932           48.5        99.8871
            112            112        54.4574        48.6667         99.886
            113            113        54.6176        48.8333        99.8851
            114            114        54.7844             49         99.884
            115            115        54.9342        49.1667        99.8829
            116            116        55.0971        49.3333        99.8817
            117            117        55.2651           49.5        99.8803
            118            118        55.4254        49.6667         99.879
            119            119        55.5869        49.8333        99.8777
            120            120        55.7445             50        99.8764
            121            121        55.9074        50.1667        99.8749
            122            122        56.0689        50.3333        99.8734
            123            123        56.2278           50.5        99.8719
            124            124        56.3919        50.6667        99.8703
            125            125        56.5392        50.8333        99.8686
            126            126        56.7085             51        99.8669
            127            127        56.8713        51.1667        99.8654
            128            128        57.0185        51.3333        99.8638
            129            129        57.1787           51.5        99.8624
            130            130        57.3415        51.6667         99.861
            131            131        57.4991        51.8333        99.8596
            132            132        57.6697             52        99.8582
            133            133        57.8378        52.1667        99.8571
            134            134         57.981        52.3333        99.8558
            135            135        58.1321           52.5        99.8546
            136            136        58.2962        52.6667        99.8535
            137            137        58.4499        52.8333        99.8525
            138            138         58.601             53        99.8514
            139            139        58.7612        53.1667        99.8504
            140            140        58.9253        53.3333        99.8493
            141            141        59.0816           53.5        99.8481
            142            142        59.2391        53.6667        99.8469
            143            143         59.398        53.8333        99.8457
            144            144        59.5465             54        99.8445
            145            145        59.7053        54.1667        99.8431
            146            146        59.8616        54.3333        99.8418
            147            147        60.0231           54.5        99.8405
            148            148        60.1729        54.6667        99.8391
            149            149        60.3317        54.8333        99.8376
            150            150        60.4945             55        99.8361
            151            151         60.656        55.1667        99.8347
            152            152        60.8096        55.3333        99.8333
            153            153        60.9568           55.5        99.8319
            154            154        61.1156        55.6667        99.8305
            155            155         61.268        55.8333        99.8291
            156            156        61.4256             56        99.8277
            157            157        61.5857        56.1667        99.8265
            158            158        61.7355        56.3333        99.8252
            159            159        61.8969           56.5        99.8239
            160            160        62.0506        56.6667        99.8225
            161            161        62.2055        56.8333         99.821
            162            162        62.3605             57        99.8196
            163            163        62.5232        57.1667        99.8182
            164            164         62.669        57.3333        99.8168
            165            165        62.8292           57.5        99.8155
            166            166        62.9711        57.6667        99.8142
            167            167        63.1391        57.8333        99.8129
            168            168        63.2875             58        99.8115
            169            169        63.4463        58.1667        99.8102
            170            170        63.5987        58.3333        99.8088
            171            171        63.7653           58.5        99.8073
            172            172        63.9085        58.6667        99.8057
            173            173        64.0621        58.8333        99.8041
            174            174        64.2106             59        99.8026
            175            175        64.3798        59.1667        99.8011
            176            176        64.5308        59.3333        99.7996
            177            177        64.6806           59.5        99.7981
            178            178        64.8381        59.6667        99.7964
            179            179        64.9943        59.8333        99.7948
            180            180        65.1558             60        99.7931
            181            181        65.3029        60.1667        99.7911
            182            182        65.4526        60.3333        99.7893
            183            183        65.6075           60.5        99.7875
            184            184        65.7664        60.6667        99.7856
            185            185        65.9187        60.8333        99.7838
            186            186        66.0619             61         99.782
            187            187        66.2168        61.1667        99.7802
            188            188        66.3678        61.3333        99.7784
            189            189        66.5253           61.5        99.7768
            190            190        66.6724        61.6667        99.7751
            191            191        66.8286        61.8333        99.7733
            192            192        66.9783             62        99.7715
            193            193        67.1293        62.1667        99.7698
            194            194        67.2829        62.3333        99.7681
            195            195          67.43           62.5        99.7665
            196            196        67.5953        62.6667        99.7649
            197            197         67.745        62.8333        99.7634
            198            198        67.8986             63        99.7617
            199            199        68.0457        63.1667        99.7599
            200            200         68.202        63.3333        99.7582
            201            201        68.3556           63.5        99.7564
            202            202           68.5        63.6667        99.7546
            203            203        68.6432        63.8333        99.7529
            204            204        68.8007             64        99.7512
            205            205         68.966        64.1667        99.7497
            206            206        69.1079        64.3333        99.7482
            207            207        69.2498           64.5        99.7467
            208            208        69.4047        64.6667        99.7452
            209            209        69.5713        64.8333        99.7438
            210            210        69.7197             65        99.7422
            211            211        69.8668        65.1667        99.7406
            212            212        70.0126        65.3333         99.739
            213            213        70.1714           65.5        99.7374
            214            214        70.3185        65.6667        99.7354
            215            215        70.4656        65.8333        99.7336
            216            216        70.6152             66        99.7318
            217            217         70.761        66.1667          99.73
            218            218        70.9263        66.3333        99.7282
            219            219        71.0786           66.5        99.7265
            220            220         71.227        66.6667        99.7249
            221            221        71.3754        66.8333        99.7233
            222            222        71.5303             67        99.7218
            223            223        71.6799        67.1667        99.7201
            224            224         71.827        67.3333        99.7184
            225            225        71.9845           67.5        99.7166
            226            226        72.1342        67.6667        99.7148
            227            227        72.2747        67.8333         99.713
            228            228        72.4296             68        99.7113
            229            229        72.5832        68.1667        99.7097
            230            230        72.7316        68.3333        99.7081
            231            231        72.8813           68.5        99.7064
            232            232        73.0388        68.6667        99.7047
            233            233         73.178        68.8333        99.7032
            234            234        73.3277             69        99.7016
            235            235        73.4826        69.1667           99.7
            236            236        73.6296        69.3333        99.6983
            237            237        73.7793           69.5        99.6965
            238            238        73.9446        69.6667        99.6949
            239            239        74.0982        69.8333        99.6932
            240            240        74.2426             70        99.6915
            241            241        74.3858        70.1667        99.6898
            242            242        74.5472        70.3333        99.6881
            243            243        74.7021           70.5        99.6864
            244            244        74.8518        70.6667        99.6849
            245            245        74.9936        70.8333        99.6834
            246            246        75.1459             71         99.682
            247            247        75.2969        71.1667        99.6807
            248            248        75.4413        71.3333        99.6792
            249            249        75.6027           71.5        99.6776
            250            250        75.7511        71.6667         99.676
            251            251         75.902        71.8333        99.6744
            252            252        76.0556             72        99.6729
            253            253         76.204        72.1667        99.6715
            254            254        76.3654        72.3333        99.6699
            255            255        76.5059           72.5        99.6683
            256            256        76.6621        72.6667        99.6667
            257            257        76.8131        72.8333        99.6651
            258            258        76.9575             73        99.6635
            259            259        77.1085        73.1667        99.6618
            260            260        77.2556        73.3333        99.6603
            261            261        77.4117           73.5        99.6588
            262            262        77.5575        73.6667        99.6572
            263            263        77.6993        73.8333        99.6558
            264            264        77.8607             74        99.6543
            265            265        78.0195        74.1667        99.6528
            266            266        78.1692        74.3333        99.6512
            267            267        78.3123           74.5        99.6494
            268            268        78.4646        74.6667        99.6475
            269            269        78.6142        74.8333        99.6457
            270            270        78.7691             75        99.6439
            271            271        78.9136        75.1667        99.6419
            272            272        79.0606        75.3333        99.6401
            273            273        79.2077           75.5        99.6384
            274            274        79.3665        75.6667        99.6367
            275            275        79.5148        75.8333        99.6351
            276            276        79.6684             76        99.6334
            277            277        79.8154        76.1667        99.6317
            278            278        79.9768        76.3333          99.63
            279            279        80.1226           76.5        99.6283
            280            280        80.2774        76.6667        99.6265
            281            281        80.4193        76.8333        99.6248
            282            282        80.5702             77        99.6232
            283            283        80.7186        77.1667        99.6216
            284            284        80.8748        77.3333        99.6199
            285            285        81.0323           77.5        99.6181
            286            286        81.1741        77.6667        99.6164
            287            287        81.3316        77.8333        99.6148
            288            288        81.4721             78        99.6131
            289            289         81.627        78.1667        99.6115
            290            290        81.7831        78.3333        99.6098
            291            291         81.925           78.5        99.6082
            292            292        82.0812        78.6667        99.6066
            293            293        82.2308        78.8333         99.605
            294            294        82.3792             79        99.6034
            295            295        82.5328        79.1667         99.602
            296            296        82.6811        79.3333        99.6005
            297            297        82.8308           79.5         99.599
            298            298         82.983        79.6667        99.5975
            299            299        83.1418        79.8333        99.5959
            300            300        83.2849             80        99.5946
            301            301         83.432        80.1667        99.5933
            302            302        83.5934        80.3333         99.592
            303            303        83.7417           80.5        99.5907
            304            304        83.8888        80.6667        99.5894
            305            305        84.0449        80.8333         99.588
            306            306        84.1972             81        99.5866
            307            307        84.3508        81.1667        99.5851
            308            308        84.4965        81.3333        99.5835
            309            309        84.6553           81.5         99.582
            310            310        84.8063        81.6667        99.5805
            311            311        84.9598        81.8333        99.5791
            312            312        85.1082             82        99.5777
            313            313        85.2448        82.1667        99.5762
            314            314        85.3997        82.3333        99.5746
            315            315        85.5506           82.5        99.5729
            316            316        85.7042        82.6667        99.5713
            317            317        85.8591        82.8333        99.5697
            318            318        86.0035             83        99.5683
            319            319        86.1558        83.1667         99.567
            320            320        86.3145        83.3333        99.5655
            321            321        86.4629           83.5        99.5642
            322            322        86.6203        83.6667        99.5627
            323            323          86.77        83.8333        99.5609
            324            324        86.9157             84        99.5591
            325            325        87.0758        84.1667         99.557
            326            326        87.2124        84.3333        99.5551
            327            327        87.3686           84.5        99.5534
            328            328        87.5248        84.6667        99.5517
            329            329        87.6848        84.8333        99.5501
            330            330        87.8293             85        99.5485
            331            331        87.9711        85.1667        99.5469
            332            332         88.126        85.3333        99.5454
            333            333        88.2822           85.5         99.544
            334            334        88.4279        85.6667        99.5426
            335            335        88.5749        85.8333        99.5411
            336            336        88.7363             86        99.5397
            337            337        88.8795        86.1667        99.5383
            338            338        89.0278        86.3333        99.5368
            339            339        89.1788           86.5        99.5351
            340            340        89.3349        86.6667        99.5335
            341            341        89.4911        86.8333        99.5318
            342            342        89.6368             87        99.5302
            343            343        89.7761        87.1667        99.5287
            344            344        89.9426        87.3333        99.5271
            345            345        90.0923           87.5        99.5255
            346            346        90.2432        87.6667         99.524
            347            347        90.3955        87.8333        99.5223
            348            348        90.5529             88        99.5207
            349            349        90.6909        88.1667        99.5191
            350            350        90.8457        88.3333        99.5174
            351            351        90.9993           88.5         99.516
            352            352        91.1541        88.6667        99.5146
            353            353        91.3064        88.8333        99.5131
            354            354        91.4587             89        99.5116
            355            355        91.6122        89.1667          99.51
            356            356        91.7645        89.3333        99.5082
            357            357        91.9063           89.5        99.5065
            358            358        92.0729        89.6667        99.5045
            359            359        92.2186        89.8333        99.5028
            360            360        92.3657             90        99.5011
            361            361        92.5192        90.1667        99.4994
            362            362        92.6819        90.3333        99.4979
            363            363        92.8276           90.5        99.4964
            364            364        92.9825        90.6667        99.4949
            365            365        93.1374        90.8333        99.4935
            366            366        93.2779             91        99.4921
            367            367         93.434        91.1667        99.4906
            368            368        93.5746        91.3333        99.4891
            369            369        93.7346           91.5        99.4875
            370            370        93.8947        91.6667         99.486
            371            371        94.0535        91.8333        99.4844
            372            372        94.2057             92        99.4827
            373            373        94.3476        92.1667        99.4812
            374            374         94.505        92.3333        99.4795
            375            375        94.6534           92.5         99.478
            376            376        94.8135        92.6667        99.4764
            377            377        94.9657        92.8333         99.475
            378            378        95.1167             93        99.4735
            379            379        95.2715        93.1667        99.4722
            380            380        95.4225        93.3333         99.471
            381            381        95.5734           93.5        99.4697
            382            382        95.7153        93.6667        99.4685
            383            383        95.8688        93.8333        99.4675
            384            384        96.0211             94        99.4664
            385            385        96.1798        94.1667        99.4652
            386            386         96.336        94.3333         99.464
            387            387        96.4805           94.5        99.4627
            388            388        96.6392        94.6667        99.4615
            389            389        96.7915        94.8333        99.4603
            390            390        96.9437             95        99.4592
            391            391        97.0908        95.1667        99.4581
            392            392        97.2456        95.3333         99.457
            393            393        97.4031           95.5         99.456
            394            394        97.5619        95.6667        99.4549
            395            395         97.705        95.8333        99.4539
            396            396        97.8664             96        99.4528
            397            397        98.0225        96.1667        99.4516
            398            398        98.1722        96.3333        99.4504
            399            399        98.3179           96.5         99.449
            400            400        98.4871        96.6667        99.4478
            401            401        98.6354        96.8333        99.4466
            402            402        98.7799             97        99.4454
            403            403        98.9373        97.1667        99.4443
            404            404        99.0922        97.3333        99.4432
            405            405        99.2444           97.5         99.442
            406            406        99.4019        97.6667        99.4408
            407            407        99.5542        97.8333        99.4397
            408            408        99.7051             98        99.4386
            409            409        99.8561        98.1667        99.4375
            410            410        100.015        98.3333        99.4364
            411            411        100.162           98.5        99.4352
            412            412        100.319        98.6667         99.434
            413            413        100.469        98.8333         99.433
            414            414        100.634             99         99.432
            415            415        100.781        99.1667        99.4309
            416            416        100.926        99.3333        99.4299
            417            417        101.083           99.5        99.4287
            418            418        101.239        99.6667        99.4276
            419            419        101.392        99.8333        99.4265
            420            420        101.547            100        99.4252
            421            421        101.699        100.167         99.424
            422            422        101.863        100.333        99.4229
            423            423        102.005          100.5        99.4217
            424            424        102.165        100.667        99.4205
            425            425        102.314        100.833        99.4193
            426            426        102.472            101        99.4182
            427            427        102.627        101.167         99.417
            428            428        102.782        101.333        99.4159
            429            429        102.927          101.5        99.4148
            430            430        103.079        101.667        99.4137
            431            431        103.236        101.833        99.4126
            432            432        103.388            102        99.4116
            433            433        103.552        102.167        99.4106
            434            434        103.705        102.333        99.4095
            435            435        103.863          102.5        99.4085
            436            436        104.016        102.667        99.4074
            437            437        104.162        102.833        99.4063
            438            438        104.325            103        99.4052
            439            439        104.478        103.167        99.4041
            440            440        104.633        103.333         99.403
            441            441        104.788          103.5        99.4021
            442            442        104.934        103.667        99.4011
            443            443        105.089        103.833        99.4002
            444            444        105.242            104        99.3992
            445            445        105.391        104.167        99.3984
            446            446        105.559        104.333        99.3974
            447            447        105.712          104.5        99.3964
            448            448        105.866        104.667        99.3954
            449            449        106.011        104.833        99.3943
            450            450        106.171            105        99.3931
            451            451        106.334        105.167        99.3919
            452            452        106.484        105.333        99.3907
            453            453        106.645          105.5        99.3894
            454            454        106.797        105.667        99.3882
            455            455        106.939        105.833         99.387
            456            456        107.094            106        99.3857
            457            457        107.261        106.167        99.3846
            458            458        107.406        106.333        99.3835
            459            459        107.568          106.5        99.3823
            460            460        107.727        106.667        99.3811
            461            461        107.876        106.833          99.38
            462            462         108.03            107        99.3788
            463            463         108.19        107.167        99.3776
            464            464        108.336        107.333        99.3763
            465            465        108.498          107.5        99.3756
            466            466        108.644        107.667        99.3749
            467            467        108.795        107.833        99.3743
            468            468        108.955            108        99.3736
            469            469        109.111        108.167        99.3732
            470            470        109.266        108.333        99.3726
            471            471        109.425          108.5        99.3717
            472            472        109.574        108.667        99.3708
            473            473        109.724        108.833        99.3696
            474            474        109.875            109        99.3685
            475            475         110.04        109.167        99.3675
            476            476          110.2        109.333        99.3665
            477            477        110.357          109.5        99.3656
            478            478         110.51        109.667        99.3647
            479            479        110.661        109.833        99.3638
            480            480        110.813            110        99.3628
            481            481        110.964        110.167        99.3618
            482            482        111.128        110.333        99.3608
            483            483        111.291          110.5        99.3599
            484            484        111.438        110.667        99.3589
            485            485        111.594        110.833         99.358
            486            486         111.75            111        99.3572
            487            487        111.901        111.167        99.3564
            488            488         112.05        111.333        99.3556
            489            489        112.214          111.5        99.3548
            490            490        112.367        111.667        99.3541
            491            491        112.512        111.833        99.3533
            492            492        112.676            112        99.3524
            493            493        112.827        112.167        99.3516
            494            494        112.983        112.333         99.351
            495            495        113.145          112.5        99.3503
            496            496        113.302        112.667        99.3495
            497            497        113.456        112.833        99.3486
            498            498        113.607            113         99.348
            499            499        113.762        113.167        99.3473
            500            500        113.912        113.333        99.3465
            501            501        114.079          113.5        99.3458
            502            502        114.233        113.667        99.3449
            503            503        114.388        113.833        99.3441
            504            504        114.542            114        99.3433
            505            505        114.695        114.167        99.3425
            506            506        114.857        114.333        99.3418
            507            507        115.013          114.5         99.341
            508            508        115.166        114.667        99.3403
            509            509        115.328        114.833        99.3395
            510            510        115.479            115        99.3387
            511            511        115.631        115.167         99.338
            512            512        115.794        115.333        99.3374
            513            513        115.946          115.5        99.3368
            514            514        116.103        115.667        99.3363
            515            515        116.258        115.833        99.3359
            516            516        116.407            116        99.3354
            517            517        116.572        116.167        99.3349
            518            518        116.728        116.333        99.3342
            519            519        116.874          116.5        99.3333
            520            520        117.037        116.667        99.3324
            521            521        117.194        116.833        99.3314
            522            522        117.351            117        99.3305
            523            523         117.51        117.167        99.3292
            524            524        117.664        117.333        99.3281
            525            525        117.821          117.5         99.327
            526            526        117.974        117.667         99.326
            527            527        118.126        117.833        99.3251
            528            528        118.278            118        99.3243
            529            529        118.438        118.167        99.3235
            530            530        118.601        118.333        99.3226
            531            531        118.757          118.5        99.3219
            532            532        118.905        118.667         99.321
            533            533        119.071        118.833        99.3201
            534            534        119.218            119        99.3192
            535            535        119.374        119.167        99.3181
            536            536        119.536        119.333        99.3172
            537            537        119.689          119.5        99.3162
            538            538        119.848        119.667        99.3152
            539            539        119.998        119.833        99.3143
            540            540        120.156            120        99.3134
            541            541        120.307        120.167        99.3124
            542            542        120.477        120.333        99.3115
            543            543        120.627          120.5        99.3106
            544            544        120.791        120.667        99.3096
            545            545        120.945        120.833        99.3086
            546            546        121.093            121        99.3076
            547            547        121.241        121.167        99.3064
            548            548        121.404        121.333         99.305
            549            549        121.572          121.5        99.3037
            550            550        121.719        121.667        99.3025
            551            551        121.874        121.833        99.3013
            552            552        122.036            122        99.3001
            553            553        122.198        122.167        99.2991
            554            554        122.354        122.333         99.298
            555            555        122.508          122.5        99.2969
            556            556        122.661        122.667        99.2961
            557            557        122.813        122.833        99.2953
            558            558        122.975            123        99.2946
            559            559        123.141        123.167         99.294
            560            560        123.291        123.333        99.2934
            561            561        123.452          123.5        99.2928
            562            562        123.609        123.667        99.2921
            563            563        123.766        123.833        99.2914
            564            564         123.93            124        99.2906
            565            565        124.073        124.167        99.2898
            566            566        124.236        124.333         99.289
            567            567          124.4          124.5        99.2882
            568            568        124.557        124.667        99.2872
            569            569        124.708        124.833        99.2863
            570            570        124.863            125        99.2853
            571            571        125.026        125.167        99.2844
            572            572        125.182        125.333        99.2833
            573            573        125.345          125.5        99.2823
            574            574        125.494        125.667        99.2812
            575            575        125.653        125.833        99.2801
            576            576         125.82            126        99.2789
            577            577        125.978        126.167        99.2777
            578            578        126.125        126.333        99.2766
            579            579        126.282          126.5        99.2755
            580            580        126.444        126.667        99.2744
            581            581        126.603        126.833        99.2734
            582            582         126.76            127        99.2723
            583            583        126.911        127.167        99.2712
            584            584        127.077        127.333        99.2702
            585            585        127.237          127.5        99.2692
            586            586        127.389        127.667        99.2683
            587            587         127.55        127.833        99.2673
            588            588        127.708            128        99.2663
            589            589        127.867        128.167        99.2656
            590            590        128.019        128.333        99.2647
            591            591         128.18          128.5        99.2638
            592            592        128.343        128.667        99.2629
            593            593        128.497        128.833        99.2619
            594            594        128.659            129         99.261
            595            595        128.813        129.167        99.2601
            596            596        128.975        129.333        99.2591
            597            597        129.126          129.5        99.2584
            598            598        129.288        129.667        99.2577
            599            599        129.449        129.833         99.257
            600            600        129.601            130        99.2564
            601            601        129.758        130.167        99.2559
            602            602         129.92        130.333        99.2551
            603            603         130.08          130.5        99.2543
            604            604        130.242        130.667        99.2536
            605            605        130.385        130.833        99.2525
            606            606        130.558            131        99.2515
            607            607        130.717        131.167        99.2507
            608            608        130.878        131.333        99.2499
            609            609        131.025          131.5        99.2492
            610            610        131.188        131.667        99.2485
            611            611        131.352        131.833        99.2478
            612            612        131.511            132         99.247
            613            613        131.652        132.167        99.2462
            614            614        131.815        132.333        99.2454
            615            615        131.986          132.5        99.2445
            616            616        132.131        132.667        99.2435
            617            617        132.281        132.833        99.2427
            618            618        132.453            133        99.2418
            619            619        132.612        133.167         99.241
            620            620        132.772        133.333        99.2403
            621            621        132.914          133.5        99.2396
            622            622        133.074        133.667        99.2392
            623            623        133.244        133.833        99.2387
            624            624        133.399            134        99.2382
            625            625        133.554        134.167        99.2377
            626            626        133.715        134.333        99.2373
            627            627        133.873          134.5        99.2368
            628            628        134.024        134.667        99.2362
            629            629        134.185        134.833        99.2356
            630            630         134.35            135        99.2349
            631            631        134.492        135.167        99.2342
            632            632        134.663        135.333        99.2336
            633            633        134.829          135.5        99.2329
            634            634        134.992        135.667        99.2321
            635            635        135.142        135.833        99.2314
            636            636        135.299            136        99.2306
            637            637        135.458        136.167        99.2298
            638            638        135.618        136.333        99.2291
            639            639        135.774          136.5        99.2283
            640            640         135.93        136.667        99.2276
            641            641        136.096        136.833        99.2268
            642            642        136.256            137         99.226
            643            643        136.412        137.167        99.2253
            644            644        136.569        137.333        99.2246
            645            645        136.731          137.5        99.2237
            646            646        136.891        137.667        99.2228
            647            647        137.038        137.833        99.2218
            648            648        137.207            138        99.2208
            649            649        137.366        138.167        99.2198
            650            650        137.526        138.333        99.2187
            651            651        137.682          138.5        99.2176
            652            652        137.841        138.667        99.2167
            653            653        138.006        138.833        99.2158
            654            654        138.162            139         99.215
            655            655         138.33        139.167        99.2144
            656            656         138.48        139.333        99.2138
            657            657        138.642          139.5        99.2133
            658            658        138.793        139.667        99.2127
            659            659        138.961        139.833        99.2122
            660            660        139.121            140        99.2115
            661            661        139.272        140.167        99.2108
            662            662        139.434        140.333        99.2101
            663            663        139.591          140.5        99.2092
            664            664        139.749        140.667        99.2084
            665            665        139.918        140.833        99.2076
            666            666        140.084            141        99.2067
            667            667        140.239        141.167        99.2058
            668            668        140.403        141.333        99.2049
            669            669        140.563          141.5        99.2041
            670            670        140.713        141.667        99.2032
            671            671        140.874        141.833        99.2024
            672            672        141.033            142        99.2015
            673            673        141.189        142.167        99.2006
            674            674        141.351        142.333        99.1998
            675            675        141.509          142.5        99.1989
            676            676        141.668        142.667        99.1979
            677            677        141.824        142.833        99.1968
            678            678        141.986            143        99.1958
            679            679        142.151        143.167        99.1948
            680            680        142.315        143.333        99.1938
            681            681        142.469          143.5        99.1929
            682            682        142.634        143.667        99.1921
            683            683        142.787        143.833        99.1914
            684            684        142.944            144         99.191
            685            685        143.098        144.167        99.1904
            686            686         143.27        144.333        99.1898
            687            687        143.423          144.5        99.1892
            688            688        143.592        144.667        99.1886
            689            689        143.745        144.833         99.188
            690            690        143.899            145        99.1873
            691            691        144.064        145.167        99.1867
            692            692        144.224        145.333        99.1859
            693            693        144.383          145.5        99.1852
            694            694         144.54        145.667        99.1844
            695            695        144.706        145.833        99.1837
            696            696        144.858            146         99.183
            697            697        145.021        146.167        99.1824
            698            698        145.182        146.333        99.1817
            699            699        145.341          146.5         99.181
            700            700        145.504        146.667        99.1804
            701            701        145.665        146.833        99.1798
            702            702        145.816            147        99.1791
            703            703        145.977        147.167        99.1784
            704            704         146.14        147.333        99.1776
            705            705          146.3          147.5        99.1769
            706            706        146.457        147.667         99.176
            707            707        146.625        147.833        99.1751
            708            708        146.782            148        99.1742
            709            709        146.944        148.167        99.1733
            710            710        147.107        148.333        99.1725
            711            711        147.267          148.5        99.1716
            712            712         147.43        148.667        99.1707
            713            713        147.591        148.833        99.1699
            714            714        147.743            149         99.169
            715            715        147.909        149.167        99.1682
            716            716        148.064        149.333        99.1674
            717            717        148.233          149.5        99.1665
            718            718        148.385        149.667        99.1657
            719            719        148.545        149.833        99.1648
            720            720        148.708            150        99.1639
            721            721        148.868        150.167         99.163
            722            722        149.025        150.333        99.1621
            723            723        149.182          150.5        99.1612
            724            724        149.349        150.667        99.1603
            725            725        149.516        150.833        99.1593
            726            726        149.672            151        99.1584
            727            727        149.831        151.167        99.1576
            728            728        149.992        151.333        99.1568
            729            729        150.148          151.5        99.1561
            730            730        150.314        151.667        99.1554
            731            731        150.479        151.833        99.1545
            732            732        150.634            152        99.1537
            733            733        150.788        152.167         99.153
            734            734         150.95        152.333        99.1523
            735            735        151.112          152.5        99.1517
            736            736        151.272        152.667         99.151
            737            737        151.441        152.833        99.1504
            738            738        151.596            153        99.1496
            739            739        151.752        153.167        99.1489
            740            740        151.907        153.333        99.1481
            741            741        152.077          153.5        99.1472
            742            742        152.237        153.667        99.1462
            743            743        152.392        153.833        99.1452
            744            744         152.56            154        99.1444
            745            745        152.719        154.167        99.1435
            746            746         152.88        154.333        99.1427
            747            747        153.038          154.5        99.1419
            748            748        153.206        154.667        99.1409
            749            749        153.375        154.833        99.1399
            750            750        153.526            155         99.139
            751            751        153.686        155.167        99.1381
            752            752        153.851        155.333        99.1373
            753            753        154.007          155.5        99.1365
            754            754        154.173        155.667        99.1358
            755            755        154.329        155.833         99.135
            756            756        154.489            156        99.1342
            757            757         154.65        156.167        99.1335
            758            758        154.812        156.333        99.1329
            759            759        154.981          156.5        99.1323
            760            760        155.138        156.667        99.1316
            761            761        155.301        156.833        99.1308
            762            762        155.468            157          99.13
            763            763        155.615        157.167        99.1293
            764            764         155.79        157.333        99.1286
            765            765        155.937          157.5         99.128
            766            766        156.108        157.667        99.1275
            767            767        156.269        157.833         99.127
            768            768        156.427            158        99.1264
            769            769        156.591        158.167        99.1259
            770            770         156.75        158.333        99.1255
            771            771         156.91          158.5         99.125
            772            772        157.067        158.667        99.1244
            773            773        157.231        158.833        99.1237
            774            774        157.389            159        99.1231
            775            775        157.551        159.167        99.1222
            776            776        157.707        159.333        99.1214
            777            777        157.879          159.5        99.1207
            778            778        158.025        159.667        99.1199
            779            779         158.19        159.833        99.1191
            780            780        158.347            160        99.1183
            781            781        158.508        160.167        99.1175
            782            782        158.677        160.333        99.1167
            783            783        158.835          160.5        99.1159
            784            784        158.997        160.667        99.1151
            785            785        159.151        160.833        99.1144
            786            786        159.316            161        99.1136
            787            787         159.48        161.167         99.113
            788            788        159.634        161.333        99.1123
            789            789        159.799          161.5        99.1116
            790            790        159.966        161.667        99.1109
            791            791        160.124        161.833        99.1104
            792            792        160.292            162          99.11
            793            793        160.461        162.167        99.1095
            794            794        160.619        162.333         99.109
            795            795        160.775          162.5        99.1086
            796            796         160.94        162.667        99.1081
            797            797        161.107        162.833        99.1076
            798            798        161.267            163        99.1069
            799            799        161.417        163.167         99.106
            800            800        161.581        163.333        99.1052
            801            801        161.741          163.5        99.1045
            802            802        161.906        163.667        99.1038
            803            803        162.062        163.833        99.1031
            804            804        162.229            164        99.1024
            805            805        162.395        164.167        99.1017
            806            806        162.556        164.333         99.101
            807            807        162.709          164.5        99.1002
            808            808        162.872        164.667        99.0994
            809            809        163.037        164.833        99.0986
            810            810        163.198            165        99.0978
            811            811        163.359        165.167         99.097
            812            812        163.521        165.333        99.0961
            813            813        163.676          165.5        99.0954
            814            814        163.838        165.667        99.0946
            815            815        164.005        165.833        99.0938
            816            816        164.169            166        99.0931
            817            817        164.331        166.167        99.0925
            818            818        164.491        166.333        99.0918
            819            819        164.647          166.5        99.0912
            820            820        164.814        166.667        99.0905
            821            821        164.982        166.833        99.0897
            822            822        165.129            167        99.0888
            823            823        165.303        167.167         99.088
            824            824        165.466        167.333         99.087
            825            825        165.622          167.5        99.0862
            826            826        165.788        167.667        99.0855
            827            827        165.941        167.833        99.0848
            828            828        166.113            168        99.0842
            829            829        166.266        168.167        99.0835
            830            830        166.424        168.333        99.0828
            831            831         166.59          168.5        99.0822
            832            832        166.757        168.667        99.0815
            833            833        166.909        168.833        99.0808
            834            834         167.07            169        99.0802
            835            835        167.229        169.167        99.0796
            836            836        167.402        169.333         99.079
            837            837        167.562          169.5        99.0783
            838            838        167.721        169.667        99.0775
            839            839        167.886        169.833        99.0767
            840            840        168.049            170         99.076
            841            841        168.211        170.167         99.075
            842            842        168.373        170.333        99.0741
            843            843        168.539          170.5        99.0732
            844            844          168.7        170.667        99.0723
            845            845         168.86        170.833        99.0714
            846            846        169.014            171        99.0705
            847            847        169.179        171.167        99.0697
            848            848        169.342        171.333        99.0689
            849            849        169.513          171.5        99.0683
            850            850        169.663        171.667        99.0678
            851            851         169.84        171.833        99.0673
            852            852        169.995            172        99.0668
            853            853        170.158        172.167        99.0664
            854            854        170.311        172.333        99.0657
            855            855        170.483          172.5        99.0649
            856            856        170.642        172.667        99.0641
            857            857        170.808        172.833        99.0629
            858            858        170.972            173         99.062
            859            859        171.142        173.167         99.061
            860            860        171.298        173.333        99.0601
            861            861        171.462          173.5        99.0593
            862            862        171.619        173.667        99.0586
            863            863        171.783        173.833        99.0578
            864            864        171.951            174        99.0572
            865            865        172.111        174.167        99.0566
            866            866        172.271        174.333        99.0559
            867            867        172.435          174.5        99.0553
            868            868        172.593        174.667        99.0546
            869            869         172.75        174.833         99.054
            870            870        172.921            175        99.0535
            871            871        173.087        175.167        99.0529
            872            872        173.245        175.333        99.0523
            873            873        173.406          175.5        99.0517
            874            874        173.573        175.667        99.0512
            875            875        173.732        175.833        99.0505
            876            876        173.902            176        99.0499
            877            877        174.053        176.167        99.0492
            878            878        174.228        176.333        99.0486
            879            879        174.393          176.5        99.0481
            880            880        174.554        176.667        99.0476
            881            881        174.721        176.833        99.0471
            882            882        174.883            177        99.0466
            883            883        175.042        177.167        99.0461
            884            884        175.201        177.333        99.0454
            885            885        175.365          177.5        99.0448
            886            886         175.53        177.667         99.044
            887            887        175.696        177.833        99.0434
            888            888        175.858            178        99.0428
            889            889        176.022        178.167        99.0423
            890            890        176.178        178.333         99.042
            891            891        176.341          178.5        99.0416
            892            892        176.508        178.667        99.0411
            893            893        176.676        178.833        99.0408
            894            894         176.84            179        99.0405
            895            895        177.005        179.167        99.0402
            896            896        177.164        179.333        99.0399
            897            897        177.324          179.5        99.0397
            898            898         177.48        179.667        99.0395
            899            899        177.653        179.833        99.0393
            900            900        177.807            180        99.0389
            901            901        177.975        180.167        99.0385
            902            902        178.146        180.333         99.038
            903            903        178.308          180.5        99.0375
            904            904         178.46        180.667         99.037
            905            905        178.632        180.833        99.0365
            906            906        178.797            181         99.036
            907            907        178.957        181.167        99.0354
            908            908        179.123        181.333        99.0349
            909            909        179.289          181.5        99.0343
            910            910        179.449        181.667        99.0338
            911            911        179.608        181.833        99.0332
            912            912        179.773            182        99.0327
            913            913         179.94        182.167        99.0321
            914            914        180.104        182.333        99.0316
            915            915        180.268          182.5        99.0311
            916            916        180.429        182.667        99.0307
            917            917        180.588        182.833        99.0302
            918            918         180.75            183        99.0298
            919            919        180.915        183.167        99.0295
            920            920        181.072        183.333        99.0291
            921            921        181.244          183.5        99.0286
            922            922        181.403        183.667        99.0281
            923            923        181.567        183.833        99.0275
            924            924        181.732            184        99.0269
            925            925        181.901        184.167        99.0263
            926            926        182.064        184.333        99.0256
            927            927        182.231          184.5        99.0248
            928            928        182.396        184.667         99.024
            929            929        182.555        184.833        99.0233
            930            930        182.719            185        99.0227
            931            931        182.883        185.167        99.0221
            932            932        183.046        185.333        99.0216
            933            933          183.2          185.5         99.021
            934            934        183.372        185.667        99.0204
            935            935        183.539        185.833        99.0199
            936            936        183.695            186        99.0194
            937            937        183.858        186.167        99.0189
            938            938        184.022        186.333        99.0185
            939            939        184.196          186.5         99.018
            940            940        184.363        186.667        99.0175
            941            941        184.528        186.833         99.017
            942            942        184.679            187        99.0166
            943            943        184.852        187.167         99.016
            944            944        185.015        187.333        99.0153
            945            945        185.185          187.5        99.0146
            946            946        185.343        187.667        99.0139
            947            947          185.5        187.833        99.0132
            948            948         185.66            188        99.0123
            949            949         185.83        188.167        99.0115
            950            950        185.996        188.333        99.0108
            951            951        186.151          188.5        99.0101
            952            952        186.315        188.667        99.0096
            953            953        186.492        188.833        99.0091
            954            954        186.656            189        99.0085
            955            955        186.813        189.167        99.0079
            956            956        186.987        189.333        99.0074
            957            957        187.147          189.5        99.0068
            958            958        187.304        189.667        99.0061
            959            959        187.475        189.833        99.0054
            960            960        187.635            190        99.0047
            961            961          187.8        190.167        99.0041
            962            962        187.968        190.333        99.0036
            963            963        188.131          190.5        99.0031
            964            964        188.291        190.667        99.0028
            965            965        188.455        190.833        99.0025
            966            966        188.627            191        99.0021
            967            967        188.781        191.167        99.0017
            968            968        188.947        191.333        99.0013
            969            969        189.105          191.5        99.0008
            970            970        189.273        191.667        99.0002
            971            971        189.445        191.833        98.9997
            972            972        189.611            192         98.999
            973            973        189.765        192.167        98.9985
            974            974        189.931        192.333         98.998
            975            975        190.097          192.5        98.9976
            976            976        190.265        192.667        98.9972
            977            977        190.425        192.833        98.9969
            978            978        190.583            193        98.9965
            979            979        190.758        193.167         98.996
            980            980        190.912        193.333        98.9956
            981            981        191.085          193.5        98.9952
            982            982        191.245        193.667        98.9948
            983            983        191.409        193.833        98.9944
            984            984        191.575            194        98.9941
            985            985        191.744        194.167        98.9938
            986            986          191.9        194.333        98.9935
            987            987        192.065          194.5        98.9931
            988            988        192.236        194.667        98.9928
            989            989        192.397        194.833        98.9925
            990            990        192.562            195        98.9921
            991            991        192.733        195.167        98.9917
            992            992        192.889        195.333        98.9911
            993            993         193.06          195.5        98.9906
            994            994        193.228        195.667          98.99
            995            995        193.393        195.833        98.9894
            996            996        193.548            196        98.9887
            997            997        193.718        196.167        98.9882
            998            998         193.88        196.333        98.9875
            999            999         194.05          196.5        98.9869
           1000           1000        194.206        196.667        98.9862
           1001           1001        194.366        196.833        98.9855
           1002           1002        194.541            197        98.9849
           1003           1003        194.698        197.167        98.9843
           1004           1004        194.862        197.333        98.9835
           1005           1005         195.03          197.5        98.9829
           1006           1006         195.19        197.667        98.9822
           1007           1007        195.361        197.833        98.9817
           1008           1008        195.526            198         98.981
           1009           1009        195.691        198.167        98.9802
           1010           1010        195.855        198.333        98.9795
           1011           1011        196.021          198.5        98.9787
           1012           1012        196.185        198.667         98.978
           1013           1013        196.351        198.833        98.9773
           1014           1014        196.511            199        98.9767
           1015           1015        196.673        199.167        98.9761
           1016           1016        196.845        199.333        98.9758
           1017           1017        197.018          199.5        98.9753
           1018           1018        197.182        199.667        98.9747
           1019           1019        197.335        199.833        98.9742
           1020           1020        197.499            200        98.9736
           1021           1021        197.668        200.167         98.973
           1022           1022        197.834        200.333        98.9723
           1023           1023        197.995          200.5        98.9715
           1024           1024        198.159        200.667        98.9706
           1025           1025        198.326        200.833        98.9699
           1026           1026        198.488            201        98.9692
           1027           1027        198.652        201.167        98.9686
           1028           1028        198.813        201.333         98.968
           1029           1029        198.984          201.5        98.9675
           1030           1030        199.144        201.667         98.967
           1031           1031        199.312        201.833        98.9664
           1032           1032         199.47            202         98.966
           1033           1033        199.647        202.167        98.9656
           1034           1034        199.811        202.333         98.965
           1035           1035        199.967          202.5        98.9644
           1036           1036        200.132        202.667        98.9638
           1037           1037          200.3        202.833        98.9633
           1038           1038        200.467            203        98.9628
           1039           1039         200.63        203.167        98.9623
           1040           1040        200.794        203.333        98.9619
           1041           1041        200.963          203.5        98.9614
           1042           1042        201.127        203.667        98.9608
           1043           1043        201.295        203.833        98.9603
           1044           1044        201.455            204        98.9599
           1045           1045         201.62        204.167        98.9594
           1046           1046        201.794        204.333         98.959
           1047           1047         201.96          204.5        98.9585
           1048           1048        202.117        204.667        98.9581
           1049           1049        202.281        204.833        98.9576
           1050           1050        202.444            205        98.9572
           1051           1051         202.62        205.167        98.9568
           1052           1052        202.777        205.333        98.9564
           1053           1053        202.944          205.5        98.9561
           1054           1054         203.11        205.667        98.9559
           1055           1055        203.273        205.833        98.9556
           1056           1056        203.449            206        98.9554
           1057           1057        203.611        206.167        98.9551
           1058           1058         203.77        206.333        98.9548
           1059           1059        203.933          206.5        98.9545
           1060           1060        204.097        206.667         98.954
           1061           1061        204.264        206.833        98.9534
           1062           1062        204.429            207        98.9529
           1063           1063        204.592        207.167        98.9524
           1064           1064        204.754        207.333        98.9519
           1065           1065         204.92          207.5        98.9514
           1066           1066         205.09        207.667         98.951
           1067           1067        205.261        207.833        98.9505
           1068           1068        205.418            208        98.9503
           1069           1069        205.585        208.167          98.95
           1070           1070        205.756        208.333        98.9496
           1071           1071        205.914          208.5        98.9493
           1072           1072        206.071        208.667         98.949
           1073           1073        206.246        208.833        98.9486
           1074           1074         206.41            209        98.9482
           1075           1075        206.576        209.167        98.9477
           1076           1076        206.735        209.333        98.9473
           1077           1077        206.903          209.5        98.9469
           1078           1078        207.072        209.667        98.9466
           1079           1079        207.232        209.833        98.9463
           1080           1080        207.398            210         98.946
           1081           1081        207.568        210.167        98.9458
           1082           1082        207.736        210.333        98.9455
           1083           1083        207.895          210.5        98.9451
           1084           1084        208.058        210.667        98.9447
           1085           1085         208.23        210.833        98.9442
           1086           1086        208.392            211        98.9438
           1087           1087         208.56        211.167        98.9433
           1088           1088        208.728        211.333        98.9427
           1089           1089        208.892          211.5        98.9422
           1090           1090        209.046        211.667        98.9417
           1091           1091        209.217        211.833        98.9412
           1092           1092        209.392            212        98.9407
           1093           1093        209.548        212.167        98.9403
           1094           1094        209.716        212.333          98.94
           1095           1095        209.877          212.5        98.9396
           1096           1096        210.048        212.667        98.9392
           1097           1097        210.211        212.833        98.9388
           1098           1098        210.375            213        98.9384
           1099           1099        210.536        213.167        98.9378
           1100           1100        210.699        213.333        98.9373
           1101           1101        210.868          213.5        98.9366
           1102           1102        211.035        213.667        98.9361
           1103           1103        211.201        213.833        98.9355
           1104           1104        211.372            214         98.935
           1105           1105        211.533        214.167        98.9344
           1106           1106        211.696        214.333        98.9339
           1107           1107        211.865          214.5        98.9334
           1108           1108        212.029        214.667        98.9329
           1109           1109        212.193        214.833        98.9324
           1110           1110        212.362            215        98.9319
           1111           1111        212.529        215.167        98.9314
           1112           1112        212.688        215.333        98.9308
           1113           1113        212.852          215.5        98.9303
           1114           1114        213.013        215.667        98.9296
           1115           1115        213.187        215.833        98.9289
           1116           1116        213.345            216        98.9281
           1117           1117        213.517        216.167        98.9273
           1118           1118        213.683        216.333        98.9264
           1119           1119        213.851          216.5        98.9256
           1120           1120        214.016        216.667        98.9249
           1121           1121        214.178        216.833        98.9242
           1122           1122        214.344            217        98.9237
           1123           1123        214.498        217.167        98.9231
           1124           1124        214.662        217.333        98.9226
           1125           1125        214.829          217.5        98.9221
           1126           1126        214.994        217.667        98.9216
           1127           1127        215.163        217.833         98.921
           1128           1128        215.325            218        98.9204
           1129           1129        215.495        218.167        98.9197
           1130           1130        215.658        218.333        98.9188
           1131           1131        215.821          218.5         98.918
           1132           1132        215.992        218.667        98.9173
           1133           1133        216.158        218.833        98.9167
           1134           1134        216.329            219         98.916
           1135           1135         216.49        219.167        98.9153
           1136           1136        216.656        219.333        98.9146
           1137           1137        216.814          219.5        98.9139
           1138           1138        216.987        219.667        98.9133
           1139           1139        217.153        219.833        98.9127
           1140           1140        217.315            220        98.9121
           1141           1141        217.481        220.167        98.9115
           1142           1142        217.652        220.333         98.911
           1143           1143        217.824          220.5        98.9107
           1144           1144        217.984        220.667        98.9102
           1145           1145        218.153        220.833        98.9098
           1146           1146        218.309            221        98.9093
           1147           1147        218.481        221.167        98.9089
           1148           1148        218.646        221.333        98.9085
           1149           1149        218.817          221.5        98.9081
           1150           1150        218.986        221.667        98.9078
           1151           1151        219.142        221.833        98.9074
           1152           1152        219.305            222        98.9071
           1153           1153        219.474        222.167        98.9067
           1154           1154        219.641        222.333        98.9063
           1155           1155        219.805          222.5        98.9058
           1156           1156        219.973        222.667        98.9053
           1157           1157        220.141        222.833        98.9048
           1158           1158        220.303            223        98.9044
           1159           1159        220.463        223.167        98.9038
           1160           1160        220.625        223.333        98.9033
           1161           1161        220.798          223.5        98.9028
           1162           1162        220.962        223.667        98.9023
           1163           1163        221.138        223.833         98.902
           1164           1164        221.303            224        98.9016
           1165           1165        221.471        224.167        98.9011
           1166           1166        221.636        224.333        98.9006
           1167           1167        221.798          224.5        98.9001
           1168           1168        221.958        224.667        98.8996
           1169           1169        222.123        224.833        98.8992
           1170           1170        222.297            225        98.8988
           1171           1171         222.46        225.167        98.8983
           1172           1172         222.62        225.333        98.8979
           1173           1173        222.787          225.5        98.8974
           1174           1174         222.96        225.667        98.8969
           1175           1175        223.133        225.833        98.8964
           1176           1176        223.287            226         98.896
           1177           1177        223.451        226.167        98.8955
           1178           1178        223.613        226.333         98.895
           1179           1179        223.793          226.5        98.8945
           1180           1180        223.957        226.667        98.8941
           1181           1181        224.112        226.833        98.8937
           1182           1182        224.277            227        98.8932
           1183           1183        224.449        227.167        98.8928
           1184           1184        224.613        227.333        98.8924
           1185           1185        224.781          227.5        98.8919
           1186           1186        224.952        227.667        98.8914
           1187           1187        225.113        227.833        98.8909
           1188           1188        225.277            228        98.8903
           1189           1189        225.445        228.167        98.8897
           1190           1190        225.604        228.333        98.8891
           1191           1191        225.773          228.5        98.8884
           1192           1192        225.949        228.667        98.8876
           1193           1193        226.106        228.833         98.887
           1194           1194        226.273            229        98.8863
           1195           1195        226.441        229.167        98.8857
           1196           1196        226.609        229.333         98.885
           1197           1197        226.779          229.5        98.8844
           1198           1198        226.938        229.667        98.8837
           1199           1199        227.103        229.833        98.8831
           1200           1200         227.27            230        98.8823
           1201           1201        227.439        230.167        98.8817
           1202           1202        227.602        230.333        98.8811
           1203           1203         227.77          230.5        98.8805
           1204           1204         227.93        230.667        98.8798
           1205           1205        228.102        230.833        98.8791
           1206           1206        228.271            231        98.8783
           1207           1207        228.435        231.167        98.8774
           1208           1208        228.596        231.333        98.8765
           1209           1209        228.765          231.5        98.8754
           1210           1210        228.928        231.667        98.8744
           1211           1211        229.097        231.833        98.8734
           1212           1212        229.265            232        98.8723
           1213           1213        229.434        232.167        98.8712
           1214           1214        229.597        232.333        98.8701
           1215           1215        229.764          232.5        98.8691
           1216           1216        229.928        232.667        98.8681
           1217           1217        230.093        232.833        98.8671
           1218           1218         230.26            233        98.8662
           1219           1219         230.42        233.167        98.8654
           1220           1220        230.594        233.333        98.8646
           1221           1221        230.757          233.5         98.864
           1222           1222        230.925        233.667        98.8633
           1223           1223        231.098        233.833        98.8627
           1224           1224        231.263            234        98.8622
           1225           1225        231.423        234.167        98.8616
           1226           1226        231.586        234.333         98.861
           1227           1227         231.75          234.5        98.8604
           1228           1228        231.927        234.667        98.8597
           1229           1229        232.096        234.833         98.859
           1230           1230        232.256            235        98.8584
           1231           1231        232.414        235.167        98.8578
           1232           1232        232.587        235.333        98.8571
           1233           1233        232.754          235.5        98.8565
           1234           1234        232.919        235.667        98.8559
           1235           1235        233.089        235.833        98.8552
           1236           1236        233.264            236        98.8544
           1237           1237        233.427        236.167        98.8536
           1238           1238        233.592        236.333        98.8527
           1239           1239        233.757          236.5        98.8518
           1240           1240        233.924        236.667        98.8508
           1241           1241        234.092        236.833        98.8499
           1242           1242        234.256            237        98.8488
           1243           1243        234.418        237.167        98.8477
           1244           1244        234.585        237.333        98.8466
           1245           1245         234.75          237.5        98.8455
           1246           1246        234.917        237.667        98.8443
           1247           1247        235.085        237.833        98.8433
           1248           1248        235.259            238        98.8422
           1249           1249        235.423        238.167        98.8411
           1250           1250         235.59        238.333        98.8401
           1251           1251        235.755          238.5         98.839
           1252           1252        235.915        238.667        98.8378
           1253           1253        236.083        238.833        98.8367
           1254           1254        236.249            239        98.8354
           1255           1255        236.426        239.167        98.8341
           1256           1256        236.588        239.333        98.8328
           1257           1257        236.754          239.5        98.8315
           1258           1258        236.924        239.667        98.8302
           1259           1259        237.082        239.833        98.8289
           1260           1260         237.26            240        98.8276
           1261           1261        237.416        240.167        98.8263
           1262           1262        237.574        240.333        98.8251
           1263           1263        237.744          240.5         98.824
           1264           1264        237.924        240.667        98.8228
           1265           1265         238.08        240.833        98.8215
           1266           1266        238.245            241        98.8204
           1267           1267        238.421        241.167        98.8192
           1268           1268         238.58        241.333         98.818
           1269           1269        238.748          241.5        98.8168
           1270           1270        238.908        241.667        98.8156
           1271           1271        239.081        241.833        98.8145
           1272           1272        239.248            242        98.8133
           1273           1273        239.409        242.167        98.8121
           1274           1274        239.565        242.333         98.811
           1275           1275        239.745          242.5        98.8098
           1276           1276        239.911        242.667        98.8087
           1277           1277        240.077        242.833        98.8076
           1278           1278        240.242            243        98.8066
           1279           1279        240.407        243.167        98.8055
           1280           1280        240.579        243.333        98.8045
           1281           1281        240.741          243.5        98.8035
           1282           1282        240.907        243.667        98.8025
           1283           1283        241.079        243.833        98.8016
           1284           1284        241.239            244        98.8005
           1285           1285        241.411        244.167        98.7995
           1286           1286        241.576        244.333        98.7984
           1287           1287        241.744          244.5        98.7973
           1288           1288        241.907        244.667        98.7962
           1289           1289        242.072        244.833        98.7951
           1290           1290        242.243            245         98.794
           1291           1291        242.405        245.167         98.793
           1292           1292         242.58        245.333        98.7919
           1293           1293        242.747          245.5        98.7909
           1294           1294        242.921        245.667        98.7899
           1295           1295        243.084        245.833        98.7889
           1296           1296        243.236            246        98.7879
           1297           1297        243.416        246.167        98.7869
           1298           1298        243.578        246.333         98.786
           1299           1299        243.751          246.5        98.7851
           1300           1300        243.913        246.667        98.7842
           1301           1301        244.078        246.833        98.7834
           1302           1302        244.245            247        98.7827
           1303           1303        244.421        247.167         98.782
           1304           1304        244.578        247.333        98.7814
           1305           1305        244.742          247.5        98.7806
           1306           1306        244.923        247.667        98.7799
           1307           1307        245.082        247.833         98.779
           1308           1308        245.239            248        98.7781
           1309           1309        245.419        248.167        98.7773
           1310           1310        245.583        248.333        98.7764
           1311           1311        245.751          248.5        98.7756
           1312           1312        245.916        248.667        98.7746
           1313           1313        246.087        248.833        98.7736
           1314           1314        246.247            249        98.7726
           1315           1315        246.417        249.167        98.7717
           1316           1316        246.592        249.333        98.7708
           1317           1317        246.743          249.5        98.7699
           1318           1318        246.922        249.667        98.7689
           1319           1319        247.081        249.833        98.7679
           1320           1320        247.253            250        98.7669
           1321           1321        247.418        250.167        98.7658
           1322           1322        247.592        250.333        98.7647
           1323           1323        247.762          250.5        98.7636
           1324           1324         247.93        250.667        98.7623
           1325           1325        248.087        250.833        98.7612
           1326           1326        248.246            251          98.76
           1327           1327        248.425        251.167        98.7589
           1328           1328        248.591        251.333        98.7577
           1329           1329         248.76          251.5        98.7565
           1330           1330        248.918        251.667        98.7552
           1331           1331        249.082        251.833        98.7539
           1332           1332        249.258            252        98.7523
           1333           1333         249.42        252.167        98.7507
           1334           1334        249.586        252.333        98.7491
           1335           1335        249.755          252.5        98.7475
           1336           1336        249.924        252.667        98.7459
           1337           1337        250.084        252.833        98.7441
           1338           1338        250.251            253        98.7424
           1339           1339        250.438        253.167        98.7408
           1340           1340        250.598        253.333        98.7391
           1341           1341         250.76          253.5        98.7375
           1342           1342        250.928        253.667        98.7359
           1343           1343        251.093        253.833        98.7343
           1344           1344        251.256            254        98.7326
           1345           1345        251.429        254.167        98.7311
           1346           1346        251.598        254.333        98.7295
           1347           1347        251.765          254.5        98.7279
           1348           1348        251.937        254.667        98.7262
           1349           1349        252.095        254.833        98.7245
           1350           1350        252.271            255        98.7228
           1351           1351        252.436        255.167        98.7212
           1352           1352        252.599        255.333        98.7196
           1353           1353        252.763          255.5        98.7181
           1354           1354        252.929        255.667        98.7164
           1355           1355        253.098        255.833        98.7148
           1356           1356        253.266            256        98.7131
           1357           1357         253.43        256.167        98.7114
           1358           1358          253.6        256.333        98.7098
           1359           1359        253.756          256.5        98.7082
           1360           1360        253.931        256.667        98.7066
           1361           1361          254.1        256.833         98.705
           1362           1362        254.268            257        98.7033
           1363           1363        254.433        257.167        98.7016
           1364           1364        254.597        257.333           98.7
           1365           1365        254.769          257.5        98.6982
           1366           1366        254.934        257.667        98.6965
           1367           1367        255.098        257.833        98.6948
           1368           1368        255.266            258         98.693
           1369           1369         255.43        258.167        98.6913
           1370           1370        255.598        258.333        98.6894
           1371           1371        255.773          258.5        98.6876
           1372           1372        255.943        258.667        98.6857
           1373           1373        256.102        258.833        98.6838
           1374           1374        256.266            259        98.6817
           1375           1375         256.44        259.167        98.6798
           1376           1376         256.61        259.333        98.6778
           1377           1377         256.77          259.5        98.6758
           1378           1378        256.933        259.667        98.6739
           1379           1379        257.107        259.833        98.6719
           1380           1380        257.274            260          98.67
           1381           1381         257.44        260.167        98.6679
           1382           1382        257.599        260.333        98.6659
           1383           1383         257.77          260.5         98.664
           1384           1384        257.928        260.667         98.662
           1385           1385        258.099        260.833        98.6601
           1386           1386        258.268            261        98.6582
           1387           1387        258.443        261.167        98.6562
           1388           1388        258.612        261.333        98.6542
           1389           1389         258.78          261.5        98.6522
           1390           1390        258.952        261.667        98.6503
           1391           1391        259.116        261.833        98.6483
           1392           1392         259.28            262        98.6463
           1393           1393        259.442        262.167        98.6443
           1394           1394         259.61        262.333        98.6423
           1395           1395        259.783          262.5        98.6402
           1396           1396        259.945        262.667         98.638
           1397           1397        260.115        262.833        98.6359
           1398           1398        260.292            263        98.6336
           1399           1399        260.447        263.167        98.6314
           1400           1400        260.622        263.333        98.6291
           1401           1401        260.788          263.5        98.6267
           1402           1402        260.948        263.667        98.6243
           1403           1403        261.129        263.833        98.6218
           1404           1404        261.292            264        98.6193
           1405           1405        261.452        264.167        98.6169
           1406           1406        261.616        264.333        98.6145
           1407           1407        261.791          264.5        98.6121
           1408           1408        261.965        264.667        98.6096
           1409           1409        262.124        264.833        98.6072
           1410           1410        262.292            265        98.6048
           1411           1411        262.456        265.167        98.6026
           1412           1412        262.634        265.333        98.6003
           1413           1413        262.792          265.5         98.598
           1414           1414        262.957        265.667        98.5958
           1415           1415        263.133        265.833        98.5937
           1416           1416        263.296            266        98.5916
           1417           1417         263.46        266.167        98.5894
           1418           1418        263.632        266.333        98.5871
           1419           1419        263.799          266.5        98.5847
           1420           1420        263.965        266.667        98.5823
           1421           1421        264.142        266.833        98.5798
           1422           1422         264.31            267        98.5772
           1423           1423        264.475        267.167        98.5744
           1424           1424        264.635        267.333        98.5717
           1425           1425        264.799          267.5         98.569
           1426           1426         264.97        267.667        98.5663
           1427           1427        265.142        267.833        98.5635
           1428           1428         265.31            268        98.5606
           1429           1429        265.465        268.167        98.5577
           1430           1430        265.643        268.333        98.5547
           1431           1431        265.807          268.5        98.5514
           1432           1432        265.972        268.667        98.5481
           1433           1433        266.148        268.833        98.5447
           1434           1434        266.308            269        98.5413
           1435           1435        266.477        269.167        98.5378
           1436           1436        266.646        269.333        98.5342
           1437           1437        266.808          269.5        98.5306
           1438           1438        266.981        269.667        98.5271
           1439           1439        267.138        269.833        98.5235
           1440           1440        267.312            270        98.5199
           1441           1441        267.482        270.167        98.5163
           1442           1442        267.649        270.333        98.5127
           1443           1443        267.819          270.5        98.5091
           1444           1444        267.982        270.667        98.5052
           1445           1445        268.147        270.833        98.5015
           1446           1446        268.307            271        98.4978
           1447           1447        268.482        271.167        98.4942
           1448           1448        268.658        271.333        98.4905
           1449           1449        268.826          271.5        98.4868
           1450           1450        268.991        271.667        98.4831
           1451           1451        269.155        271.833        98.4793
           1452           1452        269.327            272        98.4757
           1453           1453        269.492        272.167        98.4721
           1454           1454         269.66        272.333        98.4684
           1455           1455        269.832          272.5        98.4648
           1456           1456        269.996        272.667         98.461
           1457           1457        270.163        272.833        98.4572
           1458           1458        270.328            273        98.4534
           1459           1459        270.494        273.167        98.4496
           1460           1460        270.655        273.333        98.4456
           1461           1461        270.829          273.5        98.4417
           1462           1462        270.996        273.667        98.4378
           1463           1463        271.152        273.833         98.434
           1464           1464        271.329            274        98.4302
           1465           1465        271.496        274.167        98.4263
           1466           1466         271.67        274.333        98.4224
           1467           1467        271.839          274.5        98.4184
           1468           1468        272.007        274.667        98.4144
           1469           1469        272.165        274.833        98.4102
           1470           1470        272.339            275         98.406
           1471           1471        272.499        275.167        98.4018
           1472           1472        272.671        275.333        98.3975
           1473           1473        272.835          275.5        98.3929
           1474           1474        273.002        275.667        98.3884
           1475           1475        273.175        275.833        98.3839
           1476           1476        273.334            276        98.3794
           1477           1477        273.499        276.167        98.3747
           1478           1478        273.659        276.333        98.3701
           1479           1479        273.826          276.5        98.3654
           1480           1480        273.998        276.667        98.3607
           1481           1481        274.164        276.833        98.3559
           1482           1482        274.338            277        98.3511
           1483           1483        274.498        277.167        98.3462
           1484           1484        274.679        277.333        98.3414
           1485           1485        274.832          277.5        98.3364
           1486           1486        275.004        277.667        98.3315
           1487           1487        275.169        277.833        98.3265
           1488           1488         275.34            278        98.3215
           1489           1489        275.508        278.167        98.3164
           1490           1490        275.676        278.333        98.3111
           1491           1491         275.84          278.5        98.3058
           1492           1492        276.006        278.667        98.3005
           1493           1493        276.173        278.833        98.2947
           1494           1494        276.349            279        98.2891
           1495           1495         276.51        279.167        98.2834
           1496           1496        276.689        279.333        98.2776
           1497           1497        276.858          279.5        98.2718
           1498           1498         277.02        279.667        98.2661
           1499           1499         277.19        279.833        98.2603
           1500           1500        277.358            280        98.2543
           1501           1501        277.524        280.167        98.2483
           1502           1502          277.7        280.333        98.2422
           1503           1503        277.863          280.5         98.236
           1504           1504        278.028        280.667        98.2297
           1505           1505        278.197        280.833        98.2233
           1506           1506        278.364            281        98.2166
           1507           1507        278.527        281.167        98.2101
           1508           1508        278.696        281.333        98.2035
           1509           1509        278.869          281.5        98.1969
           1510           1510        279.036        281.667        98.1901
           1511           1511        279.201        281.833        98.1833
           1512           1512        279.365            282        98.1764
           1513           1513        279.532        282.167        98.1695
           1514           1514        279.706        282.333        98.1624
           1515           1515        279.867          282.5        98.1554
           1516           1516        280.036        282.667        98.1484
           1517           1517        280.204        282.833        98.1413
           1518           1518        280.373            283         98.134
           1519           1519        280.534        283.167        98.1266
           1520           1520        280.707        283.333        98.1192
           1521           1521        280.869          283.5        98.1117
           1522           1522        281.039        283.667        98.1036
           1523           1523        281.201        283.833        98.0957
           1524           1524        281.377            284        98.0877
           1525           1525        281.543        284.167        98.0796
           1526           1526        281.707        284.333        98.0712
           1527           1527        281.878          284.5        98.0629
           1528           1528        282.041        284.667        98.0546
           1529           1529        282.211        284.833        98.0462
           1530           1530        282.372            285        98.0378
           1531           1531        282.546        285.167        98.0295
           1532           1532        282.712        285.333        98.0212
           1533           1533        282.885          285.5        98.0129
           1534           1534        283.043        285.667        98.0044
           1535           1535        283.211        285.833        97.9958
           1536           1536        283.379            286         97.987
           1537           1537        283.547        286.167         97.978
           1538           1538        283.712        286.333         97.969
           1539           1539        283.884          286.5        97.9594
           1540           1540        284.057        286.667        97.9499
           1541           1541        284.221        286.833        97.9403
           1542           1542         284.39            287        97.9307
           1543           1543        284.555        287.167        97.9206
           1544           1544        284.717        287.333        97.9105
           1545           1545        284.889          287.5        97.9004
           1546           1546        285.054        287.667          97.89
           1547           1547        285.212        287.833        97.8791
           1548           1548        285.382            288        97.8683
           1549           1549        285.563        288.167        97.8573
           1550           1550        285.732        288.333        97.8463
           1551           1551        285.889          288.5        97.8347
           1552           1552        286.061        288.667        97.8232
           1553           1553        286.227        288.833        97.8115
           1554           1554        286.394            289        97.7998
           1555           1555        286.564        289.167        97.7878
           1556           1556        286.731        289.333        97.7758
           1557           1557        286.896          289.5        97.7637
           1558           1558         287.06        289.667        97.7514
           1559           1559        287.226        289.833        97.7388
           1560           1560        287.404            290        97.7262
           1561           1561        287.561        290.167        97.7135
           1562           1562        287.729        290.333        97.7007
           1563           1563          287.9          290.5        97.6875
           1564           1564        288.065        290.667        97.6744
           1565           1565        288.229        290.833        97.6612
           1566           1566        288.404            291        97.6478
           1567           1567        288.568        291.167        97.6344
           1568           1568        288.725        291.333        97.6206
           1569           1569        288.893          291.5        97.6068
           1570           1570        289.065        291.667        97.5928
           1571           1571        289.245        291.833        97.5787
           1572           1572        289.408            292         97.564
           1573           1573        289.573        292.167        97.5493
           1574           1574        289.742        292.333        97.5345
           1575           1575         289.91          292.5        97.5197
           1576           1576        290.077        292.667        97.5043
           1577           1577        290.245        292.833         97.489
           1578           1578        290.416            293        97.4736
           1579           1579        290.583        293.167         97.458
           1580           1580        290.745        293.333        97.4419
           1581           1581        290.909          293.5        97.4258
           1582           1582        291.083        293.667        97.4095
           1583           1583        291.251        293.833        97.3931
           1584           1584         291.42            294         97.376
           1585           1585        291.587        294.167        97.3589
           1586           1586        291.756        294.333        97.3418
           1587           1587        291.932          294.5        97.3245
           1588           1588          292.1        294.667        97.3068
           1589           1589        292.259        294.833        97.2891
           1590           1590        292.426            295        97.2715
           1591           1591          292.6        295.167        97.2537
           1592           1592        292.769        295.333        97.2355
           1593           1593        292.938          295.5        97.2174
           1594           1594        293.098        295.667         97.199
           1595           1595         293.27        295.833        97.1805
           1596           1596         293.43            296        97.1614
           1597           1597        293.606        296.167        97.1422
           1598           1598        293.771        296.333        97.1229
           1599           1599        293.943          296.5        97.1033
           1600           1600         294.11        296.667        97.0836
           1601           1601        294.275        296.833        97.0628
           1602           1602        294.433            297        97.0421
           1603           1603        294.611        297.167        97.0212
           1604           1604        294.778        297.333        97.0002
           1605           1605        294.944          297.5        96.9783
           1606           1606        295.116        297.667        96.9566
           1607           1607         295.28        297.833        96.9349
           1608           1608        295.447            298        96.9131
           1609           1609        295.628        298.167        96.8909
           1610           1610        295.789        298.333        96.8688
           1611           1611        295.948          298.5        96.8466
           1612           1612        296.111        298.667        96.8244
           1613           1613        296.282        298.833         96.802
           1614           1614        296.447            299        96.7796
           1615           1615        296.621        299.167        96.7572
           1616           1616        296.788        299.333        96.7346
           1617           1617         296.96          299.5        96.7118
           1618           1618        297.124        299.667        96.6889
           1619           1619        297.292        299.833         96.666
           1620           1620        297.465            300        96.6431
           1621           1621        297.632        300.167        96.6196
           1622           1622        297.798        300.333        96.5962
           1623           1623        297.962          300.5        96.5728
           1624           1624         298.13        300.667        96.5492
           1625           1625        298.294        300.833        96.5252
           1626           1626        298.471            301        96.5013
           1627           1627        298.638        301.167        96.4771
           1628           1628        298.803        301.333        96.4527
           1629           1629        298.978          301.5        96.4277
           1630           1630        299.147        301.667        96.4026
           1631           1631        299.308        301.833        96.3773
           1632           1632        299.479            302        96.3517
           1633           1633        299.643        302.167        96.3259
           1634           1634        299.812        302.333        96.2989
           1635           1635        299.987          302.5        96.2721
           1636           1636        300.151        302.667        96.2452
           1637           1637        300.317        302.833        96.2181
           1638           1638        300.485            303        96.1899
           1639           1639        300.658        303.167        96.1618
           1640           1640        300.821        303.333        96.1335
           1641           1641        300.984          303.5         96.105
           1642           1642        301.161        303.667        96.0756
           1643           1643        301.324        303.833        96.0464
           1644           1644        301.484            304        96.0171
           1645           1645        301.654        304.167        95.9877
           1646           1646        301.821        304.333        95.9576
           1647           1647        301.984          304.5        95.9275
           1648           1648        302.154        304.667        95.8974
           1649           1649        302.327        304.833        95.8672
           1650           1650        302.499            305        95.8362
           1651           1651        302.662        305.167        95.8052
           1652           1652        302.827        305.333         95.774
           1653           1653        302.998          305.5        95.7426
           1654           1654         303.17        305.667        95.7103
           1655           1655        303.328        305.833        95.6781
           1656           1656        303.491            306        95.6457
           1657           1657         303.66        306.167         95.613
           1658           1658        303.835        306.333        95.5792
           1659           1659        304.004          306.5        95.5455
           1660           1660        304.175        306.667        95.5116
           1661           1661        304.339        306.833        95.4774
           1662           1662        304.501            307         95.442
           1663           1663        304.676        307.167        95.4068
           1664           1664        304.842        307.333        95.3714
           1665           1665        305.009          307.5        95.3356
           1666           1666        305.177        307.667        95.2997
           1667           1667         305.35        307.833        95.2626
           1668           1668        305.517            308        95.2258
           1669           1669        305.677        308.167        95.1888
           1670           1670         305.85        308.333        95.1515
           1671           1671        306.013          308.5        95.1132
           1672           1672        306.176        308.667         95.075
           1673           1673        306.351        308.833        95.0367
           1674           1674        306.521            309        94.9982
           1675           1675        306.692        309.167        94.9586
           1676           1676        306.858        309.333        94.9193
           1677           1677        307.022          309.5        94.8798
           1678           1678        307.182        309.667        94.8401
           1679           1679        307.354        309.833        94.7996
           1680           1680        307.515            310        94.7591
           1681           1681        307.683        310.167        94.7185
           1682           1682        307.848        310.333        94.6779
           1683           1683        308.031          310.5        94.6365
           1684           1684        308.195        310.667        94.5954
           1685           1685        308.365        310.833        94.5542
           1686           1686        308.527            311        94.5127
           1687           1687        308.695        311.167        94.4706
           1688           1688         308.86        311.333        94.4283
           1689           1689        309.029          311.5        94.3859
           1690           1690        309.201        311.667        94.3432
           1691           1691        309.368        311.833        94.2995
           1692           1692        309.527            312         94.256
           1693           1693        309.696        312.167        94.2123
           1694           1694        309.867        312.333        94.1685
           1695           1695        310.037          312.5         94.124
           1696           1696         310.21        312.667        94.0796
           1697           1697        310.376        312.833        94.0349
           1698           1698        310.534            313        93.9899
           1699           1699        310.701        313.167        93.9448
           1700           1700        310.879        313.333        93.8987
           1701           1701        311.042          313.5        93.8527
           1702           1702        311.204        313.667        93.8064
           1703           1703        311.372        313.833        93.7598
           1704           1704        311.545            314        93.7119
           1705           1705         311.71        314.167         93.664
           1706           1706        311.886        314.333        93.6158
           1707           1707        312.045          314.5        93.5673
           1708           1708         312.21        314.667        93.5171
           1709           1709        312.383        314.833        93.4674
           1710           1710         312.55            315        93.4175
           1711           1711        312.724        315.167        93.3674
           1712           1712        312.891        315.333        93.3164
           1713           1713        313.055          315.5        93.2656
           1714           1714        313.223        315.667        93.2147
           1715           1715        313.387        315.833        93.1639
           1716           1716        313.558            316        93.1127
           1717           1717        313.726        316.167        93.0617
           1718           1718        313.896        316.333        93.0105
           1719           1719        314.061          316.5        92.9592
           1720           1720        314.228        316.667        92.9075
           1721           1721        314.397        316.833        92.8554
           1722           1722        314.567            317        92.8029
           1723           1723        314.728        317.167        92.7502
           1724           1724        314.901        317.333        92.6958
           1725           1725        315.069          317.5        92.6415
           1726           1726        315.236        317.667        92.5868
           1727           1727        315.412        317.833        92.5318
           1728           1728        315.569            318        92.4749
           1729           1729        315.741        318.167        92.4183
           1730           1730        315.908        318.333        92.3614
           1731           1731         316.07          318.5        92.3038
           1732           1732        316.237        318.667         92.246
           1733           1733        316.406        318.833        92.1868
           1734           1734        316.574            319         92.128
           1735           1735         316.75        319.167        92.0693
           1736           1736        316.911        319.333        92.0104
           1737           1737        317.077          319.5        91.9511
           1738           1738        317.246        319.667        91.8919
           1739           1739        317.415        319.833        91.8325
           1740           1740        317.588            320         91.773
           1741           1741        317.755        320.167         91.713
           1742           1742        317.916        320.333         91.653
           1743           1743        318.084          320.5        91.5927
           1744           1744        318.257        320.667        91.5322
           1745           1745        318.422        320.833        91.4707
           1746           1746        318.583            321        91.4091
           1747           1747        318.751        321.167        91.3472
           1748           1748         318.92        321.333         91.285
           1749           1749        319.086          321.5        91.2212
           1750           1750        319.251        321.667        91.1575
           1751           1751        319.425        321.833        91.0933
           1752           1752        319.585            322        91.0288
           1753           1753        319.753        322.167        90.9625
           1754           1754        319.924        322.333        90.8965
           1755           1755        320.085          322.5        90.8302
           1756           1756        320.251        322.667        90.7637
           1757           1757        320.424        322.833        90.6956
           1758           1758        320.584            323         90.628
           1759           1759        320.749        323.167        90.5602
           1760           1760        320.926        323.333        90.4924
           1761           1761        321.085          323.5        90.4239
           1762           1762        321.252        323.667        90.3557
           1763           1763        321.421        323.833        90.2874
           1764           1764        321.589            324        90.2188
           1765           1765        321.758        324.167        90.1499
           1766           1766        321.925        324.333          90.08
           1767           1767        322.077          324.5        90.0097
           1768           1768        322.253        324.667        89.9389
           1769           1769        322.418        324.833        89.8677
           1770           1770        322.588            325        89.7943
           1771           1771         322.76        325.167        89.7215
           1772           1772        322.924        325.333        89.6481
           1773           1773         323.09          325.5        89.5743
           1774           1774        323.261        325.667        89.4988
           1775           1775        323.428        325.833        89.4235
           1776           1776        323.594            326         89.348
           1777           1777        323.758        326.167        89.2723
           1778           1778        323.927        326.333         89.195
           1779           1779        324.089          326.5        89.1181
           1780           1780        324.263        326.667        89.0409
           1781           1781        324.435        326.833        88.9633
           1782           1782        324.602            327        88.8846
           1783           1783        324.767        327.167         88.806
           1784           1784        324.938        327.333        88.7271
           1785           1785        325.104          327.5         88.648
           1786           1786        325.267        327.667        88.5677
           1787           1787        325.445        327.833        88.4879
           1788           1788        325.613            328        88.4079
           1789           1789        325.775        328.167        88.3278
           1790           1790        325.939        328.333        88.2469
           1791           1791        326.107          328.5        88.1659
           1792           1792        326.278        328.667        88.0844
           1793           1793        326.444        328.833        88.0027
           1794           1794        326.617            329        87.9196
           1795           1795        326.789        329.167        87.8365
           1796           1796        326.954        329.333        87.7528
           1797           1797        327.116          329.5        87.6686
           1798           1798        327.285        329.667        87.5838
           1799           1799        327.453        329.833        87.4967
           1800           1800        327.628            330        87.4099
           1801           1801        327.794        330.167        87.3226
           1802           1802        327.954        330.333        87.2349
           1803           1803        328.121          330.5        87.1448
           1804           1804         328.29        330.667        87.0552
           1805           1805        328.457        330.833        86.9654
           1806           1806        328.629            331        86.8753
           1807           1807         328.79        331.167        86.7835
           1808           1808        328.954        331.333        86.6921
           1809           1809        329.129          331.5        86.6004
           1810           1810        329.297        331.667        86.5084
           1811           1811         329.46        331.833         86.415
           1812           1812        329.625            332        86.3214
           1813           1813        329.799        332.167        86.2273
           1814           1814        329.966        332.333        86.1328
           1815           1815        330.137          332.5        86.0363
           1816           1816        330.301        332.667        85.9401
           1817           1817        330.471        332.833        85.8436
           1818           1818        330.629            333        85.7468
           1819           1819        330.804        333.167         85.648
           1820           1820        330.972        333.333        85.5496
           1821           1821        331.143          333.5        85.4511
           1822           1822         331.32        333.667        85.3524
           1823           1823         331.48        333.833        85.2532
           1824           1824        331.652            334        85.1547
           1825           1825        331.811        334.167        85.0564
           1826           1826        331.988        334.333        84.9581
           1827           1827        332.158          334.5        84.8603
           1828           1828        332.322        334.667        84.7617
           1829           1829        332.489        334.833        84.6623
           1830           1830        332.653            335        84.5624
           1831           1831        332.817        335.167        84.4603
           1832           1832        332.989        335.333         84.358
           1833           1833        333.162          335.5        84.2549
           1834           1834        333.327        335.667        84.1512
           1835           1835        333.495        335.833        84.0443
           1836           1836        333.661            336        83.9383
           1837           1837        333.826        336.167        83.8321
           1838           1838        333.994        336.333        83.7255
           1839           1839         334.16          336.5        83.6171
           1840           1840        334.329        336.667         83.509
           1841           1841        334.498        336.833        83.4006
           1842           1842        334.665            337        83.2918
           1843           1843        334.829        337.167        83.1815
           1844           1844        334.999        337.333        83.0713
           1845           1845        335.172          337.5         82.961
           1846           1846        335.325        337.667        82.8503
           1847           1847        335.495        337.833        82.7381
           1848           1848         335.67            338        82.6263
           1849           1849        335.835        338.167        82.5143
           1850           1850        335.998        338.333        82.4019
           1851           1851        336.163          338.5        82.2885
           1852           1852        336.335        338.667        82.1753
           1853           1853        336.499        338.833         82.062
           1854           1854        336.663            339        81.9486
           1855           1855         336.84        339.167        81.8343
           1856           1856        337.011        339.333        81.7203
           1857           1857        337.177          339.5        81.6062
           1858           1858        337.338        339.667        81.4922
           1859           1859        337.507        339.833        81.3777
           1860           1860        337.676            340        81.2632
           1861           1861        337.845        340.167        81.1485
           1862           1862        338.007        340.333        81.0337
           1863           1863        338.183          340.5        80.9187
           1864           1864        338.347        340.667        80.8036
           1865           1865        338.518        340.833        80.6883
           1866           1866        338.685            341         80.573
           1867           1867        338.854        341.167        80.4571
           1868           1868        339.021        341.333        80.3412
           1869           1869        339.199          341.5        80.2249
           1870           1870         339.37        341.667        80.1084
           1871           1871        339.538        341.833        79.9905
           1872           1872        339.698            342        79.8724
           1873           1873         339.87        342.167        79.7536
           1874           1874        340.035        342.333        79.6342
           1875           1875        340.201          342.5        79.5122
           1876           1876         340.37        342.667        79.3903
           1877           1877        340.538        342.833        79.2677
           1878           1878        340.702            343        79.1444
           1879           1879        340.875        343.167        79.0177
           1880           1880        341.046        343.333        78.8914
           1881           1881         341.21          343.5         78.764
           1882           1882        341.374        343.667        78.6354
           1883           1883        341.544        343.833        78.5012
           1884           1884        341.715            344         78.367
           1885           1885        341.892        344.167        78.2316
           1886           1886        342.061        344.333        78.0954
           1887           1887        342.229          344.5        77.9534
           1888           1888        342.396        344.667        77.8138
           1889           1889         342.56        344.833        77.6742
           1890           1890        342.734            345        77.5345
           1891           1891        342.901        345.167         77.394
           1892           1892         343.07        345.333        77.2539
           1893           1893        343.233          345.5         77.114
           1894           1894        343.401        345.667        76.9743
           1895           1895        343.573        345.833        76.8349
           1896           1896        343.736            346        76.6957
           1897           1897         343.91        346.167        76.5565
           1898           1898        344.078        346.333        76.4175
           1899           1899        344.242          346.5        76.2791
           1900           1900        344.402        346.667        76.1404
           1901           1901         344.57        346.833        76.0015
           1902           1902        344.745            347        75.8627
           1903           1903        344.919        347.167         75.724
           1904           1904        345.086        347.333        75.5858
           1905           1905        345.248          347.5         75.448
           1906           1906         345.42        347.667        75.3106
           1907           1907        345.591        347.833        75.1745
           1908           1908        345.755            348        75.0383
           1909           1909        345.924        348.167        74.9023
           1910           1910        346.091        348.333        74.7663
           1911           1911        346.264          348.5        74.6311
           1912           1912        346.429        348.667         74.495
           1913           1913        346.603        348.833        74.3585
           1914           1914        346.776            349        74.2219
           1915           1915         346.94        349.167        74.0839
           1916           1916        347.112        349.333        73.9462
           1917           1917        347.278          349.5        73.8083
           1918           1918         347.44        349.667        73.6704
           1919           1919        347.608        349.833        73.5319
           1920           1920        347.786            350        73.3939
           1921           1921        347.955        350.167        73.2559
           1922           1922        348.123        350.333        73.1181
           1923           1923        348.289          350.5        72.9804
           1924           1924        348.461        350.667        72.8426
           1925           1925        348.632        350.833        72.7049
           1926           1926        348.802            351        72.5674
           1927           1927        348.975        351.167          72.43
           1928           1928        349.139        351.333        72.2924
           1929           1929        349.313          351.5        72.1548
           1930           1930        349.484        351.667        72.0169
           1931           1931        349.639        351.833        71.8789
           1932           1932        349.821            352        71.7403
           1933           1933         349.98        352.167        71.6017
           1934           1934        350.154        352.333         71.463
           1935           1935         350.33          352.5        71.3244
           1936           1936        350.494        352.667        71.1856
           1937           1937        350.657        352.833        71.0472
           1938           1938        350.826            353        70.9088
           1939           1939        350.997        353.167        70.7704
           1940           1940        351.169        353.333        70.6321
           1941           1941        351.333          353.5        70.4932
           1942           1942        351.505        353.667        70.3541
           1943           1943        351.676        353.833        70.2148
           1944           1944        351.839            354        70.0744
           1945           1945        352.006        354.167        69.9345
           1946           1946        352.178        354.333        69.7945
           1947           1947        352.344          354.5        69.6545
           1948           1948        352.507        354.667        69.5143
           1949           1949        352.678        354.833        69.3741
           1950           1950        352.852            355        69.2337
           1951           1951        353.023        355.167        69.0931
           1952           1952        353.193        355.333        68.9518
           1953           1953        353.363          355.5        68.8104
           1954           1954        353.519        355.667        68.6689
           1955           1955        353.693        355.833        68.5274
           1956           1956        353.872            356        68.3849
           1957           1957        354.038        356.167        68.2425
           1958           1958        354.206        356.333        68.0999
           1959           1959        354.363          356.5        67.9572
           1960           1960         354.54        356.667        67.8137
           1961           1961        354.709        356.833        67.6703
           1962           1962        354.874            357        67.5266
           1963           1963        355.041        357.167        67.3827
           1964           1964        355.206        357.333        67.2384
           1965           1965        355.376          357.5        67.0932
           1966           1966        355.551        357.667         66.948
           1967           1967        355.723        357.833        66.8026
           1968           1968         355.89            358         66.657
           1969           1969        356.058        358.167        66.5101
           1970           1970        356.224        358.333        66.3633
           1971           1971        356.395          358.5        66.2164
           1972           1972        356.564        358.667        66.0694
           1973           1973        356.733        358.833        65.9212
           1974           1974        356.899            359        65.7733
           1975           1975        357.072        359.167        65.6252
           1976           1976         357.24        359.333        65.4768
           1977           1977        357.412          359.5        65.3275
           1978           1978        357.572        359.667        65.1783
           1979           1979        357.745        359.833        65.0289
           1980           1980        357.908            360        64.8794
           1981           1981        358.071        360.167        64.7285
           1982           1982        358.239        360.333        64.5776
           1983           1983        358.412          360.5        64.4263
           1984           1984        358.582        360.667        64.2744
           1985           1985        358.754        360.833        64.1204
           1986           1986        358.911            361        63.9665
           1987           1987        359.084        361.167        63.8125
           1988           1988        359.257        361.333        63.6583
           1989           1989        359.427          361.5        63.5029
           1990           1990        359.599        361.667        63.3485
           1991           1991        359.761        361.833        63.1946
           1992           1992        359.929            362        63.0409
           1993           1993        360.104        362.167        62.8884
           1994           1994        360.272        362.333        62.7353
           1995           1995        360.443          362.5        62.5822
           1996           1996        360.615        362.667        62.4292
           1997           1997        360.788        362.833        62.2761
           1998           1998        360.955            363        62.1231
           1999           1999        361.114        363.167        61.9699
           2000           2000        361.293        363.333        61.8167
           2001           2001        361.455          363.5        61.6634
           2002           2002        361.625        363.667        61.5101
           2003           2003        361.783        363.833        61.3571
           2004           2004        361.956            364        61.2042
           2005           2005        362.124        364.167        61.0513
           2006           2006        362.299        364.333        60.8988
           2007           2007        362.465          364.5         60.746
           2008           2008        362.629        364.667        60.5929
           2009           2009        362.802        364.833        60.4397
           2010           2010        362.973            365        60.2863
           2011           2011        363.133        365.167        60.1328
           2012           2012        363.305        365.333        59.9793
           2013           2013        363.477          365.5        59.8257
           2014           2014        363.638        365.667        59.6719
           2015           2015        363.796        365.833        59.5185
           2016           2016        363.965            366        59.3656
           2017           2017        364.136        366.167        59.2129
           2018           2018        364.297        366.333        59.0608
           2019           2019        364.466          366.5        58.9085
           2020           2020        364.637        366.667        58.7558
           2021           2021        364.809        366.833        58.6028
           2022           2022        364.974            367        58.4485
           2023           2023        365.136        367.167        58.2931
           2024           2024        365.308        367.333        58.1366
           2025           2025        365.482          367.5        57.9792
           2026           2026        365.645        367.667        57.8157
           2027           2027         365.81        367.833        57.6519
           2028           2028        365.985            368        57.4862
           2029           2029         366.15        368.167         57.319
           2030           2030        366.326        368.333        57.1514
           2031           2031        366.492          368.5        56.9795
           2032           2032        366.666        368.667         56.812
           2033           2033        366.836        368.833        56.6467
           2034           2034        367.005            369        56.4823
           2035           2035        367.166        369.167        56.3243
           2036           2036        367.339        369.333        56.1651
           2037           2037        367.504          369.5        56.0067
           2038           2038        367.669        369.667        55.8492
           2039           2039        367.841        369.833        55.6964
           2040           2040        368.011            370        55.5419
           2041           2041         368.18        370.167        55.3876
           2042           2042        368.346        370.333        55.2337
           2043           2043         368.52          370.5        55.0813
           2044           2044        368.686        370.667        54.9284
           2045           2045        368.857        370.833        54.7753
           2046           2046        369.033            371        54.6222
           2047           2047        369.198        371.167        54.4696
           2048           2048        369.368        371.333        54.3171
           2049           2049         369.54          371.5         54.165
           2050           2050        369.703        371.667        54.0132
           2051           2051        369.878        371.833        53.8628
           2052           2052        370.051            372        53.7132
           2053           2053        370.219        372.167        53.5649
           2054           2054        370.388        372.333        53.4174
           2055           2055        370.557          372.5        53.2742
           2056           2056        370.732        372.667        53.1308
           2057           2057          370.9        372.833        52.9884
           2058           2058        371.073            373        52.8468
           2059           2059        371.245        373.167        52.7102
           2060           2060        371.417        373.333        52.5727
           2061           2061        371.585          373.5        52.4361
           2062           2062        371.759        373.667        52.3007
           2063           2063        371.926        373.833        52.1662
           2064           2064        372.091            374        52.0363
           2065           2065        372.267        374.167        51.9056
           2066           2066        372.432        374.333        51.7757
           2067           2067        372.605          374.5        51.6467
           2068           2068        372.775        374.667        51.5221
           2069           2069        372.948        374.833         51.397
           2070           2070        373.122            375        51.2729
           2071           2071         373.29        375.167        51.1497
           2072           2072        373.461        375.333        51.0313
           2073           2073        373.624          375.5        50.9123
           2074           2074        373.801        375.667        50.7941
           2075           2075        373.967        375.833        50.6769
           2076           2076        374.144            376        50.5643
           2077           2077        374.315        376.167         50.451
           2078           2078        374.479        376.333        50.3387
           2079           2079        374.656          376.5        50.2272
           2080           2080        374.824        376.667          50.12
           2081           2081        374.988        376.833         50.012
           2082           2082        375.161            377        49.9046
           2083           2083         375.34        377.167        49.7979
           2084           2084        375.501        377.333        49.6945
           2085           2085        375.669          377.5        49.5904
           2086           2086        375.837        377.667        49.4869
           2087           2087        376.006        377.833        49.3838
           2088           2088        376.176            378        49.2833
           2089           2089        376.345        378.167        49.1821
           2090           2090        376.518        378.333        49.0814
           2091           2091        376.674          378.5         48.981
           2092           2092        376.843        378.667        48.8825
           2093           2093        377.022        378.833        48.7837
           2094           2094        377.188            379        48.6852
           2095           2095        377.356        379.167        48.5871
           2096           2096        377.522        379.333        48.4893
           2097           2097        377.698          379.5        48.3931
           2098           2098        377.871        379.667        48.2964
           2099           2099        378.043        379.833        48.1999
           2100           2100        378.204            380        48.1036
           2101           2101        378.376        380.167        48.0081
           2102           2102        378.544        380.333        47.9124
           2103           2103        378.714          380.5        47.8169
           2104           2104        378.886        380.667        47.7216
           2105           2105        379.048        380.833        47.6269
           2106           2106         379.22            381        47.5321
           2107           2107        379.394        381.167        47.4375
           2108           2108        379.561        381.333        47.3429
           2109           2109         379.73          381.5        47.2489
           2110           2110        379.899        381.667        47.1547
           2111           2111        380.066        381.833        47.0603
           2112           2112        380.239            382        46.9659
           2113           2113        380.401        382.167        46.8714
           2114           2114        380.573        382.333        46.7768
           2115           2115        380.742          382.5        46.6822
           2116           2116        380.918        382.667        46.5875
           2117           2117        381.078        382.833        46.4926
           2118           2118         381.25            383        46.3978
           2119           2119        381.419        383.167        46.3029
           2120           2120        381.586        383.333         46.208
           2121           2121        381.756          383.5        46.1129
           2122           2122        381.915        383.667        46.0176
           2123           2123        382.088        383.833        45.9222
           2124           2124        382.255            384        45.8267
           2125           2125        382.424        384.167        45.7305
           2126           2126        382.597        384.333        45.6344
           2127           2127        382.767          384.5         45.538
           2128           2128        382.932        384.667        45.4414
           2129           2129        383.097        384.833        45.3447
           2130           2130        383.269            385        45.2472
           2131           2131        383.435        385.167        45.1498
           2132           2132        383.601        385.333        45.0524
           2133           2133        383.767          385.5        44.9548
           2134           2134        383.934        385.667        44.8566
           2135           2135        384.115        385.833        44.7584
           2136           2136        384.283            386        44.6599
           2137           2137        384.455        386.167        44.5613
           2138           2138        384.618        386.333        44.4619
           2139           2139         384.79          386.5        44.3627
           2140           2140        384.959        386.667        44.2634
           2141           2141        385.126        386.833        44.1639
           2142           2142        385.286            387        44.0638
           2143           2143        385.458        387.167        43.9637
           2144           2144        385.622        387.333        43.8635
           2145           2145        385.789          387.5        43.7632
           2146           2146         385.96        387.667         43.662
           2147           2147        386.126        387.833        43.5608
           2148           2148        386.295            388        43.4593
           2149           2149        386.467        388.167        43.3576
           2150           2150         386.63        388.333        43.2546
           2151           2151        386.795          388.5        43.1517
           2152           2152        386.972        388.667        43.0487
           2153           2153        387.132        388.833        42.9454
           2154           2154        387.296            389        42.8409
           2155           2155        387.475        389.167        42.7368
           2156           2156        387.636        389.333        42.6325
           2157           2157          387.8          389.5        42.5282
           2158           2158        387.971        389.667        42.4231
           2159           2159        388.138        389.833        42.3181
           2160           2160        388.307            390        42.2129
           2161           2161         388.48        390.167        42.1075
           2162           2162        388.649        390.333        42.0019
           2163           2163        388.815          390.5        41.8957
           2164           2164        388.983        390.667        41.7896
           2165           2165        389.148        390.833        41.6833
           2166           2166        389.317            391        41.5767
           2167           2167         389.48        391.167        41.4694
           2168           2168        389.652        391.333        41.3621
           2169           2169        389.816          391.5        41.2546
           2170           2170        389.976        391.667        41.1469
           2171           2171        390.144        391.833        41.0383
           2172           2172        390.308            392        40.9298
           2173           2173        390.475        392.167        40.8213
           2174           2174        390.648        392.333        40.7125
           2175           2175        390.811          392.5        40.6031
           2176           2176        390.984        392.667        40.4937
           2177           2177        391.155        392.833        40.3841
           2178           2178         391.32            393        40.2743
           2179           2179        391.492        393.167        40.1637
           2180           2180        391.654        393.333        40.0533
           2181           2181        391.816          393.5        39.9427
           2182           2182        391.988        393.667        39.8319
           2183           2183        392.154        393.833        39.7203
           2184           2184        392.324            394        39.6088
           2185           2185        392.493        394.167        39.4973
           2186           2186        392.666        394.333        39.3857
           2187           2187        392.828          394.5        39.2733
           2188           2188        392.994        394.667        39.1613
           2189           2189        393.168        394.833        39.0492
           2190           2190        393.329            395        38.9371
           2191           2191        393.493        395.167        38.8245
           2192           2192         393.67        395.333        38.7118
           2193           2193        393.842          395.5        38.5989
           2194           2194        394.001        395.667        38.4859
           2195           2195        394.166        395.833        38.3728
           2196           2196        394.347            396         38.259
           2197           2197        394.506        396.167        38.1454
           2198           2198        394.673        396.333        38.0317
           2199           2199        394.849          396.5        37.9179
           2200           2200        395.014        396.667        37.8039
           2201           2201        395.181        396.833        37.6898
           2202           2202        395.345            397        37.5756
           2203           2203        395.518        397.167        37.4612
           2204           2204        395.685        397.333        37.3465
           2205           2205        395.851          397.5         37.232
           2206           2206         396.02        397.667        37.1174
           2207           2207        396.188        397.833        37.0027
           2208           2208        396.353            398        36.8878
           2209           2209        396.528        398.167        36.7729
           2210           2210          396.7        398.333         36.658
           2211           2211        396.863          398.5        36.5431
           2212           2212        397.034        398.667        36.4281
           2213           2213          397.2        398.833         36.313
           2214           2214        397.373            399         36.198
           2215           2215        397.534        399.167        36.0829
           2216           2216        397.708        399.333        35.9678
           2217           2217        397.873          399.5        35.8526
           2218           2218        398.036        399.667        35.7373
           2219           2219        398.207        399.833        35.6219
           2220           2220        398.373            400        35.5066
           2221           2221        398.537        400.167        35.3915
           2222           2222        398.701        400.333        35.2766
           2223           2223        398.871          400.5        35.1617
           2224           2224        399.048        400.667        35.0472
           2225           2225        399.215        400.833        34.9325
           2226           2226         399.38            401        34.8179
           2227           2227        399.545        401.167        34.7033
           2228           2228        399.704        401.333        34.5888
           2229           2229        399.881          401.5        34.4745
           2230           2230        400.049        401.667        34.3601
           2231           2231         400.22        401.833        34.2458
           2232           2232        400.385            402        34.1316
           2233           2233        400.552        402.167        34.0177
           2234           2234        400.728        402.333        33.9037
           2235           2235        400.901          402.5        33.7898
           2236           2236        401.061        402.667        33.6759
           2237           2237        401.234        402.833        33.5625
           2238           2238        401.405            403        33.4491
           2239           2239        401.575        403.167        33.3358
           2240           2240        401.741        403.333        33.2225
           2241           2241        401.909          403.5        33.1099
           2242           2242        402.073        403.667        32.9971
           2243           2243        402.243        403.833        32.8845
           2244           2244        402.411            404        32.7721
           2245           2245        402.573        404.167        32.6604
           2246           2246        402.738        404.333        32.5487
           2247           2247         402.91          404.5        32.4372
           2248           2248        403.078        404.667         32.326
           2249           2249        403.242        404.833        32.2159
           2250           2250        403.419            405        32.1056
           2251           2251        403.578        405.167        31.9956
           2252           2252        403.753        405.333        31.8858
           2253           2253        403.923          405.5        31.7771
           2254           2254        404.092        405.667        31.6683
           2255           2255        404.258        405.833        31.5599
           2256           2256        404.423            406        31.4517
           2257           2257         404.59        406.167        31.3446
           2258           2258        404.763        406.333        31.2374
           2259           2259        404.926          406.5        31.1305
           2260           2260        405.098        406.667         31.024
           2261           2261        405.266        406.833        30.9178
           2262           2262        405.439            407        30.8129
           2263           2263        405.599        407.167         30.708
           2264           2264        405.767        407.333        30.6034
           2265           2265        405.941          407.5        30.4991
           2266           2266        406.108        407.667        30.3962
           2267           2267        406.279        407.833        30.2932
           2268           2268        406.444            408        30.1905
           2269           2269        406.613        408.167        30.0882
           2270           2270        406.776        408.333        29.9873
           2271           2271        406.954          408.5        29.8862
           2272           2272        407.122        408.667        29.7857
           2273           2273        407.282        408.833        29.6855
           2274           2274        407.447            409        29.5869
           2275           2275        407.625        409.167        29.4883
           2276           2276        407.792        409.333        29.3901
           2277           2277        407.966          409.5        29.2923
           2278           2278        408.137        409.667        29.1965
           2279           2279        408.297        409.833        29.1006
           2280           2280        408.469            410        29.0052
           2281           2281        408.637        410.167        28.9103
           2282           2282        408.813        410.333        28.8177
           2283           2283        408.975          410.5        28.7247
           2284           2284        409.136        410.667        28.6321
           2285           2285        409.314        410.833          28.54
           2286           2286        409.483            411          28.45
           2287           2287        409.645        411.167        28.3597
           2288           2288        409.816        411.333        28.2698
           2289           2289        409.987          411.5        28.1803
           2290           2290        410.154        411.667        28.0928
           2291           2291        410.323        411.833        28.0052
           2292           2292        410.488            412        27.9178
           2293           2293        410.654        412.167        27.8311
           2294           2294        410.823        412.333        27.7448
           2295           2295        410.996          412.5        27.6606
           2296           2296        411.171        412.667        27.5761
           2297           2297        411.332        412.833        27.4919
           2298           2298        411.499            413         27.408
           2299           2299        411.672        413.167         27.326
           2300           2300        411.841        413.333        27.2437
           2301           2301        412.007          413.5        27.1619
           2302           2302        412.174        413.667        27.0805
           2303           2303        412.348        413.833         27.001
           2304           2304        412.516            414        26.9213
           2305           2305        412.687        414.167         26.842
           2306           2306        412.856        414.333        26.7631
           2307           2307        413.017          414.5        26.6864
           2308           2308        413.187        414.667        26.6094
           2309           2309        413.358        414.833        26.5327
           2310           2310        413.529            415        26.4565
           2311           2311        413.702        415.167        26.3822
           2312           2312        413.866        415.333        26.3075
           2313           2313        414.033          415.5        26.2332
           2314           2314        414.204        415.667        26.1592
           2315           2315        414.366        415.833         26.087
           2316           2316        414.534            416        26.0146
           2317           2317        414.706        416.167        25.9426
           2318           2318        414.872        416.333         25.871
           2319           2319        415.038          416.5        25.8013
           2320           2320        415.217        416.667        25.7314
           2321           2321        415.387        416.833        25.6618
           2322           2322        415.547            417        25.5926
           2323           2323        415.713        417.167         25.525
           2324           2324        415.886        417.333        25.4571
           2325           2325        416.053          417.5        25.3896
           2326           2326        416.218        417.667        25.3226
           2327           2327        416.389        417.833        25.2559
           2328           2328        416.564            418        25.1907
           2329           2329        416.729        418.167        25.1253
           2330           2330        416.898        418.333        25.0602
           2331           2331        417.061          418.5        24.9954
           2332           2332        417.235        418.667        24.9322
           2333           2333        417.399        418.833        24.8687
           2334           2334        417.563            419        24.8055
           2335           2335        417.732        419.167        24.7426
           2336           2336        417.907        419.333        24.6811
           2337           2337         418.08          419.5        24.6194
           2338           2338        418.243        419.667        24.5579
           2339           2339        418.412        419.833        24.4967
           2340           2340        418.568            420        24.4367
           2341           2341        418.744        420.167        24.3766
           2342           2342        418.915        420.333        24.3169
           2343           2343        419.085          420.5        24.2575
           2344           2344        419.255        420.667        24.1994
           2345           2345        419.418        420.833        24.1411
           2346           2346        419.584            421        24.0831
           2347           2347        419.753        421.167        24.0254
           2348           2348        419.921        421.333        23.9692
           2349           2349        420.093          421.5        23.9128
           2350           2350         420.26        421.667        23.8567
           2351           2351        420.428        421.833        23.8009
           2352           2352        420.595            422        23.7466
           2353           2353        420.757        422.167        23.6919
           2354           2354        420.932        422.333        23.6375
           2355           2355        421.097          422.5        23.5834
           2356           2356        421.267        422.667        23.5304
           2357           2357        421.435        422.833        23.4774
           2358           2358        421.604            423        23.4246
           2359           2359        421.773        423.167         23.372
           2360           2360        421.942        423.333        23.3198
           2361           2361         422.12          423.5        23.2686
           2362           2362        422.278        423.667        23.2171
           2363           2363         422.45        423.833        23.1659
           2364           2364        422.616            424        23.1149
           2365           2365        422.786        424.167        23.0649
           2366           2366        422.953        424.333        23.0148
           2367           2367        423.118          424.5        22.9651
           2368           2368        423.297        424.667        22.9155
           2369           2369        423.467        424.833        22.8672
           2370           2370        423.631            425        22.8186
           2371           2371        423.806        425.167          22.77
           2372           2372        423.979        425.333        22.7216
           2373           2373        424.139          425.5        22.6741
           2374           2374        424.309        425.667        22.6265
           2375           2375        424.476        425.833         22.579
           2376           2376        424.644            426        22.5317
           2377           2377        424.814        426.167        22.4853
           2378           2378        424.976        426.333        22.4388
           2379           2379        425.141          426.5        22.3924
           2380           2380         425.31        426.667        22.3462
           2381           2381        425.478        426.833        22.3007
           2382           2382        425.641            427        22.2552
           2383           2383        425.807        427.167        22.2098
           2384           2384        425.977        427.333        22.1645
           2385           2385        426.145          427.5          22.12
           2386           2386        426.318        427.667        22.0755
           2387           2387        426.486        427.833        22.0311
           2388           2388         426.65            428         21.987
           2389           2389         426.82        428.167        21.9438
           2390           2390         426.98        428.333        21.9004
           2391           2391        427.158          428.5        21.8572
           2392           2392        427.324        428.667        21.8142
           2393           2393        427.494        428.833        21.7714
           2394           2394         427.66            429        21.7295
           2395           2395        427.828        429.167        21.6874
           2396           2396         427.99        429.333        21.6455
           2397           2397        428.164          429.5        21.6037
           2398           2398        428.327        429.667        21.5626
           2399           2399        428.494        429.833        21.5214
           2400           2400        428.663            430        21.4804
           2401           2401        428.828        430.167        21.4397
           2402           2402        428.996        430.333        21.3997
           2403           2403        429.168          430.5        21.3596
           2404           2404        429.332        430.667        21.3197
           2405           2405          429.5        430.833          21.28
           2406           2406        429.667            431        21.2414
           2407           2407        429.843        431.167        21.2025
           2408           2408        430.015        431.333        21.1639
           2409           2409         430.18          431.5        21.1254
           2410           2410        430.349        431.667        21.0879
           2411           2411        430.511        431.833        21.0502
           2412           2412         430.68            432        21.0126
           2413           2413        430.854        432.167         20.975
           2414           2414        431.026        432.333        20.9382
           2415           2415        431.193          432.5        20.9013
           2416           2416         431.36        432.667        20.8647
           2417           2417        431.526        432.833        20.8282
           2418           2418        431.694            433        20.7927
           2419           2419        431.856        433.167         20.757
           2420           2420        432.028        433.333        20.7215
           2421           2421          432.2          433.5        20.6862
           2422           2422         432.36        433.667        20.6517
           2423           2423        432.532        433.833         20.617
           2424           2424        432.696            434        20.5824
           2425           2425        432.869        434.167        20.5481
           2426           2426        433.036        434.333        20.5138
           2427           2427        433.201          434.5        20.4801
           2428           2428         433.37        434.667        20.4463
           2429           2429        433.538        434.833        20.4126
           2430           2430        433.705            435        20.3791
           2431           2431        433.874        435.167        20.3461
           2432           2432        434.041        435.333         20.313
           2433           2433        434.208          435.5        20.2801
           2434           2434        434.371        435.667        20.2474
           2435           2435        434.541        435.833        20.2154
           2436           2436        434.718            436        20.1831
           2437           2437        434.882        436.167        20.1509
           2438           2438         435.05        436.333        20.1187
           2439           2439        435.217          436.5        20.0871
           2440           2440        435.381        436.667        20.0555
           2441           2441        435.554        436.833        20.0241
           2442           2442        435.725            437        19.9928
           2443           2443        435.893        437.167         19.962
           2444           2444        436.057        437.333        19.9311
           2445           2445        436.229          437.5        19.9003
           2446           2446        436.393        437.667        19.8696
           2447           2447        436.556        437.833        19.8393
           2448           2448        436.729            438        19.8089
           2449           2449        436.891        438.167        19.7786
           2450           2450        437.061        438.333        19.7484
           2451           2451        437.229          438.5        19.7186
           2452           2452        437.395        438.667        19.6889
           2453           2453        437.565        438.833        19.6593
           2454           2454        437.737            439        19.6298
           2455           2455        437.904        439.167        19.6008
           2456           2456        438.073        439.333        19.5717
           2457           2457        438.238          439.5        19.5427
           2458           2458         438.41        439.667        19.5137
           2459           2459        438.577        439.833        19.4849
           2460           2460        438.751            440        19.4562
           2461           2461        438.914        440.167        19.4276
           2462           2462        439.086        440.333         19.399
           2463           2463         439.25          440.5        19.3704
           2464           2464        439.413        440.667        19.3421
           2465           2465        439.584        440.833        19.3138
           2466           2466        439.752            441        19.2856
           2467           2467         439.92        441.167        19.2575
           2468           2468        440.081        441.333        19.2296
           2469           2469        440.254          441.5        19.2016
           2470           2470        440.417        441.667        19.1736
           2471           2471        440.588        441.833        19.1456
           2472           2472        440.753            442        19.1177
           2473           2473        440.921        442.167        19.0898
           2474           2474        441.085        442.333        19.0619
           2475           2475        441.253          442.5         19.034
           2476           2476        441.431        442.667        19.0061
           2477           2477        441.594        442.833        18.9783
           2478           2478        441.761            443        18.9506
           2479           2479        441.928        443.167        18.9229
           2480           2480        442.099        443.333        18.8954
           2481           2481        442.265          443.5        18.8679
           2482           2482        442.441        443.667        18.8405
           2483           2483        442.601        443.833        18.8132
           2484           2484        442.769            444        18.7861
           2485           2485         442.95        444.167        18.7591
           2486           2486        443.109        444.333        18.7321
           2487           2487        443.273          444.5         18.705
           2488           2488        443.445        444.667        18.6781
           2489           2489        443.615        444.833        18.6511
           2490           2490        443.778            445        18.6241
           2491           2491        443.947        445.167        18.5971
           2492           2492        444.114        445.333        18.5701
           2493           2493        444.274          445.5        18.5431
           2494           2494        444.447        445.667        18.5163
           2495           2495        444.619        445.833        18.4894
           2496           2496        444.786            446        18.4626
           2497           2497        444.958        446.167        18.4359
           2498           2498        445.124        446.333         18.409
           2499           2499        445.291          446.5        18.3822
           2500           2500        445.463        446.667        18.3553
           2501           2501         445.63        446.833        18.3282
           2502           2502        445.799            447        18.3013
           2503           2503         445.97        447.167        18.2745
           2504           2504        446.128        447.333        18.2477
           2505           2505        446.298          447.5        18.2209
           2506           2506        446.461        447.667        18.1942
           2507           2507        446.631        447.833        18.1674
           2508           2508        446.797            448        18.1406
           2509           2509        446.971        448.167        18.1139
           2510           2510         447.13        448.333        18.0873
           2511           2511        447.302          448.5        18.0607
           2512           2512        447.468        448.667        18.0342
           2513           2513        447.626        448.833        18.0077
           2514           2514        447.801            449        17.9812
           2515           2515        447.963        449.167        17.9548
           2516           2516        448.135        449.333        17.9284
           2517           2517        448.298          449.5        17.9022
           2518           2518        448.475        449.667        17.8761
           2519           2519        448.642        449.833          17.85
           2520           2520        448.808            450        17.8239
           2521           2521        448.967        450.167         17.798
           2522           2522        449.144        450.333         17.772
           2523           2523        449.311          450.5         17.746
           2524           2524        449.478        450.667        17.7199
           2525           2525        449.643        450.833        17.6939
           2526           2526        449.811            451        17.6679
           2527           2527        449.984        451.167        17.6419
           2528           2528        450.145        451.333         17.616
           2529           2529        450.314          451.5        17.5901
           2530           2530        450.486        451.667        17.5644
           2531           2531        450.652        451.833        17.5386
           2532           2532        450.823            452        17.5128
           2533           2533        450.988        452.167         17.487
           2534           2534        451.152        452.333        17.4613
           2535           2535        451.323          452.5        17.4356
           2536           2536        451.487        452.667        17.4101
           2537           2537        451.654        452.833        17.3846
           2538           2538        451.819            453        17.3594
           2539           2539        451.992        453.167        17.3342
           2540           2540        452.159        453.333         17.309
           2541           2541        452.335          453.5        17.2838
           2542           2542        452.498        453.667        17.2589
           2543           2543        452.658        453.833        17.2337
           2544           2544        452.828            454        17.2086
           2545           2545        452.996        454.167        17.1834
           2546           2546        453.164        454.333        17.1581
           2547           2547        453.334          454.5        17.1329
           2548           2548        453.499        454.667        17.1078
           2549           2549        453.663        454.833        17.0827
           2550           2550        453.833            455        17.0578
           2551           2551        454.003        455.167        17.0328
           2552           2552        454.166        455.333         17.008
           2553           2553        454.337          455.5        16.9831
           2554           2554        454.501        455.667        16.9585
           2555           2555        454.662        455.833        16.9339
           2556           2556         454.83            456        16.9094
           2557           2557        454.998        456.167         16.885
           2558           2558        455.166        456.333        16.8607
           2559           2559        455.337          456.5        16.8369
           2560           2560          455.5        456.667        16.8129
           2561           2561         455.67        456.833        16.7891
           2562           2562        455.842            457        16.7653
           2563           2563         456.01        457.167        16.7419
           2564           2564        456.178        457.333        16.7183
           2565           2565        456.346          457.5        16.6948
           2566           2566        456.518        457.667        16.6714
           2567           2567        456.685        457.833        16.6481
           2568           2568         456.85            458        16.6247
           2569           2569        457.021        458.167        16.6015
           2570           2570        457.196        458.333        16.5783
           2571           2571        457.355          458.5        16.5553
           2572           2572        457.527        458.667        16.5323
           2573           2573        457.693        458.833        16.5094
           2574           2574        457.862            459        16.4866
           2575           2575        458.023        459.167        16.4643
           2576           2576        458.199        459.333        16.4419
           2577           2577        458.366          459.5        16.4197
           2578           2578        458.535        459.667        16.3974
           2579           2579        458.705        459.833        16.3757
           2580           2580        458.863            460        16.3538
           2581           2581        459.034        460.167        16.3319
           2582           2582        459.198        460.333        16.3101
           2583           2583        459.369          460.5        16.2886
           2584           2584        459.539        460.667         16.267
           2585           2585         459.71        460.833        16.2455
           2586           2586        459.871            461        16.2241
           2587           2587        460.037        461.167        16.2031
           2588           2588         460.21        461.333        16.1821
           2589           2589        460.377          461.5        16.1612
           2590           2590        460.545        461.667        16.1404
           2591           2591        460.719        461.833        16.1196
           2592           2592        460.882            462        16.0993
           2593           2593        461.049        462.167        16.0789
           2594           2594        461.221        462.333        16.0585
           2595           2595        461.382          462.5        16.0382
           2596           2596        461.551        462.667        16.0182
           2597           2597        461.719        462.833        15.9982
           2598           2598        461.885            463        15.9783
           2599           2599         462.06        463.167        15.9585
           2600           2600        462.223        463.333        15.9392
           2601           2601        462.395          463.5        15.9198
           2602           2602        462.565        463.667        15.9005
           2603           2603        462.733        463.833        15.8812
           2604           2604        462.898            464        15.8625
           2605           2605        463.065        464.167        15.8438
           2606           2606        463.229        464.333        15.8252
           2607           2607        463.406          464.5        15.8068
           2608           2608        463.565        464.667         15.789
           2609           2609        463.737        464.833         15.771
           2610           2610        463.903            465         15.753
           2611           2611        464.067        465.167        15.7352
           2612           2612        464.237        465.333        15.7178
           2613           2613        464.406          465.5        15.7003
           2614           2614        464.578        465.667        15.6828
           2615           2615        464.751        465.833        15.6655
           2616           2616        464.919            466        15.6487
           2617           2617        465.091        466.167        15.6318
           2618           2618        465.252        466.333         15.615
           2619           2619        465.415          466.5        15.5984
           2620           2620        465.579        466.667        15.5823
           2621           2621        465.749        466.833         15.566
           2622           2622         465.92            467        15.5497
           2623           2623        466.091        467.167        15.5336
           2624           2624        466.259        467.333        15.5176
           2625           2625        466.426          467.5        15.5019
           2626           2626        466.595        467.667        15.4862
           2627           2627        466.759        467.833        15.4706
           2628           2628        466.923            468        15.4551
           2629           2629        467.091        468.167          15.44
           2630           2630         467.25        468.333        15.4249
           2631           2631        467.422          468.5        15.4098
           2632           2632        467.589        468.667        15.3947
           2633           2633         467.76        468.833          15.38
           2634           2634        467.923            469        15.3652
           2635           2635        468.093        469.167        15.3505
           2636           2636        468.261        469.333        15.3359
           2637           2637        468.429          469.5        15.3217
           2638           2638        468.595        469.667        15.3075
           2639           2639        468.766        469.833        15.2935
           2640           2640        468.934            470        15.2795
           2641           2641        469.106        470.167         15.266
           2642           2642        469.271        470.333        15.2523
           2643           2643         469.44          470.5        15.2387
           2644           2644        469.602        470.667        15.2251
           2645           2645        469.773        470.833        15.2117
           2646           2646        469.933            471        15.1983
           2647           2647        470.101        471.167        15.1849
           2648           2648         470.27        471.333        15.1717
           2649           2649        470.439          471.5        15.1588
           2650           2650        470.607        471.667        15.1459
           2651           2651        470.775        471.833        15.1331
           2652           2652        470.939            472        15.1204
           2653           2653        471.115        472.167         15.108
           2654           2654        471.277        472.333        15.0956
           2655           2655        471.445          472.5        15.0832
           2656           2656        471.608        472.667        15.0709
           2657           2657        471.781        472.833        15.0586
           2658           2658        471.946            473        15.0465
           2659           2659        472.119        473.167        15.0344
           2660           2660        472.281        473.333        15.0225
           2661           2661        472.446          473.5        15.0107
           2662           2662        472.616        473.667        14.9993
           2663           2663        472.782        473.833        14.9879
           2664           2664        472.944            474        14.9766
           2665           2665        473.118        474.167        14.9653
           2666           2666        473.281        474.333        14.9546
           2667           2667        473.453          474.5        14.9436
           2668           2668        473.621        474.667        14.9327
           2669           2669        473.782        474.833        14.9217
           2670           2670        473.953            475        14.9109
           2671           2671        474.118        475.167        14.9001
           2672           2672        474.288        475.333        14.8894
           2673           2673        474.452          475.5        14.8786
           2674           2674        474.622        475.667        14.8681
           2675           2675        474.792        475.833        14.8576
           2676           2676        474.955            476        14.8472
           2677           2677        475.129        476.167        14.8368
           2678           2678        475.298        476.333        14.8266
           2679           2679         475.46          476.5        14.8164
           2680           2680        475.627        476.667        14.8063
           2681           2681        475.795        476.833        14.7963
           2682           2682        475.965            477        14.7865
           2683           2683        476.138        477.167        14.7767
           2684           2684        476.303        477.333         14.767
           2685           2685        476.468          477.5        14.7573
           2686           2686        476.633        477.667         14.748
           2687           2687        476.803        477.833        14.7385
           2688           2688        476.965            478        14.7291
           2689           2689        477.141        478.167        14.7197
           2690           2690        477.307        478.333        14.7106
           2691           2691        477.476          478.5        14.7013
           2692           2692        477.639        478.667        14.6921
           2693           2693        477.809        478.833         14.683
           2694           2694        477.977            479        14.6741
           2695           2695        478.145        479.167        14.6652
           2696           2696        478.321        479.333        14.6563
           2697           2697        478.474          479.5        14.6474
           2698           2698        478.647        479.667        14.6387
           2699           2699         478.81        479.833          14.63
           2700           2700        478.976            480        14.6214
           2701           2701        479.147        480.167        14.6129
           2702           2702         479.31        480.333        14.6045
           2703           2703         479.48          480.5         14.596
           2704           2704        479.646        480.667        14.5876
           2705           2705        479.814        480.833        14.5792
           2706           2706        479.979            481        14.5711
           2707           2707        480.146        481.167        14.5629
           2708           2708        480.309        481.333        14.5546
           2709           2709        480.478          481.5        14.5464
           2710           2710        480.641        481.667        14.5383
           2711           2711        480.809        481.833        14.5301
           2712           2712        480.982            482         14.522
           2713           2713        481.147        482.167         14.514
           2714           2714        481.317        482.333         14.506
           2715           2715        481.487          482.5        14.4981
           2716           2716        481.653        482.667        14.4902
           2717           2717        481.815        482.833        14.4823
           2718           2718        481.985            483        14.4745
           2719           2719        482.155        483.167        14.4666
           2720           2720        482.322        483.333        14.4587
           2721           2721        482.493          483.5        14.4509
           2722           2722        482.658        483.667        14.4429
           2723           2723        482.816        483.833        14.4352
           2724           2724        482.989            484        14.4275
           2725           2725         483.16        484.167        14.4199
           2726           2726        483.331        484.333        14.4125
           2727           2727        483.494          484.5        14.4049
           2728           2728         483.66        484.667        14.3973
           2729           2729         483.82        484.833        14.3897
           2730           2730        483.988            485         14.382
           2731           2731        484.157        485.167        14.3744
           2732           2732        484.326        485.333        14.3668
           2733           2733        484.496          485.5        14.3591
           2734           2734        484.665        485.667        14.3514
           2735           2735        484.842        485.833        14.3437
           2736           2736        484.998            486         14.336
           2737           2737        485.164        486.167        14.3282
           2738           2738        485.334        486.333        14.3202
           2739           2739        485.495          486.5        14.3121
           2740           2740        485.668        486.667        14.3039
           2741           2741        485.836        486.833        14.2957
           2742           2742        486.005            487         14.287
           2743           2743        486.177        487.167        14.2785
           2744           2744         486.34        487.333        14.2698
           2745           2745        486.513          487.5        14.2611
           2746           2746        486.681        487.667        14.2523
           2747           2747        486.848        487.833        14.2435
           2748           2748        487.014            488        14.2348
           2749           2749        487.184        488.167         14.226
           2750           2750        487.352        488.333        14.2172
           2751           2751         487.52          488.5        14.2083
           2752           2752        487.686        488.667        14.1994
           2753           2753        487.845        488.833        14.1904
           2754           2754        488.015            489        14.1811
           2755           2755        488.183        489.167        14.1717
           2756           2756        488.354        489.333        14.1621
           2757           2757        488.517          489.5        14.1523
           2758           2758        488.689        489.667        14.1421
           2759           2759        488.858        489.833         14.132
           2760           2760         489.02            490         14.122
           2761           2761        489.189        490.167         14.112
           2762           2762        489.355        490.333        14.1018
           2763           2763        489.524          490.5        14.0916
           2764           2764        489.685        490.667        14.0815
           2765           2765        489.848        490.833        14.0713
           2766           2766        490.012            491         14.061
           2767           2767        490.182        491.167        14.0504
           2768           2768         490.35        491.333        14.0397
           2769           2769        490.521          491.5        14.0287
           2770           2770        490.691        491.667        14.0171
           2771           2771        490.859        491.833        14.0056
           2772           2772        491.026            492        13.9941
           2773           2773        491.187        492.167        13.9825
           2774           2774        491.356        492.333        13.9703
           2775           2775        491.527          492.5        13.9585
           2776           2776        491.699        492.667        13.9467
           2777           2777        491.868        492.833        13.9349
           2778           2778        492.027            493        13.9232
           2779           2779        492.199        493.167        13.9115
           2780           2780        492.354        493.333        13.8998
           2781           2781        492.527          493.5        13.8881
           2782           2782        492.702        493.667        13.8762
           2783           2783        492.875        493.833        13.8641
           2784           2784         493.04            494        13.8516
           2785           2785        493.204        494.167        13.8389
           2786           2786        493.372        494.333        13.8255
           2787           2787        493.539          494.5        13.8123
           2788           2788        493.703        494.667         13.799
           2789           2789        493.872        494.833        13.7857
           2790           2790        494.043            495        13.7723
           2791           2791        494.211        495.167        13.7587
           2792           2792        494.369        495.333        13.7452
           2793           2793        494.539          495.5        13.7318
           2794           2794        494.711        495.667        13.7183
           2795           2795        494.884        495.833        13.7049
           2796           2796        495.054            496        13.6916
           2797           2797        495.213        496.167        13.6784
           2798           2798        495.383        496.333        13.6653
           2799           2799        495.547          496.5        13.6524
           2800           2800        495.714        496.667        13.6394
           2801           2801        495.877        496.833        13.6265
           2802           2802        496.056            497        13.6136
           2803           2803        496.222        497.167        13.6008
           2804           2804        496.385        497.333        13.5879
           2805           2805        496.551          497.5        13.5751
           2806           2806        496.722        497.667        13.5623
           2807           2807         496.89        497.833        13.5496
           2808           2808        497.058            498        13.5369
           2809           2809        497.226        498.167        13.5241
           2810           2810        497.395        498.333        13.5113
           2811           2811        497.558          498.5        13.4985
           2812           2812        497.727        498.667        13.4857
           2813           2813        497.895        498.833        13.4728
           2814           2814        498.065            499        13.4599
           2815           2815        498.238        499.167        13.4468
           2816           2816        498.401        499.333        13.4339
           2817           2817        498.569          499.5         13.421
           2818           2818        498.735        499.667        13.4082
           2819           2819        498.903        499.833        13.3955
           2820           2820        499.075            500        13.3829
           2821           2821        499.243        500.167        13.3704
           2822           2822        499.407        500.333         13.358
           2823           2823        499.586          500.5        13.3456
           2824           2824         499.75        500.667        13.3335
           2825           2825        499.918        500.833        13.3214
           2826           2826        500.087            501        13.3093
           2827           2827        500.257        501.167        13.2973
           2828           2828        500.424        501.333        13.2856
           2829           2829        500.592          501.5        13.2739
           2830           2830        500.773        501.667        13.2621
           2831           2831         500.93        501.833        13.2504
           2832           2832        501.095            502         13.239
           2833           2833        501.262        502.167        13.2276
           2834           2834        501.435        502.333        13.2162
           2835           2835        501.596          502.5        13.2048
           2836           2836        501.766        502.667        13.1934
           2837           2837        501.931        502.833        13.1821
           2838           2838        502.106            503        13.1709
           2839           2839        502.274        503.167        13.1597
           2840           2840        502.437        503.333        13.1486
           2841           2841        502.606          503.5        13.1377
           2842           2842        502.774        503.667        13.1268
           2843           2843        502.937        503.833        13.1161
           2844           2844        503.105            504        13.1057
           2845           2845        503.278        504.167        13.0953
           2846           2846        503.441        504.333        13.0848
           2847           2847        503.606          504.5        13.0744
           2848           2848         503.77        504.667        13.0643
           2849           2849        503.942        504.833        13.0541
           2850           2850        504.113            505        13.0441
           2851           2851        504.279        505.167        13.0341
           2852           2852        504.449        505.333        13.0242
           2853           2853        504.614          505.5        13.0143
           2854           2854        504.783        505.667        13.0045
           2855           2855        504.951        505.833        12.9947
           2856           2856         505.12            506        12.9851
           2857           2857        505.284        506.167        12.9757
           2858           2858        505.449        506.333        12.9664
           2859           2859         505.62          506.5        12.9571
           2860           2860        505.781        506.667         12.948
           2861           2861        505.952        506.833        12.9392
           2862           2862        506.116            507        12.9302
           2863           2863        506.277        507.167        12.9211
           2864           2864        506.452        507.333        12.9121
           2865           2865        506.624          507.5        12.9031
           2866           2866        506.787        507.667        12.8942
           2867           2867        506.952        507.833        12.8855
           2868           2868        507.126            508        12.8767
           2869           2869        507.291        508.167        12.8684
           2870           2870        507.457        508.333          12.86
           2871           2871        507.625          508.5        12.8516
           2872           2872        507.801        508.667        12.8433
           2873           2873        507.964        508.833        12.8354
           2874           2874        508.128            509        12.8275
           2875           2875        508.291        509.167        12.8195
           2876           2876        508.463        509.333        12.8117
           2877           2877        508.635          509.5        12.8041
           2878           2878          508.8        509.667        12.7963
           2879           2879        508.971        509.833        12.7886
           2880           2880        509.132            510        12.7808
           2881           2881        509.307        510.167        12.7732
           2882           2882        509.471        510.333        12.7655
           2883           2883         509.64          510.5        12.7577
           2884           2884        509.806        510.667        12.7499
           2885           2885        509.974        510.833        12.7421
           2886           2886        510.144            511        12.7343
           2887           2887        510.317        511.167        12.7264
           2888           2888        510.488        511.333        12.7185
           2889           2889        510.652          511.5        12.7106
           2890           2890         510.82        511.667        12.7028
           2891           2891        510.991        511.833        12.6951
           2892           2892        511.155            512        12.6875
           2893           2893        511.318        512.167          12.68
           2894           2894        511.489        512.333        12.6729
           2895           2895        511.661          512.5        12.6657
           2896           2896        511.838        512.667        12.6585
           2897           2897        511.997        512.833        12.6514
           2898           2898        512.165            513        12.6445
           2899           2899         512.34        513.167        12.6375
           2900           2900        512.501        513.333        12.6305
           2901           2901        512.665          513.5        12.6235
           2902           2902        512.836        513.667        12.6165
           2903           2903        513.009        513.833        12.6094
           2904           2904        513.173            514        12.6024
           2905           2905        513.333        514.167        12.5954
           2906           2906         513.51        514.333        12.5884
           2907           2907        513.677          514.5        12.5813
           2908           2908        513.843        514.667        12.5743
           2909           2909        514.009        514.833        12.5673
           2910           2910        514.179            515        12.5604
           2911           2911        514.337        515.167        12.5536
           2912           2912          514.5        515.333        12.5467
           2913           2913        514.669          515.5        12.5399
           2914           2914        514.848        515.667        12.5334
           2915           2915        515.012        515.833        12.5268
           2916           2916        515.176            516        12.5202
           2917           2917        515.341        516.167        12.5137
           2918           2918        515.504        516.333        12.5073
           2919           2919        515.672          516.5         12.501
           2920           2920        515.839        516.667        12.4947
           2921           2921        516.019        516.833        12.4884
           2922           2922        516.184            517        12.4821
           2923           2923        516.345        517.167        12.4759
           2924           2924        516.516        517.333        12.4696
           2925           2925        516.688          517.5        12.4633
           2926           2926        516.855        517.667        12.4569
           2927           2927        517.015        517.833        12.4505
           2928           2928        517.187            518        12.4441
           2929           2929        517.349        518.167        12.4378
           2930           2930        517.521        518.333        12.4315
           2931           2931        517.687          518.5        12.4253
           2932           2932        517.854        518.667        12.4191
           2933           2933        518.024        518.833        12.4131
           2934           2934        518.192            519        12.4073
           2935           2935        518.357        519.167        12.4016
           2936           2936        518.522        519.333        12.3958
           2937           2937        518.691          519.5        12.3901
           2938           2938        518.852        519.667        12.3845
           2939           2939         519.02        519.833         12.379
           2940           2940         519.19            520        12.3734
           2941           2941        519.363        520.167        12.3677
           2942           2942        519.527        520.333         12.362
           2943           2943        519.695          520.5        12.3563
           2944           2944        519.861        520.667        12.3506
           2945           2945        520.031        520.833        12.3448
           2946           2946        520.192            521         12.339
           2947           2947        520.361        521.167        12.3333
           2948           2948        520.528        521.333        12.3276
           2949           2949        520.697          521.5        12.3219
           2950           2950        520.868        521.667        12.3162
           2951           2951        521.032        521.833        12.3107
           2952           2952        521.206            522        12.3051
           2953           2953        521.376        522.167        12.2994
           2954           2954        521.537        522.333        12.2938
           2955           2955        521.699          522.5        12.2881
           2956           2956        521.872        522.667        12.2825
           2957           2957        522.045        522.833        12.2768
           2958           2958        522.213            523        12.2711
           2959           2959        522.376        523.167        12.2655
           2960           2960        522.543        523.333        12.2599
           2961           2961        522.712          523.5        12.2543
           2962           2962        522.876        523.667        12.2488
           2963           2963         523.04        523.833        12.2433
           2964           2964        523.206            524        12.2379
           2965           2965        523.373        524.167        12.2325
           2966           2966        523.545        524.333        12.2272
           2967           2967        523.706          524.5         12.222
           2968           2968        523.877        524.667        12.2168
           2969           2969        524.045        524.833        12.2115
           2970           2970        524.207            525        12.2062
           2971           2971        524.376        525.167        12.2009
           2972           2972        524.536        525.333        12.1956
           2973           2973        524.711          525.5        12.1903
           2974           2974        524.875        525.667        12.1851
           2975           2975        525.048        525.833        12.1798
           2976           2976        525.211            526        12.1747
           2977           2977        525.381        526.167        12.1695
           2978           2978        525.547        526.333        12.1643
           2979           2979        525.709          526.5        12.1591
           2980           2980        525.874        526.667        12.1538
           2981           2981        526.042        526.833        12.1485
           2982           2982        526.215            527        12.1432
           2983           2983        526.384        527.167        12.1378
           2984           2984        526.543        527.333        12.1323
           2985           2985         526.71          527.5        12.1269
           2986           2986        526.892        527.667        12.1215
           2987           2987        527.056        527.833        12.1162
           2988           2988        527.219            528         12.111
           2989           2989        527.384        528.167         12.106
           2990           2990        527.553        528.333        12.1009
           2991           2991        527.718          528.5        12.0959
           2992           2992        527.883        528.667        12.0908
           2993           2993        528.048        528.833        12.0861
           2994           2994        528.216            529        12.0814
           2995           2995        528.392        529.167        12.0767
           2996           2996        528.561        529.333        12.0719
           2997           2997        528.727          529.5        12.0672
           2998           2998        528.892        529.667        12.0625
           2999           2999         529.06        529.833        12.0579
           3000           3000        529.232            530        12.0532
           3001           3001        529.398        530.167        12.0485
           3002           3002        529.567        530.333        12.0438
           3003           3003        529.725          530.5        12.0391
           3004           3004          529.9        530.667        12.0345
           3005           3005        530.063        530.833        12.0298
           3006           3006        530.235            531        12.0252
           3007           3007        530.405        531.167        12.0206
           3008           3008        530.571        531.333         12.016
           3009           3009        530.737          531.5        12.0115
           3010           3010        530.905        531.667        12.0069
           3011           3011         531.08        531.833        12.0024
           3012           3012         531.25            532         11.998
           3013           3013        531.418        532.167        11.9937
           3014           3014        531.586        532.333        11.9893
           3015           3015        531.752          532.5        11.9848
           3016           3016        531.917        532.667        11.9804
           3017           3017        532.077        532.833        11.9761
           3018           3018        532.247            533        11.9718
           3019           3019        532.419        533.167        11.9674
           3020           3020        532.588        533.333         11.963
           3021           3021        532.755          533.5        11.9586
           3022           3022         532.92        533.667        11.9542
           3023           3023        533.084        533.833        11.9498
           3024           3024        533.251            534        11.9455
           3025           3025        533.421        534.167        11.9411
           3026           3026        533.589        534.333        11.9368
           3027           3027         533.76          534.5        11.9325
           3028           3028        533.929        534.667        11.9283
           3029           3029        534.093        534.833        11.9241
           3030           3030        534.266            535        11.9201
           3031           3031        534.438        535.167        11.9162
           3032           3032        534.602        535.333        11.9122
           3033           3033        534.768          535.5        11.9081
           3034           3034        534.938        535.667        11.9042
           3035           3035        535.104        535.833           11.9
           3036           3036        535.273            536        11.8957
           3037           3037        535.441        536.167        11.8915
           3038           3038        535.605        536.333        11.8869
           3039           3039        535.773          536.5        11.8825
           3040           3040        535.942        536.667        11.8782
           3041           3041        536.109        536.833        11.8739
           3042           3042        536.272            537        11.8697
           3043           3043        536.434        537.167        11.8653
           3044           3044        536.605        537.333        11.8609
           3045           3045        536.772          537.5        11.8565
           3046           3046        536.936        537.667        11.8522
           3047           3047         537.11        537.833        11.8481
           3048           3048         537.28            538         11.844
           3049           3049        537.442        538.167          11.84
           3050           3050        537.608        538.333        11.8362
           3051           3051         537.78          538.5        11.8322
           3052           3052        537.955        538.667        11.8282
           3053           3053        538.122        538.833        11.8243
           3054           3054         538.29            539        11.8203
           3055           3055        538.459        539.167        11.8163
           3056           3056        538.621        539.333        11.8124
           3057           3057        538.788          539.5        11.8085
           3058           3058        538.953        539.667        11.8046
           3059           3059        539.124        539.833        11.8009
           3060           3060        539.288            540         11.797
           3061           3061        539.449        540.167        11.7931
           3062           3062        539.621        540.333        11.7892
           3063           3063        539.784          540.5        11.7853
           3064           3064        539.957        540.667        11.7814
           3065           3065        540.125        540.833        11.7776
           3066           3066        540.288            541        11.7737
           3067           3067        540.465        541.167        11.7699
           3068           3068        540.631        541.333         11.766
           3069           3069        540.792          541.5        11.7621
           3070           3070        540.959        541.667        11.7581
           3071           3071        541.125        541.833        11.7542
           3072           3072        541.296            542        11.7502
           3073           3073        541.467        542.167        11.7463
           3074           3074        541.633        542.333        11.7424
           3075           3075        541.792          542.5        11.7384
           3076           3076        541.961        542.667        11.7344
           3077           3077        542.133        542.833        11.7304
           3078           3078        542.307            543        11.7263
           3079           3079        542.464        543.167        11.7223
           3080           3080        542.637        543.333        11.7184
           3081           3081        542.805          543.5        11.7145
           3082           3082        542.967        543.667        11.7107
           3083           3083        543.135        543.833         11.707
           3084           3084        543.302            544        11.7032
           3085           3085        543.467        544.167        11.6994
           3086           3086        543.627        544.333        11.6955
           3087           3087         543.79          544.5        11.6917
           3088           3088        543.968        544.667        11.6878
           3089           3089        544.129        544.833        11.6839
           3090           3090        544.295            545        11.6799
           3091           3091        544.465        545.167        11.6761
           3092           3092         544.64        545.333        11.6722
           3093           3093        544.807          545.5        11.6683
           3094           3094         544.97        545.667        11.6645
           3095           3095        545.131        545.833        11.6609
           3096           3096        545.292            546        11.6574
           3097           3097        545.465        546.167         11.654
           3098           3098        545.629        546.333        11.6506
           3099           3099        545.798          546.5        11.6472
           3100           3100        545.959        546.667         11.644
           3101           3101        546.134        546.833        11.6406
           3102           3102        546.294            547        11.6372
           3103           3103        546.467        547.167        11.6337
           3104           3104         546.63        547.333          11.63
           3105           3105        546.795          547.5        11.6263
           3106           3106        546.967        547.667        11.6226
           3107           3107        547.131        547.833        11.6189
           3108           3108        547.299            548        11.6152
           3109           3109        547.463        548.167        11.6116
           3110           3110        547.632        548.333        11.6079
           3111           3111        547.791          548.5        11.6041
           3112           3112        547.957        548.667        11.6004
           3113           3113         548.13        548.833        11.5966
           3114           3114        548.298            549        11.5929
           3115           3115        548.461        549.167        11.5891
           3116           3116        548.622        549.333        11.5855
           3117           3117        548.798          549.5        11.5819
           3118           3118        548.963        549.667        11.5785
           3119           3119        549.124        549.833        11.5751
           3120           3120        549.293            550        11.5717
           3121           3121        549.461        550.167        11.5685
           3122           3122        549.621        550.333        11.5653
           3123           3123        549.788          550.5         11.562
           3124           3124        549.952        550.667        11.5588
           3125           3125        550.133        550.833        11.5555
           3126           3126        550.294            551        11.5523
           3127           3127        550.458        551.167        11.5491
           3128           3128        550.629        551.333        11.5457
           3129           3129        550.792          551.5        11.5423
           3130           3130        550.967        551.667        11.5389
           3131           3131        551.134        551.833        11.5354
           3132           3132        551.304            552         11.532
           3133           3133         551.47        552.167        11.5284
           3134           3134        551.629        552.333         11.525
           3135           3135        551.794          552.5        11.5218
           3136           3136        551.961        552.667        11.5186
           3137           3137        552.133        552.833        11.5158
           3138           3138          552.3            553        11.5128
           3139           3139        552.466        553.167        11.5098
           3140           3140        552.628        553.333        11.5067
           3141           3141        552.801          553.5        11.5037
           3142           3142        552.959        553.667        11.5006
           3143           3143        553.131        553.833        11.4976
           3144           3144        553.296            554        11.4945
           3145           3145        553.464        554.167        11.4912
           3146           3146         553.63        554.333         11.488
           3147           3147        553.795          554.5        11.4849
           3148           3148        553.967        554.667        11.4819
           3149           3149        554.131        554.833        11.4789
           3150           3150        554.292            555        11.4758
           3151           3151        554.465        555.167        11.4728
           3152           3152        554.627        555.333        11.4698
           3153           3153        554.796          555.5        11.4668
           3154           3154        554.967        555.667         11.464
           3155           3155        555.131        555.833        11.4612
           3156           3156        555.299            556        11.4584
           3157           3157        555.464        556.167        11.4557
           3158           3158        555.625        556.333        11.4532
           3159           3159        555.792          556.5        11.4504
           3160           3160        555.955        556.667        11.4477
           3161           3161        556.123        556.833         11.445
           3162           3162        556.283            557        11.4421
           3163           3163        556.456        557.167        11.4393
           3164           3164        556.633        557.333        11.4364
           3165           3165        556.793          557.5        11.4335
           3166           3166        556.954        557.667        11.4305
           3167           3167        557.127        557.833        11.4275
           3168           3168        557.289            558        11.4244
           3169           3169        557.455        558.167        11.4213
           3170           3170        557.621        558.333        11.4182
           3171           3171        557.791          558.5        11.4153
           3172           3172        557.956        558.667        11.4123
           3173           3173        558.118        558.833        11.4091
           3174           3174        558.284            559        11.4061
           3175           3175        558.451        559.167        11.4032
           3176           3176        558.615        559.333        11.4003
           3177           3177        558.791          559.5        11.3974
           3178           3178         558.96        559.667        11.3944
           3179           3179        559.123        559.833        11.3915
           3180           3180        559.283            560        11.3886
           3181           3181        559.449        560.167        11.3857
           3182           3182        559.617        560.333        11.3829
           3183           3183        559.783          560.5        11.3802
           3184           3184        559.945        560.667        11.3775
           3185           3185        560.113        560.833        11.3748
           3186           3186        560.278            561        11.3721
           3187           3187        560.447        561.167        11.3695
           3188           3188        560.621        561.333        11.3669
           3189           3189        560.783          561.5        11.3644
           3190           3190        560.951        561.667        11.3619
           3191           3191        561.114        561.833        11.3593
           3192           3192         561.28            562        11.3566
           3193           3193        561.449        562.167         11.354
           3194           3194        561.617        562.333        11.3514
           3195           3195        561.772          562.5        11.3486
           3196           3196        561.935        562.667        11.3459
           3197           3197        562.104        562.833        11.3431
           3198           3198        562.278            563        11.3404
           3199           3199        562.444        563.167        11.3377
           3200           3200        562.606        563.333        11.3351
           3201           3201        562.767          563.5        11.3325
           3202           3202         562.94        563.667        11.3299
           3203           3203        563.105        563.833        11.3274
           3204           3204        563.272            564         11.325
           3205           3205        563.442        564.167        11.3226
           3206           3206        563.604        564.333        11.3202
           3207           3207        563.782          564.5        11.3179
           3208           3208        563.945        564.667        11.3157
           3209           3209        564.109        564.833        11.3134
           3210           3210        564.286            565        11.3113
           3211           3211        564.446        565.167        11.3091
           3212           3212        564.617        565.333        11.3068
           3213           3213        564.787          565.5        11.3045
           3214           3214        564.951        565.667        11.3021
           3215           3215        565.117        565.833        11.2996
           3216           3216        565.278            566        11.2971
           3217           3217        565.445        566.167        11.2946
           3218           3218        565.609        566.333        11.2921
           3219           3219        565.781          566.5        11.2895
           3220           3220        565.948        566.667         11.287
           3221           3221         566.12        566.833        11.2844
           3222           3222        566.282            567        11.2819
           3223           3223        566.448        567.167        11.2794
           3224           3224        566.608        567.333        11.2769
           3225           3225         566.78          567.5        11.2744
           3226           3226        566.949        567.667        11.2719
           3227           3227        567.113        567.833        11.2694
           3228           3228        567.276            568        11.2669
           3229           3229        567.445        568.167        11.2646
           3230           3230        567.613        568.333        11.2623
           3231           3231        567.779          568.5        11.2601
           3232           3232        567.939        568.667        11.2581
           3233           3233        568.102        568.833        11.2561
           3234           3234        568.271            569         11.254
           3235           3235        568.445        569.167        11.2518
           3236           3236        568.606        569.333        11.2497
           3237           3237        568.772          569.5        11.2475
           3238           3238        568.944        569.667        11.2453
           3239           3239        569.107        569.833        11.2431
           3240           3240        569.275            570        11.2407
           3241           3241        569.438        570.167        11.2383
           3242           3242        569.611        570.333         11.236
           3243           3243        569.774          570.5        11.2337
           3244           3244        569.938        570.667        11.2313
           3245           3245        570.107        570.833         11.229
           3246           3246        570.269            571        11.2268
           3247           3247        570.436        571.167        11.2245
           3248           3248        570.604        571.333        11.2223
           3249           3249        570.773          571.5        11.2201
           3250           3250        570.938        571.667        11.2179
           3251           3251        571.105        571.833        11.2156
           3252           3252        571.268            572        11.2133
           3253           3253        571.434        572.167         11.211
           3254           3254        571.606        572.333        11.2088
           3255           3255        571.766          572.5        11.2066
           3256           3256        571.936        572.667        11.2044
           3257           3257        572.106        572.833        11.2023
           3258           3258        572.278            573        11.2002
           3259           3259         572.44        573.167        11.1981
           3260           3260        572.604        573.333        11.1961
           3261           3261         572.76          573.5        11.1942
           3262           3262        572.932        573.667        11.1923
           3263           3263        573.098        573.833        11.1904
           3264           3264         573.27            574        11.1884
           3265           3265        573.432        574.167        11.1864
           3266           3266        573.606        574.333        11.1844
           3267           3267        573.764          574.5        11.1823
           3268           3268        573.936        574.667        11.1802
           3269           3269        574.101        574.833         11.178
           3270           3270        574.268            575        11.1758
           3271           3271        574.438        575.167        11.1738
           3272           3272        574.604        575.333        11.1717
           3273           3273        574.777          575.5        11.1696
           3274           3274        574.937        575.667        11.1676
           3275           3275          575.1        575.833        11.1655
           3276           3276        575.265            576        11.1635
           3277           3277        575.439        576.167        11.1615
           3278           3278        575.605        576.333        11.1595
           3279           3279        575.769          576.5        11.1576
           3280           3280         575.94        576.667        11.1556
           3281           3281        576.104        576.833        11.1535
           3282           3282        576.272            577        11.1514
           3283           3283        576.441        577.167        11.1494
           3284           3284        576.611        577.333        11.1473
           3285           3285        576.769          577.5        11.1453
           3286           3286        576.935        577.667        11.1431
           3287           3287        577.103        577.833        11.1409
           3288           3288        577.268            578        11.1386
           3289           3289        577.426        578.167        11.1364
           3290           3290        577.596        578.333        11.1342
           3291           3291        577.766          578.5        11.1321
           3292           3292        577.931        578.667          11.13
           3293           3293        578.108        578.833         11.128
           3294           3294        578.272            579        11.1261
           3295           3295        578.431        579.167        11.1241
           3296           3296        578.599        579.333         11.122
           3297           3297        578.767          579.5          11.12
           3298           3298        578.936        579.667        11.1179
           3299           3299        579.102        579.833        11.1159
           3300           3300         579.27            580        11.1138
           3301           3301        579.436        580.167        11.1118
           3302           3302        579.595        580.333        11.1099
           3303           3303        579.768          580.5        11.1079
           3304           3304        579.933        580.667        11.1059
           3305           3305        580.095        580.833        11.1039
           3306           3306        580.266            581         11.102
           3307           3307        580.429        581.167           11.1
           3308           3308        580.599        581.333        11.0981
           3309           3309         580.77          581.5        11.0961
           3310           3310        580.939        581.667        11.0941
           3311           3311        581.102        581.833         11.092
           3312           3312        581.268            582        11.0901
           3313           3313        581.432        582.167        11.0881
           3314           3314        581.597        582.333        11.0862
           3315           3315        581.758          582.5        11.0843
           3316           3316        581.922        582.667        11.0825
           3317           3317        582.093        582.833        11.0807
           3318           3318        582.271            583         11.079
           3319           3319        582.437        583.167        11.0775
           3320           3320        582.605        583.333        11.0758
           3321           3321        582.766          583.5        11.0742
           3322           3322        582.928        583.667        11.0726
           3323           3323        583.092        583.833         11.071
           3324           3324        583.254            584        11.0693
           3325           3325        583.425        584.167        11.0676
           3326           3326        583.597        584.333         11.066
           3327           3327        583.762          584.5        11.0643
           3328           3328        583.925        584.667        11.0625
           3329           3329        584.094        584.833        11.0607
           3330           3330        584.266            585        11.0589
           3331           3331        584.425        585.167         11.057
           3332           3332        584.597        585.333        11.0552
           3333           3333        584.772          585.5        11.0534
           3334           3334        584.931        585.667        11.0516
           3335           3335        585.092        585.833        11.0498
           3336           3336        585.255            586        11.0481
           3337           3337        585.426        586.167        11.0463
           3338           3338        585.599        586.333        11.0446
           3339           3339        585.767          586.5        11.0429
           3340           3340        585.931        586.667        11.0411
           3341           3341          586.1        586.833        11.0395
           3342           3342        586.264            587        11.0379
           3343           3343        586.435        587.167        11.0363
           3344           3344        586.602        587.333        11.0348
           3345           3345         586.77          587.5        11.0332
           3346           3346         586.93        587.667        11.0318
           3347           3347        587.099        587.833        11.0304
           3348           3348        587.263            588         11.029
           3349           3349        587.425        588.167        11.0275
           3350           3350        587.593        588.333        11.0259
           3351           3351        587.756          588.5        11.0242
           3352           3352         587.92        588.667        11.0225
           3353           3353        588.089        588.833        11.0208
           3354           3354        588.261            589        11.0192
           3355           3355        588.429        589.167        11.0176
           3356           3356        588.592        589.333         11.016
           3357           3357        588.751          589.5        11.0144
           3358           3358         588.92        589.667        11.0129
           3359           3359        589.087        589.833        11.0115
           3360           3360        589.255            590          11.01
           3361           3361        589.423        590.167        11.0085
           3362           3362        589.586        590.333        11.0071
           3363           3363        589.754          590.5        11.0057
           3364           3364        589.922        590.667        11.0042
           3365           3365        590.086        590.833        11.0028
           3366           3366        590.259            591        11.0014
           3367           3367        590.415        591.167             11
           3368           3368        590.582        591.333        10.9986
           3369           3369        590.755          591.5         10.997
           3370           3370        590.926        591.667        10.9955
           3371           3371        591.095        591.833        10.9939
           3372           3372        591.253            592        10.9923
           3373           3373        591.419        592.167        10.9908
           3374           3374        591.574        592.333        10.9893
           3375           3375        591.749          592.5        10.9878
           3376           3376        591.913        592.667        10.9864
           3377           3377         592.08        592.833        10.9849
           3378           3378        592.246            593        10.9834
           3379           3379        592.409        593.167        10.9818
           3380           3380        592.577        593.333        10.9802
           3381           3381        592.746          593.5        10.9787
           3382           3382        592.913        593.667        10.9772
           3383           3383        593.076        593.833        10.9756
           3384           3384        593.245            594        10.9741
           3385           3385        593.412        594.167        10.9726
           3386           3386        593.581        594.333        10.9711
           3387           3387        593.751          594.5        10.9695
           3388           3388        593.909        594.667        10.9679
           3389           3389         594.08        594.833        10.9664
           3390           3390        594.248            595         10.965
           3391           3391        594.413        595.167        10.9636
           3392           3392        594.572        595.333        10.9622
           3393           3393        594.741          595.5         10.961
           3394           3394        594.912        595.667        10.9597
           3395           3395        595.076        595.833        10.9583
           3396           3396         595.24            596         10.957
           3397           3397        595.407        596.167        10.9556
           3398           3398        595.577        596.333        10.9542
           3399           3399        595.743          596.5        10.9528
           3400           3400        595.912        596.667        10.9513
           3401           3401        596.075        596.833        10.9498
           3402           3402         596.24            597        10.9483
           3403           3403        596.403        597.167        10.9467
           3404           3404        596.567        597.333         10.945
           3405           3405        596.744          597.5        10.9433
           3406           3406        596.913        597.667        10.9417
           3407           3407        597.074        597.833        10.9401
           3408           3408        597.243            598        10.9385
           3409           3409        597.415        598.167        10.9368
           3410           3410        597.579        598.333         10.935
           3411           3411        597.741          598.5        10.9334
           3412           3412         597.91        598.667        10.9318
           3413           3413        598.071        598.833        10.9303
           3414           3414        598.237            599        10.9286
           3415           3415        598.403        599.167         10.927
           3416           3416        598.578        599.333        10.9254
           3417           3417         598.75          599.5        10.9239
           3418           3418        598.915        599.667        10.9227
           3419           3419        599.075        599.833        10.9216
           3420           3420         599.25            600        10.9207


Results:
Texts:

  !$D60-TN220-V70-TB80
  Sample Weight
  D60-TN220-V70-TB80, 6.5000 mg

Sample:
  D60-TN220-V70-TB80, 6.5000 mg
Evaluation:
  


________________________________________________________________________________
Not signed                                                         STARe SW 9.20