Title                                                           04.02.2026 14:04
________________________________________________________________________________

Title


Curve Name:
  $D90-TN220-V70-TB80 
  Sample Weight
Curve Values:
          Index              t             Ts             Tr          Value
                           [s]           [°C]           [°C]           [mg]
              0              0        37.0182             30        3.40941
              1              1        37.0361        30.1667        3.40914
              2              2        37.0553        30.3333        3.40897
              3              3        37.1043           30.5        3.40887
              4              4        37.1782        30.6667        3.40882
              5              5        37.2558        30.8333        3.40887
              6              6        37.3517             31        3.40899
              7              7        37.4659        31.1667        3.40913
              8              8        37.5969        31.3333        3.40954
              9              9        37.7175           31.5        3.40978
             10             10        37.8485        31.6667        3.40996
             11             11        37.9912        31.8333        3.41012
             12             12        38.1338             32        3.41018
             13             13        38.2895        32.1667        3.41025
             14             14        38.4517        32.3333         3.4103
             15             15          38.61           32.5        3.41032
             16             16        38.7591        32.6667        3.41026
             17             17        38.9226        32.8333        3.41023
             18             18        39.0873             33         3.4102
             19             19        39.2559        33.1667        3.41015
             20             20        39.4233        33.3333        3.41009
             21             21        39.5945           33.5        3.41003
             22             22        39.7644        33.6667        3.40998
             23             23        39.9395        33.8333        3.40993
             24             24        40.1145             34        3.40987
             25             25        40.2857        34.1667        3.40982
             26             26         40.453        34.3333        3.40977
             27             27        40.6332           34.5        3.40971
             28             28        40.7966        34.6667        3.40968
             29             29        40.9664        34.8333        3.40965
             30             30        41.1557             35        3.40962
             31             31        41.3177        35.1667        3.40959
             32             32        41.4979        35.3333        3.40958
             33             33        41.6782           35.5        3.40956
             34             34         41.844        35.6667        3.40953
             35             35        42.0242        35.8333         3.4095
             36             36         42.207             36        3.40946
             37             37        42.3807        36.1667        3.40943
             38             38         42.553        36.3333        3.40938
             39             39        42.7201           36.5        3.40934
             40             40        42.9016        36.6667        3.40929
             41             41        43.0752        36.8333        3.40925
             42             42        43.2423             37        3.40921
             43             43        43.4159        37.1667        3.40917
             44             44        43.5817        37.3333        3.40914
             45             45        43.7618           37.5        3.40911
             46             46        43.9289        37.6667        3.40908
             47             47        44.0999        37.8333        3.40906
             48             48        44.2761             38        3.40904
             49             49        44.4288        38.1667        3.40901
             50             50        44.5959        38.3333        3.40899
             51             51        44.7707           38.5        3.40896
             52             52        44.9456        38.6667        3.40894
             53             53        45.1126        38.8333        3.40891
             54             54        45.2809             39        3.40888
             55             55         45.448        39.1667        3.40886
             56             56        45.6124        39.3333        3.40885
             57             57        45.7846           39.5        3.40883
             58             58        45.9516        39.6667        3.40882
             59             59        46.1082        39.8333        3.40879
             60             60        46.2778             40        3.40877
             61             61        46.4461        40.1667        3.40874
             62             62        46.6117        40.3333        3.40871
             63             63        46.7696           40.5        3.40867
             64             64        46.9405        40.6667        3.40862
             65             65        47.1178        40.8333        3.40857
             66             66        47.2757             41        3.40853
             67             67        47.4452        41.1667        3.40848
             68             68        47.6174        41.3333        3.40844
             69             69        47.7778           41.5         3.4084
             70             70        47.9421        41.6667        3.40835
             71             71        48.1065        41.8333        3.40831
             72             72        48.2643             42        3.40827
             73             73        48.4377        42.1667        3.40823
             74             74        48.6137        42.3333        3.40819
             75             75        48.7832           42.5        3.40815
             76             76        48.9293        42.6667        3.40811
             77             77        49.0884        42.8333        3.40807
             78             78        49.2514             43        3.40803
             79             79        49.4261        43.1667        3.40799
             80             80         49.593        43.3333        3.40796
             81             81        49.7546           43.5        3.40793
             82             82        49.9293        43.6667         3.4079
             83             83        50.0819        43.8333        3.40787
             84             84        50.2526             44        3.40786
             85             85         50.413        44.1667        3.40783
             86             86        50.5811        44.3333         3.4078
             87             87         50.748           44.5        3.40777
             88             88        50.9044        44.6667        3.40774
             89             89        51.0648        44.8333        3.40771
             90             90        51.2394             45        3.40768
             91             91        51.3906        45.1667        3.40765
             92             92        51.5483        45.3333        3.40762
             93             93          51.71           45.5        3.40758
             94             94        51.8781        45.6667        3.40755
             95             95        52.0488        45.8333        3.40752
             96             96        52.2013             46        3.40749
             97             97         52.372        46.1667        3.40745
             98             98        52.5258        46.3333        3.40742
             99             99        52.6874           46.5        3.40738
            100            100        52.8529        46.6667        3.40734
            101            101        53.0028        46.8333        3.40729
            102            102        53.1748             47        3.40724
            103            103        53.3403        47.1667         3.4072
            104            104        53.5006        47.3333        3.40715
            105            105          53.67           47.5        3.40711
            106            106        53.8302        47.6667        3.40707
            107            107        53.9892        47.8333        3.40703
            108            108        54.1482             48        3.40699
            109            109        54.3058        48.1667        3.40697
            110            110        54.4583        48.3333        3.40695
            111            111        54.6355           48.5        3.40689
            112            112        54.7957        48.6667        3.40676
            113            113        54.9508        48.8333        3.40593
            114            114        55.1045             49        3.40559
            115            115        55.2673        49.1667        3.40535
            116            116        55.4367        49.3333        3.40396
            117            117        55.5852           49.5        3.40285
            118            118        55.7585        49.6667         3.4053
            119            119        55.9057        49.8333        3.40897
            120            120        56.0685             50         3.4118
            121            121        56.2275        50.1667        3.40857
            122            122        56.3812        50.3333        3.40787
            123            123         56.544           50.5        3.40762
            124            124        56.7029        50.6667        3.40725
            125            125        56.8632        50.8333        3.40671
            126            126        57.0169             51        3.40649
            127            127        57.1784        51.1667        3.40631
            128            128         57.336        51.3333        3.40616
            129            129        57.5014           51.5        3.40604
            130            130        57.6525        51.6667        3.40621
            131            131        57.8075        51.8333        3.40623
            132            132        57.9729             52        3.40622
            133            133         58.111        52.1667        3.40622
            134            134        58.2751        52.3333        3.40619
            135            135        58.4379           52.5        3.40617
            136            136        58.5877        52.6667        3.40613
            137            137        58.7427        52.8333         3.4061
            138            138        58.9003             53        3.40605
            139            139        59.0579        53.1667          3.406
            140            140        59.2233        53.3333        3.40595
            141            141        59.3769           53.5         3.4059
            142            142        59.5189        53.6667        3.40583
            143            143        59.6791        53.8333        3.40576
            144            144        59.8288             54         3.4057
            145            145        59.9929        54.1667        3.40563
            146            146        60.1492        54.3333        3.40556
            147            147        60.3068           54.5         3.4055
            148            148        60.4591        54.6667        3.40545
            149            149        60.6115        54.8333         3.4054
            150            150        60.7691             55        3.40536
            151            151        60.9305        55.1667         3.4053
            152            152        61.0751        55.3333        3.40525
            153            153        61.2391           55.5         3.4052
            154            154        61.3967        55.6667        3.40514
            155            155        61.5504        55.8333        3.40509
            156            156        61.6975             56        3.40506
            157            157        61.8473        56.1667        3.40502
            158            158        62.0152        56.3333        3.40498
            159            159        62.1532           56.5        3.40494
            160            160        62.3095        56.6667        3.40491
            161            161         62.467        56.8333        3.40489
            162            162        62.6181             57        3.40486
            163            163        62.7665        57.1667        3.40483
            164            164        62.9202        57.3333        3.40481
            165            165        63.0764           57.5        3.40478
            166            166        63.2353        57.6667        3.40475
            167            167        63.3954        57.8333        3.40472
            168            168        63.5425             58        3.40469
            169            169        63.6949        58.1667        3.40465
            170            170        63.8472        58.3333        3.40462
            171            171        63.9982           58.5        3.40457
            172            172        64.1492        58.6667        3.40452
            173            173         64.299        58.8333        3.40447
            174            174        64.4539             59        3.40442
            175            175        64.6127        59.1667        3.40437
            176            176        64.7742        59.3333        3.40432
            177            177        64.9135           59.5        3.40427
            178            178        65.0723        59.6667        3.40423
            179            179        65.2259        59.8333        3.40419
            180            180        65.3795             60        3.40415
            181            181        65.5266        60.1667         3.4041
            182            182        65.6816        60.3333        3.40405
            183            183        65.8287           60.5        3.40399
            184            184        65.9719        60.6667        3.40394
            185            185        66.1177        60.8333        3.40388
            186            186        66.2791             61        3.40383
            187            187        66.4405        61.1667        3.40377
            188            188        66.5916        61.3333        3.40372
            189            189          66.74           61.5        3.40366
            190            190        66.8858        61.6667         3.4036
            191            191        67.0329        61.8333        3.40354
            192            192        67.1878             62        3.40347
            193            193        67.3427        62.1667         3.4034
            194            194        67.4898        62.3333        3.40334
            195            195        67.6434           62.5        3.40329
            196            196        67.7892        62.6667        3.40323
            197            197        67.9415        62.8333        3.40318
            198            198        68.0964             63        3.40312
            199            199        68.2448        63.1667        3.40306
            200            200        68.3984        63.3333        3.40301
            201            201        68.5455           63.5        3.40296
            202            202        68.7017        63.6667        3.40291
            203            203        68.8527        63.8333        3.40287
            204            204        69.0011             64        3.40282
            205            205        69.1534        64.1667        3.40278
            206            206        69.3083        64.3333        3.40275
            207            207        69.4488           64.5        3.40271
            208            208        69.6102        64.6667        3.40268
            209            209        69.7599        64.8333        3.40263
            210            210        69.9096             65        3.40259
            211            211        70.0645        65.1667        3.40255
            212            212        70.2181        65.3333         3.4025
            213            213        70.3691           65.5        3.40247
            214            214        70.5149        65.6667        3.40243
            215            215        70.6711        65.8333        3.40239
            216            216        70.8142             66        3.40237
            217            217        70.9613        66.1667        3.40234
            218            218        71.1188        66.3333        3.40232
            219            219        71.2594           66.5        3.40229
            220            220        71.4286        66.6667        3.40224
            221            221        71.5692        66.8333        3.40219
            222            222         71.728             67        3.40214
            223            223        71.8634        67.1667        3.40208
            224            224        72.0117        67.3333        3.40203
            225            225        72.1666           67.5        3.40195
            226            226         72.315        67.6667        3.40189
            227            227        72.4712        67.8333        3.40184
            228            228        72.6157             68        3.40179
            229            229        72.7614        68.1667        3.40175
            230            230        72.9228        68.3333        3.40171
            231            231        73.0673           68.5        3.40167
            232            232        73.2131        68.6667        3.40162
            233            233        73.3692        68.8333        3.40158
            234            234        73.5241             69        3.40153
            235            235        73.6712        69.1667        3.40149
            236            236        73.8209        69.3333        3.40144
            237            237        73.9875           69.5        3.40139
            238            238        74.1215        69.6667        3.40133
            239            239        74.2751        69.8333        3.40128
            240            240        74.4221             70        3.40123
            241            241        74.5666        70.1667        3.40118
            242            242        74.7215        70.3333        3.40114
            243            243        74.8699           70.5        3.40109
            244            244        75.0325        70.6667        3.40105
            245            245        75.1744        70.8333        3.40101
            246            246        75.3306             71        3.40097
            247            247        75.4894        71.1667        3.40093
            248            248         75.626        71.3333        3.40089
            249            249        75.7757           71.5        3.40084
            250            250        75.9227        71.6667         3.4008
            251            251         76.075        71.8333        3.40075
            252            252        76.2312             72        3.40071
            253            253         76.377        72.1667        3.40067
            254            254        76.5214        72.3333        3.40063
            255            255        76.6776           72.5         3.4006
            256            256        76.8246        72.6667        3.40057
            257            257        76.9717        72.8333        3.40053
            258            258        77.1175             73        3.40051
            259            259        77.2736        73.1667        3.40049
            260            260         77.422        73.3333        3.40046
            261            261        77.5665           73.5        3.40044
            262            262        77.7278        73.6667        3.40042
            263            263        77.8801        73.8333        3.40039
            264            264        78.0337             74        3.40035
            265            265        78.1872        74.1667        3.40031
            266            266        78.3369        74.3333        3.40027
            267            267        78.4905           74.5        3.40022
            268            268        78.6258        74.6667        3.40017
            269            269        78.7872        74.8333        3.40012
            270            270        78.9355             75        3.40006
            271            271        79.0865        75.1667        3.40002
            272            272        79.2283        75.3333        3.39998
            273            273        79.3754           75.5        3.39994
            274            274        79.5303        75.6667         3.3999
            275            275        79.6786        75.8333        3.39985
            276            276         79.827             76         3.3998
            277            277        79.9806        76.1667        3.39976
            278            278        80.1302        76.3333         3.3997
            279            279        80.2916           76.5        3.39966
            280            280        80.4296        76.6667        3.39962
            281            281        80.5909        76.8333        3.39958
            282            282        80.7315             77        3.39955
            283            283        80.8785        77.1667        3.39954
            284            284        81.0295        77.3333        3.39951
            285            285        81.1948           77.5        3.39949
            286            286        81.3405        77.6667        3.39947
            287            287        81.4837        77.8333        3.39944
            288            288        81.6307             78        3.39941
            289            289         81.783        78.1667        3.39936
            290            290        81.9287        78.3333        3.39932
            291            291         82.081           78.5        3.39926
            292            292        82.2319        78.6667         3.3992
            293            293        82.3894        78.8333        3.39913
            294            294        82.5482             79        3.39908
            295            295        82.6887        79.1667        3.39903
            296            296        82.8423        79.3333        3.39899
            297            297        82.9933           79.5        3.39895
            298            298        83.1416        79.6667        3.39891
            299            299        83.2873        79.8333        3.39889
            300            300        83.4435             80        3.39886
            301            301        83.5866        80.1667        3.39884
            302            302        83.7441        80.3333        3.39882
            303            303        83.8885           80.5        3.39879
            304            304        84.0421        80.6667        3.39876
            305            305        84.1957        80.8333        3.39873
            306            306        84.3479             81        3.39871
            307            307        84.4976        81.1667        3.39868
            308            308        84.6512        81.3333        3.39865
            309            309        84.8073           81.5        3.39863
            310            310        84.9648        81.6667         3.3986
            311            311        85.1053        81.8333        3.39858
            312            312        85.2602             82        3.39856
            313            313        85.4099        82.1667        3.39853
            314            314        85.5504        82.3333         3.3985
            315            315        85.7105           82.5        3.39846
            316            316        85.8549        82.6667        3.39842
            317            317        86.0046        82.8333        3.39839
            318            318        86.1633             83        3.39835
            319            319        86.3078        83.1667        3.39832
            320            320          86.46        83.3333        3.39829
            321            321        86.6084           83.5        3.39826
            322            322        86.7697        83.6667        3.39823
            323            323        86.9194        83.8333        3.39819
            324            324        87.0664             84        3.39816
            325            325        87.2278        84.1667        3.39812
            326            326          87.38        84.3333        3.39808
            327            327        87.5297           84.5        3.39803
            328            328        87.6754        84.6667        3.39798
            329            329        87.8147        84.8333        3.39793
            330            330        87.9682             85        3.39789
            331            331        88.1283        85.1667        3.39785
            332            332        88.2793        85.3333        3.39782
            333            333        88.4315           85.5        3.39778
            334            334        88.5942        85.6667        3.39775
            335            335        88.7451        85.8333        3.39773
            336            336        88.8883             86        3.39771
            337            337        89.0471        86.1667        3.39768
            338            338        89.1993        86.3333        3.39765
            339            339        89.3516           86.5        3.39762
            340            340         89.496        86.6667        3.39759
            341            341        89.6457        86.8333        3.39755
            342            342        89.7901             87        3.39752
            343            343        89.9463        87.1667        3.39749
            344            344        90.1076        87.3333        3.39745
            345            345        90.2534           87.5        3.39741
            346            346        90.4109        87.6667        3.39737
            347            347        90.5618        87.8333        3.39734
            348            348        90.7141             88        3.39731
            349            349        90.8546        88.1667        3.39728
            350            350        91.0082        88.3333        3.39726
            351            351        91.1617           88.5        3.39724
            352            352         91.327        88.6667        3.39722
            353            353        91.4688        88.8333        3.39719
            354            354        91.6224             89        3.39715
            355            355        91.7694        89.1667        3.39711
            356            356        91.9139        89.3333        3.39706
            357            357         92.074           89.5          3.397
            358            358        92.2288        89.6667        3.39695
            359            359        92.3706        89.8333         3.3969
            360            360        92.5294             90        3.39684
            361            361        92.6843        90.1667        3.39678
            362            362        92.8443        90.3333        3.39673
            363            363        92.9862           90.5        3.39667
            364            364        93.1436        90.6667        3.39662
            365            365        93.2972        90.8333        3.39656
            366            366        93.4312             91         3.3965
            367            367        93.5965        91.1667        3.39645
            368            368        93.7474        91.3333        3.39639
            369            369        93.9036           91.5        3.39635
            370            370        94.0519        91.6667        3.39631
            371            371        94.2055        91.8333        3.39627
            372            372        94.3617             92        3.39623
            373            373        94.5087        92.1667         3.3962
            374            374        94.6649        92.3333        3.39616
            375            375        94.8119           92.5        3.39611
            376            376        94.9537        92.6667        3.39606
            377            377        95.1177        92.8333        3.39601
            378            378        95.2739             93        3.39597
            379            379        95.4209        93.1667        3.39594
            380            380        95.5797        93.3333        3.39591
            381            381        95.7254           93.5         3.3959
            382            382        95.8803        93.6667        3.39587
            383            383        96.0325        93.8333        3.39586
            384            384        96.1821             94        3.39584
            385            385        96.3422        94.1667        3.39582
            386            386        96.4879        94.3333        3.39579
            387            387        96.6272           94.5        3.39576
            388            388        96.7951        94.6667        3.39572
            389            389        96.9408        94.8333        3.39569
            390            390         97.093             95        3.39567
            391            391        97.2518        95.1667        3.39566
            392            392        97.4054        95.3333        3.39565
            393            393        97.5563           95.5        3.39564
            394            394        97.7086        95.6667        3.39565
            395            395        97.8569        95.8333        3.39565
            396            396        98.0157             96        3.39563
            397            397        98.1614        96.1667        3.39562
            398            398        98.3189        96.3333        3.39558
            399            399        98.4737           96.5        3.39556
            400            400        98.6325        96.6667        3.39555
            401            401        98.7756        96.8333        3.39553
            402            402         98.924             97        3.39551
            403            403        99.0814        97.1667        3.39549
            404            404        99.2259        97.3333        3.39546
            405            405        99.3808           97.5        3.39544
            406            406         99.533        97.6667         3.3954
            407            407        99.6879        97.8333        3.39537
            408            408        99.8467             98        3.39533
            409            409        99.9911        98.1667        3.39529
            410            410        100.146        98.3333        3.39526
            411            411        100.296           98.5        3.39522
            412            412        100.452        98.6667        3.39519
            413            413        100.621        98.8333        3.39515
            414            414        100.771             99        3.39512
            415            415        100.915        99.1667        3.39508
            416            416         101.07        99.3333        3.39505
            417            417        101.225           99.5        3.39502
            418            418        101.381        99.6667        3.39499
            419            419        101.538        99.8333        3.39496
            420            420        101.688            100        3.39494
            421            421        101.838        100.167        3.39491
            422            422        101.995        100.333        3.39489
            423            423        102.151          100.5        3.39485
            424            424         102.31        100.667        3.39482
            425            425        102.461        100.833        3.39478
            426            426        102.608            101        3.39474
            427            427        102.766        101.167         3.3947
            428            428        102.927        101.333        3.39467
            429            429        103.082          101.5        3.39464
            430            430        103.228        101.667        3.39462
            431            431        103.377        101.833        3.39461
            432            432        103.528            102         3.3946
            433            433        103.691        102.167        3.39457
            434            434        103.847        102.333        3.39454
            435            435        103.993          102.5         3.3945
            436            436        104.146        102.667        3.39446
            437            437        104.299        102.833        3.39443
            438            438        104.442            103         3.3944
            439            439        104.607        103.167        3.39436
            440            440        104.761        103.333        3.39432
            441            441        104.919          103.5         3.3943
            442            442         105.07        103.667        3.39427
            443            443        105.225        103.833        3.39426
            444            444         105.38            104        3.39424
            445            445        105.537        104.167        3.39423
            446            446        105.681        104.333        3.39421
            447            447        105.835          104.5         3.3942
            448            448        106.001        104.667        3.39419
            449            449        106.153        104.833        3.39418
            450            450        106.306            105        3.39417
            451            451        106.454        105.167        3.39416
            452            452        106.611        105.333        3.39414
            453            453        106.774          105.5        3.39411
            454            454         106.93        105.667        3.39408
            455            455        107.078        105.833        3.39404
            456            456        107.232            106        3.39399
            457            457        107.392        106.167        3.39395
            458            458        107.532        106.333        3.39392
            459            459        107.695          106.5        3.39388
            460            460        107.852        106.667        3.39385
            461            461        108.006        106.833        3.39383
            462            462        108.167            107         3.3938
            463            463        108.318        107.167        3.39377
            464            464        108.476        107.333        3.39375
            465            465        108.633          107.5        3.39373
            466            466        108.779        107.667        3.39371
            467            467        108.938        107.833        3.39369
            468            468        109.089            108        3.39366
            469            469        109.236        108.167        3.39363
            470            470        109.397        108.333        3.39361
            471            471        109.549          108.5        3.39358
            472            472          109.7        108.667        3.39354
            473            473        109.868        108.833         3.3935
            474            474        110.019            109        3.39347
            475            475        110.168        109.167        3.39345
            476            476        110.316        109.333        3.39343
            477            477        110.473          109.5         3.3934
            478            478        110.633        109.667        3.39338
            479            479        110.791        109.833        3.39336
            480            480        110.943            110        3.39335
            481            481        111.099        110.167        3.39334
            482            482        111.253        110.333        3.39334
            483            483        111.399          110.5        3.39333
            484            484        111.565        110.667        3.39334
            485            485        111.719        110.833        3.39334
            486            486        111.879            111        3.39334
            487            487        112.026        111.167        3.39334
            488            488        112.186        111.333        3.39334
            489            489        112.345          111.5        3.39334
            490            490        112.498        111.667        3.39334
            491            491        112.658        111.833        3.39334
            492            492        112.816            112        3.39334
            493            493        112.967        112.167        3.39334
            494            494        113.116        112.333        3.39334
            495            495        113.274          112.5        3.39333
            496            496        113.434        112.667        3.39332
            497            497        113.587        112.833         3.3933
            498            498        113.742            113        3.39328
            499            499          113.9        113.167        3.39326
            500            500         114.04        113.333        3.39324
            501            501        114.207          113.5        3.39322
            502            502        114.373        113.667         3.3932
            503            503        114.531        113.833        3.39318
            504            504        114.675            114        3.39316
            505            505        114.837        114.167        3.39314
            506            506        114.995        114.333        3.39313
            507            507        115.144          114.5        3.39312
            508            508        115.301        114.667        3.39312
            509            509        115.456        114.833        3.39307
            510            510        115.608            115        3.39291
            511            511         115.77        115.167        3.39281
            512            512        115.919        115.333        3.39288
            513            513        116.087          115.5        3.39303
            514            514        116.237        115.667        3.39311
            515            515        116.384        115.833        3.39315
            516            516        116.547            116        3.39319
            517            517        116.705        116.167        3.39337
            518            518        116.854        116.333        3.39339
            519            519        117.013          116.5        3.39336
            520            520        117.173        116.667        3.39332
            521            521        117.339        116.833        3.39327
            522            522         117.48            117        3.39304
            523            523        117.633        117.167        3.39293
            524            524        117.783        117.333        3.39284
            525            525         117.94          117.5        3.39275
            526            526        118.101        117.667        3.39273
            527            527        118.266        117.833        3.39268
            528            528        118.419            118        3.39264
            529            529        118.572        118.167         3.3926
            530            530        118.725        118.333        3.39258
            531            531        118.887          118.5        3.39255
            532            532        119.043        118.667        3.39253
            533            533          119.2        118.833         3.3925
            534            534        119.359            119        3.39248
            535            535        119.518        119.167        3.39244
            536            536        119.669        119.333        3.39241
            537            537        119.826          119.5        3.39237
            538            538        119.976        119.667        3.39234
            539            539        120.136        119.833        3.39231
            540            540          120.3            120        3.39229
            541            541        120.448        120.167        3.39228
            542            542        120.606        120.333        3.39227
            543            543        120.761          120.5        3.39226
            544            544        120.923        120.667        3.39225
            545            545        121.074        120.833        3.39224
            546            546        121.225            121        3.39222
            547            547        121.376        121.167         3.3922
            548            548         121.54        121.333        3.39218
            549            549        121.707          121.5        3.39216
            550            550        121.864        121.667        3.39212
            551            551         122.01        121.833        3.39209
            552            552        122.174            122        3.39205
            553            553        122.325        122.167        3.39201
            554            554        122.484        122.333        3.39197
            555            555        122.641          122.5        3.39193
            556            556        122.804        122.667         3.3919
            557            557        122.956        122.833        3.39187
            558            558        123.115            123        3.39184
            559            559         123.28        123.167        3.39183
            560            560        123.435        123.333        3.39181
            561            561        123.581          123.5        3.39179
            562            562        123.737        123.667        3.39177
            563            563        123.903        123.833        3.39175
            564            564        124.057            124        3.39174
            565            565         124.21        124.167        3.39173
            566            566        124.374        124.333        3.39171
            567            567        124.525          124.5         3.3917
            568            568        124.689        124.667        3.39169
            569            569        124.835        124.833        3.39167
            570            570        124.995            125        3.39166
            571            571        125.157        125.167        3.39165
            572            572         125.31        125.333        3.39164
            573            573        125.469          125.5        3.39162
            574            574        125.625        125.667         3.3916
            575            575        125.792        125.833        3.39159
            576            576        125.947            126        3.39157
            577            577        126.096        126.167        3.39155
            578            578        126.251        126.333        3.39153
            579            579        126.416          126.5         3.3915
            580            580        126.575        126.667        3.39148
            581            581        126.734        126.833        3.39145
            582            582        126.903            127        3.39143
            583            583        127.045        127.167         3.3914
            584            584        127.205        127.333        3.39137
            585            585        127.359          127.5        3.39135
            586            586        127.521        127.667        3.39133
            587            587        127.685        127.833        3.39132
            588            588        127.844            128        3.39131
            589            589        128.001        128.167         3.3913
            590            590         128.15        128.333        3.39129
            591            591        128.306          128.5        3.39128
            592            592        128.467        128.667        3.39127
            593            593        128.633        128.833        3.39126
            594            594        128.793            129        3.39125
            595            595        128.941        129.167        3.39125
            596            596        129.105        129.333        3.39124
            597            597        129.262          129.5        3.39124
            598            598        129.417        129.667        3.39123
            599            599        129.573        129.833        3.39123
            600            600        129.732            130        3.39123
            601            601        129.891        130.167        3.39123
            602            602        130.056        130.333        3.39123
            603            603        130.197          130.5        3.39123
            604            604        130.363        130.667        3.39122
            605            605        130.518        130.833        3.39121
            606            606         130.68            131         3.3912
            607            607        130.842        131.167        3.39119
            608            608        130.996        131.333        3.39117
            609            609        131.157          131.5        3.39116
            610            610        131.315        131.667        3.39115
            611            611         131.47        131.833        3.39114
            612            612        131.634            132        3.39114
            613            613        131.795        132.167        3.39113
            614            614        131.946        132.333        3.39112
            615            615        132.107          132.5        3.39111
            616            616        132.261        132.667         3.3911
            617            617        132.416        132.833        3.39109
            618            618        132.581            133        3.39108
            619            619        132.736        133.167        3.39108
            620            620          132.9        133.333        3.39108
            621            621         133.06          133.5        3.39108
            622            622        133.223        133.667        3.39107
            623            623        133.367        133.833        3.39106
            624            624        133.519            134        3.39104
            625            625        133.694        134.167        3.39102
            626            626        133.854        134.333        3.39099
            627            627        134.001          134.5        3.39095
            628            628        134.158        134.667        3.39092
            629            629        134.314        134.833        3.39091
            630            630        134.476            135        3.39092
            631            631        134.642        135.167        3.39093
            632            632        134.795        135.333        3.39094
            633            633        134.957          135.5        3.39098
            634            634        135.114        135.667        3.39099
            635            635        135.272        135.833        3.39099
            636            636        135.436            136        3.39099
            637            637        135.589        136.167        3.39096
            638            638        135.746        136.333        3.39094
            639            639        135.915          136.5        3.39092
            640            640        136.061        136.667         3.3909
            641            641         136.22        136.833        3.39088
            642            642         136.39            137        3.39085
            643            643        136.546        137.167        3.39083
            644            644        136.703        137.333         3.3908
            645            645         136.86          137.5        3.39078
            646            646        137.018        137.667        3.39075
            647            647        137.169        137.833        3.39073
            648            648        137.335            138        3.39071
            649            649        137.498        138.167        3.39069
            650            650        137.651        138.333        3.39068
            651            651        137.809          138.5        3.39067
            652            652        137.958        138.667        3.39065
            653            653        138.125        138.833        3.39063
            654            654         138.28            139        3.39062
            655            655        138.439        139.167        3.39063
            656            656        138.598        139.333        3.39065
            657            657        138.763          139.5        3.39065
            658            658        138.919        139.667        3.39063
            659            659         139.08        139.833        3.39061
            660            660        139.243            140        3.39059
            661            661        139.404        140.167        3.39055
            662            662        139.558        140.333        3.39049
            663            663         139.71          140.5        3.39046
            664            664        139.878        140.667        3.39044
            665            665        140.038        140.833        3.39042
            666            666        140.201            141        3.39043
            667            667        140.349        141.167        3.39042
            668            668        140.504        141.333         3.3904
            669            669        140.663          141.5        3.39039
            670            670        140.831        141.667        3.39039
            671            671        140.992        141.833        3.39038
            672            672        141.147            142        3.39038
            673            673        141.302        142.167        3.39038
            674            674        141.467        142.333        3.39038
            675            675        141.631          142.5        3.39038
            676            676        141.791        142.667        3.39037
            677            677        141.943        142.833        3.39036
            678            678          142.1            143        3.39034
            679            679        142.258        143.167        3.39032
            680            680        142.422        143.333        3.39032
            681            681        142.585          143.5        3.39031
            682            682        142.749        143.667         3.3903
            683            683        142.899        143.833         3.3903
            684            684        143.054            144        3.39029
            685            685        143.223        144.167        3.39028
            686            686        143.384        144.333        3.39027
            687            687        143.539          144.5        3.39025
            688            688          143.7        144.667        3.39024
            689            689         143.86        144.833        3.39022
            690            690        144.022            145        3.39021
            691            691        144.181        145.167        3.39018
            692            692        144.339        145.333        3.39017
            693            693        144.502          145.5        3.39015
            694            694        144.663        145.667        3.39013
            695            695        144.824        145.833        3.39011
            696            696        144.984            146         3.3901
            697            697        145.137        146.167        3.39009
            698            698        145.299        146.333        3.39007
            699            699        145.464          146.5        3.39005
            700            700        145.623        146.667        3.39003
            701            701        145.775        146.833        3.39001
            702            702         145.94            147           3.39
            703            703          146.1        147.167        3.38997
            704            704        146.256        147.333        3.38994
            705            705        146.411          147.5        3.38991
            706            706        146.564        147.667        3.38988
            707            707        146.724        147.833        3.38986
            708            708        146.898            148        3.38984
            709            709        147.054        148.167        3.38982
            710            710        147.209        148.333         3.3898
            711            711         147.37          148.5        3.38978
            712            712        147.533        148.667        3.38976
            713            713        147.689        148.833        3.38974
            714            714        147.851            149        3.38971
            715            715        148.013        149.167        3.38968
            716            716        148.177        149.333        3.38966
            717            717        148.337          149.5        3.38963
            718            718          148.5        149.667        3.38961
            719            719         148.65        149.833        3.38959
            720            720        148.819            150        3.38957
            721            721        148.967        150.167        3.38955
            722            722         149.13        150.333        3.38954
            723            723        149.293          150.5        3.38952
            724            724        149.454        150.667         3.3895
            725            725        149.619        150.833        3.38947
            726            726        149.772            151        3.38945
            727            727        149.937        151.167        3.38942
            728            728        150.088        151.333        3.38939
            729            729        150.245          151.5        3.38936
            730            730        150.413        151.667        3.38934
            731            731        150.579        151.833        3.38931
            732            732        150.736            152         3.3893
            733            733        150.894        152.167        3.38928
            734            734        151.048        152.333        3.38926
            735            735        151.215          152.5        3.38924
            736            736        151.369        152.667        3.38923
            737            737        151.533        152.833        3.38923
            738            738        151.695            153        3.38922
            739            739        151.849        153.167        3.38922
            740            740        152.014        153.333        3.38922
            741            741        152.172          153.5        3.38921
            742            742        152.337        153.667        3.38919
            743            743        152.498        153.833        3.38917
            744            744        152.656            154        3.38913
            745            745        152.817        154.167        3.38911
            746            746        152.972        154.333        3.38908
            747            747        153.132          154.5        3.38905
            748            748        153.295        154.667        3.38899
            749            749        153.447        154.833        3.38894
            750            750        153.612            155         3.3889
            751            751        153.776        155.167        3.38887
            752            752        153.934        155.333        3.38884
            753            753         154.09          155.5        3.38882
            754            754        154.255        155.667        3.38879
            755            755         154.41        155.833        3.38877
            756            756        154.568            156        3.38877
            757            757        154.728        156.167        3.38875
            758            758        154.894        156.333        3.38873
            759            759        155.063          156.5         3.3887
            760            760        155.218        156.667        3.38867
            761            761        155.382        156.833        3.38865
            762            762        155.538            157        3.38864
            763            763        155.704        157.167        3.38864
            764            764        155.856        157.333        3.38865
            765            765         156.02          157.5        3.38865
            766            766        156.183        157.667        3.38865
            767            767         156.34        157.833        3.38865
            768            768        156.507            158        3.38864
            769            769        156.668        158.167        3.38864
            770            770        156.833        158.333        3.38863
            771            771        156.995          158.5        3.38861
            772            772        157.152        158.667        3.38859
            773            773        157.307        158.833        3.38857
            774            774         157.47            159        3.38855
            775            775        157.638        159.167        3.38852
            776            776        157.799        159.333         3.3885
            777            777        157.956          159.5        3.38848
            778            778        158.118        159.667        3.38845
            779            779        158.277        159.833        3.38842
            780            780        158.437            160        3.38838
            781            781        158.601        160.167        3.38835
            782            782        158.766        160.333        3.38832
            783            783        158.926          160.5        3.38829
            784            784        159.086        160.667        3.38824
            785            785         159.25        160.833         3.3882
            786            786        159.408            161        3.38817
            787            787        159.568        161.167        3.38814
            788            788        159.732        161.333        3.38811
            789            789        159.887          161.5        3.38809
            790            790        160.058        161.667        3.38808
            791            791        160.215        161.833        3.38806
            792            792        160.377            162        3.38807
            793            793        160.539        162.167        3.38807
            794            794        160.695        162.333        3.38806
            795            795        160.854          162.5        3.38805
            796            796        161.021        162.667        3.38802
            797            797        161.179        162.833          3.388
            798            798        161.339            163        3.38798
            799            799        161.508        163.167        3.38797
            800            800        161.663        163.333        3.38794
            801            801        161.824          163.5        3.38793
            802            802        161.988        163.667        3.38791
            803            803        162.151        163.833         3.3879
            804            804        162.311            164         3.3879
            805            805         162.47        164.167        3.38788
            806            806         162.64        164.333        3.38787
            807            807        162.801          164.5        3.38785
            808            808        162.957        164.667        3.38784
            809            809        163.118        164.833        3.38782
            810            810        163.282            165        3.38781
            811            811         163.44        165.167        3.38779
            812            812        163.607        165.333        3.38777
            813            813        163.773          165.5        3.38775
            814            814        163.929        165.667        3.38773
            815            815        164.089        165.833        3.38771
            816            816        164.253            166        3.38768
            817            817        164.413        166.167        3.38766
            818            818        164.576        166.333        3.38762
            819            819        164.733          166.5        3.38758
            820            820        164.888        166.667        3.38754
            821            821        165.061        166.833         3.3875
            822            822        165.225            167        3.38747
            823            823        165.385        167.167        3.38744
            824            824        165.543        167.333         3.3874
            825            825        165.711          167.5        3.38737
            826            826        165.864        167.667        3.38734
            827            827        166.031        167.833        3.38731
            828            828        166.192            168        3.38728
            829            829         166.35        168.167        3.38724
            830            830        166.519        168.333        3.38721
            831            831        166.683          168.5        3.38719
            832            832        166.848        168.667        3.38718
            833            833        167.008        168.833        3.38716
            834            834        167.167            169        3.38714
            835            835        167.332        169.167        3.38712
            836            836        167.499        169.333        3.38712
            837            837        167.652          169.5        3.38711
            838            838        167.818        169.667        3.38709
            839            839        167.977        169.833        3.38708
            840            840        168.138            170        3.38707
            841            841        168.305        170.167        3.38705
            842            842        168.465        170.333        3.38704
            843            843        168.625          170.5        3.38702
            844            844        168.791        170.667        3.38699
            845            845        168.954        170.833        3.38697
            846            846        169.118            171        3.38694
            847            847        169.275        171.167        3.38691
            848            848        169.445        171.333        3.38688
            849            849        169.605          171.5        3.38685
            850            850        169.753        171.667        3.38683
            851            851         169.93        171.833         3.3868
            852            852        170.094            172        3.38678
            853            853        170.253        172.167        3.38676
            854            854        170.404        172.333        3.38673
            855            855        170.578          172.5         3.3867
            856            856         170.74        172.667        3.38667
            857            857        170.896        172.833        3.38663
            858            858         171.06            173         3.3866
            859            859        171.216        173.167        3.38657
            860            860        171.383        173.333        3.38655
            861            861        171.552          173.5        3.38655
            862            862        171.708        173.667        3.38653
            863            863        171.868        173.833        3.38652
            864            864        172.031            174        3.38649
            865            865          172.2        174.167        3.38647
            866            866        172.359        174.333        3.38645
            867            867        172.525          174.5        3.38643
            868            868        172.682        174.667        3.38641
            869            869        172.853        174.833        3.38638
            870            870        173.011            175        3.38636
            871            871        173.177        175.167        3.38633
            872            872        173.349        175.333        3.38631
            873            873        173.507          175.5        3.38628
            874            874        173.669        175.667        3.38627
            875            875        173.824        175.833        3.38626
            876            876        173.988            176        3.38625
            877            877        174.152        176.167        3.38626
            878            878        174.307        176.333        3.38625
            879            879        174.468          176.5        3.38624
            880            880        174.632        176.667        3.38622
            881            881        174.802        176.833         3.3862
            882            882        174.959            177        3.38618
            883            883        175.117        177.167        3.38615
            884            884        175.286        177.333        3.38612
            885            885         175.45          177.5        3.38609
            886            886        175.611        177.667        3.38606
            887            887        175.771        177.833        3.38603
            888            888        175.943            178        3.38601
            889            889        176.102        178.167        3.38599
            890            890        176.262        178.333        3.38599
            891            891        176.419          178.5        3.38598
            892            892        176.585        178.667        3.38598
            893            893        176.747        178.833        3.38597
            894            894        176.919            179        3.38597
            895            895        177.075        179.167        3.38596
            896            896        177.248        179.333        3.38595
            897            897        177.412          179.5        3.38595
            898            898        177.573        179.667        3.38594
            899            899        177.734        179.833        3.38593
            900            900        177.904            180        3.38592
            901            901        178.059        180.167        3.38591
            902            902        178.221        180.333         3.3859
            903            903        178.382          180.5        3.38589
            904            904        178.545        180.667        3.38588
            905            905        178.706        180.833        3.38586
            906            906        178.874            181        3.38585
            907            907        179.049        181.167        3.38583
            908            908        179.206        181.333        3.38582
            909            909         179.38          181.5         3.3858
            910            910        179.534        181.667        3.38579
            911            911        179.688        181.833        3.38578
            912            912        179.854            182        3.38575
            913            913        180.023        182.167        3.38573
            914            914        180.193        182.333         3.3857
            915            915         180.35          182.5        3.38568
            916            916        180.509        182.667        3.38566
            917            917        180.673        182.833        3.38564
            918            918        180.837            183        3.38563
            919            919        180.996        183.167        3.38562
            920            920        181.165        183.333        3.38561
            921            921        181.322          183.5         3.3856
            922            922        181.486        183.667        3.38558
            923            923        181.649        183.833        3.38557
            924            924        181.813            184        3.38555
            925            925        181.983        184.167        3.38553
            926            926        182.134        184.333        3.38551
            927            927        182.301          184.5        3.38549
            928            928        182.465        184.667        3.38547
            929            929         182.63        184.833        3.38545
            930            930        182.792            185        3.38543
            931            931        182.953        185.167         3.3854
            932            932        183.109        185.333        3.38537
            933            933        183.284          185.5        3.38535
            934            934        183.448        185.667        3.38532
            935            935        183.617        185.833        3.38529
            936            936        183.773            186        3.38526
            937            937        183.933        186.167        3.38524
            938            938          184.1        186.333        3.38522
            939            939        184.261          186.5        3.38521
            940            940        184.424        186.667        3.38519
            941            941        184.583        186.833        3.38518
            942            942        184.755            187        3.38517
            943            943        184.913        187.167        3.38516
            944            944        185.077        187.333        3.38516
            945            945        185.239          187.5        3.38516
            946            946        185.403        187.667        3.38515
            947            947        185.568        187.833        3.38514
            948            948        185.729            188        3.38513
            949            949        185.892        188.167        3.38511
            950            950        186.062        188.333         3.3851
            951            951        186.223          188.5        3.38509
            952            952        186.377        188.667        3.38507
            953            953        186.541        188.833        3.38505
            954            954        186.709            189        3.38503
            955            955        186.871        189.167          3.385
            956            956        187.031        189.333        3.38498
            957            957        187.201          189.5        3.38496
            958            958        187.367        189.667        3.38493
            959            959        187.528        189.833        3.38491
            960            960        187.696            190        3.38488
            961            961        187.855        190.167        3.38485
            962            962         188.02        190.333        3.38483
            963            963        188.187          190.5         3.3848
            964            964        188.357        190.667        3.38479
            965            965        188.512        190.833        3.38478
            966            966         188.68            191        3.38477
            967            967        188.849        191.167        3.38476
            968            968        189.008        191.333        3.38476
            969            969        189.176          191.5        3.38474
            970            970        189.337        191.667        3.38473
            971            971          189.5        191.833        3.38471
            972            972        189.659            192        3.38469
            973            973        189.816        192.167        3.38467
            974            974        189.996        192.333        3.38465
            975            975        190.153          192.5        3.38464
            976            976        190.312        192.667        3.38464
            977            977        190.476        192.833        3.38464
            978            978        190.643            193        3.38464
            979            979        190.803        193.167        3.38463
            980            980        190.967        193.333        3.38463
            981            981        191.124          193.5        3.38463
            982            982        191.296        193.667        3.38462
            983            983        191.463        193.833        3.38462
            984            984         191.62            194        3.38462
            985            985        191.789        194.167         3.3846
            986            986        191.951        194.333         3.3846
            987            987        192.111          194.5        3.38459
            988            988        192.279        194.667        3.38458
            989            989        192.453        194.833        3.38457
            990            990        192.615            195        3.38456
            991            991        192.767        195.167        3.38454
            992            992         192.93        195.333        3.38452
            993            993          193.1          195.5        3.38449
            994            994        193.272        195.667        3.38446
            995            995        193.433        195.833        3.38444
            996            996          193.6            196        3.38442
            997            997        193.761        196.167         3.3844
            998            998        193.919        196.333        3.38439
            999            999        194.089          196.5        3.38439
           1000           1000        194.253        196.667        3.38438
           1001           1001        194.409        196.833        3.38438
           1002           1002        194.579            197        3.38438
           1003           1003        194.734        197.167        3.38437
           1004           1004        194.908        197.333        3.38437
           1005           1005        195.071          197.5        3.38436
           1006           1006        195.232        197.667        3.38435
           1007           1007          195.4        197.833        3.38433
           1008           1008        195.555            198        3.38432
           1009           1009        195.724        198.167         3.3843
           1010           1010        195.896        198.333        3.38428
           1011           1011        196.055          198.5        3.38426
           1012           1012        196.221        198.667        3.38424
           1013           1013        196.381        198.833         3.3842
           1014           1014        196.551            199        3.38418
           1015           1015        196.726        199.167        3.38415
           1016           1016        196.876        199.333        3.38414
           1017           1017         197.04          199.5        3.38412
           1018           1018        197.209        199.667        3.38411
           1019           1019        197.384        199.833         3.3841
           1020           1020        197.533            200        3.38408
           1021           1021        197.697        200.167        3.38406
           1022           1022        197.865        200.333        3.38404
           1023           1023        198.029          200.5        3.38402
           1024           1024        198.188        200.667        3.38399
           1025           1025         198.36        200.833        3.38397
           1026           1026        198.524            201        3.38395
           1027           1027        198.687        201.167        3.38393
           1028           1028        198.857        201.333        3.38391
           1029           1029        199.022          201.5        3.38389
           1030           1030        199.184        201.667        3.38386
           1031           1031        199.348        201.833        3.38384
           1032           1032         199.51            202        3.38383
           1033           1033        199.678        202.167        3.38383
           1034           1034        199.846        202.333        3.38382
           1035           1035        200.006          202.5         3.3838
           1036           1036        200.172        202.667        3.38379
           1037           1037        200.341        202.833        3.38378
           1038           1038        200.502            203        3.38377
           1039           1039         200.67        203.167        3.38376
           1040           1040        200.826        203.333        3.38376
           1041           1041        200.997          203.5        3.38375
           1042           1042        201.165        203.667        3.38374
           1043           1043        201.328        203.833        3.38373
           1044           1044        201.481            204        3.38371
           1045           1045        201.656        204.167         3.3837
           1046           1046        201.827        204.333        3.38368
           1047           1047        201.978          204.5        3.38367
           1048           1048        202.142        204.667        3.38365
           1049           1049        202.313        204.833        3.38364
           1050           1050        202.474            205        3.38362
           1051           1051        202.641        205.167        3.38361
           1052           1052         202.81        205.333         3.3836
           1053           1053        202.978          205.5        3.38359
           1054           1054        203.136        205.667        3.38357
           1055           1055        203.306        205.833        3.38357
           1056           1056        203.464            206        3.38356
           1057           1057        203.629        206.167        3.38356
           1058           1058        203.794        206.333        3.38356
           1059           1059        203.965          206.5        3.38356
           1060           1060         204.13        206.667        3.38356
           1061           1061        204.291        206.833        3.38355
           1062           1062        204.461            207        3.38354
           1063           1063        204.623        207.167        3.38353
           1064           1064        204.787        207.333        3.38353
           1065           1065        204.953          207.5        3.38352
           1066           1066        205.117        207.667        3.38351
           1067           1067        205.287        207.833         3.3835
           1068           1068        205.445            208        3.38348
           1069           1069         205.61        208.167        3.38347
           1070           1070        205.778        208.333        3.38347
           1071           1071         205.94          208.5        3.38344
           1072           1072        206.106        208.667        3.38343
           1073           1073         206.28        208.833        3.38341
           1074           1074        206.436            209        3.38339
           1075           1075        206.603        209.167        3.38337
           1076           1076        206.762        209.333        3.38334
           1077           1077        206.924          209.5        3.38332
           1078           1078        207.092        209.667        3.38329
           1079           1079         207.26        209.833        3.38327
           1080           1080        207.429            210        3.38325
           1081           1081         207.59        210.167        3.38323
           1082           1082        207.761        210.333        3.38321
           1083           1083         207.92          210.5         3.3832
           1084           1084        208.083        210.667        3.38319
           1085           1085        208.259        210.833        3.38318
           1086           1086        208.421            211        3.38315
           1087           1087        208.585        211.167        3.38312
           1088           1088        208.744        211.333        3.38307
           1089           1089        208.905          211.5        3.38304
           1090           1090        209.079        211.667          3.383
           1091           1091        209.241        211.833        3.38297
           1092           1092        209.401            212        3.38293
           1093           1093        209.569        212.167        3.38291
           1094           1094        209.737        212.333        3.38288
           1095           1095        209.908          212.5        3.38285
           1096           1096        210.068        212.667        3.38283
           1097           1097        210.234        212.833         3.3828
           1098           1098          210.4            213        3.38277
           1099           1099         210.56        213.167        3.38274
           1100           1100        210.729        213.333         3.3827
           1101           1101        210.893          213.5        3.38267
           1102           1102        211.049        213.667        3.38264
           1103           1103        211.222        213.833        3.38262
           1104           1104        211.389            214         3.3826
           1105           1105        211.559        214.167        3.38257
           1106           1106        211.727        214.333        3.38254
           1107           1107        211.883          214.5        3.38251
           1108           1108        212.044        214.667        3.38248
           1109           1109         212.21        214.833        3.38245
           1110           1110        212.378            215        3.38241
           1111           1111        212.551        215.167        3.38238
           1112           1112        212.711        215.333        3.38235
           1113           1113        212.882          215.5        3.38231
           1114           1114        213.043        215.667        3.38227
           1115           1115        213.211        215.833        3.38224
           1116           1116        213.373            216        3.38221
           1117           1117        213.542        216.167        3.38217
           1118           1118        213.706        216.333        3.38214
           1119           1119        213.875          216.5        3.38211
           1120           1120        214.044        216.667        3.38207
           1121           1121        214.207        216.833        3.38204
           1122           1122        214.367            217          3.382
           1123           1123        214.534        217.167        3.38196
           1124           1124        214.698        217.333        3.38192
           1125           1125        214.868          217.5        3.38189
           1126           1126        215.032        217.667        3.38186
           1127           1127        215.199        217.833        3.38183
           1128           1128        215.359            218        3.38179
           1129           1129        215.528        218.167        3.38177
           1130           1130        215.684        218.333        3.38175
           1131           1131        215.853          218.5        3.38171
           1132           1132        216.012        218.667        3.38168
           1133           1133         216.18        218.833        3.38163
           1134           1134        216.353            219        3.38159
           1135           1135         216.52        219.167        3.38155
           1136           1136        216.676        219.333        3.38151
           1137           1137        216.847          219.5        3.38147
           1138           1138        217.012        219.667        3.38143
           1139           1139        217.179        219.833        3.38139
           1140           1140        217.346            220        3.38136
           1141           1141        217.509        220.167        3.38133
           1142           1142        217.676        220.333         3.3813
           1143           1143        217.837          220.5        3.38128
           1144           1144        217.999        220.667        3.38126
           1145           1145        218.169        220.833        3.38126
           1146           1146        218.343            221        3.38125
           1147           1147        218.497        221.167        3.38124
           1148           1148        218.675        221.333        3.38123
           1149           1149        218.841          221.5        3.38122
           1150           1150        219.002        221.667         3.3812
           1151           1151        219.171        221.833        3.38118
           1152           1152        219.342            222        3.38115
           1153           1153        219.499        222.167        3.38112
           1154           1154        219.669        222.333        3.38107
           1155           1155         219.84          222.5        3.38104
           1156           1156        220.003        222.667        3.38102
           1157           1157        220.158        222.833          3.381
           1158           1158        220.326            223        3.38099
           1159           1159        220.496        223.167        3.38098
           1160           1160        220.671        223.333        3.38098
           1161           1161        220.831          223.5        3.38097
           1162           1162        220.996        223.667        3.38096
           1163           1163        221.162        223.833        3.38094
           1164           1164        221.331            224        3.38092
           1165           1165        221.495        224.167        3.38088
           1166           1166        221.655        224.333        3.38084
           1167           1167        221.829          224.5        3.38081
           1168           1168        221.997        224.667        3.38079
           1169           1169        222.155        224.833        3.38076
           1170           1170        222.319            225        3.38075
           1171           1171        222.497        225.167        3.38073
           1172           1172        222.652        225.333        3.38071
           1173           1173        222.815          225.5        3.38069
           1174           1174        222.986        225.667        3.38068
           1175           1175        223.154        225.833        3.38066
           1176           1176        223.311            226        3.38064
           1177           1177        223.484        226.167        3.38061
           1178           1178        223.654        226.333        3.38057
           1179           1179        223.818          226.5        3.38054
           1180           1180         223.99        226.667        3.38051
           1181           1181        224.149        226.833        3.38047
           1182           1182        224.312            227        3.38045
           1183           1183        224.487        227.167        3.38042
           1184           1184        224.646        227.333         3.3804
           1185           1185        224.814          227.5        3.38037
           1186           1186        224.978        227.667        3.38034
           1187           1187        225.141        227.833        3.38031
           1188           1188        225.315            228        3.38029
           1189           1189        225.471        228.167        3.38026
           1190           1190        225.647        228.333        3.38024
           1191           1191        225.814          228.5        3.38021
           1192           1192        225.975        228.667        3.38018
           1193           1193        226.146        228.833        3.38016
           1194           1194          226.3            229        3.38013
           1195           1195        226.475        229.167         3.3801
           1196           1196        226.645        229.333        3.38008
           1197           1197        226.804          229.5        3.38005
           1198           1198        226.968        229.667        3.38003
           1199           1199        227.136        229.833           3.38
           1200           1200        227.299            230        3.37997
           1201           1201        227.473        230.167        3.37994
           1202           1202         227.64        230.333         3.3799
           1203           1203        227.809          230.5        3.37986
           1204           1204         227.97        230.667        3.37982
           1205           1205        228.142        230.833        3.37978
           1206           1206        228.313            231        3.37974
           1207           1207        228.469        231.167        3.37969
           1208           1208         228.63        231.333        3.37964
           1209           1209        228.805          231.5        3.37959
           1210           1210        228.966        231.667        3.37954
           1211           1211        229.139        231.833        3.37949
           1212           1212        229.296            232        3.37944
           1213           1213        229.466        232.167        3.37939
           1214           1214        229.639        232.333        3.37935
           1215           1215        229.795          232.5        3.37931
           1216           1216        229.959        232.667        3.37927
           1217           1217        230.122        232.833        3.37923
           1218           1218        230.293            233        3.37919
           1219           1219         230.47        233.167        3.37916
           1220           1220        230.623        233.333        3.37913
           1221           1221        230.798          233.5        3.37909
           1222           1222        230.959        233.667        3.37906
           1223           1223        231.123        233.833        3.37903
           1224           1224          231.3            234          3.379
           1225           1225        231.463        234.167        3.37898
           1226           1226        231.635        234.333        3.37896
           1227           1227        231.804          234.5        3.37894
           1228           1228        231.959        234.667        3.37893
           1229           1229        232.134        234.833        3.37892
           1230           1230        232.297            235         3.3789
           1231           1231        232.462        235.167        3.37889
           1232           1232        232.632        235.333        3.37887
           1233           1233        232.794          235.5        3.37886
           1234           1234        232.953        235.667        3.37884
           1235           1235        233.129        235.833        3.37883
           1236           1236        233.289            236         3.3788
           1237           1237        233.461        236.167        3.37878
           1238           1238         233.63        236.333        3.37876
           1239           1239          233.8          236.5        3.37874
           1240           1240        233.967        236.667        3.37871
           1241           1241        234.134        236.833        3.37869
           1242           1242        234.293            237        3.37866
           1243           1243        234.464        237.167        3.37863
           1244           1244        234.626        237.333        3.37861
           1245           1245        234.795          237.5        3.37857
           1246           1246        234.964        237.667        3.37853
           1247           1247        235.131        237.833        3.37848
           1248           1248        235.295            238        3.37844
           1249           1249        235.461        238.167        3.37839
           1250           1250        235.624        238.333        3.37834
           1251           1251        235.796          238.5         3.3783
           1252           1252        235.956        238.667        3.37825
           1253           1253        236.123        238.833        3.37822
           1254           1254        236.293            239        3.37817
           1255           1255        236.456        239.167        3.37812
           1256           1256        236.629        239.333        3.37807
           1257           1257        236.792          239.5        3.37801
           1258           1258        236.961        239.667        3.37796
           1259           1259        237.124        239.833        3.37791
           1260           1260        237.292            240        3.37786
           1261           1261        237.462        240.167        3.37782
           1262           1262        237.626        240.333        3.37777
           1263           1263        237.794          240.5        3.37773
           1264           1264        237.966        240.667        3.37769
           1265           1265        238.123        240.833        3.37765
           1266           1266        238.298            241        3.37762
           1267           1267        238.462        241.167        3.37758
           1268           1268        238.626        241.333        3.37754
           1269           1269        238.791          241.5        3.37751
           1270           1270        238.958        241.667        3.37747
           1271           1271        239.122        241.833        3.37743
           1272           1272        239.284            242         3.3774
           1273           1273        239.462        242.167        3.37736
           1274           1274        239.623        242.333        3.37732
           1275           1275          239.8          242.5        3.37728
           1276           1276        239.965        242.667        3.37724
           1277           1277        240.127        242.833         3.3772
           1278           1278        240.293            243        3.37715
           1279           1279        240.453        243.167        3.37712
           1280           1280        240.619        243.333        3.37708
           1281           1281        240.788          243.5        3.37704
           1282           1282         240.96        243.667          3.377
           1283           1283        241.129        243.833        3.37695
           1284           1284         241.29            244         3.3769
           1285           1285        241.465        244.167        3.37686
           1286           1286        241.635        244.333         3.3768
           1287           1287        241.804          244.5        3.37675
           1288           1288        241.966        244.667         3.3767
           1289           1289        242.123        244.833        3.37666
           1290           1290         242.29            245        3.37662
           1291           1291        242.466        245.167        3.37658
           1292           1292        242.631        245.333        3.37653
           1293           1293         242.79          245.5        3.37648
           1294           1294        242.962        245.667        3.37643
           1295           1295        243.131        245.833        3.37637
           1296           1296        243.294            246        3.37632
           1297           1297        243.469        246.167        3.37626
           1298           1298        243.633        246.333         3.3762
           1299           1299        243.794          246.5        3.37614
           1300           1300         243.96        246.667        3.37608
           1301           1301        244.132        246.833        3.37602
           1302           1302        244.286            247        3.37598
           1303           1303        244.465        247.167        3.37594
           1304           1304        244.636        247.333         3.3759
           1305           1305        244.804          247.5        3.37586
           1306           1306        244.964        247.667        3.37582
           1307           1307        245.136        247.833        3.37578
           1308           1308          245.3            248        3.37572
           1309           1309        245.461        248.167        3.37567
           1310           1310        245.635        248.333         3.3756
           1311           1311        245.802          248.5        3.37555
           1312           1312        245.975        248.667         3.3755
           1313           1313        246.139        248.833        3.37544
           1314           1314        246.294            249        3.37538
           1315           1315        246.466        249.167        3.37534
           1316           1316        246.626        249.333        3.37528
           1317           1317        246.795          249.5        3.37522
           1318           1318        246.967        249.667        3.37516
           1319           1319        247.134        249.833         3.3751
           1320           1320        247.296            250        3.37503
           1321           1321        247.464        250.167        3.37495
           1322           1322        247.636        250.333        3.37488
           1323           1323          247.8          250.5         3.3748
           1324           1324        247.969        250.667        3.37473
           1325           1325        248.127        250.833        3.37466
           1326           1326        248.306            251        3.37459
           1327           1327        248.472        251.167        3.37453
           1328           1328        248.629        251.333        3.37446
           1329           1329        248.799          251.5         3.3744
           1330           1330         248.97        251.667        3.37434
           1331           1331        249.138        251.833        3.37427
           1332           1332        249.297            252         3.3742
           1333           1333        249.466        252.167        3.37412
           1334           1334        249.642        252.333        3.37404
           1335           1335        249.802          252.5        3.37395
           1336           1336        249.966        252.667        3.37386
           1337           1337        250.138        252.833        3.37377
           1338           1338        250.302            253        3.37368
           1339           1339        250.466        253.167        3.37359
           1340           1340        250.642        253.333         3.3735
           1341           1341        250.808          253.5        3.37341
           1342           1342        250.976        253.667        3.37333
           1343           1343        251.135        253.833        3.37325
           1344           1344        251.299            254        3.37317
           1345           1345        251.467        254.167        3.37309
           1346           1346        251.638        254.333        3.37301
           1347           1347        251.802          254.5        3.37293
           1348           1348        251.971        254.667        3.37286
           1349           1349        252.137        254.833        3.37279
           1350           1350        252.303            255        3.37271
           1351           1351        252.472        255.167        3.37263
           1352           1352        252.642        255.333        3.37256
           1353           1353        252.812          255.5        3.37248
           1354           1354        252.974        255.667         3.3724
           1355           1355        253.149        255.833        3.37232
           1356           1356        253.305            256        3.37224
           1357           1357        253.478        256.167        3.37216
           1358           1358        253.647        256.333        3.37207
           1359           1359        253.813          256.5        3.37198
           1360           1360        253.981        256.667        3.37189
           1361           1361        254.145        256.833         3.3718
           1362           1362        254.311            257        3.37171
           1363           1363        254.482        257.167        3.37162
           1364           1364        254.656        257.333        3.37152
           1365           1365        254.822          257.5        3.37142
           1366           1366        254.984        257.667        3.37133
           1367           1367        255.148        257.833        3.37124
           1368           1368        255.316            258        3.37115
           1369           1369        255.485        258.167        3.37105
           1370           1370        255.651        258.333        3.37095
           1371           1371        255.819          258.5        3.37085
           1372           1372        255.987        258.667        3.37075
           1373           1373        256.161        258.833        3.37065
           1374           1374         256.33            259        3.37056
           1375           1375        256.494        259.167        3.37046
           1376           1376        256.658        259.333        3.37036
           1377           1377        256.815          259.5        3.37025
           1378           1378        256.984        259.667        3.37016
           1379           1379        257.156        259.833        3.37005
           1380           1380        257.318            260        3.36995
           1381           1381        257.494        260.167        3.36985
           1382           1382        257.654        260.333        3.36975
           1383           1383        257.827          260.5        3.36965
           1384           1384        257.989        260.667        3.36954
           1385           1385        258.153        260.833        3.36943
           1386           1386        258.321            261        3.36932
           1387           1387        258.495        261.167        3.36924
           1388           1388        258.662        261.333        3.36917
           1389           1389        258.828          261.5        3.36913
           1390           1390        258.995        261.667        3.36906
           1391           1391        259.166        261.833        3.36898
           1392           1392        259.332            262         3.3689
           1393           1393        259.498        262.167         3.3688
           1394           1394        259.666        262.333        3.36868
           1395           1395        259.834          262.5        3.36856
           1396           1396            260        262.667        3.36843
           1397           1397        260.163        262.833        3.36824
           1398           1398        260.332            263         3.3681
           1399           1399          260.5        263.167        3.36795
           1400           1400        260.672        263.333        3.36782
           1401           1401        260.836          263.5        3.36769
           1402           1402        261.004        263.667        3.36756
           1403           1403        261.173        263.833        3.36742
           1404           1404         261.34            264        3.36729
           1405           1405        261.508        264.167        3.36715
           1406           1406        261.672        264.333        3.36701
           1407           1407        261.839          264.5        3.36688
           1408           1408        262.005        264.667        3.36674
           1409           1409        262.173        264.833        3.36659
           1410           1410        262.348            265        3.36645
           1411           1411        262.509        265.167        3.36631
           1412           1412        262.675        265.333        3.36618
           1413           1413        262.835          265.5        3.36605
           1414           1414        263.001        265.667        3.36592
           1415           1415        263.174        265.833        3.36579
           1416           1416        263.343            266        3.36567
           1417           1417        263.516        266.167        3.36555
           1418           1418        263.679        266.333        3.36543
           1419           1419        263.847          266.5        3.36531
           1420           1420         264.02        266.667        3.36519
           1421           1421        264.187        266.833        3.36507
           1422           1422        264.353            267        3.36493
           1423           1423        264.522        267.167        3.36479
           1424           1424        264.688        267.333        3.36465
           1425           1425        264.854          267.5         3.3645
           1426           1426        265.016        267.667        3.36434
           1427           1427        265.188        267.833        3.36419
           1428           1428        265.359            268        3.36404
           1429           1429        265.538        268.167        3.36389
           1430           1430         265.69        268.333        3.36374
           1431           1431        265.867          268.5        3.36359
           1432           1432        266.023        268.667        3.36344
           1433           1433        266.193        268.833        3.36329
           1434           1434        266.359            269        3.36313
           1435           1435        266.526        269.167        3.36296
           1436           1436        266.695        269.333        3.36279
           1437           1437        266.864          269.5        3.36263
           1438           1438        267.024        269.667        3.36245
           1439           1439        267.195        269.833        3.36226
           1440           1440        267.364            270        3.36208
           1441           1441        267.527        270.167         3.3619
           1442           1442        267.696        270.333        3.36171
           1443           1443        267.861          270.5        3.36153
           1444           1444        268.033        270.667        3.36135
           1445           1445        268.202        270.833        3.36116
           1446           1446        268.365            271        3.36098
           1447           1447        268.536        271.167         3.3608
           1448           1448        268.704        271.333        3.36061
           1449           1449        268.874          271.5        3.36043
           1450           1450        269.047        271.667        3.36025
           1451           1451        269.208        271.833        3.36007
           1452           1452        269.382            272        3.35989
           1453           1453        269.541        272.167         3.3597
           1454           1454        269.711        272.333        3.35951
           1455           1455         269.88          272.5        3.35932
           1456           1456        270.048        272.667        3.35913
           1457           1457        270.216        272.833        3.35893
           1458           1458        270.384            273        3.35874
           1459           1459         270.55        273.167        3.35853
           1460           1460        270.706        273.333        3.35834
           1461           1461        270.876          273.5        3.35814
           1462           1462        271.052        273.667        3.35794
           1463           1463        271.214        273.833        3.35774
           1464           1464        271.387            274        3.35754
           1465           1465        271.556        274.167        3.35734
           1466           1466         271.71        274.333        3.35714
           1467           1467        271.885          274.5        3.35692
           1468           1468        272.051        274.667         3.3567
           1469           1469        272.217        274.833        3.35648
           1470           1470        272.389            275        3.35625
           1471           1471        272.551        275.167        3.35602
           1472           1472        272.724        275.333        3.35579
           1473           1473        272.889          275.5        3.35556
           1474           1474        273.062        275.667        3.35533
           1475           1475         273.23        275.833        3.35511
           1476           1476        273.393            276         3.3549
           1477           1477        273.565        276.167        3.35468
           1478           1478        273.733        276.333        3.35446
           1479           1479        273.897          276.5        3.35423
           1480           1480        274.065        276.667        3.35401
           1481           1481        274.231        276.833        3.35378
           1482           1482        274.401            277        3.35355
           1483           1483        274.565        277.167        3.35331
           1484           1484        274.731        277.333        3.35306
           1485           1485        274.898          277.5        3.35281
           1486           1486        275.061        277.667        3.35256
           1487           1487        275.229        277.833        3.35231
           1488           1488        275.395            278        3.35205
           1489           1489        275.568        278.167         3.3518
           1490           1490        275.742        278.333        3.35154
           1491           1491        275.903          278.5        3.35127
           1492           1492        276.064        278.667          3.351
           1493           1493        276.236        278.833        3.35072
           1494           1494        276.391            279        3.35044
           1495           1495        276.567        279.167        3.35015
           1496           1496         276.73        279.333        3.34985
           1497           1497        276.899          279.5        3.34955
           1498           1498        277.067        279.667        3.34925
           1499           1499        277.235        279.833        3.34894
           1500           1500        277.401            280        3.34863
           1501           1501        277.568        280.167        3.34832
           1502           1502        277.733        280.333          3.348
           1503           1503        277.904          280.5        3.34769
           1504           1504        278.071        280.667        3.34737
           1505           1505        278.235        280.833        3.34705
           1506           1506        278.406            281        3.34672
           1507           1507         278.58        281.167         3.3464
           1508           1508         278.74        281.333        3.34607
           1509           1509         278.91          281.5        3.34574
           1510           1510        279.073        281.667        3.34541
           1511           1511        279.245        281.833        3.34507
           1512           1512        279.415            282        3.34474
           1513           1513        279.577        282.167        3.34439
           1514           1514        279.758        282.333        3.34405
           1515           1515        279.917          282.5        3.34369
           1516           1516        280.085        282.667        3.34334
           1517           1517        280.246        282.833        3.34297
           1518           1518         280.41            283         3.3426
           1519           1519        280.581        283.167        3.34223
           1520           1520         280.75        283.333        3.34185
           1521           1521        280.911          283.5        3.34147
           1522           1522        281.074        283.667        3.34109
           1523           1523         281.25        283.833        3.34071
           1524           1524        281.416            284        3.34033
           1525           1525        281.592        284.167        3.33993
           1526           1526        281.765        284.333        3.33953
           1527           1527        281.924          284.5        3.33914
           1528           1528        282.084        284.667        3.33874
           1529           1529        282.259        284.833        3.33833
           1530           1530        282.421            285        3.33794
           1531           1531        282.584        285.167        3.33754
           1532           1532        282.757        285.333        3.33714
           1533           1533        282.924          285.5        3.33674
           1534           1534        283.096        285.667        3.33632
           1535           1535        283.266        285.833         3.3359
           1536           1536        283.433            286        3.33549
           1537           1537        283.603        286.167        3.33511
           1538           1538        283.769        286.333        3.33474
           1539           1539        283.937          286.5        3.33438
           1540           1540        284.105        286.667        3.33401
           1541           1541        284.267        286.833        3.33369
           1542           1542        284.433            287        3.33334
           1543           1543        284.605        287.167        3.33297
           1544           1544         284.77        287.333        3.33257
           1545           1545        284.937          287.5        3.33216
           1546           1546        285.111        287.667        3.33167
           1547           1547         285.28        287.833        3.33118
           1548           1548        285.448            288        3.33068
           1549           1549        285.613        288.167        3.33017
           1550           1550        285.776        288.333        3.32959
           1551           1551        285.951          288.5        3.32907
           1552           1552         286.12        288.667        3.32861
           1553           1553        286.285        288.833         3.3282
           1554           1554        286.457            289        3.32784
           1555           1555        286.633        289.167        3.32743
           1556           1556        286.796        289.333        3.32699
           1557           1557         286.96          289.5        3.32653
           1558           1558        287.121        289.667        3.32602
           1559           1559        287.281        289.833        3.32547
           1560           1560        287.454            290        3.32489
           1561           1561        287.621        290.167        3.32429
           1562           1562        287.788        290.333        3.32354
           1563           1563        287.952          290.5        3.32287
           1564           1564        288.125        290.667        3.32221
           1565           1565        288.292        290.833        3.32156
           1566           1566        288.454            291        3.32092
           1567           1567        288.624        291.167        3.32027
           1568           1568        288.791        291.333        3.31963
           1569           1569        288.957          291.5        3.31899
           1570           1570         289.13        291.667        3.31835
           1571           1571        289.295        291.833        3.31771
           1572           1572        289.457            292        3.31706
           1573           1573        289.631        292.167        3.31642
           1574           1574        289.803        292.333        3.31576
           1575           1575        289.971          292.5        3.31511
           1576           1576         290.14        292.667        3.31446
           1577           1577        290.304        292.833        3.31381
           1578           1578        290.477            293        3.31316
           1579           1579         290.64        293.167         3.3125
           1580           1580        290.803        293.333        3.31183
           1581           1581        290.976          293.5        3.31116
           1582           1582        291.148        293.667        3.31048
           1583           1583        291.308        293.833        3.30978
           1584           1584        291.482            294        3.30909
           1585           1585        291.655        294.167        3.30839
           1586           1586        291.814        294.333        3.30769
           1587           1587        291.985          294.5        3.30697
           1588           1588        292.144        294.667        3.30626
           1589           1589        292.322        294.833        3.30555
           1590           1590        292.483            295        3.30483
           1591           1591        292.654        295.167        3.30409
           1592           1592        292.815        295.333        3.30335
           1593           1593        292.994          295.5         3.3026
           1594           1594        293.149        295.667        3.30185
           1595           1595        293.324        295.833        3.30106
           1596           1596        293.492            296        3.30028
           1597           1597         293.66        296.167         3.2995
           1598           1598        293.835        296.333        3.29871
           1599           1599        294.003          296.5        3.29789
           1600           1600        294.157        296.667        3.29708
           1601           1601        294.331        296.833        3.29627
           1602           1602        294.496            297        3.29546
           1603           1603         294.67        297.167        3.29463
           1604           1604        294.829        297.333         3.2938
           1605           1605        295.006          297.5        3.29296
           1606           1606        295.177        297.667        3.29213
           1607           1607         295.34        297.833        3.29127
           1608           1608        295.505            298        3.29042
           1609           1609        295.677        298.167        3.28957
           1610           1610        295.839        298.333        3.28871
           1611           1611         296.01          298.5        3.28784
           1612           1612        296.174        298.667        3.28697
           1613           1613        296.343        298.833        3.28608
           1614           1614        296.502            299         3.2852
           1615           1615        296.678        299.167        3.28428
           1616           1616        296.842        299.333        3.28337
           1617           1617         297.01          299.5        3.28244
           1618           1618        297.175        299.667        3.28152
           1619           1619        297.339        299.833        3.28055
           1620           1620         297.51            300        3.27959
           1621           1621        297.681        300.167        3.27863
           1622           1622        297.847        300.333        3.27767
           1623           1623        298.013          300.5        3.27666
           1624           1624        298.185        300.667        3.27566
           1625           1625        298.355        300.833        3.27466
           1626           1626         298.52            301        3.27365
           1627           1627        298.684        301.167        3.27263
           1628           1628        298.857        301.333        3.27163
           1629           1629        299.022          301.5        3.27062
           1630           1630        299.192        301.667        3.26959
           1631           1631        299.365        301.833        3.26855
           1632           1632        299.531            302        3.26748
           1633           1633        299.695        302.167        3.26639
           1634           1634        299.865        302.333         3.2653
           1635           1635         300.03          302.5        3.26411
           1636           1636        300.203        302.667        3.26296
           1637           1637        300.371        302.833        3.26179
           1638           1638        300.534            303        3.26062
           1639           1639        300.707        303.167        3.25941
           1640           1640        300.874        303.333        3.25822
           1641           1641        301.034          303.5        3.25701
           1642           1642        301.208        303.667        3.25578
           1643           1643        301.375        303.833        3.25452
           1644           1644        301.551            304        3.25328
           1645           1645        301.718        304.167        3.25205
           1646           1646        301.886        304.333        3.25082
           1647           1647        302.052          304.5        3.24956
           1648           1648        302.225        304.667         3.2483
           1649           1649        302.386        304.833        3.24704
           1650           1650        302.559            305         3.2458
           1651           1651        302.723        305.167        3.24452
           1652           1652        302.886        305.333        3.24321
           1653           1653        303.051          305.5        3.24185
           1654           1654        303.227        305.667        3.24047
           1655           1655        303.394        305.833        3.23902
           1656           1656        303.564            306         3.2376
           1657           1657        303.737        306.167        3.23618
           1658           1658        303.892        306.333        3.23475
           1659           1659        304.073          306.5        3.23329
           1660           1660        304.236        306.667        3.23186
           1661           1661        304.404        306.833        3.23043
           1662           1662        304.571            307        3.22899
           1663           1663         304.74        307.167        3.22755
           1664           1664        304.912        307.333        3.22609
           1665           1665        305.068          307.5        3.22461
           1666           1666        305.233        307.667        3.22312
           1667           1667          305.4        307.833        3.22157
           1668           1668        305.573            308        3.22003
           1669           1669         305.74        308.167        3.21849
           1670           1670        305.912        308.333        3.21694
           1671           1671        306.077          308.5        3.21535
           1672           1672        306.249        308.667        3.21376
           1673           1673        306.414        308.833        3.21215
           1674           1674        306.583            309        3.21053
           1675           1675        306.751        309.167        3.20885
           1676           1676        306.917        309.333        3.20719
           1677           1677         307.09          309.5        3.20553
           1678           1678         307.26        309.667        3.20387
           1679           1679        307.435        309.833         3.2022
           1680           1680        307.592            310        3.20055
           1681           1681        307.755        310.167        3.19891
           1682           1682        307.932        310.333        3.19727
           1683           1683        308.098          310.5        3.19565
           1684           1684        308.266        310.667        3.19401
           1685           1685        308.434        310.833        3.19236
           1686           1686        308.601            311        3.19071
           1687           1687        308.772        311.167        3.18902
           1688           1688        308.936        311.333        3.18734
           1689           1689        309.104          311.5        3.18565
           1690           1690        309.273        311.667        3.18396
           1691           1691        309.439        311.833        3.18223
           1692           1692        309.607            312         3.1805
           1693           1693        309.772        312.167        3.17874
           1694           1694        309.939        312.333        3.17697
           1695           1695        310.112          312.5        3.17512
           1696           1696         310.28        312.667        3.17326
           1697           1697        310.445        312.833        3.17138
           1698           1698        310.612            313         3.1695
           1699           1699        310.778        313.167        3.16757
           1700           1700        310.946        313.333        3.16567
           1701           1701        311.112          313.5        3.16377
           1702           1702        311.287        313.667        3.16188
           1703           1703        311.455        313.833        3.16005
           1704           1704        311.626            314         3.1582
           1705           1705        311.786        314.167        3.15634
           1706           1706        311.957        314.333        3.15448
           1707           1707        312.126          314.5        3.15262
           1708           1708        312.302        314.667        3.15072
           1709           1709        312.455        314.833        3.14878
           1710           1710        312.619            315        3.14683
           1711           1711        312.787        315.167        3.14486
           1712           1712        312.951        315.333        3.14279
           1713           1713        313.132          315.5        3.14074
           1714           1714        313.297        315.667        3.13865
           1715           1715        313.464        315.833        3.13652
           1716           1716        313.637            316        3.13432
           1717           1717        313.807        316.167        3.13221
           1718           1718        313.968        316.333        3.13019
           1719           1719        314.144          316.5         3.1282
           1720           1720        314.307        316.667        3.12622
           1721           1721        314.477        316.833        3.12422
           1722           1722        314.645            317        3.12219
           1723           1723         314.81        317.167        3.12015
           1724           1724        314.974        317.333        3.11807
           1725           1725         315.15          317.5        3.11596
           1726           1726        315.309        317.667        3.11381
           1727           1727        315.478        317.833        3.11164
           1728           1728        315.646            318        3.10933
           1729           1729        315.815        318.167        3.10707
           1730           1730         315.98        318.333        3.10481
           1731           1731        316.153          318.5        3.10254
           1732           1732        316.321        318.667        3.10022
           1733           1733        316.491        318.833        3.09792
           1734           1734        316.651            319        3.09561
           1735           1735         316.83        319.167         3.0933
           1736           1736        316.991        319.333        3.09097
           1737           1737        317.158          319.5        3.08865
           1738           1738        317.338        319.667        3.08632
           1739           1739        317.495        319.833        3.08398
           1740           1740        317.666            320        3.08162
           1741           1741        317.837        320.167        3.07924
           1742           1742            318        320.333        3.07684
           1743           1743        318.173          320.5        3.07442
           1744           1744         318.34        320.667        3.07198
           1745           1745         318.51        320.833        3.06945
           1746           1746        318.684            321        3.06695
           1747           1747         318.85        321.167        3.06445
           1748           1748        319.008        321.333        3.06193
           1749           1749        319.174          321.5        3.05936
           1750           1750        319.345        321.667        3.05681
           1751           1751        319.504        321.833        3.05425
           1752           1752        319.681            322        3.05169
           1753           1753        319.842        322.167         3.0491
           1754           1754        320.018        322.333        3.04651
           1755           1755        320.194          322.5         3.0439
           1756           1756        320.354        322.667        3.04129
           1757           1757        320.519        322.833        3.03864
           1758           1758        320.686            323        3.03598
           1759           1759        320.852        323.167         3.0333
           1760           1760         321.02        323.333        3.03062
           1761           1761        321.191          323.5        3.02787
           1762           1762        321.359        323.667        3.02513
           1763           1763        321.528        323.833        3.02237
           1764           1764        321.707            324        3.01959
           1765           1765        321.863        324.167        3.01673
           1766           1766        322.028        324.333        3.01386
           1767           1767        322.208          324.5        3.01097
           1768           1768        322.374        324.667        3.00807
           1769           1769        322.541        324.833        3.00505
           1770           1770        322.702            325        3.00206
           1771           1771        322.865        325.167        2.99906
           1772           1772        323.042        325.333        2.99605
           1773           1773        323.204          325.5        2.99297
           1774           1774         323.37        325.667        2.98992
           1775           1775         323.54        325.833        2.98687
           1776           1776        323.717            326        2.98382
           1777           1777        323.885        326.167        2.98076
           1778           1778        324.049        326.333        2.97769
           1779           1779        324.213          326.5        2.97463
           1780           1780        324.382        326.667        2.97155
           1781           1781        324.546        326.833        2.96846
           1782           1782        324.717            327        2.96536
           1783           1783        324.889        327.167        2.96224
           1784           1784        325.056        327.333        2.95912
           1785           1785        325.223          327.5        2.95599
           1786           1786        325.387        327.667        2.95281
           1787           1787        325.545        327.833        2.94964
           1788           1788         325.72            328        2.94646
           1789           1789        325.894        328.167        2.94326
           1790           1790        326.055        328.333        2.94001
           1791           1791        326.231          328.5        2.93676
           1792           1792        326.394        328.667         2.9335
           1793           1793        326.561        328.833        2.93023
           1794           1794        326.735            329        2.92688
           1795           1795        326.903        329.167        2.92354
           1796           1796        327.069        329.333        2.92018
           1797           1797        327.233          329.5        2.91681
           1798           1798        327.405        329.667        2.91337
           1799           1799        327.573        329.833        2.90995
           1800           1800        327.741            330        2.90652
           1801           1801        327.909        330.167         2.9031
           1802           1802        328.069        330.333        2.89963
           1803           1803        328.244          330.5        2.89618
           1804           1804        328.412        330.667        2.89272
           1805           1805        328.582        330.833        2.88924
           1806           1806        328.754            331        2.88574
           1807           1807        328.915        331.167        2.88223
           1808           1808        329.083        331.333        2.87874
           1809           1809         329.25          331.5        2.87526
           1810           1810        329.426        331.667        2.87179
           1811           1811        329.594        331.833         2.8683
           1812           1812        329.755            332        2.86482
           1813           1813        329.926        332.167        2.86134
           1814           1814        330.087        332.333        2.85785
           1815           1815        330.259          332.5        2.85435
           1816           1816        330.435        332.667        2.85083
           1817           1817        330.596        332.833        2.84728
           1818           1818         330.77            333        2.84372
           1819           1819        330.926        333.167        2.84008
           1820           1820        331.099        333.333        2.83643
           1821           1821        331.273          333.5        2.83276
           1822           1822        331.444        333.667        2.82907
           1823           1823        331.608        333.833        2.82528
           1824           1824        331.777            334         2.8215
           1825           1825        331.943        334.167        2.81771
           1826           1826        332.112        334.333         2.8139
           1827           1827        332.281          334.5        2.80998
           1828           1828        332.449        334.667        2.80606
           1829           1829        332.614        334.833        2.80211
           1830           1830        332.781            335        2.79814
           1831           1831        332.944        335.167        2.79403
           1832           1832        333.114        335.333        2.78993
           1833           1833         333.28          335.5        2.78583
           1834           1834         333.45        335.667        2.78173
           1835           1835        333.618        335.833        2.77756
           1836           1836        333.786            336        2.77345
           1837           1837        333.962        336.167        2.76936
           1838           1838        334.127        336.333        2.76528
           1839           1839        334.294          336.5        2.76125
           1840           1840        334.466        336.667        2.75717
           1841           1841        334.638        336.833        2.75308
           1842           1842        334.804            337        2.74895
           1843           1843        334.967        337.167         2.7448
           1844           1844        335.129        337.333        2.74056
           1845           1845         335.29          337.5         2.7363
           1846           1846        335.474        337.667        2.73199
           1847           1847        335.635        337.833        2.72763
           1848           1848        335.799            338        2.72309
           1849           1849        335.977        338.167        2.71856
           1850           1850        336.141        338.333          2.714
           1851           1851        336.308          338.5        2.70941
           1852           1852         336.48        338.667        2.70461
           1853           1853        336.638        338.833        2.69986
           1854           1854          336.8            339        2.69509
           1855           1855        336.972        339.167        2.69031
           1856           1856        337.147        339.333        2.68543
           1857           1857        337.315          339.5        2.68058
           1858           1858        337.485        339.667        2.67573
           1859           1859        337.652        339.833        2.67086
           1860           1860        337.822            340          2.666
           1861           1861        337.984        340.167        2.66116
           1862           1862        338.149        340.333        2.65633
           1863           1863         338.32          340.5        2.65151
           1864           1864        338.492        340.667        2.64673
           1865           1865        338.653        340.833        2.64194
           1866           1866        338.828            341        2.63715
           1867           1867        339.001        341.167        2.63236
           1868           1868        339.169        341.333        2.62758
           1869           1869        339.339          341.5        2.62277
           1870           1870        339.505        341.667        2.61796
           1871           1871        339.678        341.833        2.61315
           1872           1872        339.838            342         2.6083
           1873           1873        340.007        342.167        2.60346
           1874           1874        340.178        342.333        2.59861
           1875           1875        340.346          342.5        2.59377
           1876           1876        340.514        342.667        2.58892
           1877           1877        340.683        342.833        2.58408
           1878           1878        340.856            343        2.57925
           1879           1879        341.014        343.167        2.57442
           1880           1880        341.179        343.333        2.56958
           1881           1881        341.361          343.5        2.56475
           1882           1882        341.525        343.667        2.55989
           1883           1883        341.696        343.833        2.55501
           1884           1884         341.87            344        2.55011
           1885           1885        342.033        344.167        2.54516
           1886           1886        342.204        344.333        2.54022
           1887           1887        342.375          344.5        2.53528
           1888           1888        342.537        344.667        2.53032
           1889           1889          342.7        344.833        2.52535
           1890           1890        342.871            345        2.52039
           1891           1891        343.036        345.167        2.51542
           1892           1892        343.217        345.333        2.51045
           1893           1893        343.377          345.5        2.50547
           1894           1894         343.55        345.667        2.50049
           1895           1895        343.716        345.833        2.49551
           1896           1896        343.879            346        2.49053
           1897           1897        344.048        346.167        2.48554
           1898           1898        344.216        346.333        2.48057
           1899           1899        344.386          346.5        2.47559
           1900           1900        344.548        346.667        2.47063
           1901           1901        344.727        346.833        2.46568
           1902           1902        344.892            347        2.46071
           1903           1903        345.069        347.167        2.45575
           1904           1904        345.232        347.333        2.45078
           1905           1905        345.405          347.5        2.44581
           1906           1906        345.567        347.667        2.44085
           1907           1907        345.741        347.833         2.4359
           1908           1908        345.905            348        2.43095
           1909           1909        346.074        348.167        2.42601
           1910           1910         346.24        348.333        2.42109
           1911           1911        346.409          348.5        2.41618
           1912           1912        346.577        348.667        2.41127
           1913           1913        346.744        348.833        2.40636
           1914           1914        346.913            349        2.40149
           1915           1915         347.09        349.167         2.3966
           1916           1916        347.258        349.333        2.39173
           1917           1917        347.423          349.5        2.38686
           1918           1918        347.594        349.667        2.38202
           1919           1919        347.762        349.833        2.37719
           1920           1920        347.928            350        2.37237
           1921           1921          348.1        350.167        2.36756
           1922           1922        348.271        350.333        2.36281
           1923           1923        348.443          350.5        2.35806
           1924           1924        348.606        350.667        2.35331
           1925           1925        348.775        350.833        2.34856
           1926           1926        348.951            351        2.34387
           1927           1927        349.116        351.167        2.33916
           1928           1928         349.28        351.333        2.33446
           1929           1929        349.457          351.5        2.32976
           1930           1930        349.621        351.667         2.3251
           1931           1931         349.79        351.833        2.32043
           1932           1932        349.957            352        2.31576
           1933           1933        350.122        352.167        2.31109
           1934           1934        350.302        352.333        2.30645
           1935           1935        350.465          352.5        2.30181
           1936           1936        350.631        352.667        2.29716
           1937           1937        350.811        352.833        2.29252
           1938           1938        350.967            353        2.28791
           1939           1939         351.14        353.167        2.28329
           1940           1940        351.311        353.333        2.27869
           1941           1941        351.479          353.5        2.27409
           1942           1942        351.646        353.667        2.26949
           1943           1943        351.815        353.833        2.26493
           1944           1944        351.981            354        2.26037
           1945           1945        352.149        354.167         2.2558
           1946           1946        352.323        354.333        2.25124
           1947           1947        352.491          354.5        2.24671
           1948           1948        352.662        354.667        2.24218
           1949           1949        352.825        354.833        2.23766
           1950           1950         352.99            355        2.23316
           1951           1951        353.156        355.167        2.22869
           1952           1952        353.321        355.333        2.22422
           1953           1953        353.498          355.5        2.21975
           1954           1954        353.664        355.667        2.21529
           1955           1955        353.833        355.833        2.21086
           1956           1956        354.003            356        2.20641
           1957           1957        354.165        356.167        2.20196
           1958           1958        354.335        356.333        2.19751
           1959           1959        354.501          356.5        2.19307
           1960           1960        354.666        356.667        2.18864
           1961           1961        354.842        356.833        2.18422
           1962           1962        355.006            357        2.17981
           1963           1963        355.173        357.167        2.17544
           1964           1964        355.347        357.333        2.17106
           1965           1965        355.505          357.5        2.16669
           1966           1966        355.672        357.667        2.16233
           1967           1967        355.843        357.833        2.15801
           1968           1968        356.012            358        2.15368
           1969           1969        356.184        358.167        2.14937
           1970           1970         356.36        358.333        2.14506
           1971           1971        356.525          358.5        2.14079
           1972           1972         356.69        358.667        2.13651
           1973           1973         356.86        358.833        2.13225
           1974           1974        357.029            359        2.12801
           1975           1975        357.196        359.167        2.12376
           1976           1976        357.366        359.333        2.11955
           1977           1977        357.538          359.5        2.11533
           1978           1978        357.698        359.667         2.1111
           1979           1979        357.877        359.833        2.10689
           1980           1980        358.034            360        2.10268
           1981           1981        358.203        360.167        2.09847
           1982           1982        358.371        360.333        2.09427
           1983           1983        358.537          360.5        2.09007
           1984           1984        358.706        360.667        2.08587
           1985           1985        358.877        360.833        2.08165
           1986           1986        359.042            361        2.07743
           1987           1987        359.213        361.167        2.07321
           1988           1988        359.378        361.333        2.06895
           1989           1989        359.543          361.5        2.06471
           1990           1990        359.712        361.667        2.06046
           1991           1991        359.883        361.833        2.05622
           1992           1992         360.05            362        2.05196
           1993           1993        360.222        362.167        2.04772
           1994           1994        360.388        362.333        2.04348
           1995           1995        360.561          362.5        2.03923
           1996           1996        360.731        362.667        2.03498
           1997           1997          360.9        362.833        2.03071
           1998           1998        361.068            363        2.02643
           1999           1999        361.236        363.167        2.02215
           2000           2000          361.4        363.333        2.01783
           2001           2001        361.574          363.5        2.01351
           2002           2002        361.736        363.667        2.00919
           2003           2003         361.91        363.833        2.00487
           2004           2004        362.081            364        2.00053
           2005           2005        362.249        364.167        1.99621
           2006           2006        362.417        364.333        1.99187
           2007           2007        362.593          364.5        1.98753
           2008           2008        362.757        364.667        1.98318
           2009           2009        362.923        364.833        1.97881
           2010           2010        363.087            365        1.97443
           2011           2011        363.264        365.167        1.97003
           2012           2012        363.426        365.333        1.96562
           2013           2013        363.595          365.5        1.96115
           2014           2014        363.768        365.667        1.95668
           2015           2015        363.932        365.833        1.95221
           2016           2016        364.103            366        1.94774
           2017           2017        364.272        366.167        1.94323
           2018           2018        364.436        366.333        1.93874
           2019           2019        364.609          366.5        1.93426
           2020           2020        364.773        366.667        1.92978
           2021           2021        364.944        366.833        1.92533
           2022           2022        365.118            367         1.9209
           2023           2023        365.277        367.167        1.91647
           2024           2024        365.444        367.333        1.91206
           2025           2025        365.617          367.5        1.90771
           2026           2026        365.789        367.667        1.90334
           2027           2027        365.959        367.833        1.89899
           2028           2028         366.13            368        1.89465
           2029           2029        366.298        368.167        1.89035
           2030           2030        366.469        368.333        1.88605
           2031           2031        366.633          368.5        1.88175
           2032           2032        366.806        368.667        1.87746
           2033           2033        366.974        368.833        1.87321
           2034           2034        367.155            369        1.86896
           2035           2035        367.308        369.167        1.86471
           2036           2036        367.475        369.333        1.86047
           2037           2037        367.648          369.5        1.85626
           2038           2038        367.819        369.667        1.85205
           2039           2039        367.985        369.833        1.84785
           2040           2040        368.156            370        1.84366
           2041           2041        368.328        370.167        1.83946
           2042           2042         368.49        370.333        1.83527
           2043           2043        368.665          370.5        1.83105
           2044           2044        368.837        370.667        1.82684
           2045           2045        369.009        370.833        1.82263
           2046           2046        369.173            371        1.81842
           2047           2047        369.355        371.167        1.81425
           2048           2048        369.514        371.333         1.8101
           2049           2049        369.679          371.5        1.80597
           2050           2050         369.85        371.667        1.80194
           2051           2051        370.023        371.833        1.79789
           2052           2052        370.199            372        1.79384
           2053           2053        370.358        372.167        1.78981
           2054           2054        370.528        372.333        1.78584
           2055           2055        370.697          372.5        1.78185
           2056           2056        370.865        372.667        1.77786
           2057           2057        371.036        372.833        1.77388
           2058           2058        371.199            373        1.76995
           2059           2059        371.371        373.167        1.76602
           2060           2060        371.543        373.333         1.7621
           2061           2061         371.72          373.5         1.7582
           2062           2062         371.89        373.667        1.75438
           2063           2063         372.05        373.833        1.75056
           2064           2064        372.221            374        1.74677
           2065           2065         372.39        374.167          1.743
           2066           2066        372.553        374.333        1.73934
           2067           2067        372.729          374.5        1.73566
           2068           2068        372.895        374.667        1.73201
           2069           2069        373.063        374.833        1.72838
           2070           2070        373.223            375        1.72485
           2071           2071        373.399        375.167        1.72129
           2072           2072        373.562        375.333        1.71775
           2073           2073        373.739          375.5        1.71424
           2074           2074        373.904        375.667        1.71074
           2075           2075        374.072        375.833        1.70732
           2076           2076        374.247            376        1.70389
           2077           2077        374.407        376.167        1.70047
           2078           2078        374.578        376.333        1.69706
           2079           2079        374.747          376.5        1.69371
           2080           2080        374.913        376.667        1.69033
           2081           2081        375.087        376.833        1.68696
           2082           2082        375.255            377         1.6836
           2083           2083        375.427        377.167        1.68026
           2084           2084        375.597        377.333        1.67691
           2085           2085         375.76          377.5        1.67357
           2086           2086        375.928        377.667        1.67024
           2087           2087          376.1        377.833        1.66691
           2088           2088        376.265            378        1.66358
           2089           2089        376.433        378.167        1.66025
           2090           2090        376.604        378.333        1.65692
           2091           2091        376.766          378.5        1.65358
           2092           2092        376.942        378.667        1.65023
           2093           2093        377.111        378.833        1.64687
           2094           2094        377.283            379        1.64351
           2095           2095        377.443        379.167        1.64012
           2096           2096        377.617        379.333        1.63673
           2097           2097        377.787          379.5        1.63334
           2098           2098        377.956        379.667        1.62995
           2099           2099        378.124        379.833        1.62654
           2100           2100        378.291            380        1.62312
           2101           2101        378.451        380.167         1.6197
           2102           2102        378.623        380.333        1.61626
           2103           2103        378.787          380.5         1.6128
           2104           2104        378.953        380.667        1.60933
           2105           2105        379.126        380.833        1.60586
           2106           2106        379.294            381        1.60238
           2107           2107        379.459        381.167         1.5989
           2108           2108        379.627        381.333        1.59539
           2109           2109        379.799          381.5        1.59188
           2110           2110        379.966        381.667        1.58837
           2111           2111        380.137        381.833        1.58484
           2112           2112        380.309            382        1.58129
           2113           2113        380.478        382.167        1.57774
           2114           2114        380.643        382.333        1.57417
           2115           2115        380.809          382.5         1.5706
           2116           2116        380.984        382.667        1.56698
           2117           2117        381.137        382.833        1.56338
           2118           2118        381.308            383        1.55976
           2119           2119        381.481        383.167        1.55614
           2120           2120        381.656        383.333        1.55249
           2121           2121        381.818          383.5        1.54884
           2122           2122        381.988        383.667        1.54518
           2123           2123         382.15        383.833        1.54151
           2124           2124        382.317            384         1.5378
           2125           2125        382.489        384.167        1.53409
           2126           2126        382.654        384.333        1.53038
           2127           2127        382.833          384.5        1.52666
           2128           2128        382.998        384.667        1.52288
           2129           2129        383.165        384.833        1.51912
           2130           2130        383.328            385        1.51534
           2131           2131        383.502        385.167        1.51156
           2132           2132        383.664        385.333        1.50773
           2133           2133        383.835          385.5         1.5039
           2134           2134        384.005        385.667        1.50007
           2135           2135         384.17        385.833        1.49623
           2136           2136        384.343            386        1.49236
           2137           2137        384.506        386.167        1.48851
           2138           2138         384.67        386.333        1.48466
           2139           2139        384.838          386.5         1.4808
           2140           2140        385.014        386.667        1.47695
           2141           2141        385.179        386.833         1.4731
           2142           2142        385.342            387        1.46924
           2143           2143        385.514        387.167        1.46537
           2144           2144        385.677        387.333         1.4615
           2145           2145        385.852          387.5        1.45762
           2146           2146        386.022        387.667        1.45373
           2147           2147        386.191        387.833        1.44984
           2148           2148         386.36            388        1.44594
           2149           2149        386.519        388.167        1.44201
           2150           2150        386.691        388.333        1.43809
           2151           2151        386.859          388.5        1.43415
           2152           2152        387.026        388.667        1.43021
           2153           2153        387.192        388.833        1.42624
           2154           2154        387.359            389        1.42228
           2155           2155        387.528        389.167        1.41831
           2156           2156        387.694        389.333        1.41433
           2157           2157        387.865          389.5        1.41032
           2158           2158        388.035        389.667        1.40632
           2159           2159         388.19        389.833        1.40232
           2160           2160        388.367            390         1.3983
           2161           2161        388.532        390.167        1.39426
           2162           2162        388.705        390.333        1.39022
           2163           2163        388.869          390.5        1.38617
           2164           2164        389.037        390.667        1.38211
           2165           2165        389.208        390.833        1.37802
           2166           2166        389.377            391        1.37393
           2167           2167        389.546        391.167        1.36984
           2168           2168        389.709        391.333        1.36574
           2169           2169         389.88          391.5        1.36161
           2170           2170        390.049        391.667        1.35748
           2171           2171        390.225        391.833        1.35334
           2172           2172        390.386            392        1.34919
           2173           2173         390.55        392.167        1.34503
           2174           2174        390.717        392.333        1.34084
           2175           2175        390.891          392.5        1.33665
           2176           2176        391.061        392.667        1.33246
           2177           2177        391.233        392.833        1.32827
           2178           2178        391.398            393        1.32404
           2179           2179        391.563        393.167         1.3198
           2180           2180        391.729        393.333        1.31555
           2181           2181        391.899          393.5         1.3113
           2182           2182        392.071        393.667        1.30699
           2183           2183        392.236        393.833        1.30269
           2184           2184        392.403            394        1.29838
           2185           2185        392.568        394.167        1.29406
           2186           2186         392.74        394.333        1.28968
           2187           2187        392.904          394.5        1.28531
           2188           2188        393.072        394.667        1.28094
           2189           2189        393.247        394.833        1.27655
           2190           2190        393.413            395        1.27211
           2191           2191        393.581        395.167         1.2677
           2192           2192        393.745        395.333        1.26327
           2193           2193        393.917          395.5        1.25884
           2194           2194        394.081        395.667        1.25439
           2195           2195        394.252        395.833        1.24994
           2196           2196         394.42            396        1.24548
           2197           2197        394.586        396.167        1.24102
           2198           2198        394.752        396.333        1.23653
           2199           2199        394.925          396.5        1.23204
           2200           2200        395.089        396.667        1.22754
           2201           2201        395.261        396.833        1.22304
           2202           2202        395.426            397        1.21852
           2203           2203        395.596        397.167          1.214
           2204           2204        395.765        397.333        1.20948
           2205           2205        395.933          397.5        1.20495
           2206           2206        396.099        397.667        1.20041
           2207           2207        396.269        397.833        1.19585
           2208           2208         396.43            398        1.19129
           2209           2209        396.606        398.167        1.18673
           2210           2210        396.773        398.333        1.18217
           2211           2211        396.942          398.5        1.17757
           2212           2212        397.114        398.667        1.17299
           2213           2213        397.275        398.833        1.16841
           2214           2214        397.447            399        1.16382
           2215           2215        397.617        399.167        1.15921
           2216           2216        397.778        399.333        1.15461
           2217           2217         397.95          399.5           1.15
           2218           2218        398.119        399.667         1.1454
           2219           2219        398.279        399.833        1.14078
           2220           2220        398.454            400        1.13617
           2221           2221        398.628        400.167        1.13156
           2222           2222        398.792        400.333        1.12696
           2223           2223        398.955          400.5        1.12235
           2224           2224        399.128        400.667        1.11775
           2225           2225        399.298        400.833        1.11314
           2226           2226        399.467            401        1.10854
           2227           2227        399.632        401.167        1.10393
           2228           2228        399.798        401.333        1.09932
           2229           2229        399.967          401.5        1.09471
           2230           2230        400.133        401.667        1.09011
           2231           2231        400.301        401.833         1.0855
           2232           2232        400.477            402        1.08089
           2233           2233        400.641        402.167        1.07628
           2234           2234        400.811        402.333        1.07167
           2235           2235        400.975          402.5        1.06706
           2236           2236        401.147        402.667        1.06245
           2237           2237        401.315        402.833        1.05785
           2238           2238        401.486            403        1.05325
           2239           2239        401.653        403.167        1.04865
           2240           2240         401.82        403.333        1.04407
           2241           2241        401.984          403.5        1.03948
           2242           2242        402.152        403.667        1.03489
           2243           2243         402.32        403.833         1.0303
           2244           2244        402.486            404        1.02571
           2245           2245        402.656        404.167        1.02113
           2246           2246        402.824        404.333        1.01655
           2247           2247        402.994          404.5        1.01198
           2248           2248        403.158        404.667        1.00743
           2249           2249        403.328        404.833        1.00288
           2250           2250        403.493            405        0.99835
           2251           2251        403.662        405.167       0.993824
           2252           2252        403.829        405.333       0.989338
           2253           2253        404.002          405.5       0.984842
           2254           2254        404.172        405.667       0.980354
           2255           2255        404.334        405.833       0.975872
           2256           2256        404.505            406       0.971416
           2257           2257        404.668        406.167       0.966959
           2258           2258        404.838        406.333       0.962511
           2259           2259        405.008          406.5       0.958072
           2260           2260        405.174        406.667       0.953666
           2261           2261        405.347        406.833       0.949257
           2262           2262        405.513            407       0.944857
           2263           2263        405.685        407.167       0.940467
           2264           2264        405.851        407.333       0.936121
           2265           2265        406.013          407.5       0.931775
           2266           2266        406.192        407.667       0.927441
           2267           2267        406.354        407.833       0.923119
           2268           2268        406.522            408       0.918848
           2269           2269        406.692        408.167       0.914569
           2270           2270         406.86        408.333       0.910303
           2271           2271        407.024          408.5       0.906054
           2272           2272         407.19        408.667       0.901817
           2273           2273        407.364        408.833       0.897638
           2274           2274        407.526            409        0.89345
           2275           2275        407.695        409.167       0.889278
           2276           2276        407.868        409.333       0.885122
           2277           2277        408.037          409.5       0.881031
           2278           2278        408.211        409.667       0.876937
           2279           2279        408.375        409.833       0.872863
           2280           2280        408.537            410       0.868803
           2281           2281        408.709        410.167       0.864812
           2282           2282        408.875        410.333       0.860809
           2283           2283        409.049          410.5       0.856819
           2284           2284         409.22        410.667       0.852844
           2285           2285        409.385        410.833       0.848941
           2286           2286        409.552            411       0.845033
           2287           2287        409.719        411.167       0.841143
           2288           2288        409.893        411.333       0.837269
           2289           2289        410.053          411.5        0.83348
           2290           2290        410.228        411.667       0.829678
           2291           2291         410.39        411.833       0.825895
           2292           2292         410.56            412       0.822132
           2293           2293        410.729        412.167       0.818464
           2294           2294        410.897        412.333       0.814792
           2295           2295         411.06          412.5       0.811144
           2296           2296         411.23        412.667        0.80751
           2297           2297        411.401        412.833       0.803967
           2298           2298         411.57            413       0.800397
           2299           2299        411.734        413.167       0.796795
           2300           2300        411.909        413.333       0.793123
           2301           2301        412.069          413.5       0.789598
           2302           2302        412.247        413.667       0.786261
           2303           2303         412.42        413.833       0.782936
           2304           2304        412.582            414       0.779564
           2305           2305        412.748        414.167       0.776197
           2306           2306        412.914        414.333       0.773159
           2307           2307        413.088          414.5       0.769942
           2308           2308        413.255        414.667       0.766695
           2309           2309        413.424        414.833       0.763451
           2310           2310        413.596            415       0.760136
           2311           2311        413.764        415.167       0.756894
           2312           2312        413.941        415.333       0.753683
           2313           2313        414.117          415.5       0.750491
           2314           2314        414.279        415.667       0.747415
           2315           2315        414.452        415.833       0.744326
           2316           2316        414.616            416       0.741262
           2317           2317        414.789        416.167       0.738219
           2318           2318        414.958        416.333       0.735285
           2319           2319        415.129          416.5       0.732333
           2320           2320        415.292        416.667       0.729403
           2321           2321        415.454        416.833       0.726493
           2322           2322        415.625            417       0.723684
           2323           2323        415.801        417.167       0.720863
           2324           2324        415.965        417.333       0.718062
           2325           2325        416.135          417.5       0.715278
           2326           2326        416.302        417.667       0.712596
           2327           2327        416.467        417.833       0.709898
           2328           2328        416.637            418       0.707218
           2329           2329        416.809        418.167       0.704554
           2330           2330         416.98        418.333       0.701983
           2331           2331        417.134          418.5       0.699397
           2332           2332        417.311        418.667       0.696828
           2333           2333        417.483        418.833       0.694278
           2334           2334        417.647            419       0.691815
           2335           2335        417.814        419.167        0.68934
           2336           2336        417.983        419.333       0.686882
           2337           2337        418.145          419.5       0.684448
           2338           2338        418.314        419.667       0.682032
           2339           2339        418.484        419.833       0.679703
           2340           2340        418.651            420       0.677356
           2341           2341        418.819        420.167       0.675027
           2342           2342        418.988        420.333       0.672716
           2343           2343        419.163          420.5       0.670481
           2344           2344        419.329        420.667       0.668238
           2345           2345        419.505        420.833       0.666015
           2346           2346        419.668            421       0.663809
           2347           2347        419.841        421.167       0.661685
           2348           2348        420.006        421.333       0.659547
           2349           2349        420.171          421.5       0.657427
           2350           2350        420.329        421.667       0.655325
           2351           2351        420.501        421.833       0.653299
           2352           2352        420.677            422       0.651261
           2353           2353        420.846        422.167       0.649237
           2354           2354        421.005        422.333       0.647227
           2355           2355        421.173          422.5       0.645281
           2356           2356        421.344        422.667       0.643325
           2357           2357        421.509        422.833       0.641383
           2358           2358        421.678            423       0.639455
           2359           2359        421.849        423.167       0.637587
           2360           2360        422.022        423.333       0.635719
           2361           2361        422.187          423.5       0.633868
           2362           2362        422.357        423.667       0.632032
           2363           2363        422.527        423.833       0.630271
           2364           2364        422.695            424       0.628494
           2365           2365        422.858        424.167       0.626725
           2366           2366         423.04        424.333       0.624966
           2367           2367        423.204          424.5       0.623265
           2368           2368        423.371        424.667       0.621555
           2369           2369        423.542        424.833       0.619853
           2370           2370         423.71            425       0.618166
           2371           2371         423.88        425.167       0.616491
           2372           2372        424.048        425.333       0.614869
           2373           2373        424.215          425.5       0.613242
           2374           2374        424.377        425.667       0.611631
           2375           2375        424.547        425.833       0.610038
           2376           2376        424.715            426       0.608509
           2377           2377        424.884        426.167       0.606969
           2378           2378        425.051        426.333       0.605439
           2379           2379        425.223          426.5       0.603918
           2380           2380        425.392        426.667       0.602457
           2381           2381        425.561        426.833       0.600973
           2382           2382        425.724            427        0.59949
           2383           2383        425.899        427.167       0.598012
           2384           2384        426.064        427.333       0.596569
           2385           2385        426.235          427.5        0.59513
           2386           2386        426.403        427.667       0.593701
           2387           2387        426.569        427.833       0.592283
           2388           2388        426.731            428       0.590913
           2389           2389        426.898        428.167       0.589538
           2390           2390        427.075        428.333       0.588175
           2391           2391        427.237          428.5       0.586819
           2392           2392        427.403        428.667       0.585508
           2393           2393        427.572        428.833       0.584191
           2394           2394        427.739            429       0.582886
           2395           2395        427.909        429.167        0.58159
           2396           2396        428.079        429.333        0.58033
           2397           2397        428.247          429.5       0.579065
           2398           2398        428.417        429.667       0.577809
           2399           2399        428.588        429.833       0.576561
           2400           2400        428.756            430       0.575352
           2401           2401         428.92        430.167        0.57414
           2402           2402        429.093        430.333       0.572934
           2403           2403        429.258          430.5       0.571742
           2404           2404        429.424        430.667        0.57056
           2405           2405        429.595        430.833       0.569419
           2406           2406        429.764            431       0.568269
           2407           2407        429.933        431.167       0.567127
           2408           2408        430.098        431.333       0.565991
           2409           2409        430.272          431.5       0.564881
           2410           2410         430.44        431.667       0.563762
           2411           2411         430.61        431.833       0.562653
           2412           2412        430.777            432       0.561553
           2413           2413        430.949        432.167       0.560476
           2414           2414        431.113        432.333       0.559401
           2415           2415        431.277          432.5       0.558336
           2416           2416         431.45        432.667       0.557279
           2417           2417        431.625        432.833       0.556259
           2418           2418        431.789            433       0.555228
           2419           2419        431.954        433.167       0.554199
           2420           2420        432.122        433.333       0.553176
           2421           2421        432.291          433.5       0.552185
           2422           2422        432.458        433.667       0.551191
           2423           2423         432.63        433.833       0.550202
           2424           2424        432.794            434       0.549219
           2425           2425        432.962        434.167       0.548272
           2426           2426        433.136        434.333       0.547316
           2427           2427        433.303          434.5       0.546361
           2428           2428        433.459        434.667       0.545409
           2429           2429        433.634        434.833       0.544482
           2430           2430        433.795            435       0.543552
           2431           2431        433.969        435.167       0.542625
           2432           2432         434.13        435.333       0.541703
           2433           2433        434.299          435.5       0.540807
           2434           2434        434.471        435.667       0.539909
           2435           2435        434.643        435.833       0.539016
           2436           2436        434.814            436        0.53813
           2437           2437        434.983        436.167       0.537276
           2438           2438        435.144        436.333       0.536418
           2439           2439        435.306          436.5       0.535567
           2440           2440        435.482        436.667       0.534722
           2441           2441        435.648        436.833       0.533903
           2442           2442        435.816            437       0.533075
           2443           2443        435.984        437.167       0.532254
           2444           2444        436.157        437.333       0.531439
           2445           2445        436.323          437.5       0.530647
           2446           2446        436.497        437.667       0.529853
           2447           2447         436.66        437.833       0.529062
           2448           2448        436.828            438       0.528274
           2449           2449        436.992        438.167       0.527513
           2450           2450        437.158        438.333       0.526743
           2451           2451        437.331          438.5       0.525974
           2452           2452        437.503        438.667       0.525208
           2453           2453        437.667        438.833       0.524457
           2454           2454        437.831            439       0.523707
           2455           2455        437.998        439.167       0.522967
           2456           2456        438.171        439.333       0.522232
           2457           2457        438.339          439.5       0.521523
           2458           2458        438.503        439.667       0.520812
           2459           2459        438.676        439.833       0.520104
           2460           2460         438.84            440       0.519399
           2461           2461        439.009        440.167       0.518719
           2462           2462        439.174        440.333       0.518032
           2463           2463        439.343          440.5       0.517345
           2464           2464        439.513        440.667       0.516662
           2465           2465        439.679        440.833       0.515993
           2466           2466        439.853            441       0.515322
           2467           2467        440.023        441.167       0.514653
           2468           2468        440.183        441.333       0.513987
           2469           2469        440.357          441.5       0.513341
           2470           2470        440.528        441.667       0.512697
           2471           2471        440.693        441.833       0.512059
           2472           2472        440.872            442       0.511423
           2473           2473        441.036        442.167       0.510803
           2474           2474        441.197        442.333       0.510179
           2475           2475         441.37          442.5       0.509558
           2476           2476        441.529        442.667       0.508939
           2477           2477          441.7        442.833       0.508336
           2478           2478         441.87            443       0.507737
           2479           2479        442.037        443.167        0.50714
           2480           2480        442.203        443.333       0.506545
           2481           2481        442.373          443.5       0.505978
           2482           2482        442.536        443.667       0.505409
           2483           2483        442.707        443.833       0.504846
           2484           2484        442.872            444       0.504289
           2485           2485         443.04        444.167       0.503752
           2486           2486         443.21        444.333       0.503207
           2487           2487        443.376          444.5       0.502663
           2488           2488        443.546        444.667       0.502121
           2489           2489        443.716        444.833       0.501594
           2490           2490        443.887            445       0.501064
           2491           2491         444.05        445.167       0.500535
           2492           2492         444.22        445.333       0.500006
           2493           2493        444.386          445.5       0.499489
           2494           2494        444.557        445.667       0.498971
           2495           2495        444.725        445.833       0.498456
           2496           2496        444.901            446       0.497943
           2497           2497        445.067        446.167       0.497447
           2498           2498        445.227        446.333       0.496949
           2499           2499        445.401          446.5       0.496451
           2500           2500        445.575        446.667       0.495951
           2501           2501        445.741        446.833       0.495461
           2502           2502        445.914            447       0.494962
           2503           2503        446.078        447.167       0.494463
           2504           2504        446.245        447.333       0.493964
           2505           2505         446.41          447.5        0.49346
           2506           2506        446.579        447.667       0.492962
           2507           2507        446.749        447.833       0.492468
           2508           2508         446.91            448       0.491979
           2509           2509        447.086        448.167       0.491504
           2510           2510        447.255        448.333       0.491027
           2511           2511         447.42          448.5       0.490552
           2512           2512        447.591        448.667        0.49008
           2513           2513         447.75        448.833       0.489624
           2514           2514        447.926            449       0.489164
           2515           2515        448.086        449.167       0.488706
           2516           2516        448.253        449.333       0.488249
           2517           2517        448.421          449.5         0.4878
           2518           2518        448.593        449.667       0.487352
           2519           2519        448.761        449.833       0.486903
           2520           2520         448.93            450       0.486454
           2521           2521        449.093        450.167       0.486015
           2522           2522        449.276        450.333       0.485574
           2523           2523        449.435          450.5        0.48513
           2524           2524        449.604        450.667       0.484687
           2525           2525        449.767        450.833       0.484246
           2526           2526        449.939            451       0.483802
           2527           2527        450.103        451.167       0.483359
           2528           2528        450.278        451.333       0.482919
           2529           2529        450.438          451.5       0.482483
           2530           2530        450.607        451.667       0.482052
           2531           2531        450.777        451.833       0.481626
           2532           2532        450.948            452       0.481203
           2533           2533        451.109        452.167       0.480793
           2534           2534        451.281        452.333       0.480377
           2535           2535        451.443          452.5       0.479963
           2536           2536        451.613        452.667       0.479554
           2537           2537        451.782        452.833       0.479148
           2538           2538        451.949            453       0.478751
           2539           2539        452.127        453.167       0.478354
           2540           2540        452.288        453.333       0.477955
           2541           2541        452.458          453.5       0.477556
           2542           2542        452.627        453.667       0.477163
           2543           2543        452.787        453.833       0.476759
           2544           2544        452.956            454       0.476348
           2545           2545        453.131        454.167       0.475935
           2546           2546        453.304        454.333        0.47551
           2547           2547        453.471          454.5       0.475091
           2548           2548        453.636        454.667        0.47467
           2549           2549        453.804        454.833       0.474247
           2550           2550        453.967            455        0.47382
           2551           2551         454.14        455.167       0.473389
           2552           2552        454.303        455.333       0.472954
           2553           2553        454.479          455.5       0.472517
           2554           2554        454.644        455.667        0.47207
           2555           2555        454.812        455.833       0.471624
           2556           2556        454.986            456       0.471178
           2557           2557         455.15        456.167       0.470731
           2558           2558        455.318        456.333       0.470278
           2559           2559        455.488          456.5       0.469826
           2560           2560        455.658        456.667       0.469372
           2561           2561        455.822        456.833       0.468918
           2562           2562        455.991            457       0.468456
           2563           2563        456.164        457.167       0.467997
           2564           2564        456.336        457.333       0.467542
           2565           2565        456.503          457.5       0.467087
           2566           2566        456.663        457.667       0.466632
           2567           2567        456.837        457.833       0.466184
           2568           2568         457.01            458       0.465738
           2569           2569        457.173        458.167       0.465292
           2570           2570        457.335        458.333       0.464845
           2571           2571        457.512          458.5       0.464405
           2572           2572        457.676        458.667       0.463959
           2573           2573        457.841        458.833        0.46351
           2574           2574        458.011            459       0.463059
           2575           2575        458.184        459.167       0.462604
           2576           2576        458.341        459.333       0.462157
           2577           2577        458.513          459.5       0.461712
           2578           2578        458.683        459.667       0.461266
           2579           2579        458.845        459.833       0.460827
           2580           2580         459.01            460       0.460387
           2581           2581        459.179        460.167       0.459946
           2582           2582        459.353        460.333       0.459506
           2583           2583        459.519          460.5       0.459072
           2584           2584        459.682        460.667       0.458638
           2585           2585        459.853        460.833       0.458202
           2586           2586        460.023            461       0.457765
           2587           2587        460.187        461.167       0.457331
           2588           2588        460.356        461.333       0.456894
           2589           2589        460.528          461.5       0.456458
           2590           2590        460.691        461.667       0.456022
           2591           2591         460.86        461.833       0.455586
           2592           2592        461.029            462       0.455156
           2593           2593        461.197        462.167        0.45473
           2594           2594        461.359        462.333       0.454306
           2595           2595        461.533          462.5       0.453892
           2596           2596        461.694        462.667       0.453468
           2597           2597        461.865        462.833       0.453039
           2598           2598        462.031            463       0.452611
           2599           2599        462.201        463.167       0.452175
           2600           2600        462.373        463.333       0.451733
           2601           2601        462.546          463.5       0.451285
           2602           2602        462.712        463.667       0.450833
           2603           2603        462.881        463.833        0.45038
           2604           2604        463.044            464       0.449909
           2605           2605        463.212        464.167        0.44945
           2606           2606        463.373        464.333       0.448996
           2607           2607        463.543          464.5       0.448542
           2608           2608        463.715        464.667       0.448089
           2609           2609        463.888        464.833        0.44763
           2610           2610        464.051            465        0.44717
           2611           2611        464.217        465.167       0.446707
           2612           2612         464.38        465.333       0.446235
           2613           2613        464.552          465.5       0.445767
           2614           2614        464.721        465.667       0.445302
           2615           2615        464.887        465.833       0.444836
           2616           2616        465.059            466       0.444362
           2617           2617        465.233        466.167       0.443889
           2618           2618        465.401        466.333       0.443412
           2619           2619        465.563          466.5       0.442934
           2620           2620        465.733        466.667       0.442452
           2621           2621        465.904        466.833       0.441972
           2622           2622        466.067            467       0.441492
           2623           2623        466.242        467.167       0.441012
           2624           2624        466.406        467.333       0.440535
           2625           2625        466.573          467.5       0.440055
           2626           2626        466.732        467.667       0.439574
           2627           2627        466.906        467.833       0.439093
           2628           2628        467.069            468       0.438615
           2629           2629        467.244        468.167       0.438136
           2630           2630        467.417        468.333       0.437656
           2631           2631        467.585          468.5       0.437176
           2632           2632         467.75        468.667       0.436698
           2633           2633        467.914        468.833       0.436217
           2634           2634        468.085            469       0.435735
           2635           2635        468.252        469.167       0.435255
           2636           2636         468.42        469.333       0.434775
           2637           2637        468.592          469.5       0.434297
           2638           2638        468.757        469.667       0.433824
           2639           2639        468.928        469.833        0.43335
           2640           2640        469.098            470       0.432876
           2641           2641        469.263        470.167       0.432405
           2642           2642        469.429        470.333       0.431925
           2643           2643        469.594          470.5        0.43144
           2644           2644        469.766        470.667       0.430952
           2645           2645        469.929        470.833       0.430452
           2646           2646        470.093            471       0.429958
           2647           2647         470.27        471.167       0.429461
           2648           2648        470.436        471.333       0.428964
           2649           2649        470.607          471.5       0.428468
           2650           2650         470.77        471.667       0.427976
           2651           2651        470.936        471.833       0.427486
           2652           2652        471.098            472       0.426997
           2653           2653        471.273        472.167       0.426512
           2654           2654        471.432        472.333       0.426021
           2655           2655        471.601          472.5       0.425528
           2656           2656        471.769        472.667       0.425035
           2657           2657        471.941        472.833       0.424539
           2658           2658        472.109            473       0.424044
           2659           2659        472.277        473.167       0.423552
           2660           2660        472.441        473.333       0.423063
           2661           2661        472.609          473.5       0.422569
           2662           2662        472.777        473.667       0.422073
           2663           2663        472.948        473.833       0.421577
           2664           2664        473.116            474       0.421084
           2665           2665        473.281        474.167       0.420584
           2666           2666        473.444        474.333       0.420087
           2667           2667        473.618          474.5        0.41959
           2668           2668         473.78        474.667       0.419092
           2669           2669        473.947        474.833       0.418593
           2670           2670        474.116            475       0.418089
           2671           2671        474.289        475.167       0.417583
           2672           2672        474.457        475.333       0.417073
           2673           2673        474.615          475.5       0.416563
           2674           2674        474.785        475.667       0.416047
           2675           2675        474.956        475.833       0.415537
           2676           2676        475.124            476       0.415024
           2677           2677        475.293        476.167       0.414509
           2678           2678        475.457        476.333       0.413998
           2679           2679        475.631          476.5        0.41349
           2680           2680        475.792        476.667       0.412986
           2681           2681        475.964        476.833       0.412483
           2682           2682        476.135            477        0.41199
           2683           2683        476.299        477.167       0.411496
           2684           2684        476.463        477.333       0.410999
           2685           2685        476.631          477.5         0.4105
           2686           2686        476.799        477.667       0.410003
           2687           2687        476.968        477.833       0.409498
           2688           2688         477.14            478       0.408987
           2689           2689        477.303        478.167       0.408471
           2690           2690        477.477        478.333       0.407927
           2691           2691        477.648          478.5       0.407383
           2692           2692        477.816        478.667        0.40683
           2693           2693        477.981        478.833       0.406271
           2694           2694         478.14            479        0.40569
           2695           2695        478.307        479.167       0.405117
           2696           2696         478.48        479.333       0.404539
           2697           2697        478.646          479.5       0.403957
           2698           2698        478.806        479.667       0.403375
           2699           2699        478.975        479.833       0.402799
           2700           2700        479.152            480       0.402225
           2701           2701         479.32        480.167       0.401652
           2702           2702        479.478        480.333       0.401082
           2703           2703        479.647          480.5       0.400523
           2704           2704        479.823        480.667       0.399962
           2705           2705        479.992        480.833       0.399408
           2706           2706        480.151            481       0.398859
           2707           2707        480.322        481.167       0.398324
           2708           2708        480.488        481.333       0.397785
           2709           2709        480.652          481.5       0.397247
           2710           2710        480.817        481.667       0.396712
           2711           2711        480.987        481.833       0.396186
           2712           2712         481.16            482       0.395652
           2713           2713        481.322        482.167       0.395118
           2714           2714        481.491        482.333       0.394586
           2715           2715        481.659          482.5       0.394053
           2716           2716        481.831        482.667       0.393524
           2717           2717        481.995        482.833       0.392999
           2718           2718        482.159            483       0.392476
           2719           2719        482.327        483.167       0.391957
           2720           2720         482.49        483.333       0.391431
           2721           2721        482.661          483.5       0.390902
           2722           2722        482.835        483.667       0.390371
           2723           2723        483.003        483.833       0.389829
           2724           2724        483.167            484       0.389293
           2725           2725        483.331        484.167       0.388758
           2726           2726        483.499        484.333       0.388222
           2727           2727        483.662          484.5       0.387684
           2728           2728         483.83        484.667       0.387151
           2729           2729        483.998        484.833       0.386618
           2730           2730        484.174            485       0.386084
           2731           2731        484.334        485.167       0.385556
           2732           2732          484.5        485.333       0.385027
           2733           2733        484.673          485.5       0.384495
           2734           2734        484.843        485.667       0.383957
           2735           2735        485.003        485.833       0.383416
           2736           2736        485.178            486       0.382871
           2737           2737        485.337        486.167       0.382326
           2738           2738        485.509        486.333        0.38178
           2739           2739        485.674          486.5       0.381233
           2740           2740        485.849        486.667       0.380687
           2741           2741        486.011        486.833       0.380148
           2742           2742        486.177            487       0.379612
           2743           2743        486.341        487.167       0.379078
           2744           2744         486.51        487.333       0.378563
           2745           2745        486.677          487.5        0.37804
           2746           2746        486.849        487.667       0.377516
           2747           2747        487.026        487.833       0.376992
           2748           2748        487.193            488       0.376474
           2749           2749        487.351        488.167       0.375951
           2750           2750        487.516        488.333       0.375425
           2751           2751        487.682          488.5       0.374898
           2752           2752        487.849        488.667       0.374379
           2753           2753        488.027        488.833       0.373867
           2754           2754        488.194            489       0.373358
           2755           2755        488.357        489.167       0.372852
           2756           2756        488.522        489.333       0.372358
           2757           2757        488.694          489.5       0.371855
           2758           2758         488.85        489.667       0.371355
           2759           2759        489.024        489.833       0.370858
           2760           2760        489.192            490       0.370361
           2761           2761        489.356        490.167       0.369864
           2762           2762        489.524        490.333       0.369367
           2763           2763        489.689          490.5       0.368872
           2764           2764        489.862        490.667       0.368385
           2765           2765        490.032        490.833       0.367894
           2766           2766        490.202            491       0.367401
           2767           2767        490.369        491.167        0.36691
           2768           2768        490.542        491.333       0.366419
           2769           2769        490.702          491.5       0.365936
           2770           2770        490.865        491.667       0.365456
           2771           2771        491.046        491.833       0.364977
           2772           2772         491.21            492       0.364497
           2773           2773        491.377        492.167       0.364036
           2774           2774        491.542        492.333       0.363573
           2775           2775        491.706          492.5       0.363111
           2776           2776         491.88        492.667       0.362652
           2777           2777        492.041        492.833       0.362213
           2778           2778        492.217            493       0.361773
           2779           2779        492.384        493.167       0.361334
           2780           2780        492.561        493.333       0.360894
           2781           2781        492.729          493.5       0.360478
           2782           2782        492.888        493.667       0.360058
           2783           2783        493.054        493.833       0.359639
           2784           2784        493.218            494       0.359221
           2785           2785        493.384        494.167       0.358811
           2786           2786        493.549        494.333       0.358402
           2787           2787        493.717          494.5       0.357998
           2788           2788         493.89        494.667       0.357595
           2789           2789        494.056        494.833       0.357191
           2790           2790        494.225            495       0.356785
           2791           2791        494.389        495.167       0.356382
           2792           2792        494.559        495.333       0.355981
           2793           2793        494.723          495.5       0.355577
           2794           2794        494.893        495.667       0.355175
           2795           2795        495.061        495.833       0.354776
           2796           2796        495.229            496       0.354378
           2797           2797        495.391        496.167       0.353986
           2798           2798        495.559        496.333       0.353596
           2799           2799        495.728          496.5       0.353209
           2800           2800        495.896        496.667       0.352825
           2801           2801        496.061        496.833       0.352441
           2802           2802        496.231            497       0.352068
           2803           2803        496.394        497.167       0.351691
           2804           2804        496.558        497.333       0.351317
           2805           2805        496.732          497.5       0.350945
           2806           2806        496.894        497.667       0.350584
           2807           2807        497.068        497.833       0.350223
           2808           2808        497.231            498        0.34986
           2809           2809        497.408        498.167       0.349496
           2810           2810        497.575        498.333       0.349137
           2811           2811        497.741          498.5       0.348771
           2812           2812        497.908        498.667       0.348402
           2813           2813        498.077        498.833       0.348033
           2814           2814        498.242            499       0.347656
           2815           2815        498.408        499.167       0.347285
           2816           2816        498.575        499.333       0.346916
           2817           2817        498.735          499.5       0.346548
           2818           2818        498.911        499.667       0.346189
           2819           2819        499.075        499.833       0.345829
           2820           2820        499.242            500       0.345474
           2821           2821        499.407        500.167       0.345124
           2822           2822        499.574        500.333       0.344787
           2823           2823        499.743          500.5       0.344451
           2824           2824        499.905        500.667        0.34412
           2825           2825        500.073        500.833       0.343793
           2826           2826        500.243            501       0.343482
           2827           2827        500.415        501.167       0.343166
           2828           2828        500.577        501.333       0.342854
           2829           2829        500.738          501.5       0.342545
           2830           2830         500.91        501.667       0.342242
           2831           2831        501.078        501.833       0.341935
           2832           2832        501.245            502       0.341628
           2833           2833        501.414        502.167       0.341322
           2834           2834        501.572        502.333       0.341016
           2835           2835        501.749          502.5       0.340709
           2836           2836        501.921        502.667       0.340405
           2837           2837        502.085        502.833       0.340104
           2838           2838        502.254            503       0.339804
           2839           2839        502.413        503.167        0.33951
           2840           2840        502.585        503.333       0.339217
           2841           2841        502.746          503.5       0.338928
           2842           2842        502.925        503.667       0.338643
           2843           2843        503.093        503.833       0.338369
           2844           2844        503.265            504        0.33809
           2845           2845        503.424        504.167       0.337812
           2846           2846         503.59        504.333       0.337535
           2847           2847        503.751          504.5       0.337261
           2848           2848        503.926        504.667       0.336978
           2849           2849        504.103        504.833       0.336692
           2850           2850        504.256            505       0.336405
           2851           2851        504.417        505.167       0.336113
           2852           2852        504.585        505.333       0.335827
           2853           2853        504.757          505.5       0.335545
           2854           2854        504.928        505.667       0.335267
           2855           2855        505.095        505.833       0.334998
           2856           2856        505.264            506       0.334726
           2857           2857        505.433        506.167       0.334459
           2858           2858        505.605        506.333       0.334199
           2859           2859        505.774          506.5       0.333956
           2860           2860        505.938        506.667        0.33371
           2861           2861        506.095        506.833       0.333463
           2862           2862        506.261            507       0.333218
           2863           2863         506.44        507.167       0.332975
           2864           2864        506.601        507.333        0.33272
           2865           2865        506.776          507.5       0.332462
           2866           2866        506.933        507.667       0.332207
           2867           2867        507.099        507.833       0.331955
           2868           2868        507.267            508       0.331688
           2869           2869        507.436        508.167       0.331436
           2870           2870        507.612        508.333       0.331191
           2871           2871        507.776          508.5       0.330949
           2872           2872        507.938        508.667       0.330721
           2873           2873        508.103        508.833       0.330487
           2874           2874        508.264            509       0.330258
           2875           2875        508.432        509.167       0.330032
           2876           2876        508.603        509.333       0.329805
           2877           2877        508.775          509.5       0.329575
           2878           2878        508.942        509.667       0.329344
           2879           2879        509.113        509.833       0.329114
           2880           2880        509.275            510       0.328884
           2881           2881        509.431        510.167       0.328656
           2882           2882        509.598        510.333        0.32843
           2883           2883        509.766          510.5       0.328208
           2884           2884        509.926        510.667       0.327992
           2885           2885        510.107        510.833       0.327771
           2886           2886        510.274            511       0.327546
           2887           2887        510.433        511.167       0.327319
           2888           2888        510.602        511.333       0.327087
           2889           2889        510.779          511.5       0.326854
           2890           2890         510.93        511.667       0.326622
           2891           2891        511.106        511.833       0.326389
           2892           2892        511.274            512        0.32615
           2893           2893        511.446        512.167       0.325917
           2894           2894         511.61        512.333       0.325689
           2895           2895         511.77          512.5       0.325463
           2896           2896        511.946        512.667        0.32525
           2897           2897        512.109        512.833       0.325037
           2898           2898        512.276            513       0.324826
           2899           2899        512.455        513.167       0.324618
           2900           2900        512.616        513.333       0.324412
           2901           2901        512.782          513.5       0.324212
           2902           2902        512.953        513.667       0.324001
           2903           2903        513.122        513.833       0.323786
           2904           2904        513.289            514        0.32357
           2905           2905        513.458        514.167       0.323349
           2906           2906        513.621        514.333       0.323134
           2907           2907         513.78          514.5       0.322926
           2908           2908        513.936        514.667       0.322722
           2909           2909        514.103        514.833       0.322528
           2910           2910         514.28            515       0.322328
           2911           2911        514.445        515.167       0.322129
           2912           2912        514.619        515.333       0.321932
           2913           2913        514.771          515.5       0.321745
           2914           2914        514.942        515.667       0.321552
           2915           2915        515.114        515.833       0.321354
           2916           2916        515.283            516       0.321154
           2917           2917        515.451        516.167       0.320962
           2918           2918        515.609        516.333       0.320778
           2919           2919        515.782          516.5         0.3206
           2920           2920        515.951        516.667       0.320423
           2921           2921        516.116        516.833       0.320259
           2922           2922         516.29            517       0.320089
           2923           2923        516.454        517.167       0.319915
           2924           2924        516.614        517.333        0.31974
           2925           2925        516.777          517.5       0.319559
           2926           2926        516.951        517.667       0.319376
           2927           2927        517.128        517.833       0.319191
           2928           2928        517.295            518       0.319003
           2929           2929        517.463        518.167       0.318803
           2930           2930        517.622        518.333       0.318612
           2931           2931        517.786          518.5       0.318425
           2932           2932        517.955        518.667       0.318239
           2933           2933        518.118        518.833       0.318053
           2934           2934        518.299            519       0.317872
           2935           2935        518.454        519.167       0.317687
           2936           2936        518.632        519.333       0.317502
           2937           2937        518.798          519.5       0.317319
           2938           2938        518.957        519.667       0.317138
           2939           2939        519.131        519.833       0.316957
           2940           2940        519.291            520       0.316773
           2941           2941        519.452        520.167       0.316587
           2942           2942        519.627        520.333       0.316412
           2943           2943        519.789          520.5       0.316237
           2944           2944        519.956        520.667       0.316063
           2945           2945        520.115        520.833        0.31589
           2946           2946        520.292            521       0.315724
           2947           2947        520.453        521.167       0.315557
           2948           2948        520.616        521.333       0.315387
           2949           2949        520.798          521.5       0.315217
           2950           2950        520.958        521.667       0.315046
           2951           2951        521.126        521.833       0.314873
           2952           2952        521.292            522       0.314699
           2953           2953        521.458        522.167       0.314523
           2954           2954        521.639        522.333        0.31434
           2955           2955        521.798          522.5        0.31416
           2956           2956        521.958        522.667       0.313983
           2957           2957        522.129        522.833       0.313808
           2958           2958         522.29            523       0.313632
           2959           2959        522.458        523.167       0.313458
           2960           2960        522.624        523.333       0.313287
           2961           2961        522.794          523.5       0.313117
           2962           2962        522.958        523.667       0.312944
           2963           2963        523.119        523.833       0.312765
           2964           2964        523.287            524       0.312586
           2965           2965        523.453        524.167        0.31241
           2966           2966         523.62        524.333       0.312236
           2967           2967        523.785          524.5       0.312056
           2968           2968        523.949        524.667       0.311881
           2969           2969        524.119        524.833       0.311711
           2970           2970        524.289            525       0.311544
           2971           2971         524.46        525.167       0.311391
           2972           2972         524.62        525.333       0.311233
           2973           2973        524.793          525.5       0.311072
           2974           2974         524.96        525.667       0.310911
           2975           2975        525.123        525.833       0.310758
           2976           2976        525.285            526       0.310599
           2977           2977        525.456        526.167       0.310436
           2978           2978        525.632        526.333        0.31027
           2979           2979        525.796          526.5       0.310099
           2980           2980        525.967        526.667       0.309929
           2981           2981        526.128        526.833       0.309761
           2982           2982        526.297            527       0.309593
           2983           2983        526.464        527.167       0.309414
           2984           2984        526.631        527.333       0.309241
           2985           2985         526.79          527.5       0.309073
           2986           2986        526.956        527.667       0.308905
           2987           2987        527.125        527.833       0.308735
           2988           2988        527.299            528       0.308565
           2989           2989        527.467        528.167       0.308393
           2990           2990         527.63        528.333       0.308223
           2991           2991        527.798          528.5       0.308058
           2992           2992        527.967        528.667       0.307893
           2993           2993        528.131        528.833       0.307732
           2994           2994        528.304            529       0.307575
           2995           2995        528.467        529.167       0.307431
           2996           2996        528.627        529.333        0.30728
           2997           2997        528.794          529.5       0.307126
           2998           2998        528.962        529.667       0.306976
           2999           2999        529.133        529.833       0.306829
           3000           3000        529.294            530       0.306685
           3001           3001        529.466        530.167       0.306539
           3002           3002         529.63        530.333       0.306392
           3003           3003        529.795          530.5       0.306245
           3004           3004        529.963        530.667       0.306105
           3005           3005        530.139        530.833       0.305961
           3006           3006        530.302            531       0.305815
           3007           3007        530.467        531.167       0.305668
           3008           3008        530.639        531.333       0.305523
           3009           3009        530.804          531.5        0.30538
           3010           3010        530.972        531.667       0.305237
           3011           3011        531.132        531.833       0.305093
           3012           3012        531.295            532       0.304955
           3013           3013        531.457        532.167       0.304813
           3014           3014        531.631        532.333       0.304669
           3015           3015        531.804          532.5       0.304524
           3016           3016        531.976        532.667       0.304382
           3017           3017        532.149        532.833       0.304243
           3018           3018        532.307            533       0.304105
           3019           3019        532.484        533.167       0.303965
           3020           3020        532.644        533.333       0.303824
           3021           3021        532.807          533.5       0.303679
           3022           3022        532.968        533.667       0.303534
           3023           3023        533.137        533.833       0.303389
           3024           3024        533.309            534       0.303239
           3025           3025        533.476        534.167       0.303095
           3026           3026         533.64        534.333       0.302956
           3027           3027        533.817          534.5       0.302824
           3028           3028        533.981        534.667       0.302706
           3029           3029        534.145        534.833       0.302585
           3030           3030        534.318            535       0.302468
           3031           3031        534.481        535.167       0.302356
           3032           3032        534.644        535.333       0.302246
           3033           3033        534.813          535.5       0.302143
           3034           3034        534.981        535.667       0.302028
           3035           3035        535.148        535.833       0.301907
           3036           3036        535.315            536       0.301784
           3037           3037        535.483        536.167       0.301646
           3038           3038        535.651        536.333        0.30151
           3039           3039        535.815          536.5       0.301374
           3040           3040         535.98        536.667       0.301238
           3041           3041        536.153        536.833       0.301097
           3042           3042         536.32            537       0.300963
           3043           3043        536.483        537.167       0.300832
           3044           3044        536.647        537.333       0.300702
           3045           3045         536.82          537.5       0.300582
           3046           3046        536.988        537.667       0.300454
           3047           3047        537.154        537.833        0.30032
           3048           3048        537.322            538       0.300182
           3049           3049        537.486        538.167       0.300043
           3050           3050        537.653        538.333        0.29991
           3051           3051        537.817          538.5       0.299778
           3052           3052        537.987        538.667       0.299647
           3053           3053         538.15        538.833       0.299519
           3054           3054        538.326            539       0.299395
           3055           3055        538.491        539.167       0.299273
           3056           3056        538.662        539.333       0.299152
           3057           3057        538.831          539.5       0.299037
           3058           3058            539        539.667       0.298921
           3059           3059        539.159        539.833       0.298807
           3060           3060        539.327            540       0.298692
           3061           3061        539.493        540.167       0.298575
           3062           3062        539.656        540.333       0.298467
           3063           3063        539.833          540.5       0.298364
           3064           3064        539.995        540.667       0.298259
           3065           3065        540.158        540.833        0.29815
           3066           3066        540.328            541       0.298051
           3067           3067        540.497        541.167       0.297949
           3068           3068        540.669        541.333       0.297846
           3069           3069        540.838          541.5       0.297739
           3070           3070        541.003        541.667       0.297624
           3071           3071        541.169        541.833       0.297516
           3072           3072        541.339            542        0.29741
           3073           3073        541.506        542.167       0.297304
           3074           3074         541.67        542.333       0.297194
           3075           3075        541.839          542.5       0.297084
           3076           3076        542.011        542.667       0.296978
           3077           3077        542.171        542.833       0.296875
           3078           3078        542.332            543       0.296775
           3079           3079        542.505        543.167       0.296672
           3080           3080        542.664        543.333       0.296566
           3081           3081        542.839          543.5        0.29646
           3082           3082        543.004        543.667       0.296352
           3083           3083        543.173        543.833       0.296235
           3084           3084        543.338            544       0.296115
           3085           3085        543.504        544.167       0.295998
           3086           3086        543.676        544.333       0.295873
           3087           3087        543.844          544.5       0.295754
           3088           3088        544.008        544.667       0.295631
           3089           3089        544.172        544.833       0.295508
           3090           3090        544.338            545       0.295403
           3091           3091        544.506        545.167       0.295295
           3092           3092        544.682        545.333       0.295184
           3093           3093        544.845          545.5       0.295071
           3094           3094        545.004        545.667       0.294969
           3095           3095        545.174        545.833       0.294867
           3096           3096        545.334            546       0.294762
           3097           3097        545.497        546.167       0.294652
           3098           3098        545.667        546.333        0.29454
           3099           3099        545.829          546.5       0.294433
           3100           3100        545.996        546.667       0.294328
           3101           3101        546.159        546.833       0.294226
           3102           3102        546.326            547       0.294124
           3103           3103        546.484        547.167       0.294029
           3104           3104        546.659        547.333       0.293935
           3105           3105        546.824          547.5       0.293842
           3106           3106        546.995        547.667       0.293748
           3107           3107         547.16        547.833       0.293653
           3108           3108        547.323            548       0.293554
           3109           3109        547.498        548.167       0.293455
           3110           3110        547.666        548.333       0.293356
           3111           3111        547.828          548.5       0.293247
           3112           3112        547.998        548.667       0.293144
           3113           3113        548.159        548.833       0.293043
           3114           3114        548.332            549       0.292944
           3115           3115        548.498        549.167       0.292851
           3116           3116        548.666        549.333       0.292755
           3117           3117        548.835          549.5       0.292658
           3118           3118        549.003        549.667       0.292562
           3119           3119        549.166        549.833       0.292467
           3120           3120        549.331            550       0.292368
           3121           3121        549.507        550.167       0.292265
           3122           3122        549.679        550.333       0.292162
           3123           3123        549.842          550.5       0.292055
           3124           3124        550.008        550.667       0.291948
           3125           3125        550.169        550.833       0.291835
           3126           3126        550.337            551       0.291717
           3127           3127        550.507        551.167       0.291591
           3128           3128        550.669        551.333       0.291466
           3129           3129        550.843          551.5       0.291339
           3130           3130        551.007        551.667        0.29121
           3131           3131        551.178        551.833        0.29108
           3132           3132        551.342            552       0.290951
           3133           3133        551.511        552.167       0.290828
           3134           3134        551.675        552.333        0.29071
           3135           3135        551.841          552.5       0.290593
           3136           3136        552.011        552.667       0.290494
           3137           3137         552.19        552.833       0.290391
           3138           3138        552.353            553       0.290291
           3139           3139        552.519        553.167       0.290195
           3140           3140        552.683        553.333       0.290114
           3141           3141         552.85          553.5       0.290032
           3142           3142        553.018        553.667       0.289952
           3143           3143        553.182        553.833       0.289875
           3144           3144        553.352            554       0.289807
           3145           3145        553.516        554.167       0.289732
           3146           3146        553.682        554.333       0.289656
           3147           3147        553.849          554.5       0.289581
           3148           3148        554.013        554.667       0.289496
           3149           3149         554.18        554.833       0.289408
           3150           3150        554.343            555       0.289322
           3151           3151        554.499        555.167       0.289239
           3152           3152        554.675        555.333       0.289146
           3153           3153        554.844          555.5       0.289054
           3154           3154        555.011        555.667       0.288965
           3155           3155        555.182        555.833       0.288879
           3156           3156        555.344            556       0.288796
           3157           3157          555.5        556.167       0.288713
           3158           3158        555.674        556.333       0.288629
           3159           3159         555.84          556.5       0.288546
           3160           3160        556.015        556.667       0.288469
           3161           3161        556.176        556.833       0.288392
           3162           3162        556.341            557       0.288313
           3163           3163        556.519        557.167        0.28823
           3164           3164        556.675        557.333       0.288146
           3165           3165        556.848          557.5       0.288063
           3166           3166        557.016        557.667        0.28798
           3167           3167        557.177        557.833       0.287895
           3168           3168        557.345            558       0.287811
           3169           3169        557.517        558.167       0.287723
           3170           3170        557.679        558.333       0.287634
           3171           3171        557.843          558.5       0.287544
           3172           3172        558.017        558.667       0.287456
           3173           3173        558.189        558.833       0.287366
           3174           3174        558.354            559       0.287277
           3175           3175        558.518        559.167       0.287187
           3176           3176        558.686        559.333       0.287094
           3177           3177        558.858          559.5          0.287
           3178           3178        559.023        559.667       0.286907
           3179           3179        559.191        559.833       0.286813
           3180           3180        559.356            560       0.286721
           3181           3181        559.522        560.167       0.286623
           3182           3182        559.691        560.333       0.286529
           3183           3183        559.861          560.5        0.28644
           3184           3184        560.032        560.667       0.286353
           3185           3185        560.193        560.833       0.286267
           3186           3186        560.357            561       0.286178
           3187           3187        560.517        561.167       0.286093
           3188           3188        560.695        561.333       0.286011
           3189           3189        560.853          561.5        0.28593
           3190           3190        561.024        561.667       0.285846
           3191           3191        561.196        561.833        0.28576
           3192           3192        561.362            562       0.285672
           3193           3193        561.527        562.167       0.285592
           3194           3194        561.688        562.333       0.285511
           3195           3195         561.86          562.5       0.285429
           3196           3196        562.027        562.667       0.285347
           3197           3197        562.197        562.833       0.285265
           3198           3198         562.36            563       0.285183
           3199           3199        562.529        563.167       0.285098
           3200           3200        562.697        563.333       0.285015
           3201           3201        562.864          563.5       0.284934
           3202           3202        563.033        563.667       0.284852
           3203           3203        563.198        563.833       0.284771
           3204           3204        563.374            564        0.28469
           3205           3205        563.538        564.167       0.284612
           3206           3206          563.7        564.333       0.284539
           3207           3207        563.868          564.5       0.284459
           3208           3208         564.04        564.667       0.284377
           3209           3209          564.2        564.833       0.284297
           3210           3210         564.37            565       0.284218
           3211           3211         564.54        565.167       0.284136
           3212           3212        564.702        565.333       0.284048
           3213           3213        564.865          565.5       0.283957
           3214           3214        565.029        565.667        0.28387
           3215           3215        565.201        565.833       0.283784
           3216           3216        565.371            566       0.283697
           3217           3217        565.534        566.167       0.283608
           3218           3218        565.707        566.333       0.283523
           3219           3219         565.87          566.5       0.283436
           3220           3220        566.038        566.667       0.283351
           3221           3221        566.201        566.833       0.283268
           3222           3222        566.364            567       0.283189
           3223           3223         566.53        567.167       0.283112
           3224           3224        566.693        567.333       0.283038
           3225           3225        566.868          567.5       0.282963
           3226           3226        567.037        567.667       0.282885
           3227           3227        567.204        567.833       0.282804
           3228           3228        567.376            568       0.282725
           3229           3229        567.536        568.167       0.282647
           3230           3230        567.696        568.333       0.282571
           3231           3231         567.86          568.5       0.282491
           3232           3232        568.023        568.667       0.282415
           3233           3233        568.196        568.833        0.28234
           3234           3234        568.363            569       0.282264
           3235           3235        568.532        569.167       0.282192
           3236           3236        568.696        569.333       0.282118
           3237           3237         568.86          569.5       0.282045
           3238           3238        569.022        569.667       0.281971
           3239           3239        569.199        569.833       0.281892
           3240           3240        569.363            570       0.281818
           3241           3241        569.531        570.167       0.281747
           3242           3242        569.709        570.333       0.281677
           3243           3243        569.868          570.5       0.281604
           3244           3244         570.04        570.667        0.28153
           3245           3245        570.201        570.833       0.281457
           3246           3246        570.373            571       0.281385
           3247           3247        570.544        571.167       0.281305
           3248           3248        570.707        571.333       0.281225
           3249           3249        570.866          571.5       0.281147
           3250           3250        571.042        571.667       0.281068
           3251           3251        571.206        571.833       0.280986
           3252           3252        571.371            572       0.280904
           3253           3253        571.538        572.167       0.280822
           3254           3254          571.7        572.333       0.280738
           3255           3255        571.878          572.5       0.280653
           3256           3256        572.039        572.667        0.28057
           3257           3257        572.206        572.833       0.280487
           3258           3258        572.376            573       0.280405
           3259           3259         572.54        573.167       0.280323
           3260           3260        572.707        573.333       0.280241
           3261           3261        572.871          573.5       0.280156
           3262           3262        573.033        573.667       0.280071
           3263           3263        573.206        573.833       0.279986
           3264           3264        573.371            574         0.2799
           3265           3265        573.529        574.167       0.279818
           3266           3266        573.694        574.333        0.27974
           3267           3267        573.865          574.5       0.279665
           3268           3268        574.029        574.667       0.279593
           3269           3269        574.205        574.833       0.279515
           3270           3270        574.371            575       0.279431
           3271           3271        574.529        575.167       0.279341
           3272           3272        574.701        575.333       0.279251
           3273           3273        574.865          575.5       0.279165
           3274           3274        575.036        575.667       0.279084
           3275           3275        575.209        575.833       0.279006
           3276           3276         575.37            576       0.278935
           3277           3277         575.54        576.167       0.278869
           3278           3278        575.705        576.333       0.278805
           3279           3279        575.867          576.5        0.27874
           3280           3280         576.04        576.667       0.278676
           3281           3281        576.209        576.833         0.2786
           3282           3282         576.37            577       0.278523
           3283           3283        576.545        577.167       0.278445
           3284           3284        576.707        577.333       0.278345
           3285           3285        576.878          577.5       0.278256
           3286           3286        577.033        577.667       0.278169
           3287           3287        577.215        577.833       0.278081
           3288           3288         577.38            578       0.277994
           3289           3289         577.55        578.167       0.277908
           3290           3290         577.71        578.333       0.277824
           3291           3291        577.874          578.5       0.277743
           3292           3292        578.042        578.667       0.277665
           3293           3293         578.21        578.833       0.277586
           3294           3294        578.384            579       0.277508
           3295           3295        578.551        579.167       0.277432
           3296           3296        578.722        579.333       0.277359
           3297           3297        578.883          579.5       0.277283
           3298           3298        579.049        579.667       0.277205
           3299           3299        579.217        579.833       0.277129
           3300           3300         579.39            580       0.277052
           3301           3301        579.554        580.167       0.276973
           3302           3302        579.725        580.333       0.276893
           3303           3303         579.88          580.5       0.276814
           3304           3304        580.053        580.667       0.276736
           3305           3305        580.215        580.833       0.276657
           3306           3306        580.376            581       0.276577
           3307           3307         580.55        581.167       0.276497
           3308           3308        580.713        581.333       0.276412
           3309           3309        580.875          581.5       0.276322
           3310           3310        581.043        581.667       0.276231
           3311           3311        581.213        581.833        0.27614
           3312           3312        581.388            582       0.276044
           3313           3313        581.557        582.167        0.27595
           3314           3314        581.723        582.333       0.275854
           3315           3315        581.889          582.5       0.275759
           3316           3316        582.046        582.667       0.275678
           3317           3317        582.219        582.833       0.275597
           3318           3318        582.388            583       0.275514
           3319           3319        582.552        583.167       0.275427
           3320           3320        582.714        583.333       0.275347
           3321           3321        582.888          583.5       0.275268
           3322           3322        583.051        583.667       0.275191
           3323           3323         583.21        583.833       0.275113
           3324           3324        583.378            584       0.275021
           3325           3325        583.546        584.167       0.274933
           3326           3326        583.715        584.333       0.274852
           3327           3327        583.886          584.5       0.274774
           3328           3328        584.048        584.667        0.27469
           3329           3329        584.218        584.833       0.274607
           3330           3330        584.385            585       0.274523
           3331           3331        584.553        585.167       0.274437
           3332           3332        584.721        585.333       0.274362
           3333           3333        584.884          585.5       0.274287
           3334           3334        585.045        585.667       0.274212
           3335           3335        585.213        585.833        0.27414
           3336           3336        585.386            586       0.274072
           3337           3337        585.553        586.167          0.274
           3338           3338        585.717        586.333       0.273929
           3339           3339        585.883          586.5       0.273857
           3340           3340         586.04        586.667       0.273773
           3341           3341        586.211        586.833       0.273687
           3342           3342        586.379            587       0.273605
           3343           3343        586.561        587.167       0.273528
           3344           3344        586.721        587.333       0.273453
           3345           3345        586.892          587.5       0.273382
           3346           3346        587.057        587.667       0.273309
           3347           3347        587.214        587.833       0.273233
           3348           3348        587.383            588       0.273174
           3349           3349        587.552        588.167       0.273107
           3350           3350        587.715        588.333       0.273037
           3351           3351        587.878          588.5       0.272966
           3352           3352        588.046        588.667        0.27288
           3353           3353        588.215        588.833       0.272794
           3354           3354        588.383            589       0.272709
           3355           3355         588.55        589.167       0.272625
           3356           3356        588.722        589.333       0.272534
           3357           3357        588.887          589.5       0.272448
           3358           3358        589.057        589.667       0.272363
           3359           3359        589.231        589.833        0.27228
           3360           3360        589.394            590       0.272207
           3361           3361        589.566        590.167       0.272133
           3362           3362        589.733        590.333       0.272059
           3363           3363        589.894          590.5       0.271983
           3364           3364        590.058        590.667       0.271917
           3365           3365        590.224        590.833       0.271852
           3366           3366        590.391            591       0.271791
           3367           3367        590.565        591.167       0.271733
           3368           3368        590.721        591.333       0.271681
           3369           3369        590.895          591.5       0.271623
           3370           3370        591.059        591.667       0.271563
           3371           3371        591.232        591.833       0.271504
           3372           3372        591.397            592       0.271442
           3373           3373        591.565        592.167       0.271378
           3374           3374        591.729        592.333       0.271313
           3375           3375        591.898          592.5       0.271247
           3376           3376        592.066        592.667       0.271179
           3377           3377        592.234        592.833       0.271114
           3378           3378          592.4            593       0.271048
           3379           3379        592.569        593.167       0.270983
           3380           3380        592.729        593.333       0.270912
           3381           3381        592.896          593.5       0.270837
           3382           3382        593.067        593.667       0.270758
           3383           3383        593.232        593.833        0.27068
           3384           3384        593.403            594       0.270596
           3385           3385        593.564        594.167       0.270522
           3386           3386         593.74        594.333        0.27045
           3387           3387        593.905          594.5       0.270378
           3388           3388        594.071        594.667       0.270318
           3389           3389        594.234        594.833       0.270256
           3390           3390        594.398            595       0.270193
           3391           3391        594.562        595.167       0.270131
           3392           3392        594.736        595.333       0.270075
           3393           3393        594.898          595.5       0.270018
           3394           3394        595.057        595.667       0.269961
           3395           3395        595.229        595.833       0.269904
           3396           3396        595.401            596       0.269848
           3397           3397         595.57        596.167       0.269787
           3398           3398        595.739        596.333       0.269722
           3399           3399        595.906          596.5       0.269651
           3400           3400        596.065        596.667       0.269578
           3401           3401        596.232        596.833       0.269503
           3402           3402        596.404            597       0.269428
           3403           3403        596.562        597.167       0.269352
           3404           3404        596.729        597.333       0.269273
           3405           3405        596.895          597.5       0.269192
           3406           3406        597.067        597.667       0.269112
           3407           3407        597.238        597.833       0.269034
           3408           3408        597.406            598       0.268953
           3409           3409        597.568        598.167       0.268868
           3410           3410        597.736        598.333       0.268781
           3411           3411        597.892          598.5       0.268695
           3412           3412        598.059        598.667        0.26861
           3413           3413        598.226        598.833       0.268523
           3414           3414        598.401            599       0.268436
           3415           3415         598.56        599.167       0.268349
           3416           3416        598.728        599.333       0.268266
           3417           3417        598.892          599.5       0.268194
           3418           3418         599.06        599.667       0.268136
           3419           3419        599.223        599.833       0.268087
           3420           3420        599.392            600       0.268042


Results:
Texts:

  $D90-TN220-V70-TB80 
  Sample Weight
  D90-TN220-V70-TB80 , 3.4100 mg

Sample:
  D90-TN220-V70-TB80 , 3.4100 mg
Evaluation:
  


Curve Name:
  $D90-TN220-V70-TB80 
  Heatflow
Curve Values:
          Index              t             Ts             Tr          Value
                           [s]           [°C]           [°C]           [mW]
              0              0        37.0182             30        44.4967
              1              1        37.0361        30.1667        44.2805
              2              2        37.0553        30.3333        44.1534
              3              3        37.1043           30.5        44.0463
              4              4        37.1782        30.6667        43.8423
              5              5        37.2558        30.8333        43.7475
              6              6        37.3517             31        43.6825
              7              7        37.4659        31.1667        43.6225
              8              8        37.5969        31.3333        43.6208
              9              9        37.7175           31.5        43.5814
             10             10        37.8485        31.6667        43.5369
             11             11        37.9912        31.8333        43.4963
             12             12        38.1338             32        43.5319
             13             13        38.2895        32.1667        43.5281
             14             14        38.4517        32.3333        43.5233
             15             15          38.61           32.5        43.5206
             16             16        38.7591        32.6667        43.5575
             17             17        38.9226        32.8333        43.5723
             18             18        39.0873             33        43.5837
             19             19        39.2559        33.1667        43.5944
             20             20        39.4233        33.3333        43.6247
             21             21        39.5945           33.5        43.6452
             22             22        39.7644        33.6667        43.6624
             23             23        39.9395        33.8333        43.6782
             24             24        40.1145             34        43.7013
             25             25        40.2857        34.1667        43.7194
             26             26         40.453        34.3333        43.7364
             27             27        40.6332           34.5        43.7547
             28             28        40.7966        34.6667        43.7689
             29             29        40.9664        34.8333         43.786
             30             30        41.1557             35        43.8028
             31             31        41.3177        35.1667        43.8202
             32             32        41.4979        35.3333         43.836
             33             33        41.6782           35.5        43.8521
             34             34         41.844        35.6667        43.8665
             35             35        42.0242        35.8333        43.8797
             36             36         42.207             36        43.8948
             37             37        42.3807        36.1667        43.9076
             38             38         42.553        36.3333        43.9195
             39             39        42.7201           36.5        43.9321
             40             40        42.9016        36.6667        43.9367
             41             41        43.0752        36.8333        43.9429
             42             42        43.2423             37        43.9484
             43             43        43.4159        37.1667        43.9552
             44             44        43.5817        37.3333        43.9549
             45             45        43.7618           37.5          43.96
             46             46        43.9289        37.6667        43.9657
             47             47        44.0999        37.8333         43.971
             48             48        44.2761             38        43.9741
             49             49        44.4288        38.1667        43.9783
             50             50        44.5959        38.3333        43.9815
             51             51        44.7707           38.5        43.9827
             52             52        44.9456        38.6667        43.9855
             53             53        45.1126        38.8333        43.9873
             54             54        45.2809             39         43.988
             55             55         45.448        39.1667        43.9884
             56             56        45.6124        39.3333        43.9887
             57             57        45.7846           39.5        43.9906
             58             58        45.9516        39.6667        43.9937
             59             59        46.1082        39.8333        43.9981
             60             60        46.2778             40        43.9972
             61             61        46.4461        40.1667        43.9981
             62             62        46.6117        40.3333        43.9992
             63             63        46.7696           40.5        43.9997
             64             64        46.9405        40.6667        44.0054
             65             65        47.1178        40.8333        44.0112
             66             66        47.2757             41        44.0178
             67             67        47.4452        41.1667        44.0238
             68             68        47.6174        41.3333        44.0249
             69             69        47.7778           41.5        44.0241
             70             70        47.9421        41.6667        44.0238
             71             71        48.1065        41.8333        44.0246
             72             72        48.2643             42        44.0254
             73             73        48.4377        42.1667        44.0286
             74             74        48.6137        42.3333         44.031
             75             75        48.7832           42.5        44.0326
             76             76        48.9293        42.6667        44.0326
             77             77        49.0884        42.8333        44.0343
             78             78        49.2514             43         44.037
             79             79        49.4261        43.1667        44.0403
             80             80         49.593        43.3333        44.0456
             81             81        49.7546           43.5        44.0494
             82             82        49.9293        43.6667        44.0519
             83             83        50.0819        43.8333        44.0536
             84             84        50.2526             44        44.0534
             85             85         50.413        44.1667        44.0536
             86             86        50.5811        44.3333        44.0553
             87             87         50.748           44.5        44.0568
             88             88        50.9044        44.6667        44.0565
             89             89        51.0648        44.8333        44.0584
             90             90        51.2394             45        44.0595
             91             91        51.3906        45.1667        44.0602
             92             92        51.5483        45.3333        44.0595
             93             93          51.71           45.5        44.0563
             94             94        51.8781        45.6667        44.0562
             95             95        52.0488        45.8333         44.057
             96             96        52.2013             46        44.0584
             97             97         52.372        46.1667        44.0628
             98             98        52.5258        46.3333        44.0657
             99             99        52.6874           46.5         44.068
            100            100        52.8529        46.6667          44.07
            101            101        53.0028        46.8333         44.069
            102            102        53.1748             47         44.071
            103            103        53.3403        47.1667        44.0751
            104            104        53.5006        47.3333        44.0786
            105            105          53.67           47.5        44.0858
            106            106        53.8302        47.6667        44.0891
            107            107        53.9892        47.8333        44.0933
            108            108        54.1482             48        44.0975
            109            109        54.3058        48.1667        44.0997
            110            110        54.4583        48.3333        44.1029
            111            111        54.6355           48.5        44.1059
            112            112        54.7957        48.6667        44.1097
            113            113        54.9508        48.8333        44.1123
            114            114        55.1045             49        44.1142
            115            115        55.2673        49.1667        44.1157
            116            116        55.4367        49.3333         44.117
            117            117        55.5852           49.5        44.1179
            118            118        55.7585        49.6667        44.1185
            119            119        55.9057        49.8333        44.1203
            120            120        56.0685             50        44.1225
            121            121        56.2275        50.1667         44.122
            122            122        56.3812        50.3333        44.1228
            123            123         56.544           50.5        44.1239
            124            124        56.7029        50.6667        44.1238
            125            125        56.8632        50.8333        44.1229
            126            126        57.0169             51        44.1252
            127            127        57.1784        51.1667        44.1261
            128            128         57.336        51.3333        44.1258
            129            129        57.5014           51.5        44.1246
            130            130        57.6525        51.6667        44.1248
            131            131        57.8075        51.8333        44.1263
            132            132        57.9729             52        44.1273
            133            133         58.111        52.1667        44.1278
            134            134        58.2751        52.3333        44.1231
            135            135        58.4379           52.5        44.1194
            136            136        58.5877        52.6667        44.1168
            137            137        58.7427        52.8333        44.1149
            138            138        58.9003             53        44.1142
            139            139        59.0579        53.1667        44.1141
            140            140        59.2233        53.3333        44.1123
            141            141        59.3769           53.5        44.1098
            142            142        59.5189        53.6667        44.1062
            143            143        59.6791        53.8333         44.105
            144            144        59.8288             54        44.1047
            145            145        59.9929        54.1667        44.1052
            146            146        60.1492        54.3333         44.111
            147            147        60.3068           54.5        44.1126
            148            148        60.4591        54.6667        44.1133
            149            149        60.6115        54.8333        44.1145
            150            150        60.7691             55        44.1147
            151            151        60.9305        55.1667        44.1127
            152            152        61.0751        55.3333        44.1116
            153            153        61.2391           55.5        44.1115
            154            154        61.3967        55.6667        44.1113
            155            155        61.5504        55.8333        44.1097
            156            156        61.6975             56        44.1082
            157            157        61.8473        56.1667         44.108
            158            158        62.0152        56.3333        44.1089
            159            159        62.1532           56.5        44.1043
            160            160        62.3095        56.6667        44.1024
            161            161         62.467        56.8333        44.1012
            162            162        62.6181             57        44.1002
            163            163        62.7665        57.1667        44.1008
            164            164        62.9202        57.3333        44.0992
            165            165        63.0764           57.5        44.0977
            166            166        63.2353        57.6667        44.0972
            167            167        63.3954        57.8333        44.1026
            168            168        63.5425             58        44.1051
            169            169        63.6949        58.1667        44.1061
            170            170        63.8472        58.3333        44.1068
            171            171        63.9982           58.5        44.1059
            172            172        64.1492        58.6667        44.1062
            173            173         64.299        58.8333        44.1061
            174            174        64.4539             59         44.106
            175            175        64.6127        59.1667        44.1069
            176            176        64.7742        59.3333         44.103
            177            177        64.9135           59.5        44.0986
            178            178        65.0723        59.6667        44.0952
            179            179        65.2259        59.8333        44.0905
            180            180        65.3795             60         44.089
            181            181        65.5266        60.1667        44.0869
            182            182        65.6816        60.3333        44.0849
            183            183        65.8287           60.5        44.0764
            184            184        65.9719        60.6667        44.0721
            185            185        66.1177        60.8333        44.0684
            186            186        66.2791             61        44.0653
            187            187        66.4405        61.1667        44.0666
            188            188        66.5916        61.3333        44.0649
            189            189          66.74           61.5        44.0632
            190            190        66.8858        61.6667        44.0621
            191            191        67.0329        61.8333        44.0616
            192            192        67.1878             62        44.0567
            193            193        67.3427        62.1667        44.0539
            194            194        67.4898        62.3333        44.0522
            195            195        67.6434           62.5        44.0513
            196            196        67.7892        62.6667        44.0523
            197            197        67.9415        62.8333         44.052
            198            198        68.0964             63        44.0517
            199            199        68.2448        63.1667        44.0508
            200            200        68.3984        63.3333        44.0521
            201            201        68.5455           63.5        44.0529
            202            202        68.7017        63.6667        44.0538
            203            203        68.8527        63.8333        44.0562
            204            204        69.0011             64        44.0583
            205            205        69.1534        64.1667        44.0599
            206            206        69.3083        64.3333        44.0614
            207            207        69.4488           64.5        44.0624
            208            208        69.6102        64.6667        44.0641
            209            209        69.7599        64.8333        44.0648
            210            210        69.9096             65        44.0649
            211            211        70.0645        65.1667        44.0652
            212            212        70.2181        65.3333        44.0672
            213            213        70.3691           65.5        44.0682
            214            214        70.5149        65.6667         44.068
            215            215        70.6711        65.8333        44.0652
            216            216        70.8142             66        44.0587
            217            217        70.9613        66.1667        44.0553
            218            218        71.1188        66.3333        44.0531
            219            219        71.2594           66.5        44.0526
            220            220        71.4286        66.6667        44.0486
            221            221        71.5692        66.8333        44.0469
            222            222         71.728             67        44.0456
            223            223        71.8634        67.1667        44.0433
            224            224        72.0117        67.3333        44.0413
            225            225        72.1666           67.5         44.039
            226            226         72.315        67.6667        44.0376
            227            227        72.4712        67.8333        44.0371
            228            228        72.6157             68        44.0383
            229            229        72.7614        68.1667        44.0428
            230            230        72.9228        68.3333        44.0447
            231            231        73.0673           68.5         44.046
            232            232        73.2131        68.6667        44.0459
            233            233        73.3692        68.8333        44.0483
            234            234        73.5241             69        44.0491
            235            235        73.6712        69.1667        44.0507
            236            236        73.8209        69.3333         44.053
            237            237        73.9875           69.5        44.0555
            238            238        74.1215        69.6667        44.0583
            239            239        74.2751        69.8333        44.0605
            240            240        74.4221             70        44.0621
            241            241        74.5666        70.1667        44.0575
            242            242        74.7215        70.3333        44.0564
            243            243        74.8699           70.5        44.0566
            244            244        75.0325        70.6667        44.0566
            245            245        75.1744        70.8333        44.0589
            246            246        75.3306             71        44.0586
            247            247        75.4894        71.1667        44.0582
            248            248         75.626        71.3333        44.0574
            249            249        75.7757           71.5        44.0502
            250            250        75.9227        71.6667        44.0454
            251            251         76.075        71.8333        44.0414
            252            252        76.2312             72        44.0364
            253            253         76.377        72.1667        44.0327
            254            254        76.5214        72.3333         44.032
            255            255        76.6776           72.5        44.0331
            256            256        76.8246        72.6667        44.0359
            257            257        76.9717        72.8333        44.0398
            258            258        77.1175             73        44.0424
            259            259        77.2736        73.1667        44.0449
            260            260         77.422        73.3333        44.0486
            261            261        77.5665           73.5        44.0532
            262            262        77.7278        73.6667         44.067
            263            263        77.8801        73.8333        44.0725
            264            264        78.0337             74        44.0746
            265            265        78.1872        74.1667        44.0775
            266            266        78.3369        74.3333        44.0804
            267            267        78.4905           74.5        44.0813
            268            268        78.6258        74.6667        44.0821
            269            269        78.7872        74.8333        44.0825
            270            270        78.9355             75        44.0807
            271            271        79.0865        75.1667        44.0831
            272            272        79.2283        75.3333        44.0853
            273            273        79.3754           75.5         44.088
            274            274        79.5303        75.6667        44.0866
            275            275        79.6786        75.8333        44.0858
            276            276         79.827             76        44.0866
            277            277        79.9806        76.1667        44.0893
            278            278        80.1302        76.3333        44.0919
            279            279        80.2916           76.5        44.0909
            280            280        80.4296        76.6667        44.0884
            281            281        80.5909        76.8333        44.0852
            282            282        80.7315             77        44.0807
            283            283        80.8785        77.1667        44.0778
            284            284        81.0295        77.3333        44.0771
            285            285        81.1948           77.5        44.0785
            286            286        81.3405        77.6667        44.0784
            287            287        81.4837        77.8333        44.0784
            288            288        81.6307             78        44.0801
            289            289         81.783        78.1667        44.0809
            290            290        81.9287        78.3333        44.0793
            291            291         82.081           78.5        44.0827
            292            292        82.2319        78.6667        44.0839
            293            293        82.3894        78.8333        44.0845
            294            294        82.5482             79        44.0856
            295            295        82.6887        79.1667        44.0883
            296            296        82.8423        79.3333        44.0886
            297            297        82.9933           79.5        44.0885
            298            298        83.1416        79.6667        44.0889
            299            299        83.2873        79.8333         44.087
            300            300        83.4435             80        44.0888
            301            301        83.5866        80.1667         44.093
            302            302        83.7441        80.3333        44.0974
            303            303        83.8885           80.5        44.1016
            304            304        84.0421        80.6667        44.1049
            305            305        84.1957        80.8333        44.1077
            306            306        84.3479             81          44.11
            307            307        84.4976        81.1667        44.1171
            308            308        84.6512        81.3333        44.1213
            309            309        84.8073           81.5        44.1248
            310            310        84.9648        81.6667        44.1268
            311            311        85.1053        81.8333        44.1259
            312            312        85.2602             82        44.1256
            313            313        85.4099        82.1667        44.1267
            314            314        85.5504        82.3333        44.1296
            315            315        85.7105           82.5        44.1296
            316            316        85.8549        82.6667        44.1319
            317            317        86.0046        82.8333        44.1361
            318            318        86.1633             83        44.1404
            319            319        86.3078        83.1667        44.1409
            320            320          86.46        83.3333        44.1406
            321            321        86.6084           83.5        44.1394
            322            322        86.7697        83.6667        44.1401
            323            323        86.9194        83.8333        44.1417
            324            324        87.0664             84        44.1482
            325            325        87.2278        84.1667        44.1537
            326            326          87.38        84.3333        44.1588
            327            327        87.5297           84.5        44.1624
            328            328        87.6754        84.6667        44.1625
            329            329        87.8147        84.8333        44.1667
            330            330        87.9682             85         44.172
            331            331        88.1283        85.1667        44.1761
            332            332        88.2793        85.3333        44.1841
            333            333        88.4315           85.5        44.1872
            334            334        88.5942        85.6667        44.1892
            335            335        88.7451        85.8333        44.1924
            336            336        88.8883             86        44.1934
            337            337        89.0471        86.1667        44.1954
            338            338        89.1993        86.3333        44.1989
            339            339        89.3516           86.5        44.2022
            340            340         89.496        86.6667        44.1987
            341            341        89.6457        86.8333        44.1968
            342            342        89.7901             87        44.1964
            343            343        89.9463        87.1667        44.1978
            344            344        90.1076        87.3333        44.2022
            345            345        90.2534           87.5        44.2035
            346            346        90.4109        87.6667        44.2035
            347            347        90.5618        87.8333        44.2018
            348            348        90.7141             88        44.1965
            349            349        90.8546        88.1667        44.1938
            350            350        91.0082        88.3333        44.1906
            351            351        91.1617           88.5        44.1879
            352            352         91.327        88.6667        44.1875
            353            353        91.4688        88.8333        44.1874
            354            354        91.6224             89        44.1869
            355            355        91.7694        89.1667        44.1855
            356            356        91.9139        89.3333        44.1853
            357            357         92.074           89.5        44.1767
            358            358        92.2288        89.6667        44.1715
            359            359        92.3706        89.8333        44.1687
            360            360        92.5294             90        44.1661
            361            361        92.6843        90.1667        44.1707
            362            362        92.8443        90.3333        44.1716
            363            363        92.9862           90.5        44.1715
            364            364        93.1436        90.6667        44.1716
            365            365        93.2972        90.8333        44.1696
            366            366        93.4312             91        44.1684
            367            367        93.5965        91.1667        44.1653
            368            368        93.7474        91.3333        44.1623
            369            369        93.9036           91.5        44.1662
            370            370        94.0519        91.6667        44.1671
            371            371        94.2055        91.8333        44.1675
            372            372        94.3617             92        44.1674
            373            373        94.5087        92.1667        44.1648
            374            374        94.6649        92.3333         44.164
            375            375        94.8119           92.5        44.1637
            376            376        94.9537        92.6667         44.164
            377            377        95.1177        92.8333        44.1647
            378            378        95.2739             93        44.1628
            379            379        95.4209        93.1667        44.1618
            380            380        95.5797        93.3333        44.1625
            381            381        95.7254           93.5        44.1617
            382            382        95.8803        93.6667        44.1622
            383            383        96.0325        93.8333        44.1646
            384            384        96.1821             94        44.1671
            385            385        96.3422        94.1667         44.169
            386            386        96.4879        94.3333        44.1703
            387            387        96.6272           94.5        44.1717
            388            388        96.7951        94.6667        44.1726
            389            389        96.9408        94.8333        44.1729
            390            390         97.093             95        44.1767
            391            391        97.2518        95.1667        44.1811
            392            392        97.4054        95.3333        44.1843
            393            393        97.5563           95.5        44.1858
            394            394        97.7086        95.6667        44.1868
            395            395        97.8569        95.8333        44.1871
            396            396        98.0157             96        44.1865
            397            397        98.1614        96.1667        44.1852
            398            398        98.3189        96.3333        44.1848
            399            399        98.4737           96.5        44.1853
            400            400        98.6325        96.6667        44.1861
            401            401        98.7756        96.8333        44.1865
            402            402         98.924             97        44.1812
            403            403        99.0814        97.1667        44.1795
            404            404        99.2259        97.3333        44.1823
            405            405        99.3808           97.5        44.1877
            406            406         99.533        97.6667        44.1915
            407            407        99.6879        97.8333        44.1944
            408            408        99.8467             98        44.1979
            409            409        99.9911        98.1667        44.2018
            410            410        100.146        98.3333        44.2105
            411            411        100.296           98.5         44.216
            412            412        100.452        98.6667        44.2208
            413            413        100.621        98.8333         44.225
            414            414        100.771             99        44.2354
            415            415        100.915        99.1667        44.2435
            416            416         101.07        99.3333        44.2509
            417            417        101.225           99.5        44.2573
            418            418        101.381        99.6667        44.2583
            419            419        101.538        99.8333         44.263
            420            420        101.688            100         44.269
            421            421        101.838        100.167        44.2734
            422            422        101.995        100.333        44.2777
            423            423        102.151          100.5        44.2788
            424            424         102.31        100.667        44.2816
            425            425        102.461        100.833        44.2844
            426            426        102.608            101        44.2865
            427            427        102.766        101.167        44.2819
            428            428        102.927        101.333        44.2792
            429            429        103.082          101.5        44.2761
            430            430        103.228        101.667        44.2732
            431            431        103.377        101.833        44.2699
            432            432        103.528            102        44.2678
            433            433        103.691        102.167        44.2666
            434            434        103.847        102.333        44.2657
            435            435        103.993          102.5         44.261
            436            436        104.146        102.667        44.2595
            437            437        104.299        102.833        44.2573
            438            438        104.442            103        44.2533
            439            439        104.607        103.167        44.2549
            440            440        104.761        103.333        44.2559
            441            441        104.919          103.5        44.2558
            442            442         105.07        103.667        44.2549
            443            443        105.225        103.833        44.2541
            444            444         105.38            104        44.2556
            445            445        105.537        104.167        44.2601
            446            446        105.681        104.333        44.2647
            447            447        105.835          104.5         44.266
            448            448        106.001        104.667        44.2686
            449            449        106.153        104.833        44.2693
            450            450        106.306            105        44.2688
            451            451        106.454        105.167        44.2755
            452            452        106.611        105.333        44.2793
            453            453        106.774          105.5        44.2833
            454            454         106.93        105.667        44.2884
            455            455        107.078        105.833        44.2928
            456            456        107.232            106        44.2979
            457            457        107.392        106.167        44.3025
            458            458        107.532        106.333        44.3063
            459            459        107.695          106.5        44.3101
            460            460        107.852        106.667        44.3143
            461            461        108.006        106.833        44.3154
            462            462        108.167            107         44.316
            463            463        108.318        107.167        44.3166
            464            464        108.476        107.333        44.3155
            465            465        108.633          107.5        44.3166
            466            466        108.779        107.667        44.3158
            467            467        108.938        107.833        44.3138
            468            468        109.089            108        44.3036
            469            469        109.236        108.167        44.3002
            470            470        109.397        108.333        44.2992
            471            471        109.549          108.5        44.2981
            472            472          109.7        108.667        44.2984
            473            473        109.868        108.833        44.2974
            474            474        110.019            109        44.2942
            475            475        110.168        109.167        44.2906
            476            476        110.316        109.333        44.2883
            477            477        110.473          109.5        44.2888
            478            478        110.633        109.667        44.2887
            479            479        110.791        109.833        44.2878
            480            480        110.943            110        44.2924
            481            481        111.099        110.167        44.2949
            482            482        111.253        110.333        44.2971
            483            483        111.399          110.5        44.2994
            484            484        111.565        110.667        44.3054
            485            485        111.719        110.833         44.308
            486            486        111.879            111          44.31
            487            487        112.026        111.167         44.312
            488            488        112.186        111.333        44.3141
            489            489        112.345          111.5        44.3195
            490            490        112.498        111.667        44.3217
            491            491        112.658        111.833        44.3209
            492            492        112.816            112        44.3195
            493            493        112.967        112.167        44.3207
            494            494        113.116        112.333         44.324
            495            495        113.274          112.5        44.3261
            496            496        113.434        112.667        44.3269
            497            497        113.587        112.833        44.3269
            498            498        113.742            113        44.3281
            499            499          113.9        113.167        44.3283
            500            500         114.04        113.333        44.3284
            501            501        114.207          113.5        44.3283
            502            502        114.373        113.667        44.3285
            503            503        114.531        113.833        44.3281
            504            504        114.675            114        44.3266
            505            505        114.837        114.167        44.3241
            506            506        114.995        114.333        44.3219
            507            507        115.144          114.5        44.3205
            508            508        115.301        114.667        44.3201
            509            509        115.456        114.833         44.315
            510            510        115.608            115        44.3105
            511            511         115.77        115.167        44.3075
            512            512        115.919        115.333        44.3069
            513            513        116.087          115.5        44.3064
            514            514        116.237        115.667        44.3032
            515            515        116.384        115.833        44.2979
            516            516        116.547            116        44.2911
            517            517        116.705        116.167        44.2866
            518            518        116.854        116.333         44.283
            519            519        117.013          116.5        44.2818
            520            520        117.173        116.667        44.2803
            521            521        117.339        116.833        44.2788
            522            522         117.48            117        44.2756
            523            523        117.633        117.167        44.2739
            524            524        117.783        117.333        44.2728
            525            525         117.94          117.5        44.2721
            526            526        118.101        117.667        44.2771
            527            527        118.266        117.833        44.2785
            528            528        118.419            118        44.2792
            529            529        118.572        118.167        44.2798
            530            530        118.725        118.333         44.282
            531            531        118.887          118.5        44.2845
            532            532        119.043        118.667        44.2856
            533            533          119.2        118.833        44.2855
            534            534        119.359            119         44.286
            535            535        119.518        119.167        44.2874
            536            536        119.669        119.333        44.2883
            537            537        119.826          119.5        44.2881
            538            538        119.976        119.667        44.2824
            539            539        120.136        119.833        44.2784
            540            540          120.3            120        44.2787
            541            541        120.448        120.167        44.2809
            542            542        120.606        120.333        44.2784
            543            543        120.761          120.5        44.2765
            544            544        120.923        120.667        44.2746
            545            545        121.074        120.833        44.2727
            546            546        121.225            121        44.2722
            547            547        121.376        121.167        44.2733
            548            548         121.54        121.333        44.2738
            549            549        121.707          121.5        44.2741
            550            550        121.864        121.667        44.2825
            551            551         122.01        121.833        44.2871
            552            552        122.174            122        44.2889
            553            553        122.325        122.167        44.2893
            554            554        122.484        122.333        44.2902
            555            555        122.641          122.5        44.2937
            556            556        122.804        122.667        44.2936
            557            557        122.956        122.833        44.2934
            558            558        123.115            123         44.293
            559            559         123.28        123.167        44.2928
            560            560        123.435        123.333        44.2913
            561            561        123.581          123.5        44.2898
            562            562        123.737        123.667        44.2891
            563            563        123.903        123.833        44.2847
            564            564        124.057            124        44.2825
            565            565         124.21        124.167        44.2811
            566            566        124.374        124.333        44.2808
            567            567        124.525          124.5        44.2822
            568            568        124.689        124.667        44.2821
            569            569        124.835        124.833         44.281
            570            570        124.995            125        44.2806
            571            571        125.157        125.167        44.2855
            572            572         125.31        125.333        44.2894
            573            573        125.469          125.5        44.2954
            574            574        125.625        125.667        44.3018
            575            575        125.792        125.833        44.3076
            576            576        125.947            126        44.3119
            577            577        126.096        126.167        44.3163
            578            578        126.251        126.333        44.3216
            579            579        126.416          126.5        44.3318
            580            580        126.575        126.667        44.3396
            581            581        126.734        126.833        44.3456
            582            582        126.903            127        44.3499
            583            583        127.045        127.167        44.3533
            584            584        127.205        127.333        44.3584
            585            585        127.359          127.5        44.3651
            586            586        127.521        127.667        44.3705
            587            587        127.685        127.833        44.3752
            588            588        127.844            128        44.3787
            589            589        128.001        128.167        44.3816
            590            590         128.15        128.333        44.3837
            591            591        128.306          128.5        44.3854
            592            592        128.467        128.667        44.3861
            593            593        128.633        128.833        44.3892
            594            594        128.793            129        44.3913
            595            595        128.941        129.167         44.393
            596            596        129.105        129.333        44.3916
            597            597        129.262          129.5        44.3921
            598            598        129.417        129.667        44.3945
            599            599        129.573        129.833        44.3981
            600            600        129.732            130        44.4025
            601            601        129.891        130.167        44.4061
            602            602        130.056        130.333        44.4091
            603            603        130.197          130.5        44.4117
            604            604        130.363        130.667        44.4177
            605            605        130.518        130.833        44.4224
            606            606         130.68            131        44.4276
            607            607        130.842        131.167        44.4328
            608            608        130.996        131.333        44.4419
            609            609        131.157          131.5        44.4475
            610            610        131.315        131.667        44.4529
            611            611         131.47        131.833        44.4579
            612            612        131.634            132        44.4644
            613            613        131.795        132.167        44.4716
            614            614        131.946        132.333        44.4769
            615            615        132.107          132.5        44.4804
            616            616        132.261        132.667        44.4851
            617            617        132.416        132.833        44.4917
            618            618        132.581            133        44.4967
            619            619        132.736        133.167        44.5001
            620            620          132.9        133.333        44.5018
            621            621         133.06          133.5        44.5055
            622            622        133.223        133.667        44.5098
            623            623        133.367        133.833        44.5147
            624            624        133.519            134        44.5194
            625            625        133.694        134.167        44.5211
            626            626        133.854        134.333        44.5247
            627            627        134.001          134.5        44.5299
            628            628        134.158        134.667        44.5341
            629            629        134.314        134.833        44.5355
            630            630        134.476            135        44.5397
            631            631        134.642        135.167        44.5447
            632            632        134.795        135.333        44.5483
            633            633        134.957          135.5        44.5562
            634            634        135.114        135.667        44.5621
            635            635        135.272        135.833        44.5668
            636            636        135.436            136        44.5708
            637            637        135.589        136.167        44.5735
            638            638        135.746        136.333        44.5743
            639            639        135.915          136.5        44.5744
            640            640        136.061        136.667         44.577
            641            641         136.22        136.833        44.5774
            642            642         136.39            137        44.5759
            643            643        136.546        137.167        44.5722
            644            644        136.703        137.333        44.5685
            645            645         136.86          137.5        44.5611
            646            646        137.018        137.667        44.5553
            647            647        137.169        137.833         44.551
            648            648        137.335            138        44.5476
            649            649        137.498        138.167        44.5432
            650            650        137.651        138.333        44.5393
            651            651        137.809          138.5        44.5379
            652            652        137.958        138.667        44.5377
            653            653        138.125        138.833        44.5376
            654            654         138.28            139        44.5342
            655            655        138.439        139.167        44.5318
            656            656        138.598        139.333        44.5321
            657            657        138.763          139.5        44.5338
            658            658        138.919        139.667        44.5395
            659            659         139.08        139.833        44.5378
            660            660        139.243            140         44.535
            661            661        139.404        140.167        44.5336
            662            662        139.558        140.333        44.5331
            663            663         139.71          140.5        44.5326
            664            664        139.878        140.667        44.5312
            665            665        140.038        140.833        44.5293
            666            666        140.201            141        44.5302
            667            667        140.349        141.167        44.5316
            668            668        140.504        141.333        44.5315
            669            669        140.663          141.5        44.5296
            670            670        140.831        141.667        44.5269
            671            671        140.992        141.833        44.5241
            672            672        141.147            142        44.5226
            673            673        141.302        142.167        44.5231
            674            674        141.467        142.333        44.5214
            675            675        141.631          142.5        44.5187
            676            676        141.791        142.667        44.5166
            677            677        141.943        142.833        44.5151
            678            678          142.1            143        44.5092
            679            679        142.258        143.167        44.5065
            680            680        142.422        143.333        44.5043
            681            681        142.585          143.5        44.5028
            682            682        142.749        143.667        44.5069
            683            683        142.899        143.833        44.5067
            684            684        143.054            144         44.505
            685            685        143.223        144.167        44.5044
            686            686        143.384        144.333        44.5057
            687            687        143.539          144.5        44.5058
            688            688          143.7        144.667        44.5057
            689            689         143.86        144.833        44.5054
            690            690        144.022            145        44.5055
            691            691        144.181        145.167        44.5082
            692            692        144.339        145.333        44.5069
            693            693        144.502          145.5        44.5048
            694            694        144.663        145.667        44.5041
            695            695        144.824        145.833        44.5019
            696            696        144.984            146        44.4983
            697            697        145.137        146.167        44.4916
            698            698        145.299        146.333        44.4824
            699            699        145.464          146.5        44.4731
            700            700        145.623        146.667        44.4678
            701            701        145.775        146.833        44.4627
            702            702         145.94            147        44.4571
            703            703          146.1        147.167        44.4504
            704            704        146.256        147.333        44.4447
            705            705        146.411          147.5        44.4396
            706            706        146.564        147.667        44.4343
            707            707        146.724        147.833        44.4331
            708            708        146.898            148        44.4332
            709            709        147.054        148.167        44.4345
            710            710        147.209        148.333        44.4355
            711            711         147.37          148.5        44.4414
            712            712        147.533        148.667        44.4427
            713            713        147.689        148.833        44.4412
            714            714        147.851            149        44.4397
            715            715        148.013        149.167        44.4439
            716            716        148.177        149.333         44.447
            717            717        148.337          149.5        44.4486
            718            718          148.5        149.667        44.4487
            719            719         148.65        149.833        44.4479
            720            720        148.819            150        44.4395
            721            721        148.967        150.167        44.4365
            722            722         149.13        150.333        44.4367
            723            723        149.293          150.5        44.4381
            724            724        149.454        150.667        44.4383
            725            725        149.619        150.833        44.4364
            726            726        149.772            151        44.4341
            727            727        149.937        151.167        44.4312
            728            728        150.088        151.333        44.4259
            729            729        150.245          151.5        44.4229
            730            730        150.413        151.667        44.4192
            731            731        150.579        151.833        44.4159
            732            732        150.736            152        44.4173
            733            733        150.894        152.167        44.4169
            734            734        151.048        152.333        44.4162
            735            735        151.215          152.5        44.4149
            736            736        151.369        152.667        44.4112
            737            737        151.533        152.833        44.4083
            738            738        151.695            153        44.4053
            739            739        151.849        153.167        44.4027
            740            740        152.014        153.333         44.399
            741            741        152.172          153.5        44.3951
            742            742        152.337        153.667         44.393
            743            743        152.498        153.833        44.3916
            744            744        152.656            154        44.3853
            745            745        152.817        154.167        44.3803
            746            746        152.972        154.333        44.3748
            747            747        153.132          154.5        44.3687
            748            748        153.295        154.667        44.3591
            749            749        153.447        154.833        44.3538
            750            750        153.612            155        44.3503
            751            751        153.776        155.167        44.3477
            752            752        153.934        155.333        44.3475
            753            753         154.09          155.5        44.3469
            754            754        154.255        155.667        44.3459
            755            755         154.41        155.833        44.3454
            756            756        154.568            156        44.3431
            757            757        154.728        156.167         44.342
            758            758        154.894        156.333        44.3409
            759            759        155.063          156.5        44.3403
            760            760        155.218        156.667        44.3482
            761            761        155.382        156.833        44.3535
            762            762        155.538            157        44.3583
            763            763        155.704        157.167        44.3622
            764            764        155.856        157.333        44.3619
            765            765         156.02          157.5        44.3628
            766            766        156.183        157.667        44.3664
            767            767         156.34        157.833         44.372
            768            768        156.507            158        44.3801
            769            769        156.668        158.167        44.3844
            770            770        156.833        158.333        44.3871
            771            771        156.995          158.5        44.3886
            772            772        157.152        158.667        44.3882
            773            773        157.307        158.833        44.3899
            774            774         157.47            159         44.393
            775            775        157.638        159.167        44.3955
            776            776        157.799        159.333        44.3964
            777            777        157.956          159.5        44.3969
            778            778        158.118        159.667        44.3976
            779            779        158.277        159.833        44.3984
            780            780        158.437            160        44.3932
            781            781        158.601        160.167        44.3924
            782            782        158.766        160.333        44.3932
            783            783        158.926          160.5        44.3924
            784            784        159.086        160.667        44.3931
            785            785         159.25        160.833        44.3918
            786            786        159.408            161        44.3892
            787            787        159.568        161.167        44.3888
            788            788        159.732        161.333        44.3878
            789            789        159.887          161.5        44.3854
            790            790        160.058        161.667        44.3839
            791            791        160.215        161.833        44.3841
            792            792        160.377            162        44.3814
            793            793        160.539        162.167        44.3807
            794            794        160.695        162.333        44.3814
            795            795        160.854          162.5        44.3835
            796            796        161.021        162.667        44.3867
            797            797        161.179        162.833        44.3891
            798            798        161.339            163        44.3916
            799            799        161.508        163.167        44.3923
            800            800        161.663        163.333         44.396
            801            801        161.824          163.5        44.3973
            802            802        161.988        163.667        44.3983
            803            803        162.151        163.833        44.3992
            804            804        162.311            164        44.4008
            805            805         162.47        164.167        44.4015
            806            806         162.64        164.333        44.4008
            807            807        162.801          164.5           44.4
            808            808        162.957        164.667        44.3945
            809            809        163.118        164.833        44.3924
            810            810        163.282            165        44.3894
            811            811         163.44        165.167        44.3852
            812            812        163.607        165.333        44.3826
            813            813        163.773          165.5        44.3823
            814            814        163.929        165.667        44.3823
            815            815        164.089        165.833        44.3836
            816            816        164.253            166        44.3823
            817            817        164.413        166.167         44.382
            818            818        164.576        166.333        44.3811
            819            819        164.733          166.5        44.3805
            820            820        164.888        166.667        44.3798
            821            821        165.061        166.833        44.3796
            822            822        165.225            167        44.3824
            823            823        165.385        167.167         44.386
            824            824        165.543        167.333        44.3936
            825            825        165.711          167.5        44.3985
            826            826        165.864        167.667        44.4035
            827            827        166.031        167.833        44.4097
            828            828        166.192            168        44.4137
            829            829         166.35        168.167        44.4177
            830            830        166.519        168.333        44.4206
            831            831        166.683          168.5        44.4233
            832            832        166.848        168.667        44.4317
            833            833        167.008        168.833        44.4356
            834            834        167.167            169         44.438
            835            835        167.332        169.167        44.4399
            836            836        167.499        169.333        44.4381
            837            837        167.652          169.5         44.439
            838            838        167.818        169.667        44.4405
            839            839        167.977        169.833         44.442
            840            840        168.138            170        44.4401
            841            841        168.305        170.167        44.4388
            842            842        168.465        170.333        44.4386
            843            843        168.625          170.5        44.4408
            844            844        168.791        170.667        44.4441
            845            845        168.954        170.833         44.444
            846            846        169.118            171        44.4441
            847            847        169.275        171.167        44.4466
            848            848        169.445        171.333        44.4477
            849            849        169.605          171.5         44.446
            850            850        169.753        171.667         44.443
            851            851         169.93        171.833        44.4409
            852            852        170.094            172         44.439
            853            853        170.253        172.167        44.4346
            854            854        170.404        172.333        44.4295
            855            855        170.578          172.5        44.4248
            856            856         170.74        172.667         44.421
            857            857        170.896        172.833         44.414
            858            858         171.06            173        44.4091
            859            859        171.216        173.167        44.4045
            860            860        171.383        173.333           44.4
            861            861        171.552          173.5        44.3971
            862            862        171.708        173.667        44.3943
            863            863        171.868        173.833         44.394
            864            864        172.031            174        44.3944
            865            865          172.2        174.167        44.3986
            866            866        172.359        174.333        44.3988
            867            867        172.525          174.5        44.3983
            868            868        172.682        174.667        44.3976
            869            869        172.853        174.833        44.3967
            870            870        173.011            175        44.3929
            871            871        173.177        175.167        44.3892
            872            872        173.349        175.333        44.3866
            873            873        173.507          175.5        44.3844
            874            874        173.669        175.667        44.3805
            875            875        173.824        175.833        44.3767
            876            876        173.988            176        44.3739
            877            877        174.152        176.167         44.365
            878            878        174.307        176.333        44.3617
            879            879        174.468          176.5        44.3612
            880            880        174.632        176.667        44.3614
            881            881        174.802        176.833        44.3629
            882            882        174.959            177        44.3613
            883            883        175.117        177.167        44.3583
            884            884        175.286        177.333        44.3563
            885            885         175.45          177.5        44.3545
            886            886        175.611        177.667        44.3595
            887            887        175.771        177.833        44.3629
            888            888        175.943            178        44.3682
            889            889        176.102        178.167        44.3739
            890            890        176.262        178.333         44.375
            891            891        176.419          178.5        44.3789
            892            892        176.585        178.667        44.3828
            893            893        176.747        178.833        44.3855
            894            894        176.919            179        44.3937
            895            895        177.075        179.167        44.3961
            896            896        177.248        179.333        44.3959
            897            897        177.412          179.5        44.3959
            898            898        177.573        179.667        44.3995
            899            899        177.734        179.833        44.4037
            900            900        177.904            180        44.4096
            901            901        178.059        180.167        44.4167
            902            902        178.221        180.333        44.4095
            903            903        178.382          180.5        44.4077
            904            904        178.545        180.667        44.4098
            905            905        178.706        180.833        44.4136
            906            906        178.874            181        44.4226
            907            907        179.049        181.167        44.4257
            908            908        179.206        181.333        44.4268
            909            909         179.38          181.5        44.4272
            910            910        179.534        181.667        44.4247
            911            911        179.688        181.833        44.4232
            912            912        179.854            182        44.4219
            913            913        180.023        182.167        44.4206
            914            914        180.193        182.333        44.4181
            915            915         180.35          182.5        44.4167
            916            916        180.509        182.667        44.4171
            917            917        180.673        182.833        44.4156
            918            918        180.837            183        44.4124
            919            919        180.996        183.167         44.405
            920            920        181.165        183.333        44.4008
            921            921        181.322          183.5        44.3991
            922            922        181.486        183.667        44.3968
            923            923        181.649        183.833        44.3925
            924            924        181.813            184        44.3875
            925            925        181.983        184.167        44.3846
            926            926        182.134        184.333        44.3841
            927            927        182.301          184.5        44.3817
            928            928        182.465        184.667        44.3793
            929            929         182.63        184.833        44.3775
            930            930        182.792            185        44.3769
            931            931        182.953        185.167        44.3763
            932            932        183.109        185.333        44.3735
            933            933        183.284          185.5        44.3706
            934            934        183.448        185.667        44.3688
            935            935        183.617        185.833        44.3723
            936            936        183.773            186        44.3699
            937            937        183.933        186.167        44.3668
            938            938          184.1        186.333        44.3634
            939            939        184.261          186.5        44.3568
            940            940        184.424        186.667        44.3523
            941            941        184.583        186.833        44.3501
            942            942        184.755            187        44.3494
            943            943        184.913        187.167        44.3445
            944            944        185.077        187.333        44.3397
            945            945        185.239          187.5        44.3359
            946            946        185.403        187.667        44.3323
            947            947        185.568        187.833          44.33
            948            948        185.729            188        44.3285
            949            949        185.892        188.167        44.3292
            950            950        186.062        188.333        44.3292
            951            951        186.223          188.5         44.329
            952            952        186.377        188.667        44.3308
            953            953        186.541        188.833         44.333
            954            954        186.709            189        44.3366
            955            955        186.871        189.167        44.3427
            956            956        187.031        189.333        44.3561
            957            957        187.201          189.5        44.3662
            958            958        187.367        189.667        44.3772
            959            959        187.528        189.833         44.387
            960            960        187.696            190        44.4015
            961            961        187.855        190.167        44.4132
            962            962         188.02        190.333        44.4238
            963            963        188.187          190.5        44.4339
            964            964        188.357        190.667        44.4449
            965            965        188.512        190.833         44.453
            966            966         188.68            191        44.4615
            967            967        188.849        191.167        44.4683
            968            968        189.008        191.333        44.4666
            969            969        189.176          191.5        44.4685
            970            970        189.337        191.667        44.4704
            971            971          189.5        191.833        44.4717
            972            972        189.659            192        44.4637
            973            973        189.816        192.167        44.4616
            974            974        189.996        192.333        44.4619
            975            975        190.153          192.5        44.4613
            976            976        190.312        192.667        44.4563
            977            977        190.476        192.833        44.4542
            978            978        190.643            193        44.4525
            979            979        190.803        193.167        44.4504
            980            980        190.967        193.333        44.4495
            981            981        191.124          193.5        44.4513
            982            982        191.296        193.667        44.4513
            983            983        191.463        193.833         44.449
            984            984         191.62            194        44.4458
            985            985        191.789        194.167        44.4497
            986            986        191.951        194.333        44.4525
            987            987        192.111          194.5        44.4551
            988            988        192.279        194.667        44.4585
            989            989        192.453        194.833        44.4624
            990            990        192.615            195         44.465
            991            991        192.767        195.167        44.4665
            992            992         192.93        195.333        44.4675
            993            993          193.1          195.5        44.4671
            994            994        193.272        195.667        44.4669
            995            995        193.433        195.833        44.4675
            996            996          193.6            196        44.4703
            997            997        193.761        196.167        44.4718
            998            998        193.919        196.333        44.4739
            999            999        194.089          196.5        44.4748
           1000           1000        194.253        196.667         44.474
           1001           1001        194.409        196.833        44.4746
           1002           1002        194.579            197        44.4779
           1003           1003        194.734        197.167        44.4812
           1004           1004        194.908        197.333        44.4842
           1005           1005        195.071          197.5        44.4922
           1006           1006        195.232        197.667        44.5006
           1007           1007          195.4        197.833        44.5072
           1008           1008        195.555            198        44.5107
           1009           1009        195.724        198.167        44.5161
           1010           1010        195.896        198.333        44.5236
           1011           1011        196.055          198.5        44.5303
           1012           1012        196.221        198.667        44.5352
           1013           1013        196.381        198.833        44.5417
           1014           1014        196.551            199        44.5471
           1015           1015        196.726        199.167        44.5521
           1016           1016        196.876        199.333        44.5581
           1017           1017         197.04          199.5        44.5652
           1018           1018        197.209        199.667        44.5678
           1019           1019        197.384        199.833        44.5734
           1020           1020        197.533            200        44.5813
           1021           1021        197.697        200.167        44.5893
           1022           1022        197.865        200.333        44.5947
           1023           1023        198.029          200.5        44.6012
           1024           1024        198.188        200.667        44.6068
           1025           1025         198.36        200.833         44.614
           1026           1026        198.524            201        44.6238
           1027           1027        198.687        201.167        44.6299
           1028           1028        198.857        201.333        44.6358
           1029           1029        199.022          201.5         44.642
           1030           1030        199.184        201.667        44.6454
           1031           1031        199.348        201.833        44.6471
           1032           1032         199.51            202        44.6478
           1033           1033        199.678        202.167        44.6511
           1034           1034        199.846        202.333        44.6502
           1035           1035        200.006          202.5        44.6494
           1036           1036        200.172        202.667        44.6481
           1037           1037        200.341        202.833        44.6495
           1038           1038        200.502            203        44.6447
           1039           1039         200.67        203.167        44.6402
           1040           1040        200.826        203.333        44.6375
           1041           1041        200.997          203.5        44.6345
           1042           1042        201.165        203.667         44.631
           1043           1043        201.328        203.833        44.6298
           1044           1044        201.481            204        44.6291
           1045           1045        201.656        204.167        44.6292
           1046           1046        201.827        204.333        44.6283
           1047           1047        201.978          204.5        44.6267
           1048           1048        202.142        204.667        44.6244
           1049           1049        202.313        204.833        44.6225
           1050           1050        202.474            205        44.6227
           1051           1051        202.641        205.167        44.6277
           1052           1052         202.81        205.333        44.6305
           1053           1053        202.978          205.5        44.6327
           1054           1054        203.136        205.667        44.6354
           1055           1055        203.306        205.833        44.6388
           1056           1056        203.464            206        44.6422
           1057           1057        203.629        206.167        44.6463
           1058           1058        203.794        206.333        44.6524
           1059           1059        203.965          206.5        44.6632
           1060           1060         204.13        206.667         44.669
           1061           1061        204.291        206.833        44.6733
           1062           1062        204.461            207        44.6778
           1063           1063        204.623        207.167        44.6822
           1064           1064        204.787        207.333        44.6886
           1065           1065        204.953          207.5        44.6951
           1066           1066        205.117        207.667        44.7022
           1067           1067        205.287        207.833        44.7062
           1068           1068        205.445            208        44.7079
           1069           1069         205.61        208.167        44.7084
           1070           1070        205.778        208.333        44.7092
           1071           1071         205.94          208.5        44.7111
           1072           1072        206.106        208.667        44.7142
           1073           1073         206.28        208.833         44.718
           1074           1074        206.436            209        44.7213
           1075           1075        206.603        209.167        44.7208
           1076           1076        206.762        209.333        44.7254
           1077           1077        206.924          209.5        44.7317
           1078           1078        207.092        209.667        44.7378
           1079           1079         207.26        209.833        44.7448
           1080           1080        207.429            210        44.7478
           1081           1081         207.59        210.167        44.7514
           1082           1082        207.761        210.333         44.754
           1083           1083         207.92          210.5        44.7557
           1084           1084        208.083        210.667          44.76
           1085           1085        208.259        210.833        44.7627
           1086           1086        208.421            211        44.7669
           1087           1087        208.585        211.167        44.7715
           1088           1088        208.744        211.333        44.7683
           1089           1089        208.905          211.5        44.7682
           1090           1090        209.079        211.667        44.7685
           1091           1091        209.241        211.833        44.7695
           1092           1092        209.401            212        44.7713
           1093           1093        209.569        212.167        44.7705
           1094           1094        209.737        212.333        44.7692
           1095           1095        209.908          212.5        44.7697
           1096           1096        210.068        212.667        44.7734
           1097           1097        210.234        212.833        44.7775
           1098           1098          210.4            213        44.7806
           1099           1099         210.56        213.167        44.7806
           1100           1100        210.729        213.333        44.7792
           1101           1101        210.893          213.5        44.7805
           1102           1102        211.049        213.667        44.7845
           1103           1103        211.222        213.833        44.7895
           1104           1104        211.389            214        44.7979
           1105           1105        211.559        214.167        44.8037
           1106           1106        211.727        214.333        44.8088
           1107           1107        211.883          214.5        44.8129
           1108           1108        212.044        214.667        44.8114
           1109           1109         212.21        214.833        44.8136
           1110           1110        212.378            215        44.8175
           1111           1111        212.551        215.167        44.8223
           1112           1112        212.711        215.333        44.8331
           1113           1113        212.882          215.5        44.8387
           1114           1114        213.043        215.667        44.8417
           1115           1115        213.211        215.833        44.8434
           1116           1116        213.373            216        44.8451
           1117           1117        213.542        216.167        44.8463
           1118           1118        213.706        216.333        44.8489
           1119           1119        213.875          216.5        44.8509
           1120           1120        214.044        216.667        44.8532
           1121           1121        214.207        216.833        44.8535
           1122           1122        214.367            217        44.8516
           1123           1123        214.534        217.167        44.8475
           1124           1124        214.698        217.333         44.842
           1125           1125        214.868          217.5        44.8381
           1126           1126        215.032        217.667        44.8366
           1127           1127        215.199        217.833        44.8328
           1128           1128        215.359            218        44.8274
           1129           1129        215.528        218.167        44.8163
           1130           1130        215.684        218.333        44.8101
           1131           1131        215.853          218.5        44.8057
           1132           1132        216.012        218.667        44.8021
           1133           1133         216.18        218.833        44.7959
           1134           1134        216.353            219        44.7895
           1135           1135         216.52        219.167        44.7828
           1136           1136        216.676        219.333        44.7751
           1137           1137        216.847          219.5        44.7702
           1138           1138        217.012        219.667        44.7652
           1139           1139        217.179        219.833        44.7597
           1140           1140        217.346            220        44.7569
           1141           1141        217.509        220.167        44.7549
           1142           1142        217.676        220.333        44.7526
           1143           1143        217.837          220.5        44.7509
           1144           1144        217.999        220.667        44.7498
           1145           1145        218.169        220.833        44.7473
           1146           1146        218.343            221        44.7479
           1147           1147        218.497        221.167        44.7485
           1148           1148        218.675        221.333        44.7465
           1149           1149        218.841          221.5        44.7431
           1150           1150        219.002        221.667        44.7429
           1151           1151        219.171        221.833        44.7436
           1152           1152        219.342            222        44.7446
           1153           1153        219.499        222.167        44.7449
           1154           1154        219.669        222.333        44.7422
           1155           1155         219.84          222.5        44.7427
           1156           1156        220.003        222.667        44.7427
           1157           1157        220.158        222.833        44.7416
           1158           1158        220.326            223        44.7404
           1159           1159        220.496        223.167        44.7423
           1160           1160        220.671        223.333        44.7437
           1161           1161        220.831          223.5        44.7441
           1162           1162        220.996        223.667        44.7492
           1163           1163        221.162        223.833        44.7517
           1164           1164        221.331            224        44.7508
           1165           1165        221.495        224.167        44.7506
           1166           1166        221.655        224.333        44.7508
           1167           1167        221.829          224.5        44.7505
           1168           1168        221.997        224.667        44.7513
           1169           1169        222.155        224.833        44.7539
           1170           1170        222.319            225        44.7543
           1171           1171        222.497        225.167         44.757
           1172           1172        222.652        225.333        44.7606
           1173           1173        222.815          225.5        44.7624
           1174           1174        222.986        225.667        44.7653
           1175           1175        223.154        225.833        44.7675
           1176           1176        223.311            226        44.7695
           1177           1177        223.484        226.167        44.7731
           1178           1178        223.654        226.333         44.777
           1179           1179        223.818          226.5        44.7786
           1180           1180         223.99        226.667        44.7795
           1181           1181        224.149        226.833        44.7813
           1182           1182        224.312            227        44.7872
           1183           1183        224.487        227.167        44.7868
           1184           1184        224.646        227.333         44.789
           1185           1185        224.814          227.5        44.7904
           1186           1186        224.978        227.667        44.7907
           1187           1187        225.141        227.833        44.7951
           1188           1188        225.315            228        44.7985
           1189           1189        225.471        228.167           44.8
           1190           1190        225.647        228.333        44.8003
           1191           1191        225.814          228.5        44.8067
           1192           1192        225.975        228.667        44.8094
           1193           1193        226.146        228.833        44.8138
           1194           1194          226.3            229          44.82
           1195           1195        226.475        229.167        44.8199
           1196           1196        226.645        229.333        44.8237
           1197           1197        226.804          229.5        44.8308
           1198           1198        226.968        229.667        44.8377
           1199           1199        227.136        229.833          44.84
           1200           1200        227.299            230        44.8427
           1201           1201        227.473        230.167        44.8464
           1202           1202         227.64        230.333        44.8519
           1203           1203        227.809          230.5        44.8622
           1204           1204         227.97        230.667         44.867
           1205           1205        228.142        230.833        44.8717
           1206           1206        228.313            231        44.8754
           1207           1207        228.469        231.167        44.8697
           1208           1208         228.63        231.333        44.8673
           1209           1209        228.805          231.5        44.8669
           1210           1210        228.966        231.667        44.8684
           1211           1211        229.139        231.833        44.8705
           1212           1212        229.296            232         44.872
           1213           1213        229.466        232.167        44.8737
           1214           1214        229.639        232.333        44.8738
           1215           1215        229.795          232.5        44.8751
           1216           1216        229.959        232.667        44.8754
           1217           1217        230.122        232.833        44.8798
           1218           1218        230.293            233        44.8879
           1219           1219         230.47        233.167        44.8959
           1220           1220        230.623        233.333        44.9092
           1221           1221        230.798          233.5        44.9188
           1222           1222        230.959        233.667        44.9257
           1223           1223        231.123        233.833        44.9311
           1224           1224          231.3            234        44.9439
           1225           1225        231.463        234.167        44.9495
           1226           1226        231.635        234.333        44.9536
           1227           1227        231.804          234.5        44.9577
           1228           1228        231.959        234.667        44.9578
           1229           1229        232.134        234.833        44.9632
           1230           1230        232.297            235        44.9707
           1231           1231        232.462        235.167        44.9801
           1232           1232        232.632        235.333        44.9838
           1233           1233        232.794          235.5        44.9907
           1234           1234        232.953        235.667        44.9972
           1235           1235        233.129        235.833        45.0037
           1236           1236        233.289            236        45.0158
           1237           1237        233.461        236.167        45.0249
           1238           1238         233.63        236.333         45.034
           1239           1239          233.8          236.5        45.0431
           1240           1240        233.967        236.667        45.0585
           1241           1241        234.134        236.833        45.0674
           1242           1242        234.293            237        45.0739
           1243           1243        234.464        237.167        45.0786
           1244           1244        234.626        237.333        45.0771
           1245           1245        234.795          237.5        45.0792
           1246           1246        234.964        237.667         45.082
           1247           1247        235.131        237.833        45.0848
           1248           1248        235.295            238        45.0876
           1249           1249        235.461        238.167        45.0851
           1250           1250        235.624        238.333        45.0851
           1251           1251        235.796          238.5        45.0847
           1252           1252        235.956        238.667        45.0855
           1253           1253        236.123        238.833        45.0825
           1254           1254        236.293            239        45.0816
           1255           1255        236.456        239.167        45.0828
           1256           1256        236.629        239.333        45.0845
           1257           1257        236.792          239.5        45.0863
           1258           1258        236.961        239.667        45.0878
           1259           1259        237.124        239.833        45.0873
           1260           1260        237.292            240        45.0851
           1261           1261        237.462        240.167        45.0833
           1262           1262        237.626        240.333        45.0799
           1263           1263        237.794          240.5        45.0756
           1264           1264        237.966        240.667        45.0724
           1265           1265        238.123        240.833        45.0682
           1266           1266        238.298            241        45.0674
           1267           1267        238.462        241.167        45.0667
           1268           1268        238.626        241.333        45.0648
           1269           1269        238.791          241.5        45.0542
           1270           1270        238.958        241.667        45.0469
           1271           1271        239.122        241.833         45.039
           1272           1272        239.284            242        45.0311
           1273           1273        239.462        242.167        45.0316
           1274           1274        239.623        242.333          45.03
           1275           1275          239.8          242.5        45.0268
           1276           1276        239.965        242.667        45.0233
           1277           1277        240.127        242.833        45.0181
           1278           1278        240.293            243        45.0189
           1279           1279        240.453        243.167        45.0203
           1280           1280        240.619        243.333        45.0186
           1281           1281        240.788          243.5        45.0152
           1282           1282         240.96        243.667         45.024
           1283           1283        241.129        243.833        45.0268
           1284           1284         241.29            244        45.0256
           1285           1285        241.465        244.167        45.0237
           1286           1286        241.635        244.333        45.0277
           1287           1287        241.804          244.5        45.0297
           1288           1288        241.966        244.667         45.032
           1289           1289        242.123        244.833        45.0358
           1290           1290         242.29            245        45.0305
           1291           1291        242.466        245.167        45.0291
           1292           1292        242.631        245.333        45.0277
           1293           1293         242.79          245.5         45.025
           1294           1294        242.962        245.667        45.0266
           1295           1295        243.131        245.833        45.0291
           1296           1296        243.294            246        45.0319
           1297           1297        243.469        246.167        45.0348
           1298           1298        243.633        246.333        45.0363
           1299           1299        243.794          246.5        45.0377
           1300           1300         243.96        246.667        45.0365
           1301           1301        244.132        246.833        45.0348
           1302           1302        244.286            247        45.0368
           1303           1303        244.465        247.167        45.0412
           1304           1304        244.636        247.333        45.0462
           1305           1305        244.804          247.5        45.0489
           1306           1306        244.964        247.667        45.0508
           1307           1307        245.136        247.833        45.0494
           1308           1308          245.3            248        45.0465
           1309           1309        245.461        248.167        45.0444
           1310           1310        245.635        248.333        45.0423
           1311           1311        245.802          248.5        45.0402
           1312           1312        245.975        248.667        45.0376
           1313           1313        246.139        248.833        45.0368
           1314           1314        246.294            249        45.0376
           1315           1315        246.466        249.167        45.0265
           1316           1316        246.626        249.333         45.021
           1317           1317        246.795          249.5        45.0184
           1318           1318        246.967        249.667        45.0164
           1319           1319        247.134        249.833        45.0179
           1320           1320        247.296            250        45.0143
           1321           1321        247.464        250.167        45.0123
           1322           1322        247.636        250.333        45.0107
           1323           1323          247.8          250.5        45.0074
           1324           1324        247.969        250.667        45.0026
           1325           1325        248.127        250.833        45.0006
           1326           1326        248.306            251        44.9994
           1327           1327        248.472        251.167        44.9913
           1328           1328        248.629        251.333         44.987
           1329           1329        248.799          251.5        44.9829
           1330           1330         248.97        251.667        44.9777
           1331           1331        249.138        251.833        44.9773
           1332           1332        249.297            252        44.9773
           1333           1333        249.466        252.167         44.977
           1334           1334        249.642        252.333        44.9754
           1335           1335        249.802          252.5        44.9702
           1336           1336        249.966        252.667        44.9658
           1337           1337        250.138        252.833        44.9621
           1338           1338        250.302            253        44.9587
           1339           1339        250.466        253.167        44.9576
           1340           1340        250.642        253.333        44.9558
           1341           1341        250.808          253.5        44.9539
           1342           1342        250.976        253.667        44.9522
           1343           1343        251.135        253.833        44.9486
           1344           1344        251.299            254        44.9492
           1345           1345        251.467        254.167        44.9512
           1346           1346        251.638        254.333        44.9541
           1347           1347        251.802          254.5        44.9574
           1348           1348        251.971        254.667        44.9684
           1349           1349        252.137        254.833        44.9741
           1350           1350        252.303            255        44.9784
           1351           1351        252.472        255.167        44.9825
           1352           1352        252.642        255.333        44.9918
           1353           1353        252.812          255.5        44.9961
           1354           1354        252.974        255.667         45.002
           1355           1355        253.149        255.833         45.011
           1356           1356        253.305            256        45.0185
           1357           1357        253.478        256.167        45.0245
           1358           1358        253.647        256.333        45.0281
           1359           1359        253.813          256.5        45.0311
           1360           1360        253.981        256.667        45.0322
           1361           1361        254.145        256.833        45.0346
           1362           1362        254.311            257        45.0385
           1363           1363        254.482        257.167        45.0426
           1364           1364        254.656        257.333         45.053
           1365           1365        254.822          257.5        45.0623
           1366           1366        254.984        257.667        45.0694
           1367           1367        255.148        257.833        45.0732
           1368           1368        255.316            258        45.0675
           1369           1369        255.485        258.167        45.0642
           1370           1370        255.651        258.333        45.0635
           1371           1371        255.819          258.5        45.0619
           1372           1372        255.987        258.667        45.0644
           1373           1373        256.161        258.833        45.0636
           1374           1374         256.33            259        45.0628
           1375           1375        256.494        259.167        45.0616
           1376           1376        256.658        259.333        45.0441
           1377           1377        256.815          259.5        45.0368
           1378           1378        256.984        259.667        45.0335
           1379           1379        257.156        259.833        45.0314
           1380           1380        257.318            260        45.0295
           1381           1381        257.494        260.167        45.0297
           1382           1382        257.654        260.333        45.0284
           1383           1383        257.827          260.5        45.0275
           1384           1384        257.989        260.667         45.028
           1385           1385        258.153        260.833        45.0316
           1386           1386        258.321            261        45.0354
           1387           1387        258.495        261.167        45.0373
           1388           1388        258.662        261.333        45.0375
           1389           1389        258.828          261.5        45.0426
           1390           1390        258.995        261.667         45.046
           1391           1391        259.166        261.833        45.0499
           1392           1392        259.332            262        45.0552
           1393           1393        259.498        262.167        45.0619
           1394           1394        259.666        262.333        45.0671
           1395           1395        259.834          262.5        45.0726
           1396           1396            260        262.667        45.0769
           1397           1397        260.163        262.833        45.0789
           1398           1398        260.332            263        45.0823
           1399           1399          260.5        263.167        45.0856
           1400           1400        260.672        263.333        45.0887
           1401           1401        260.836          263.5         45.099
           1402           1402        261.004        263.667         45.105
           1403           1403        261.173        263.833        45.1085
           1404           1404         261.34            264        45.1098
           1405           1405        261.508        264.167        45.1011
           1406           1406        261.672        264.333        45.0968
           1407           1407        261.839          264.5        45.0952
           1408           1408        262.005        264.667        45.0955
           1409           1409        262.173        264.833        45.0941
           1410           1410        262.348            265        45.0944
           1411           1411        262.509        265.167        45.0961
           1412           1412        262.675        265.333        45.0978
           1413           1413        262.835          265.5        45.0993
           1414           1414        263.001        265.667        45.0953
           1415           1415        263.174        265.833        45.0956
           1416           1416        263.343            266        45.0969
           1417           1417        263.516        266.167        45.0984
           1418           1418        263.679        266.333        45.1089
           1419           1419        263.847          266.5        45.1158
           1420           1420         264.02        266.667        45.1245
           1421           1421        264.187        266.833        45.1334
           1422           1422        264.353            267        45.1375
           1423           1423        264.522        267.167         45.142
           1424           1424        264.688        267.333        45.1452
           1425           1425        264.854          267.5         45.148
           1426           1426        265.016        267.667        45.1521
           1427           1427        265.188        267.833        45.1545
           1428           1428        265.359            268        45.1559
           1429           1429        265.538        268.167        45.1569
           1430           1430         265.69        268.333        45.1541
           1431           1431        265.867          268.5        45.1528
           1432           1432        266.023        268.667        45.1509
           1433           1433        266.193        268.833        45.1473
           1434           1434        266.359            269        45.1344
           1435           1435        266.526        269.167        45.1294
           1436           1436        266.695        269.333        45.1268
           1437           1437        266.864          269.5        45.1259
           1438           1438        267.024        269.667        45.1217
           1439           1439        267.195        269.833        45.1203
           1440           1440        267.364            270        45.1209
           1441           1441        267.527        270.167        45.1246
           1442           1442        267.696        270.333        45.1317
           1443           1443        267.861          270.5        45.1375
           1444           1444        268.033        270.667        45.1425
           1445           1445        268.202        270.833        45.1467
           1446           1446        268.365            271        45.1521
           1447           1447        268.536        271.167        45.1675
           1448           1448        268.704        271.333        45.1762
           1449           1449        268.874          271.5        45.1838
           1450           1450        269.047        271.667        45.1926
           1451           1451        269.208        271.833        45.1974
           1452           1452        269.382            272        45.1985
           1453           1453        269.541        272.167        45.2026
           1454           1454        269.711        272.333        45.2073
           1455           1455         269.88          272.5        45.2078
           1456           1456        270.048        272.667        45.2123
           1457           1457        270.216        272.833        45.2148
           1458           1458        270.384            273        45.2152
           1459           1459         270.55        273.167        45.2144
           1460           1460        270.706        273.333        45.2146
           1461           1461        270.876          273.5        45.2154
           1462           1462        271.052        273.667        45.2175
           1463           1463        271.214        273.833        45.2197
           1464           1464        271.387            274        45.2212
           1465           1465        271.556        274.167        45.2228
           1466           1466         271.71        274.333        45.2254
           1467           1467        271.885          274.5        45.2237
           1468           1468        272.051        274.667        45.2235
           1469           1469        272.217        274.833         45.225
           1470           1470        272.389            275        45.2269
           1471           1471        272.551        275.167        45.2308
           1472           1472        272.724        275.333         45.233
           1473           1473        272.889          275.5        45.2345
           1474           1474        273.062        275.667        45.2358
           1475           1475         273.23        275.833        45.2362
           1476           1476        273.393            276        45.2354
           1477           1477        273.565        276.167         45.232
           1478           1478        273.733        276.333        45.2294
           1479           1479        273.897          276.5        45.2269
           1480           1480        274.065        276.667         45.222
           1481           1481        274.231        276.833         45.223
           1482           1482        274.401            277        45.2236
           1483           1483        274.565        277.167        45.2213
           1484           1484        274.731        277.333        45.2151
           1485           1485        274.898          277.5        45.2097
           1486           1486        275.061        277.667        45.2043
           1487           1487        275.229        277.833        45.1988
           1488           1488        275.395            278        45.1965
           1489           1489        275.568        278.167        45.1909
           1490           1490        275.742        278.333         45.184
           1491           1491        275.903          278.5        45.1765
           1492           1492        276.064        278.667        45.1609
           1493           1493        276.236        278.833        45.1504
           1494           1494        276.391            279        45.1418
           1495           1495        276.567        279.167         45.135
           1496           1496         276.73        279.333        45.1235
           1497           1497        276.899          279.5        45.1149
           1498           1498        277.067        279.667        45.1098
           1499           1499        277.235        279.833        45.1051
           1500           1500        277.401            280        45.0984
           1501           1501        277.568        280.167        45.0911
           1502           1502        277.733        280.333        45.0848
           1503           1503        277.904          280.5          45.08
           1504           1504        278.071        280.667        45.0813
           1505           1505        278.235        280.833        45.0806
           1506           1506        278.406            281        45.0783
           1507           1507         278.58        281.167        45.0743
           1508           1508         278.74        281.333        45.0698
           1509           1509         278.91          281.5        45.0621
           1510           1510        279.073        281.667        45.0544
           1511           1511        279.245        281.833        45.0475
           1512           1512        279.415            282        45.0392
           1513           1513        279.577        282.167        45.0273
           1514           1514        279.758        282.333        45.0167
           1515           1515        279.917          282.5        45.0074
           1516           1516        280.085        282.667         45.001
           1517           1517        280.246        282.833        44.9902
           1518           1518         280.41            283        44.9856
           1519           1519        280.581        283.167        44.9788
           1520           1520         280.75        283.333        44.9729
           1521           1521        280.911          283.5         44.969
           1522           1522        281.074        283.667        44.9613
           1523           1523         281.25        283.833        44.9535
           1524           1524        281.416            284        44.9468
           1525           1525        281.592        284.167        44.9554
           1526           1526        281.765        284.333         44.955
           1527           1527        281.924          284.5        44.9529
           1528           1528        282.084        284.667        44.9518
           1529           1529        282.259        284.833        44.9458
           1530           1530        282.421            285        44.9438
           1531           1531        282.584        285.167        44.9432
           1532           1532        282.757        285.333        44.9415
           1533           1533        282.924          285.5        44.9426
           1534           1534        283.096        285.667        44.9403
           1535           1535        283.266        285.833        44.9365
           1536           1536        283.433            286         44.932
           1537           1537        283.603        286.167        44.9317
           1538           1538        283.769        286.333        44.9317
           1539           1539        283.937          286.5        44.9315
           1540           1540        284.105        286.667        44.9311
           1541           1541        284.267        286.833         44.922
           1542           1542        284.433            287        44.9192
           1543           1543        284.605        287.167        44.9197
           1544           1544         284.77        287.333        44.9222
           1545           1545        284.937          287.5        44.9249
           1546           1546        285.111        287.667        44.9392
           1547           1547         285.28        287.833        44.9471
           1548           1548        285.448            288        44.9499
           1549           1549        285.613        288.167        44.9514
           1550           1550        285.776        288.333        44.9497
           1551           1551        285.951          288.5        44.9455
           1552           1552         286.12        288.667        44.9418
           1553           1553        286.285        288.833         44.938
           1554           1554        286.457            289        44.9325
           1555           1555        286.633        289.167        44.9278
           1556           1556        286.796        289.333         44.923
           1557           1557         286.96          289.5        44.9163
           1558           1558        287.121        289.667        44.8938
           1559           1559        287.281        289.833        44.8816
           1560           1560        287.454            290        44.8717
           1561           1561        287.621        290.167        44.8623
           1562           1562        287.788        290.333        44.8558
           1563           1563        287.952          290.5        44.8469
           1564           1564        288.125        290.667        44.8386
           1565           1565        288.292        290.833        44.8332
           1566           1566        288.454            291        44.8293
           1567           1567        288.624        291.167        44.8273
           1568           1568        288.791        291.333         44.827
           1569           1569        288.957          291.5        44.8284
           1570           1570         289.13        291.667        44.8349
           1571           1571        289.295        291.833        44.8333
           1572           1572        289.457            292        44.8318
           1573           1573        289.631        292.167        44.8345
           1574           1574        289.803        292.333        44.8457
           1575           1575        289.971          292.5        44.8509
           1576           1576         290.14        292.667        44.8565
           1577           1577        290.304        292.833        44.8601
           1578           1578        290.477            293         44.863
           1579           1579         290.64        293.167        44.8573
           1580           1580        290.803        293.333         44.855
           1581           1581        290.976          293.5        44.8545
           1582           1582        291.148        293.667        44.8543
           1583           1583        291.308        293.833        44.8546
           1584           1584        291.482            294         44.855
           1585           1585        291.655        294.167        44.8538
           1586           1586        291.814        294.333        44.8505
           1587           1587        291.985          294.5        44.8419
           1588           1588        292.144        294.667        44.8382
           1589           1589        292.322        294.833        44.8378
           1590           1590        292.483            295        44.8394
           1591           1591        292.654        295.167        44.8412
           1592           1592        292.815        295.333        44.8387
           1593           1593        292.994          295.5         44.837
           1594           1594        293.149        295.667        44.8366
           1595           1595        293.324        295.833        44.8361
           1596           1596        293.492            296        44.8369
           1597           1597         293.66        296.167         44.841
           1598           1598        293.835        296.333        44.8455
           1599           1599        294.003          296.5        44.8482
           1600           1600        294.157        296.667        44.8489
           1601           1601        294.331        296.833        44.8485
           1602           1602        294.496            297        44.8476
           1603           1603         294.67        297.167        44.8493
           1604           1604        294.829        297.333        44.8471
           1605           1605        295.006          297.5        44.8415
           1606           1606        295.177        297.667        44.8346
           1607           1607         295.34        297.833         44.827
           1608           1608        295.505            298        44.8204
           1609           1609        295.677        298.167        44.8127
           1610           1610        295.839        298.333         44.803
           1611           1611         296.01          298.5        44.7889
           1612           1612        296.174        298.667        44.7788
           1613           1613        296.343        298.833        44.7706
           1614           1614        296.502            299        44.7625
           1615           1615        296.678        299.167        44.7506
           1616           1616        296.842        299.333        44.7438
           1617           1617         297.01          299.5        44.7382
           1618           1618        297.175        299.667          44.73
           1619           1619        297.339        299.833        44.7246
           1620           1620         297.51            300        44.7202
           1621           1621        297.681        300.167        44.7167
           1622           1622        297.847        300.333        44.7147
           1623           1623        298.013          300.5        44.7194
           1624           1624        298.185        300.667        44.7194
           1625           1625        298.355        300.833        44.7184
           1626           1626         298.52            301        44.7172
           1627           1627        298.684        301.167        44.7179
           1628           1628        298.857        301.333        44.7203
           1629           1629        299.022          301.5         44.721
           1630           1630        299.192        301.667        44.7212
           1631           1631        299.365        301.833        44.7277
           1632           1632        299.531            302        44.7282
           1633           1633        299.695        302.167        44.7275
           1634           1634        299.865        302.333        44.7276
           1635           1635         300.03          302.5        44.7296
           1636           1636        300.203        302.667         44.734
           1637           1637        300.371        302.833         44.739
           1638           1638        300.534            303        44.7452
           1639           1639        300.707        303.167        44.7499
           1640           1640        300.874        303.333        44.7544
           1641           1641        301.034          303.5        44.7589
           1642           1642        301.208        303.667        44.7644
           1643           1643        301.375        303.833        44.7695
           1644           1644        301.551            304        44.7688
           1645           1645        301.718        304.167        44.7672
           1646           1646        301.886        304.333        44.7675
           1647           1647        302.052          304.5        44.7655
           1648           1648        302.225        304.667        44.7649
           1649           1649        302.386        304.833        44.7621
           1650           1650        302.559            305        44.7581
           1651           1651        302.723        305.167        44.7479
           1652           1652        302.886        305.333        44.7427
           1653           1653        303.051          305.5        44.7391
           1654           1654        303.227        305.667        44.7352
           1655           1655        303.394        305.833        44.7359
           1656           1656        303.564            306         44.732
           1657           1657        303.737        306.167        44.7224
           1658           1658        303.892        306.333        44.7098
           1659           1659        304.073          306.5        44.6964
           1660           1660        304.236        306.667         44.686
           1661           1661        304.404        306.833        44.6768
           1662           1662        304.571            307        44.6691
           1663           1663         304.74        307.167        44.6569
           1664           1664        304.912        307.333        44.6476
           1665           1665        305.068          307.5        44.6391
           1666           1666        305.233        307.667         44.632
           1667           1667          305.4        307.833        44.6201
           1668           1668        305.573            308        44.6136
           1669           1669         305.74        308.167        44.6123
           1670           1670        305.912        308.333        44.6133
           1671           1671        306.077          308.5        44.6253
           1672           1672        306.249        308.667        44.6271
           1673           1673        306.414        308.833        44.6269
           1674           1674        306.583            309        44.6276
           1675           1675        306.751        309.167         44.635
           1676           1676        306.917        309.333        44.6393
           1677           1677         307.09          309.5        44.6426
           1678           1678         307.26        309.667        44.6455
           1679           1679        307.435        309.833          44.65
           1680           1680        307.592            310        44.6503
           1681           1681        307.755        310.167        44.6501
           1682           1682        307.932        310.333        44.6495
           1683           1683        308.098          310.5        44.6438
           1684           1684        308.266        310.667        44.6403
           1685           1685        308.434        310.833        44.6374
           1686           1686        308.601            311        44.6356
           1687           1687        308.772        311.167         44.631
           1688           1688        308.936        311.333        44.6286
           1689           1689        309.104          311.5        44.6245
           1690           1690        309.273        311.667        44.6197
           1691           1691        309.439        311.833        44.6125
           1692           1692        309.607            312        44.6062
           1693           1693        309.772        312.167        44.6031
           1694           1694        309.939        312.333        44.6033
           1695           1695        310.112          312.5        44.6073
           1696           1696         310.28        312.667        44.6083
           1697           1697        310.445        312.833        44.6075
           1698           1698        310.612            313        44.6075
           1699           1699        310.778        313.167        44.6087
           1700           1700        310.946        313.333        44.6092
           1701           1701        311.112          313.5        44.6044
           1702           1702        311.287        313.667        44.5982
           1703           1703        311.455        313.833         44.601
           1704           1704        311.626            314        44.5997
           1705           1705        311.786        314.167        44.5998
           1706           1706        311.957        314.333        44.5969
           1707           1707        312.126          314.5        44.5886
           1708           1708        312.302        314.667        44.5877
           1709           1709        312.455        314.833        44.5869
           1710           1710        312.619            315        44.5868
           1711           1711        312.787        315.167        44.5866
           1712           1712        312.951        315.333        44.5855
           1713           1713        313.132          315.5        44.5834
           1714           1714        313.297        315.667         44.581
           1715           1715        313.464        315.833        44.5766
           1716           1716        313.637            316        44.5808
           1717           1717        313.807        316.167         44.578
           1718           1718        313.968        316.333        44.5718
           1719           1719        314.144          316.5        44.5659
           1720           1720        314.307        316.667        44.5529
           1721           1721        314.477        316.833        44.5429
           1722           1722        314.645            317        44.5334
           1723           1723         314.81        317.167        44.5249
           1724           1724        314.974        317.333        44.5108
           1725           1725         315.15          317.5        44.5013
           1726           1726        315.309        317.667        44.4927
           1727           1727        315.478        317.833        44.4852
           1728           1728        315.646            318        44.4721
           1729           1729        315.815        318.167        44.4637
           1730           1730         315.98        318.333        44.4553
           1731           1731        316.153          318.5         44.445
           1732           1732        316.321        318.667        44.4422
           1733           1733        316.491        318.833        44.4354
           1734           1734        316.651            319        44.4288
           1735           1735         316.83        319.167        44.4221
           1736           1736        316.991        319.333        44.4173
           1737           1737        317.158          319.5        44.4142
           1738           1738        317.338        319.667        44.4138
           1739           1739        317.495        319.833        44.4124
           1740           1740        317.666            320        44.4075
           1741           1741        317.837        320.167        44.4018
           1742           1742            318        320.333        44.3947
           1743           1743        318.173          320.5        44.3887
           1744           1744         318.34        320.667        44.3827
           1745           1745         318.51        320.833        44.3818
           1746           1746        318.684            321         44.382
           1747           1747         318.85        321.167        44.3827
           1748           1748        319.008        321.333        44.3817
           1749           1749        319.174          321.5        44.3704
           1750           1750        319.345        321.667        44.3643
           1751           1751        319.504        321.833        44.3583
           1752           1752        319.681            322        44.3535
           1753           1753        319.842        322.167        44.3563
           1754           1754        320.018        322.333        44.3563
           1755           1755        320.194          322.5        44.3583
           1756           1756        320.354        322.667        44.3602
           1757           1757        320.519        322.833        44.3542
           1758           1758        320.686            323        44.3541
           1759           1759        320.852        323.167         44.357
           1760           1760         321.02        323.333        44.3607
           1761           1761        321.191          323.5        44.3653
           1762           1762        321.359        323.667        44.3651
           1763           1763        321.528        323.833        44.3655
           1764           1764        321.707            324        44.3642
           1765           1765        321.863        324.167        44.3646
           1766           1766        322.028        324.333        44.3626
           1767           1767        322.208          324.5        44.3628
           1768           1768        322.374        324.667         44.366
           1769           1769        322.541        324.833        44.3648
           1770           1770        322.702            325        44.3633
           1771           1771        322.865        325.167        44.3609
           1772           1772        323.042        325.333        44.3579
           1773           1773        323.204          325.5        44.3504
           1774           1774         323.37        325.667         44.348
           1775           1775         323.54        325.833         44.348
           1776           1776        323.717            326        44.3472
           1777           1777        323.885        326.167        44.3442
           1778           1778        324.049        326.333        44.3404
           1779           1779        324.213          326.5        44.3344
           1780           1780        324.382        326.667        44.3313
           1781           1781        324.546        326.833        44.3301
           1782           1782        324.717            327        44.3267
           1783           1783        324.889        327.167        44.3232
           1784           1784        325.056        327.333        44.3182
           1785           1785        325.223          327.5        44.3137
           1786           1786        325.387        327.667        44.3105
           1787           1787        325.545        327.833        44.3074
           1788           1788         325.72            328        44.3044
           1789           1789        325.894        328.167        44.3024
           1790           1790        326.055        328.333        44.3056
           1791           1791        326.231          328.5        44.3038
           1792           1792        326.394        328.667        44.3014
           1793           1793        326.561        328.833        44.2982
           1794           1794        326.735            329          44.29
           1795           1795        326.903        329.167         44.284
           1796           1796        327.069        329.333          44.28
           1797           1797        327.233          329.5        44.2775
           1798           1798        327.405        329.667        44.2709
           1799           1799        327.573        329.833        44.2649
           1800           1800        327.741            330        44.2584
           1801           1801        327.909        330.167        44.2526
           1802           1802        328.069        330.333        44.2447
           1803           1803        328.244          330.5        44.2361
           1804           1804        328.412        330.667        44.2263
           1805           1805        328.582        330.833        44.2155
           1806           1806        328.754            331        44.2042
           1807           1807        328.915        331.167        44.1945
           1808           1808        329.083        331.333        44.1834
           1809           1809         329.25          331.5         44.173
           1810           1810        329.426        331.667        44.1622
           1811           1811        329.594        331.833        44.1419
           1812           1812        329.755            332        44.1306
           1813           1813        329.926        332.167        44.1225
           1814           1814        330.087        332.333        44.1146
           1815           1815        330.259          332.5        44.1046
           1816           1816        330.435        332.667        44.0951
           1817           1817        330.596        332.833        44.0858
           1818           1818         330.77            333        44.0775
           1819           1819        330.926        333.167        44.0744
           1820           1820        331.099        333.333        44.0665
           1821           1821        331.273          333.5        44.0572
           1822           1822        331.444        333.667        44.0472
           1823           1823        331.608        333.833         44.037
           1824           1824        331.777            334        44.0244
           1825           1825        331.943        334.167        44.0115
           1826           1826        332.112        334.333        43.9996
           1827           1827        332.281          334.5        43.9841
           1828           1828        332.449        334.667        43.9735
           1829           1829        332.614        334.833        43.9648
           1830           1830        332.781            335        43.9561
           1831           1831        332.944        335.167        43.9432
           1832           1832        333.114        335.333        43.9365
           1833           1833         333.28          335.5        43.9305
           1834           1834         333.45        335.667        43.9244
           1835           1835        333.618        335.833        43.9197
           1836           1836        333.786            336        43.9058
           1837           1837        333.962        336.167        43.8928
           1838           1838        334.127        336.333        43.8827
           1839           1839        334.294          336.5        43.8727
           1840           1840        334.466        336.667         43.864
           1841           1841        334.638        336.833        43.8562
           1842           1842        334.804            337        43.8474
           1843           1843        334.967        337.167        43.8397
           1844           1844        335.129        337.333        43.8158
           1845           1845         335.29          337.5        43.7982
           1846           1846        335.474        337.667        43.7837
           1847           1847        335.635        337.833        43.7727
           1848           1848        335.799            338        43.7736
           1849           1849        335.977        338.167        43.7694
           1850           1850        336.141        338.333        43.7653
           1851           1851        336.308          338.5        43.7608
           1852           1852         336.48        338.667        43.7537
           1853           1853        336.638        338.833        43.7443
           1854           1854          336.8            339        43.7354
           1855           1855        336.972        339.167         43.728
           1856           1856        337.147        339.333        43.7326
           1857           1857        337.315          339.5        43.7311
           1858           1858        337.485        339.667        43.7335
           1859           1859        337.652        339.833         43.738
           1860           1860        337.822            340        43.7401
           1861           1861        337.984        340.167        43.7451
           1862           1862        338.149        340.333        43.7514
           1863           1863         338.32          340.5        43.7565
           1864           1864        338.492        340.667        43.7701
           1865           1865        338.653        340.833        43.7801
           1866           1866        338.828            341        43.7894
           1867           1867        339.001        341.167        43.7968
           1868           1868        339.169        341.333         43.817
           1869           1869        339.339          341.5        43.8303
           1870           1870        339.505        341.667        43.8394
           1871           1871        339.678        341.833        43.8439
           1872           1872        339.838            342        43.8466
           1873           1873        340.007        342.167         43.857
           1874           1874        340.178        342.333         43.869
           1875           1875        340.346          342.5        43.8829
           1876           1876        340.514        342.667        43.8981
           1877           1877        340.683        342.833        43.9146
           1878           1878        340.856            343          43.93
           1879           1879        341.014        343.167        43.9431
           1880           1880        341.179        343.333        43.9534
           1881           1881        341.361          343.5        43.9645
           1882           1882        341.525        343.667        43.9727
           1883           1883        341.696        343.833        43.9824
           1884           1884         341.87            344        43.9948
           1885           1885        342.033        344.167        44.0019
           1886           1886        342.204        344.333        44.0105
           1887           1887        342.375          344.5        44.0172
           1888           1888        342.537        344.667        44.0212
           1889           1889          342.7        344.833        44.0102
           1890           1890        342.871            345        44.0084
           1891           1891        343.036        345.167        44.0068
           1892           1892        343.217        345.333        44.0061
           1893           1893        343.377          345.5         44.016
           1894           1894         343.55        345.667        44.0244
           1895           1895        343.716        345.833        44.0329
           1896           1896        343.879            346        44.0409
           1897           1897        344.048        346.167        44.0399
           1898           1898        344.216        346.333        44.0463
           1899           1899        344.386          346.5        44.0541
           1900           1900        344.548        346.667        44.0618
           1901           1901        344.727        346.833        44.0847
           1902           1902        344.892            347        44.0971
           1903           1903        345.069        347.167        44.1057
           1904           1904        345.232        347.333        44.1128
           1905           1905        345.405          347.5        44.1209
           1906           1906        345.567        347.667        44.1315
           1907           1907        345.741        347.833        44.1435
           1908           1908        345.905            348        44.1548
           1909           1909        346.074        348.167        44.1654
           1910           1910         346.24        348.333        44.1726
           1911           1911        346.409          348.5        44.1808
           1912           1912        346.577        348.667        44.1897
           1913           1913        346.744        348.833        44.2011
           1914           1914        346.913            349         44.217
           1915           1915         347.09        349.167        44.2291
           1916           1916        347.258        349.333        44.2388
           1917           1917        347.423          349.5        44.2504
           1918           1918        347.594        349.667        44.2639
           1919           1919        347.762        349.833        44.2745
           1920           1920        347.928            350        44.2867
           1921           1921          348.1        350.167        44.3016
           1922           1922        348.271        350.333        44.3194
           1923           1923        348.443          350.5        44.3319
           1924           1924        348.606        350.667        44.3406
           1925           1925        348.775        350.833        44.3491
           1926           1926        348.951            351        44.3609
           1927           1927        349.116        351.167        44.3715
           1928           1928         349.28        351.333        44.3846
           1929           1929        349.457          351.5        44.3989
           1930           1930        349.621        351.667        44.4079
           1931           1931         349.79        351.833        44.4173
           1932           1932        349.957            352         44.426
           1933           1933        350.122        352.167        44.4353
           1934           1934        350.302        352.333        44.4403
           1935           1935        350.465          352.5        44.4461
           1936           1936        350.631        352.667        44.4523
           1937           1937        350.811        352.833        44.4575
           1938           1938        350.967            353        44.4651
           1939           1939         351.14        353.167        44.4719
           1940           1940        351.311        353.333        44.4763
           1941           1941        351.479          353.5        44.4777
           1942           1942        351.646        353.667        44.4791
           1943           1943        351.815        353.833        44.4704
           1944           1944        351.981            354        44.4659
           1945           1945        352.149        354.167        44.4616
           1946           1946        352.323        354.333         44.458
           1947           1947        352.491          354.5        44.4533
           1948           1948        352.662        354.667        44.4463
           1949           1949        352.825        354.833        44.4383
           1950           1950         352.99            355         44.431
           1951           1951        353.156        355.167        44.4095
           1952           1952        353.321        355.333        44.3972
           1953           1953        353.498          355.5        44.3872
           1954           1954        353.664        355.667        44.3755
           1955           1955        353.833        355.833         44.368
           1956           1956        354.003            356        44.3565
           1957           1957        354.165        356.167        44.3424
           1958           1958        354.335        356.333        44.3291
           1959           1959        354.501          356.5        44.3178
           1960           1960        354.666        356.667        44.3104
           1961           1961        354.842        356.833        44.3073
           1962           1962        355.006            357        44.3081
           1963           1963        355.173        357.167        44.3076
           1964           1964        355.347        357.333        44.3057
           1965           1965        355.505          357.5        44.3037
           1966           1966        355.672        357.667        44.3031
           1967           1967        355.843        357.833        44.3138
           1968           1968        356.012            358        44.3183
           1969           1969        356.184        358.167        44.3217
           1970           1970         356.36        358.333         44.326
           1971           1971        356.525          358.5        44.3361
           1972           1972         356.69        358.667        44.3381
           1973           1973         356.86        358.833        44.3388
           1974           1974        357.029            359        44.3382
           1975           1975        357.196        359.167        44.3368
           1976           1976        357.366        359.333        44.3317
           1977           1977        357.538          359.5        44.3287
           1978           1978        357.698        359.667        44.3258
           1979           1979        357.877        359.833        44.3237
           1980           1980        358.034            360        44.3077
           1981           1981        358.203        360.167        44.2979
           1982           1982        358.371        360.333        44.2901
           1983           1983        358.537          360.5        44.2821
           1984           1984        358.706        360.667        44.2732
           1985           1985        358.877        360.833        44.2682
           1986           1986        359.042            361        44.2643
           1987           1987        359.213        361.167        44.2617
           1988           1988        359.378        361.333        44.2602
           1989           1989        359.543          361.5        44.2599
           1990           1990        359.712        361.667        44.2616
           1991           1991        359.883        361.833        44.2634
           1992           1992         360.05            362        44.2735
           1993           1993        360.222        362.167        44.2758
           1994           1994        360.388        362.333        44.2771
           1995           1995        360.561          362.5        44.2808
           1996           1996        360.731        362.667        44.2943
           1997           1997          360.9        362.833        44.3025
           1998           1998        361.068            363        44.3112
           1999           1999        361.236        363.167         44.321
           2000           2000          361.4        363.333        44.3264
           2001           2001        361.574          363.5        44.3307
           2002           2002        361.736        363.667        44.3356
           2003           2003         361.91        363.833        44.3413
           2004           2004        362.081            364        44.3494
           2005           2005        362.249        364.167        44.3556
           2006           2006        362.417        364.333        44.3596
           2007           2007        362.593          364.5        44.3625
           2008           2008        362.757        364.667        44.3658
           2009           2009        362.923        364.833        44.3613
           2010           2010        363.087            365        44.3603
           2011           2011        363.264        365.167        44.3604
           2012           2012        363.426        365.333          44.36
           2013           2013        363.595          365.5        44.3613
           2014           2014        363.768        365.667        44.3612
           2015           2015        363.932        365.833        44.3576
           2016           2016        364.103            366        44.3555
           2017           2017        364.272        366.167        44.3551
           2018           2018        364.436        366.333        44.3564
           2019           2019        364.609          366.5        44.3579
           2020           2020        364.773        366.667        44.3604
           2021           2021        364.944        366.833        44.3637
           2022           2022        365.118            367        44.3678
           2023           2023        365.277        367.167        44.3727
           2024           2024        365.444        367.333        44.3772
           2025           2025        365.617          367.5        44.3946
           2026           2026        365.789        367.667        44.4062
           2027           2027        365.959        367.833        44.4127
           2028           2028         366.13            368         44.419
           2029           2029        366.298        368.167        44.4355
           2030           2030        366.469        368.333        44.4458
           2031           2031        366.633          368.5        44.4562
           2032           2032        366.806        368.667        44.4676
           2033           2033        366.974        368.833        44.4786
           2034           2034        367.155            369        44.4893
           2035           2035        367.308        369.167        44.5032
           2036           2036        367.475        369.333        44.5187
           2037           2037        367.648          369.5        44.5339
           2038           2038        367.819        369.667         44.554
           2039           2039        367.985        369.833        44.5753
           2040           2040        368.156            370        44.5926
           2041           2041        368.328        370.167        44.6097
           2042           2042         368.49        370.333        44.6357
           2043           2043        368.665          370.5        44.6598
           2044           2044        368.837        370.667        44.6809
           2045           2045        369.009        370.833        44.6989
           2046           2046        369.173            371        44.7242
           2047           2047        369.355        371.167        44.7449
           2048           2048        369.514        371.333        44.7645
           2049           2049        369.679          371.5        44.7827
           2050           2050         369.85        371.667        44.7911
           2051           2051        370.023        371.833        44.8077
           2052           2052        370.199            372          44.83
           2053           2053        370.358        372.167        44.8556
           2054           2054        370.528        372.333        44.8716
           2055           2055        370.697          372.5        44.8883
           2056           2056        370.865        372.667         44.906
           2057           2057        371.036        372.833        44.9214
           2058           2058        371.199            373        44.9412
           2059           2059        371.371        373.167        44.9591
           2060           2060        371.543        373.333        44.9752
           2061           2061         371.72          373.5          44.99
           2062           2062         371.89        373.667        45.0032
           2063           2063         372.05        373.833        45.0135
           2064           2064        372.221            374        45.0251
           2065           2065         372.39        374.167        45.0392
           2066           2066        372.553        374.333        45.0383
           2067           2067        372.729          374.5        45.0467
           2068           2068        372.895        374.667        45.0564
           2069           2069        373.063        374.833        45.0635
           2070           2070        373.223            375        45.0674
           2071           2071        373.399        375.167         45.074
           2072           2072        373.562        375.333        45.0802
           2073           2073        373.739          375.5        45.0864
           2074           2074        373.904        375.667        45.0915
           2075           2075        374.072        375.833        45.1006
           2076           2076        374.247            376        45.1074
           2077           2077        374.407        376.167        45.1113
           2078           2078        374.578        376.333        45.1152
           2079           2079        374.747          376.5        45.1185
           2080           2080        374.913        376.667        45.1204
           2081           2081        375.087        376.833        45.1222
           2082           2082        375.255            377        45.1232
           2083           2083        375.427        377.167        45.1232
           2084           2084        375.597        377.333        45.1294
           2085           2085         375.76          377.5        45.1367
           2086           2086        375.928        377.667        45.1451
           2087           2087          376.1        377.833        45.1458
           2088           2088        376.265            378        45.1502
           2089           2089        376.433        378.167        45.1563
           2090           2090        376.604        378.333         45.162
           2091           2091        376.766          378.5        45.1741
           2092           2092        376.942        378.667        45.1805
           2093           2093        377.111        378.833         45.182
           2094           2094        377.283            379        45.1833
           2095           2095        377.443        379.167        45.1837
           2096           2096        377.617        379.333        45.1851
           2097           2097        377.787          379.5        45.1861
           2098           2098        377.956        379.667        45.1866
           2099           2099        378.124        379.833        45.1797
           2100           2100        378.291            380        45.1792
           2101           2101        378.451        380.167        45.1805
           2102           2102        378.623        380.333        45.1834
           2103           2103        378.787          380.5        45.1845
           2104           2104        378.953        380.667        45.1913
           2105           2105        379.126        380.833        45.1987
           2106           2106        379.294            381        45.2065
           2107           2107        379.459        381.167        45.2157
           2108           2108        379.627        381.333        45.2303
           2109           2109        379.799          381.5        45.2349
           2110           2110        379.966        381.667        45.2397
           2111           2111        380.137        381.833        45.2475
           2112           2112        380.309            382        45.2618
           2113           2113        380.478        382.167          45.27
           2114           2114        380.643        382.333        45.2746
           2115           2115        380.809          382.5         45.276
           2116           2116        380.984        382.667        45.2694
           2117           2117        381.137        382.833          45.27
           2118           2118        381.308            383        45.2729
           2119           2119        381.481        383.167        45.2789
           2120           2120        381.656        383.333        45.2844
           2121           2121        381.818          383.5        45.2869
           2122           2122        381.988        383.667        45.2893
           2123           2123         382.15        383.833         45.291
           2124           2124        382.317            384        45.2861
           2125           2125        382.489        384.167        45.2866
           2126           2126        382.654        384.333        45.2895
           2127           2127        382.833          384.5        45.2959
           2128           2128        382.998        384.667        45.3056
           2129           2129        383.165        384.833        45.3084
           2130           2130        383.328            385        45.3091
           2131           2131        383.502        385.167        45.3122
           2132           2132        383.664        385.333        45.3124
           2133           2133        383.835          385.5        45.3143
           2134           2134        384.005        385.667        45.3159
           2135           2135         384.17        385.833        45.3169
           2136           2136        384.343            386        45.3205
           2137           2137        384.506        386.167        45.3262
           2138           2138         384.67        386.333        45.3332
           2139           2139        384.838          386.5        45.3397
           2140           2140        385.014        386.667        45.3457
           2141           2141        385.179        386.833         45.349
           2142           2142        385.342            387        45.3516
           2143           2143        385.514        387.167         45.353
           2144           2144        385.677        387.333        45.3534
           2145           2145        385.852          387.5        45.3551
           2146           2146        386.022        387.667        45.3527
           2147           2147        386.191        387.833        45.3499
           2148           2148         386.36            388        45.3497
           2149           2149        386.519        388.167        45.3437
           2150           2150        386.691        388.333         45.336
           2151           2151        386.859          388.5        45.3266
           2152           2152        387.026        388.667        45.3195
           2153           2153        387.192        388.833        45.3047
           2154           2154        387.359            389        45.2966
           2155           2155        387.528        389.167        45.2891
           2156           2156        387.694        389.333        45.2812
           2157           2157        387.865          389.5        45.2793
           2158           2158        388.035        389.667        45.2754
           2159           2159         388.19        389.833        45.2685
           2160           2160        388.367            390        45.2605
           2161           2161        388.532        390.167         45.256
           2162           2162        388.705        390.333        45.2554
           2163           2163        388.869          390.5        45.2544
           2164           2164        389.037        390.667        45.2514
           2165           2165        389.208        390.833        45.2512
           2166           2166        389.377            391        45.2506
           2167           2167        389.546        391.167        45.2518
           2168           2168        389.709        391.333        45.2546
           2169           2169         389.88          391.5        45.2632
           2170           2170        390.049        391.667         45.268
           2171           2171        390.225        391.833        45.2688
           2172           2172        390.386            392        45.2687
           2173           2173         390.55        392.167        45.2694
           2174           2174        390.717        392.333        45.2729
           2175           2175        390.891          392.5        45.2739
           2176           2176        391.061        392.667        45.2724
           2177           2177        391.233        392.833        45.2715
           2178           2178        391.398            393        45.2688
           2179           2179        391.563        393.167        45.2658
           2180           2180        391.729        393.333        45.2646
           2181           2181        391.899          393.5         45.265
           2182           2182        392.071        393.667        45.2611
           2183           2183        392.236        393.833        45.2599
           2184           2184        392.403            394        45.2602
           2185           2185        392.568        394.167        45.2601
           2186           2186         392.74        394.333        45.2597
           2187           2187        392.904          394.5        45.2582
           2188           2188        393.072        394.667        45.2566
           2189           2189        393.247        394.833        45.2527
           2190           2190        393.413            395        45.2558
           2191           2191        393.581        395.167        45.2543
           2192           2192        393.745        395.333        45.2528
           2193           2193        393.917          395.5        45.2508
           2194           2194        394.081        395.667        45.2442
           2195           2195        394.252        395.833        45.2426
           2196           2196         394.42            396        45.2425
           2197           2197        394.586        396.167        45.2405
           2198           2198        394.752        396.333        45.2377
           2199           2199        394.925          396.5        45.2333
           2200           2200        395.089        396.667          45.23
           2201           2201        395.261        396.833        45.2281
           2202           2202        395.426            397         45.234
           2203           2203        395.596        397.167        45.2378
           2204           2204        395.765        397.333          45.24
           2205           2205        395.933          397.5        45.2407
           2206           2206        396.099        397.667        45.2404
           2207           2207        396.269        397.833        45.2366
           2208           2208         396.43            398        45.2337
           2209           2209        396.606        398.167        45.2319
           2210           2210        396.773        398.333        45.2299
           2211           2211        396.942          398.5        45.2332
           2212           2212        397.114        398.667        45.2367
           2213           2213        397.275        398.833        45.2385
           2214           2214        397.447            399        45.2378
           2215           2215        397.617        399.167        45.2287
           2216           2216        397.778        399.333        45.2288
           2217           2217         397.95          399.5        45.2347
           2218           2218        398.119        399.667        45.2418
           2219           2219        398.279        399.833        45.2494
           2220           2220        398.454            400        45.2543
           2221           2221        398.628        400.167        45.2597
           2222           2222        398.792        400.333        45.2648
           2223           2223        398.955          400.5        45.2767
           2224           2224        399.128        400.667        45.2883
           2225           2225        399.298        400.833        45.2998
           2226           2226        399.467            401        45.3109
           2227           2227        399.632        401.167         45.327
           2228           2228        399.798        401.333        45.3412
           2229           2229        399.967          401.5        45.3555
           2230           2230        400.133        401.667        45.3692
           2231           2231        400.301        401.833        45.3857
           2232           2232        400.477            402        45.3997
           2233           2233        400.641        402.167        45.4111
           2234           2234        400.811        402.333         45.423
           2235           2235        400.975          402.5        45.4297
           2236           2236        401.147        402.667        45.4372
           2237           2237        401.315        402.833         45.444
           2238           2238        401.486            403         45.451
           2239           2239        401.653        403.167        45.4573
           2240           2240         401.82        403.333        45.4543
           2241           2241        401.984          403.5        45.4556
           2242           2242        402.152        403.667        45.4585
           2243           2243         402.32        403.833        45.4611
           2244           2244        402.486            404         45.455
           2245           2245        402.656        404.167        45.4556
           2246           2246        402.824        404.333        45.4571
           2247           2247        402.994          404.5        45.4582
           2248           2248        403.158        404.667        45.4606
           2249           2249        403.328        404.833        45.4611
           2250           2250        403.493            405        45.4625
           2251           2251        403.662        405.167        45.4637
           2252           2252        403.829        405.333          45.47
           2253           2253        404.002          405.5        45.4772
           2254           2254        404.172        405.667         45.486
           2255           2255        404.334        405.833        45.4982
           2256           2256        404.505            406        45.5062
           2257           2257        404.668        406.167        45.5145
           2258           2258        404.838        406.333         45.524
           2259           2259        405.008          406.5        45.5334
           2260           2260        405.174        406.667        45.5491
           2261           2261        405.347        406.833        45.5611
           2262           2262        405.513            407        45.5697
           2263           2263        405.685        407.167         45.575
           2264           2264        405.851        407.333        45.5832
           2265           2265        406.013          407.5          45.59
           2266           2266        406.192        407.667        45.5942
           2267           2267        406.354        407.833        45.5987
           2268           2268        406.522            408         45.601
           2269           2269        406.692        408.167        45.6105
           2270           2270         406.86        408.333        45.6191
           2271           2271        407.024          408.5        45.6237
           2272           2272         407.19        408.667        45.6266
           2273           2273        407.364        408.833        45.6252
           2274           2274        407.526            409        45.6278
           2275           2275        407.695        409.167        45.6352
           2276           2276        407.868        409.333        45.6449
           2277           2277        408.037          409.5        45.6545
           2278           2278        408.211        409.667        45.6614
           2279           2279        408.375        409.833        45.6692
           2280           2280        408.537            410        45.6747
           2281           2281        408.709        410.167        45.6749
           2282           2282        408.875        410.333        45.6787
           2283           2283        409.049          410.5        45.6826
           2284           2284         409.22        410.667        45.6858
           2285           2285        409.385        410.833        45.6971
           2286           2286        409.552            411        45.7006
           2287           2287        409.719        411.167        45.7009
           2288           2288        409.893        411.333        45.7033
           2289           2289        410.053          411.5        45.6976
           2290           2290        410.228        411.667        45.6965
           2291           2291         410.39        411.833        45.6976
           2292           2292         410.56            412        45.6984
           2293           2293        410.729        412.167        45.6969
           2294           2294        410.897        412.333        45.7037
           2295           2295         411.06          412.5        45.7105
           2296           2296         411.23        412.667        45.7149
           2297           2297        411.401        412.833        45.7213
           2298           2298         411.57            413        45.7257
           2299           2299        411.734        413.167        45.7331
           2300           2300        411.909        413.333        45.7407
           2301           2301        412.069          413.5        45.7564
           2302           2302        412.247        413.667        45.7714
           2303           2303         412.42        413.833        45.7905
           2304           2304        412.582            414        45.8167
           2305           2305        412.748        414.167        45.8456
           2306           2306        412.914        414.333        45.8797
           2307           2307        413.088          414.5        45.9113
           2308           2308        413.255        414.667         45.942
           2309           2309        413.424        414.833        45.9734
           2310           2310        413.596            415        46.0248
           2311           2311        413.764        415.167        46.0595
           2312           2312        413.941        415.333        46.0864
           2313           2313        414.117          415.5        46.1106
           2314           2314        414.279        415.667        46.1452
           2315           2315        414.452        415.833         46.172
           2316           2316        414.616            416        46.1955
           2317           2317        414.789        416.167        46.2187
           2318           2318        414.958        416.333        46.2213
           2319           2319        415.129          416.5        46.2349
           2320           2320        415.292        416.667        46.2515
           2321           2321        415.454        416.833        46.2692
           2322           2322        415.625            417        46.2697
           2323           2323        415.801        417.167        46.2785
           2324           2324        415.965        417.333        46.2913
           2325           2325        416.135          417.5         46.304
           2326           2326        416.302        417.667        46.3109
           2327           2327        416.467        417.833        46.3181
           2328           2328        416.637            418        46.3232
           2329           2329        416.809        418.167        46.3255
           2330           2330         416.98        418.333        46.3269
           2331           2331        417.134          418.5        46.3308
           2332           2332        417.311        418.667        46.3359
           2333           2333        417.483        418.833        46.3424
           2334           2334        417.647            419        46.3455
           2335           2335        417.814        419.167        46.3571
           2336           2336        417.983        419.333        46.3728
           2337           2337        418.145          419.5        46.3864
           2338           2338        418.314        419.667         46.399
           2339           2339        418.484        419.833        46.4189
           2340           2340        418.651            420        46.4352
           2341           2341        418.819        420.167        46.4446
           2342           2342        418.988        420.333          46.45
           2343           2343        419.163          420.5        46.4741
           2344           2344        419.329        420.667        46.4903
           2345           2345        419.505        420.833        46.4992
           2346           2346        419.668            421        46.5057
           2347           2347        419.841        421.167        46.5047
           2348           2348        420.006        421.333        46.5082
           2349           2349        420.171          421.5        46.5132
           2350           2350        420.329        421.667        46.5213
           2351           2351        420.501        421.833        46.5187
           2352           2352        420.677            422        46.5251
           2353           2353        420.846        422.167        46.5333
           2354           2354        421.005        422.333        46.5429
           2355           2355        421.173          422.5        46.5525
           2356           2356        421.344        422.667        46.5623
           2357           2357        421.509        422.833        46.5773
           2358           2358        421.678            423        46.5964
           2359           2359        421.849        423.167         46.624
           2360           2360        422.022        423.333         46.644
           2361           2361        422.187          423.5        46.6613
           2362           2362        422.357        423.667        46.6774
           2363           2363        422.527        423.833        46.7039
           2364           2364        422.695            424        46.7242
           2365           2365        422.858        424.167        46.7398
           2366           2366         423.04        424.333        46.7536
           2367           2367        423.204          424.5         46.771
           2368           2368        423.371        424.667        46.7861
           2369           2369        423.542        424.833        46.8012
           2370           2370         423.71            425        46.8159
           2371           2371         423.88        425.167        46.8318
           2372           2372        424.048        425.333        46.8382
           2373           2373        424.215          425.5        46.8527
           2374           2374        424.377        425.667         46.869
           2375           2375        424.547        425.833        46.8868
           2376           2376        424.715            426        46.9012
           2377           2377        424.884        426.167        46.9182
           2378           2378        425.051        426.333        46.9346
           2379           2379        425.223          426.5        46.9501
           2380           2380        425.392        426.667        46.9682
           2381           2381        425.561        426.833        46.9811
           2382           2382        425.724            427        46.9922
           2383           2383        425.899        427.167        47.0001
           2384           2384        426.064        427.333        47.0018
           2385           2385        426.235          427.5        47.0054
           2386           2386        426.403        427.667        47.0089
           2387           2387        426.569        427.833        47.0133
           2388           2388        426.731            428         47.002
           2389           2389        426.898        428.167        47.0026
           2390           2390        427.075        428.333        47.0073
           2391           2391        427.237          428.5        47.0138
           2392           2392        427.403        428.667        47.0128
           2393           2393        427.572        428.833        47.0161
           2394           2394        427.739            429        47.0207
           2395           2395        427.909        429.167        47.0229
           2396           2396        428.079        429.333         47.036
           2397           2397        428.247          429.5        47.0436
           2398           2398        428.417        429.667        47.0487
           2399           2399        428.588        429.833        47.0525
           2400           2400        428.756            430        47.0625
           2401           2401         428.92        430.167        47.0712
           2402           2402        429.093        430.333        47.0799
           2403           2403        429.258          430.5        47.0907
           2404           2404        429.424        430.667        47.1033
           2405           2405        429.595        430.833        47.1137
           2406           2406        429.764            431        47.1241
           2407           2407        429.933        431.167        47.1355
           2408           2408        430.098        431.333        47.1504
           2409           2409        430.272          431.5        47.1738
           2410           2410         430.44        431.667         47.188
           2411           2411         430.61        431.833         47.201
           2412           2412        430.777            432        47.2131
           2413           2413        430.949        432.167        47.2307
           2414           2414        431.113        432.333        47.2448
           2415           2415        431.277          432.5        47.2579
           2416           2416         431.45        432.667        47.2681
           2417           2417        431.625        432.833        47.2843
           2418           2418        431.789            433        47.2987
           2419           2419        431.954        433.167        47.3068
           2420           2420        432.122        433.333        47.3128
           2421           2421        432.291          433.5        47.3105
           2422           2422        432.458        433.667        47.3126
           2423           2423         432.63        433.833        47.3122
           2424           2424        432.794            434        47.3105
           2425           2425        432.962        434.167        47.3068
           2426           2426        433.136        434.333        47.3107
           2427           2427        433.303          434.5        47.3174
           2428           2428        433.459        434.667        47.3277
           2429           2429        433.634        434.833         47.323
           2430           2430        433.795            435        47.3221
           2431           2431        433.969        435.167        47.3238
           2432           2432         434.13        435.333        47.3294
           2433           2433        434.299          435.5        47.3414
           2434           2434        434.471        435.667          47.35
           2435           2435        434.643        435.833        47.3604
           2436           2436        434.814            436        47.3727
           2437           2437        434.983        436.167        47.3953
           2438           2438        435.144        436.333        47.4114
           2439           2439        435.306          436.5        47.4241
           2440           2440        435.482        436.667        47.4336
           2441           2441        435.648        436.833        47.4438
           2442           2442        435.816            437        47.4547
           2443           2443        435.984        437.167        47.4672
           2444           2444        436.157        437.333        47.4772
           2445           2445        436.323          437.5         47.486
           2446           2446        436.497        437.667        47.4896
           2447           2447         436.66        437.833        47.4938
           2448           2448        436.828            438         47.497
           2449           2449        436.992        438.167        47.4829
           2450           2450        437.158        438.333        47.4811
           2451           2451        437.331          438.5        47.4818
           2452           2452        437.503        438.667         47.484
           2453           2453        437.667        438.833         47.475
           2454           2454        437.831            439          47.47
           2455           2455        437.998        439.167        47.4679
           2456           2456        438.171        439.333        47.4638
           2457           2457        438.339          439.5        47.4652
           2458           2458        438.503        439.667        47.4655
           2459           2459        438.676        439.833        47.4647
           2460           2460         438.84            440        47.4628
           2461           2461        439.009        440.167        47.4674
           2462           2462        439.174        440.333        47.4718
           2463           2463        439.343          440.5        47.4796
           2464           2464        439.513        440.667        47.4915
           2465           2465        439.679        440.833         47.501
           2466           2466        439.853            441        47.5076
           2467           2467        440.023        441.167        47.5098
           2468           2468        440.183        441.333        47.5065
           2469           2469        440.357          441.5        47.5133
           2470           2470        440.528        441.667        47.5163
           2471           2471        440.693        441.833        47.5151
           2472           2472        440.872            442        47.5122
           2473           2473        441.036        442.167        47.5055
           2474           2474        441.197        442.333        47.4986
           2475           2475         441.37          442.5        47.4926
           2476           2476        441.529        442.667        47.4864
           2477           2477          441.7        442.833        47.4673
           2478           2478         441.87            443        47.4605
           2479           2479        442.037        443.167        47.4557
           2480           2480        442.203        443.333        47.4546
           2481           2481        442.373          443.5        47.4563
           2482           2482        442.536        443.667        47.4556
           2483           2483        442.707        443.833        47.4549
           2484           2484        442.872            444        47.4557
           2485           2485         443.04        444.167        47.4652
           2486           2486         443.21        444.333        47.4694
           2487           2487        443.376          444.5        47.4774
           2488           2488        443.546        444.667        47.4878
           2489           2489        443.716        444.833        47.5044
           2490           2490        443.887            445        47.5141
           2491           2491         444.05        445.167        47.5264
           2492           2492         444.22        445.333        47.5406
           2493           2493        444.386          445.5        47.5582
           2494           2494        444.557        445.667        47.5745
           2495           2495        444.725        445.833         47.589
           2496           2496        444.901            446        47.6023
           2497           2497        445.067        446.167        47.6209
           2498           2498        445.227        446.333        47.6338
           2499           2499        445.401          446.5        47.6416
           2500           2500        445.575        446.667        47.6475
           2501           2501        445.741        446.833        47.6572
           2502           2502        445.914            447         47.667
           2503           2503        446.078        447.167        47.6763
           2504           2504        446.245        447.333        47.6825
           2505           2505         446.41          447.5        47.6746
           2506           2506        446.579        447.667        47.6746
           2507           2507        446.749        447.833        47.6715
           2508           2508         446.91            448        47.6649
           2509           2509        447.086        448.167        47.6593
           2510           2510        447.255        448.333        47.6554
           2511           2511         447.42          448.5        47.6527
           2512           2512        447.591        448.667        47.6496
           2513           2513         447.75        448.833        47.6446
           2514           2514        447.926            449        47.6475
           2515           2515        448.086        449.167        47.6515
           2516           2516        448.253        449.333        47.6549
           2517           2517        448.421          449.5        47.6566
           2518           2518        448.593        449.667        47.6558
           2519           2519        448.761        449.833        47.6571
           2520           2520         448.93            450        47.6602
           2521           2521        449.093        450.167        47.6744
           2522           2522        449.276        450.333        47.6797
           2523           2523        449.435          450.5        47.6833
           2524           2524        449.604        450.667        47.6879
           2525           2525        449.767        450.833        47.6801
           2526           2526        449.939            451        47.6765
           2527           2527        450.103        451.167         47.675
           2528           2528        450.278        451.333        47.6774
           2529           2529        450.438          451.5        47.6763
           2530           2530        450.607        451.667        47.6809
           2531           2531        450.777        451.833        47.6877
           2532           2532        450.948            452        47.6945
           2533           2533        451.109        452.167        47.6993
           2534           2534        451.281        452.333        47.7011
           2535           2535        451.443          452.5        47.6993
           2536           2536        451.613        452.667        47.7024
           2537           2537        451.782        452.833        47.7099
           2538           2538        451.949            453        47.7317
           2539           2539        452.127        453.167        47.7435
           2540           2540        452.288        453.333        47.7532
           2541           2541        452.458          453.5          47.76
           2542           2542        452.627        453.667        47.7667
           2543           2543        452.787        453.833        47.7748
           2544           2544        452.956            454        47.7859
           2545           2545        453.131        454.167        47.7993
           2546           2546        453.304        454.333        47.8245
           2547           2547        453.471          454.5        47.8437
           2548           2548        453.636        454.667        47.8609
           2549           2549        453.804        454.833         47.875
           2550           2550        453.967            455        47.8852
           2551           2551         454.14        455.167        47.9019
           2552           2552        454.303        455.333        47.9193
           2553           2553        454.479          455.5        47.9362
           2554           2554        454.644        455.667        47.9661
           2555           2555        454.812        455.833        47.9907
           2556           2556        454.986            456        48.0132
           2557           2557         455.15        456.167        48.0323
           2558           2558        455.318        456.333        48.0515
           2559           2559        455.488          456.5         48.074
           2560           2560        455.658        456.667        48.0974
           2561           2561        455.822        456.833        48.1182
           2562           2562        455.991            457        48.1406
           2563           2563        456.164        457.167        48.1621
           2564           2564        456.336        457.333        48.1784
           2565           2565        456.503          457.5        48.1944
           2566           2566        456.663        457.667        48.2099
           2567           2567        456.837        457.833        48.2255
           2568           2568         457.01            458        48.2389
           2569           2569        457.173        458.167        48.2526
           2570           2570        457.335        458.333        48.2657
           2571           2571        457.512          458.5        48.2681
           2572           2572        457.676        458.667        48.2726
           2573           2573        457.841        458.833        48.2808
           2574           2574        458.011            459         48.293
           2575           2575        458.184        459.167        48.2969
           2576           2576        458.341        459.333        48.3015
           2577           2577        458.513          459.5        48.3084
           2578           2578        458.683        459.667        48.3131
           2579           2579        458.845        459.833        48.3148
           2580           2580         459.01            460        48.3221
           2581           2581        459.179        460.167        48.3302
           2582           2582        459.353        460.333        48.3381
           2583           2583        459.519          460.5        48.3502
           2584           2584        459.682        460.667        48.3587
           2585           2585        459.853        460.833        48.3633
           2586           2586        460.023            461        48.3664
           2587           2587        460.187        461.167         48.369
           2588           2588        460.356        461.333        48.3697
           2589           2589        460.528          461.5        48.3719
           2590           2590        460.691        461.667        48.3758
           2591           2591         460.86        461.833        48.3773
           2592           2592        461.029            462        48.3847
           2593           2593        461.197        462.167         48.394
           2594           2594        461.359        462.333        48.4028
           2595           2595        461.533          462.5        48.4055
           2596           2596        461.694        462.667        48.4095
           2597           2597        461.865        462.833        48.4111
           2598           2598        462.031            463        48.4095
           2599           2599        462.201        463.167        48.4184
           2600           2600        462.373        463.333        48.4231
           2601           2601        462.546          463.5        48.4266
           2602           2602        462.712        463.667         48.425
           2603           2603        462.881        463.833        48.4193
           2604           2604        463.044            464         48.405
           2605           2605        463.212        464.167        48.3997
           2606           2606        463.373        464.333        48.3955
           2607           2607        463.543          464.5         48.391
           2608           2608        463.715        464.667        48.3951
           2609           2609        463.888        464.833        48.4021
           2610           2610        464.051            465        48.4065
           2611           2611        464.217        465.167        48.4096
           2612           2612         464.38        465.333        48.4149
           2613           2613        464.552          465.5        48.4201
           2614           2614        464.721        465.667        48.4276
           2615           2615        464.887        465.833        48.4369
           2616           2616        465.059            466        48.4563
           2617           2617        465.233        466.167        48.4595
           2618           2618        465.401        466.333        48.4586
           2619           2619        465.563          466.5        48.4582
           2620           2620        465.733        466.667        48.4519
           2621           2621        465.904        466.833        48.4548
           2622           2622        466.067            467        48.4617
           2623           2623        466.242        467.167        48.4707
           2624           2624        466.406        467.333        48.4611
           2625           2625        466.573          467.5        48.4579
           2626           2626        466.732        467.667        48.4584
           2627           2627        466.906        467.833         48.461
           2628           2628        467.069            468        48.4664
           2629           2629        467.244        468.167        48.4698
           2630           2630        467.417        468.333        48.4751
           2631           2631        467.585          468.5        48.4821
           2632           2632         467.75        468.667        48.4899
           2633           2633        467.914        468.833        48.4933
           2634           2634        468.085            469        48.4937
           2635           2635        468.252        469.167         48.496
           2636           2636         468.42        469.333        48.5003
           2637           2637        468.592          469.5        48.4983
           2638           2638        468.757        469.667        48.4996
           2639           2639        468.928        469.833        48.5039
           2640           2640        469.098            470        48.5101
           2641           2641        469.263        470.167        48.5086
           2642           2642        469.429        470.333        48.5062
           2643           2643        469.594          470.5        48.5002
           2644           2644        469.766        470.667         48.493
           2645           2645        469.929        470.833        48.4834
           2646           2646        470.093            471        48.4735
           2647           2647         470.27        471.167        48.4637
           2648           2648        470.436        471.333        48.4554
           2649           2649        470.607          471.5        48.4523
           2650           2650         470.77        471.667        48.4502
           2651           2651        470.936        471.833        48.4474
           2652           2652        471.098            472        48.4438
           2653           2653        471.273        472.167         48.429
           2654           2654        471.432        472.333        48.4218
           2655           2655        471.601          472.5        48.4183
           2656           2656        471.769        472.667        48.4152
           2657           2657        471.941        472.833        48.4221
           2658           2658        472.109            473        48.4179
           2659           2659        472.277        473.167         48.411
           2660           2660        472.441        473.333         48.401
           2661           2661        472.609          473.5        48.3872
           2662           2662        472.777        473.667        48.3824
           2663           2663        472.948        473.833        48.3819
           2664           2664        473.116            474         48.378
           2665           2665        473.281        474.167        48.3626
           2666           2666        473.444        474.333        48.3537
           2667           2667        473.618          474.5        48.3476
           2668           2668         473.78        474.667        48.3428
           2669           2669        473.947        474.833        48.3401
           2670           2670        474.116            475        48.3454
           2671           2671        474.289        475.167        48.3454
           2672           2672        474.457        475.333        48.3449
           2673           2673        474.615          475.5        48.3459
           2674           2674        474.785        475.667        48.3477
           2675           2675        474.956        475.833        48.3483
           2676           2676        475.124            476        48.3471
           2677           2677        475.293        476.167        48.3474
           2678           2678        475.457        476.333          48.36
           2679           2679        475.631          476.5        48.3676
           2680           2680        475.792        476.667        48.3754
           2681           2681        475.964        476.833        48.3828
           2682           2682        476.135            477        48.4008
           2683           2683        476.299        477.167        48.4184
           2684           2684        476.463        477.333         48.433
           2685           2685        476.631          477.5        48.4464
           2686           2686        476.799        477.667        48.4533
           2687           2687        476.968        477.833        48.4602
           2688           2688         477.14            478        48.4668
           2689           2689        477.303        478.167        48.4705
           2690           2690        477.477        478.333        48.4758
           2691           2691        477.648          478.5        48.4804
           2692           2692        477.816        478.667        48.4856
           2693           2693        477.981        478.833        48.4901
           2694           2694         478.14            479        48.4665
           2695           2695        478.307        479.167        48.4603
           2696           2696         478.48        479.333        48.4631
           2697           2697        478.646          479.5        48.4651
           2698           2698        478.806        479.667        48.4572
           2699           2699        478.975        479.833         48.454
           2700           2700        479.152            480        48.4498
           2701           2701         479.32        480.167        48.4423
           2702           2702        479.478        480.333        48.4335
           2703           2703        479.647          480.5        48.4317
           2704           2704        479.823        480.667        48.4291
           2705           2705        479.992        480.833        48.4244
           2706           2706        480.151            481        48.4209
           2707           2707        480.322        481.167        48.4148
           2708           2708        480.488        481.333        48.4103
           2709           2709        480.652          481.5        48.4066
           2710           2710        480.817        481.667        48.4005
           2711           2711        480.987        481.833        48.3926
           2712           2712         481.16            482        48.3821
           2713           2713        481.322        482.167        48.3762
           2714           2714        481.491        482.333        48.3728
           2715           2715        481.659          482.5        48.3753
           2716           2716        481.831        482.667        48.3729
           2717           2717        481.995        482.833        48.3678
           2718           2718        482.159            483        48.3597
           2719           2719        482.327        483.167        48.3423
           2720           2720         482.49        483.333        48.3317
           2721           2721        482.661          483.5        48.3261
           2722           2722        482.835        483.667        48.3235
           2723           2723        483.003        483.833        48.3263
           2724           2724        483.167            484        48.3228
           2725           2725        483.331        484.167        48.3197
           2726           2726        483.499        484.333        48.3166
           2727           2727        483.662          484.5        48.3048
           2728           2728         483.83        484.667        48.3014
           2729           2729        483.998        484.833        48.2988
           2730           2730        484.174            485        48.2985
           2731           2731        484.334        485.167        48.3097
           2732           2732          484.5        485.333        48.3151
           2733           2733        484.673          485.5         48.317
           2734           2734        484.843        485.667        48.3147
           2735           2735        485.003        485.833         48.311
           2736           2736        485.178            486        48.3088
           2737           2737        485.337        486.167        48.3071
           2738           2738        485.509        486.333        48.3133
           2739           2739        485.674          486.5        48.3229
           2740           2740        485.849        486.667        48.3239
           2741           2741        486.011        486.833        48.3208
           2742           2742        486.177            487        48.3132
           2743           2743        486.341        487.167        48.3042
           2744           2744         486.51        487.333        48.3015
           2745           2745        486.677          487.5        48.3057
           2746           2746        486.849        487.667        48.3076
           2747           2747        487.026        487.833        48.3066
           2748           2748        487.193            488        48.3131
           2749           2749        487.351        488.167        48.3131
           2750           2750        487.516        488.333        48.3091
           2751           2751        487.682          488.5         48.306
           2752           2752        487.849        488.667        48.2952
           2753           2753        488.027        488.833        48.2871
           2754           2754        488.194            489         48.281
           2755           2755        488.357        489.167        48.2745
           2756           2756        488.522        489.333        48.2702
           2757           2757        488.694          489.5        48.2696
           2758           2758         488.85        489.667        48.2683
           2759           2759        489.024        489.833        48.2702
           2760           2760        489.192            490        48.2676
           2761           2761        489.356        490.167         48.261
           2762           2762        489.524        490.333        48.2587
           2763           2763        489.689          490.5        48.2632
           2764           2764        489.862        490.667         48.275
           2765           2765        490.032        490.833         48.277
           2766           2766        490.202            491        48.2732
           2767           2767        490.369        491.167        48.2684
           2768           2768        490.542        491.333        48.2652
           2769           2769        490.702          491.5        48.2584
           2770           2770        490.865        491.667        48.2594
           2771           2771        491.046        491.833        48.2691
           2772           2772         491.21            492        48.2848
           2773           2773        491.377        492.167        48.2946
           2774           2774        491.542        492.333        48.3016
           2775           2775        491.706          492.5        48.3071
           2776           2776         491.88        492.667        48.3118
           2777           2777        492.041        492.833        48.3197
           2778           2778        492.217            493        48.3161
           2779           2779        492.384        493.167        48.3122
           2780           2780        492.561        493.333        48.3095
           2781           2781        492.729          493.5        48.3101
           2782           2782        492.888        493.667        48.3071
           2783           2783        493.054        493.833        48.2989
           2784           2784        493.218            494        48.2879
           2785           2785        493.384        494.167        48.2499
           2786           2786        493.549        494.333        48.2318
           2787           2787        493.717          494.5        48.2181
           2788           2788         493.89        494.667        48.2024
           2789           2789        494.056        494.833        48.1822
           2790           2790        494.225            495        48.1628
           2791           2791        494.389        495.167        48.1446
           2792           2792        494.559        495.333         48.126
           2793           2793        494.723          495.5        48.0989
           2794           2794        494.893        495.667        48.0748
           2795           2795        495.061        495.833        48.0492
           2796           2796        495.229            496         48.023
           2797           2797        495.391        496.167        47.9955
           2798           2798        495.559        496.333        47.9725
           2799           2799        495.728          496.5        47.9519
           2800           2800        495.896        496.667        47.9373
           2801           2801        496.061        496.833        47.9285
           2802           2802        496.231            497        47.9254
           2803           2803        496.394        497.167        47.9215
           2804           2804        496.558        497.333        47.9195
           2805           2805        496.732          497.5        47.9206
           2806           2806        496.894        497.667        47.9354
           2807           2807        497.068        497.833        47.9375
           2808           2808        497.231            498        47.9341
           2809           2809        497.408        498.167        47.9296
           2810           2810        497.575        498.333        47.9497
           2811           2811        497.741          498.5        47.9537
           2812           2812        497.908        498.667        47.9519
           2813           2813        498.077        498.833        47.9509
           2814           2814        498.242            499        47.9389
           2815           2815        498.408        499.167        47.9329
           2816           2816        498.575        499.333        47.9263
           2817           2817        498.735          499.5        47.9215
           2818           2818        498.911        499.667        47.9127
           2819           2819        499.075        499.833        47.9086
           2820           2820        499.242            500        47.9007
           2821           2821        499.407        500.167        47.8892
           2822           2822        499.574        500.333        47.8869
           2823           2823        499.743          500.5        47.8827
           2824           2824        499.905        500.667        47.8763
           2825           2825        500.073        500.833        47.8669
           2826           2826        500.243            501         47.857
           2827           2827        500.415        501.167        47.8554
           2828           2828        500.577        501.333        47.8556
           2829           2829        500.738          501.5        47.8604
           2830           2830         500.91        501.667        47.8526
           2831           2831        501.078        501.833        47.8477
           2832           2832        501.245            502        47.8442
           2833           2833        501.414        502.167        47.8444
           2834           2834        501.572        502.333        47.8472
           2835           2835        501.749          502.5        47.8651
           2836           2836        501.921        502.667        47.8754
           2837           2837        502.085        502.833        47.8806
           2838           2838        502.254            503          47.88
           2839           2839        502.413        503.167          47.88
           2840           2840        502.585        503.333        47.8895
           2841           2841        502.746          503.5        47.8927
           2842           2842        502.925        503.667        47.8851
           2843           2843        503.093        503.833        47.8834
           2844           2844        503.265            504        47.8766
           2845           2845        503.424        504.167        47.8703
           2846           2846         503.59        504.333         47.861
           2847           2847        503.751          504.5        47.8379
           2848           2848        503.926        504.667        47.8288
           2849           2849        504.103        504.833        47.8241
           2850           2850        504.256            505        47.8194
           2851           2851        504.417        505.167        47.8002
           2852           2852        504.585        505.333        47.7845
           2853           2853        504.757          505.5        47.7673
           2854           2854        504.928        505.667        47.7516
           2855           2855        505.095        505.833        47.7564
           2856           2856        505.264            506        47.7499
           2857           2857        505.433        506.167        47.7406
           2858           2858        505.605        506.333        47.7256
           2859           2859        505.774          506.5        47.7024
           2860           2860        505.938        506.667        47.6868
           2861           2861        506.095        506.833        47.6768
           2862           2862        506.261            507        47.6699
           2863           2863         506.44        507.167        47.6514
           2864           2864        506.601        507.333        47.6294
           2865           2865        506.776          507.5        47.6054
           2866           2866        506.933        507.667        47.5803
           2867           2867        507.099        507.833        47.5546
           2868           2868        507.267            508          47.53
           2869           2869        507.436        508.167        47.5091
           2870           2870        507.612        508.333        47.4938
           2871           2871        507.776          508.5        47.4796
           2872           2872        507.938        508.667        47.4412
           2873           2873        508.103        508.833        47.4062
           2874           2874        508.264            509        47.3719
           2875           2875        508.432        509.167        47.3378
           2876           2876        508.603        509.333         47.316
           2877           2877        508.775          509.5        47.2955
           2878           2878        508.942        509.667        47.2729
           2879           2879        509.113        509.833        47.2498
           2880           2880        509.275            510        47.2263
           2881           2881        509.431        510.167        47.2027
           2882           2882        509.598        510.333         47.176
           2883           2883        509.766          510.5        47.1559
           2884           2884        509.926        510.667        47.1431
           2885           2885        510.107        510.833         47.129
           2886           2886        510.274            511        47.1104
           2887           2887        510.433        511.167        47.0928
           2888           2888        510.602        511.333        47.0833
           2889           2889        510.779          511.5        47.0702
           2890           2890         510.93        511.667        47.0622
           2891           2891        511.106        511.833        47.0573
           2892           2892        511.274            512        47.0535
           2893           2893        511.446        512.167        47.0464
           2894           2894         511.61        512.333        47.0412
           2895           2895         511.77          512.5        47.0383
           2896           2896        511.946        512.667        47.0403
           2897           2897        512.109        512.833        47.0395
           2898           2898        512.276            513        47.0285
           2899           2899        512.455        513.167        47.0054
           2900           2900        512.616        513.333         46.977
           2901           2901        512.782          513.5        46.9531
           2902           2902        512.953        513.667        46.9329
           2903           2903        513.122        513.833        46.9155
           2904           2904        513.289            514        46.8937
           2905           2905        513.458        514.167        46.8401
           2906           2906        513.621        514.333        46.8082
           2907           2907         513.78          514.5        46.7852
           2908           2908        513.936        514.667        46.7661
           2909           2909        514.103        514.833        46.7227
           2910           2910         514.28            515        46.6934
           2911           2911        514.445        515.167        46.6727
           2912           2912        514.619        515.333        46.6541
           2913           2913        514.771          515.5        46.6531
           2914           2914        514.942        515.667        46.6418
           2915           2915        515.114        515.833        46.6226
           2916           2916        515.283            516        46.5996
           2917           2917        515.451        516.167        46.5987
           2918           2918        515.609        516.333        46.5937
           2919           2919        515.782          516.5        46.5914
           2920           2920        515.951        516.667        46.5902
           2921           2921        516.116        516.833        46.5851
           2922           2922         516.29            517        46.5778
           2923           2923        516.454        517.167        46.5714
           2924           2924        516.614        517.333         46.563
           2925           2925        516.777          517.5        46.5566
           2926           2926        516.951        517.667        46.5553
           2927           2927        517.128        517.833        46.5552
           2928           2928        517.295            518        46.5598
           2929           2929        517.463        518.167        46.5724
           2930           2930        517.622        518.333        46.5773
           2931           2931        517.786          518.5        46.5797
           2932           2932        517.955        518.667        46.5757
           2933           2933        518.118        518.833          46.57
           2934           2934        518.299            519        46.5675
           2935           2935        518.454        519.167        46.5592
           2936           2936        518.632        519.333        46.5459
           2937           2937        518.798          519.5         46.531
           2938           2938        518.957        519.667        46.5069
           2939           2939        519.131        519.833        46.4876
           2940           2940        519.291            520        46.4739
           2941           2941        519.452        520.167        46.4657
           2942           2942        519.627        520.333        46.4326
           2943           2943        519.789          520.5        46.4133
           2944           2944        519.956        520.667        46.3964
           2945           2945        520.115        520.833        46.3844
           2946           2946        520.292            521        46.3791
           2947           2947        520.453        521.167         46.366
           2948           2948        520.616        521.333         46.351
           2949           2949        520.798          521.5        46.3355
           2950           2950        520.958        521.667        46.3316
           2951           2951        521.126        521.833         46.314
           2952           2952        521.292            522        46.2945
           2953           2953        521.458        522.167         46.277
           2954           2954        521.639        522.333        46.2475
           2955           2955        521.798          522.5        46.2193
           2956           2956        521.958        522.667        46.1916
           2957           2957        522.129        522.833         46.164
           2958           2958         522.29            523        46.1181
           2959           2959        522.458        523.167        46.0838
           2960           2960        522.624        523.333         46.055
           2961           2961        522.794          523.5        46.0275
           2962           2962        522.958        523.667        46.0044
           2963           2963        523.119        523.833        45.9823
           2964           2964        523.287            524        45.9619
           2965           2965        523.453        524.167        45.9434
           2966           2966         523.62        524.333        45.9229
           2967           2967        523.785          524.5        45.9115
           2968           2968        523.949        524.667        45.8912
           2969           2969        524.119        524.833        45.8754
           2970           2970        524.289            525        45.8629
           2971           2971         524.46        525.167        45.8662
           2972           2972         524.62        525.333        45.8568
           2973           2973        524.793          525.5        45.8422
           2974           2974         524.96        525.667        45.8286
           2975           2975        525.123        525.833        45.8055
           2976           2976        525.285            526        45.7833
           2977           2977        525.456        526.167         45.758
           2978           2978        525.632        526.333        45.7318
           2979           2979        525.796          526.5        45.7166
           2980           2980        525.967        526.667        45.6978
           2981           2981        526.128        526.833        45.6756
           2982           2982        526.297            527        45.6547
           2983           2983        526.464        527.167        45.6191
           2984           2984        526.631        527.333        45.5949
           2985           2985         526.79          527.5         45.577
           2986           2986        526.956        527.667        45.5628
           2987           2987        527.125        527.833        45.5341
           2988           2988        527.299            528        45.5053
           2989           2989        527.467        528.167        45.4773
           2990           2990         527.63        528.333        45.4517
           2991           2991        527.798          528.5        45.4354
           2992           2992        527.967        528.667         45.413
           2993           2993        528.131        528.833        45.3896
           2994           2994        528.304            529        45.3661
           2995           2995        528.467        529.167        45.3362
           2996           2996        528.627        529.333        45.3161
           2997           2997        528.794          529.5           45.3
           2998           2998        528.962        529.667        45.2823
           2999           2999        529.133        529.833        45.2644
           3000           3000        529.294            530        45.2568
           3001           3001        529.466        530.167        45.2417
           3002           3002         529.63        530.333        45.2221
           3003           3003        529.795          530.5        45.1968
           3004           3004        529.963        530.667        45.1765
           3005           3005        530.139        530.833        45.1521
           3006           3006        530.302            531        45.1331
           3007           3007        530.467        531.167        45.1174
           3008           3008        530.639        531.333        45.1044
           3009           3009        530.804          531.5        45.0951
           3010           3010        530.972        531.667        45.0887
           3011           3011        531.132        531.833        45.0826
           3012           3012        531.295            532        45.0615
           3013           3013        531.457        532.167        45.0384
           3014           3014        531.631        532.333        45.0161
           3015           3015        531.804          532.5        44.9963
           3016           3016        531.976        532.667        45.0098
           3017           3017        532.149        532.833        45.0034
           3018           3018        532.307            533        44.9955
           3019           3019        532.484        533.167        44.9891
           3020           3020        532.644        533.333        44.9568
           3021           3021        532.807          533.5        44.9398
           3022           3022        532.968        533.667        44.9265
           3023           3023        533.137        533.833        44.9092
           3024           3024        533.309            534        44.9006
           3025           3025        533.476        534.167         44.887
           3026           3026         533.64        534.333        44.8703
           3027           3027        533.817          534.5        44.8522
           3028           3028        533.981        534.667        44.8364
           3029           3029        534.145        534.833        44.8198
           3030           3030        534.318            535        44.8007
           3031           3031        534.481        535.167        44.7824
           3032           3032        534.644        535.333        44.7665
           3033           3033        534.813          535.5        44.7481
           3034           3034        534.981        535.667        44.7334
           3035           3035        535.148        535.833         44.715
           3036           3036        535.315            536         44.698
           3037           3037        535.483        536.167        44.6901
           3038           3038        535.651        536.333        44.6798
           3039           3039        535.815          536.5        44.6689
           3040           3040         535.98        536.667        44.6578
           3041           3041        536.153        536.833        44.6504
           3042           3042         536.32            537        44.6362
           3043           3043        536.483        537.167        44.6209
           3044           3044        536.647        537.333        44.6025
           3045           3045         536.82          537.5        44.5852
           3046           3046        536.988        537.667        44.5719
           3047           3047        537.154        537.833        44.5597
           3048           3048        537.322            538        44.5496
           3049           3049        537.486        538.167        44.5325
           3050           3050        537.653        538.333        44.5175
           3051           3051        537.817          538.5        44.5004
           3052           3052        537.987        538.667        44.4847
           3053           3053         538.15        538.833        44.4612
           3054           3054        538.326            539        44.4397
           3055           3055        538.491        539.167        44.4195
           3056           3056        538.662        539.333        44.3968
           3057           3057        538.831          539.5        44.3725
           3058           3058            539        539.667          44.35
           3059           3059        539.159        539.833        44.3349
           3060           3060        539.327            540        44.3237
           3061           3061        539.493        540.167        44.3018
           3062           3062        539.656        540.333         44.289
           3063           3063        539.833          540.5        44.2801
           3064           3064        539.995        540.667        44.2736
           3065           3065        540.158        540.833        44.2652
           3066           3066        540.328            541        44.2734
           3067           3067        540.497        541.167        44.2726
           3068           3068        540.669        541.333        44.2667
           3069           3069        540.838          541.5        44.2547
           3070           3070        541.003        541.667        44.2518
           3071           3071        541.169        541.833        44.2397
           3072           3072        541.339            542        44.2263
           3073           3073        541.506        542.167        44.2149
           3074           3074         541.67        542.333        44.1925
           3075           3075        541.839          542.5        44.1815
           3076           3076        542.011        542.667        44.1699
           3077           3077        542.171        542.833        44.1578
           3078           3078        542.332            543        44.1429
           3079           3079        542.505        543.167        44.1364
           3080           3080        542.664        543.333        44.1275
           3081           3081        542.839          543.5        44.1154
           3082           3082        543.004        543.667          44.12
           3083           3083        543.173        543.833        44.1179
           3084           3084        543.338            544        44.1169
           3085           3085        543.504        544.167         44.111
           3086           3086        543.676        544.333        44.0995
           3087           3087        543.844          544.5        44.0832
           3088           3088        544.008        544.667        44.0607
           3089           3089        544.172        544.833        44.0338
           3090           3090        544.338            545        43.9905
           3091           3091        544.506        545.167        43.9541
           3092           3092        544.682        545.333        43.9148
           3093           3093        544.845          545.5         43.874
           3094           3094        545.004        545.667        43.7977
           3095           3095        545.174        545.833        43.7381
           3096           3096        545.334            546        43.6857
           3097           3097        545.497        546.167         43.634
           3098           3098        545.667        546.333         43.587
           3099           3099        545.829          546.5        43.5103
           3100           3100        545.996        546.667        43.4532
           3101           3101        546.159        546.833        43.4032
           3102           3102        546.326            547        43.3545
           3103           3103        546.484        547.167         43.303
           3104           3104        546.659        547.333        43.2505
           3105           3105        546.824          547.5        43.1998
           3106           3106        546.995        547.667        43.1522
           3107           3107         547.16        547.833        43.1309
           3108           3108        547.323            548        43.0965
           3109           3109        547.498        548.167        43.0586
           3110           3110        547.666        548.333        43.0179
           3111           3111        547.828          548.5        42.9764
           3112           3112        547.998        548.667         42.941
           3113           3113        548.159        548.833        42.9164
           3114           3114        548.332            549        42.8946
           3115           3115        548.498        549.167         42.882
           3116           3116        548.666        549.333        42.8561
           3117           3117        548.835          549.5        42.8261
           3118           3118        549.003        549.667        42.7949
           3119           3119        549.166        549.833        42.7742
           3120           3120        549.331            550        42.7506
           3121           3121        549.507        550.167        42.7289
           3122           3122        549.679        550.333        42.7074
           3123           3123        549.842          550.5        42.6928
           3124           3124        550.008        550.667        42.6718
           3125           3125        550.169        550.833        42.6465
           3126           3126        550.337            551        42.6173
           3127           3127        550.507        551.167        42.5864
           3128           3128        550.669        551.333        42.5685
           3129           3129        550.843          551.5        42.5548
           3130           3130        551.007        551.667        42.5391
           3131           3131        551.178        551.833        42.5229
           3132           3132        551.342            552         42.505
           3133           3133        551.511        552.167        42.4874
           3134           3134        551.675        552.333        42.4684
           3135           3135        551.841          552.5        42.4465
           3136           3136        552.011        552.667        42.4385
           3137           3137         552.19        552.833        42.4213
           3138           3138        552.353            553        42.4032
           3139           3139        552.519        553.167        42.3822
           3140           3140        552.683        553.333        42.3465
           3141           3141         552.85          553.5        42.3157
           3142           3142        553.018        553.667        42.2757
           3143           3143        553.182        553.833        42.2306
           3144           3144        553.352            554        42.1905
           3145           3145        553.516        554.167        42.1559
           3146           3146        553.682        554.333        42.1228
           3147           3147        553.849          554.5        42.0921
           3148           3148        554.013        554.667        42.0298
           3149           3149         554.18        554.833        41.9782
           3150           3150        554.343            555        41.9333
           3151           3151        554.499        555.167        41.8922
           3152           3152        554.675        555.333        41.8481
           3153           3153        554.844          555.5        41.8052
           3154           3154        555.011        555.667        41.7662
           3155           3155        555.182        555.833        41.7282
           3156           3156        555.344            556        41.6946
           3157           3157          555.5        556.167        41.6636
           3158           3158        555.674        556.333         41.632
           3159           3159         555.84          556.5        41.5958
           3160           3160        556.015        556.667         41.581
           3161           3161        556.176        556.833        41.5552
           3162           3162        556.341            557         41.523
           3163           3163        556.519        557.167        41.4956
           3164           3164        556.675        557.333        41.4744
           3165           3165        556.848          557.5        41.4698
           3166           3166        557.016        557.667        41.4549
           3167           3167        557.177        557.833         41.439
           3168           3168        557.345            558        41.4257
           3169           3169        557.517        558.167        41.4238
           3170           3170        557.679        558.333        41.4155
           3171           3171        557.843          558.5        41.4072
           3172           3172        558.017        558.667        41.3965
           3173           3173        558.189        558.833        41.4032
           3174           3174        558.354            559        41.4018
           3175           3175        558.518        559.167         41.399
           3176           3176        558.686        559.333        41.3928
           3177           3177        558.858          559.5        41.3768
           3178           3178        559.023        559.667        41.3582
           3179           3179        559.191        559.833        41.3412
           3180           3180        559.356            560        41.3244
           3181           3181        559.522        560.167        41.2921
           3182           3182        559.691        560.333        41.2735
           3183           3183        559.861          560.5        41.2619
           3184           3184        560.032        560.667        41.2489
           3185           3185        560.193        560.833        41.2158
           3186           3186        560.357            561        41.1939
           3187           3187        560.517        561.167        41.1787
           3188           3188        560.695        561.333        41.1651
           3189           3189        560.853          561.5        41.1623
           3190           3190        561.024        561.667         41.153
           3191           3191        561.196        561.833        41.1448
           3192           3192        561.362            562        41.1366
           3193           3193        561.527        562.167        41.1363
           3194           3194        561.688        562.333        41.1321
           3195           3195         561.86          562.5        41.1275
           3196           3196        562.027        562.667        41.1235
           3197           3197        562.197        562.833        41.1164
           3198           3198         562.36            563        41.1168
           3199           3199        562.529        563.167          41.11
           3200           3200        562.697        563.333        41.0972
           3201           3201        562.864          563.5        41.0823
           3202           3202        563.033        563.667        41.0652
           3203           3203        563.198        563.833        41.0478
           3204           3204        563.374            564        41.0218
           3205           3205        563.538        564.167        40.9907
           3206           3206          563.7        564.333        40.9483
           3207           3207        563.868          564.5        40.9208
           3208           3208         564.04        564.667        40.8986
           3209           3209          564.2        564.833        40.8766
           3210           3210         564.37            565        40.8404
           3211           3211         564.54        565.167        40.8075
           3212           3212        564.702        565.333        40.7733
           3213           3213        564.865          565.5        40.7357
           3214           3214        565.029        565.667        40.6888
           3215           3215        565.201        565.833        40.6412
           3216           3216        565.371            566        40.5959
           3217           3217        565.534        566.167        40.5559
           3218           3218        565.707        566.333         40.519
           3219           3219         565.87          566.5        40.4855
           3220           3220        566.038        566.667        40.4514
           3221           3221        566.201        566.833        40.4091
           3222           3222        566.364            567        40.3388
           3223           3223         566.53        567.167        40.2776
           3224           3224        566.693        567.333        40.2207
           3225           3225        566.868          567.5        40.1681
           3226           3226        567.037        567.667        40.1361
           3227           3227        567.204        567.833        40.0918
           3228           3228        567.376            568        40.0443
           3229           3229        567.536        568.167         39.995
           3230           3230        567.696        568.333        39.9485
           3231           3231         567.86          568.5        39.8854
           3232           3232        568.023        568.667        39.8424
           3233           3233        568.196        568.833        39.8122
           3234           3234        568.363            569        39.7858
           3235           3235        568.532        569.167        39.7903
           3236           3236        568.696        569.333        39.7789
           3237           3237         568.86          569.5        39.7642
           3238           3238        569.022        569.667        39.7493
           3239           3239        569.199        569.833        39.7613
           3240           3240        569.363            570        39.7506
           3241           3241        569.531        570.167         39.737
           3242           3242        569.709        570.333        39.7262
           3243           3243        569.868          570.5        39.7305
           3244           3244         570.04        570.667        39.7185
           3245           3245        570.201        570.833        39.7001
           3246           3246        570.373            571        39.6829
           3247           3247        570.544        571.167        39.6593
           3248           3248        570.707        571.333        39.6396
           3249           3249        570.866          571.5        39.6264
           3250           3250        571.042        571.667        39.6145
           3251           3251        571.206        571.833        39.5923
           3252           3252        571.371            572        39.5711
           3253           3253        571.538        572.167         39.546
           3254           3254          571.7        572.333        39.5197
           3255           3255        571.878          572.5        39.4986
           3256           3256        572.039        572.667        39.4686
           3257           3257        572.206        572.833        39.4315
           3258           3258        572.376            573        39.3952
           3259           3259         572.54        573.167        39.3535
           3260           3260        572.707        573.333        39.3173
           3261           3261        572.871          573.5        39.2839
           3262           3262        573.033        573.667        39.2442
           3263           3263        573.206        573.833         39.203
           3264           3264        573.371            574        39.1438
           3265           3265        573.529        574.167        39.1034
           3266           3266        573.694        574.333        39.0706
           3267           3267        573.865          574.5        39.0398
           3268           3268        574.029        574.667        39.0143
           3269           3269        574.205        574.833        38.9844
           3270           3270        574.371            575        38.9505
           3271           3271        574.529        575.167        38.9157
           3272           3272        574.701        575.333        38.8956
           3273           3273        574.865          575.5        38.8704
           3274           3274        575.036        575.667        38.8462
           3275           3275        575.209        575.833        38.8252
           3276           3276         575.37            576        38.8134
           3277           3277         575.54        576.167        38.7883
           3278           3278        575.705        576.333        38.7678
           3279           3279        575.867          576.5        38.7567
           3280           3280         576.04        576.667        38.7439
           3281           3281        576.209        576.833        38.7294
           3282           3282         576.37            577        38.7104
           3283           3283        576.545        577.167        38.6898
           3284           3284        576.707        577.333        38.6771
           3285           3285        576.878          577.5        38.6622
           3286           3286        577.033        577.667        38.6507
           3287           3287        577.215        577.833        38.6423
           3288           3288         577.38            578        38.6413
           3289           3289         577.55        578.167        38.6287
           3290           3290         577.71        578.333        38.6131
           3291           3291        577.874          578.5        38.5988
           3292           3292        578.042        578.667        38.5733
           3293           3293         578.21        578.833        38.5574
           3294           3294        578.384            579        38.5384
           3295           3295        578.551        579.167        38.5151
           3296           3296        578.722        579.333        38.4949
           3297           3297        578.883          579.5        38.4631
           3298           3298        579.049        579.667        38.4289
           3299           3299        579.217        579.833        38.3965
           3300           3300         579.39            580        38.3355
           3301           3301        579.554        580.167        38.2823
           3302           3302        579.725        580.333         38.237
           3303           3303         579.88          580.5        38.1984
           3304           3304        580.053        580.667        38.1461
           3305           3305        580.215        580.833        38.1116
           3306           3306        580.376            581        38.0818
           3307           3307         580.55        581.167        38.0474
           3308           3308        580.713        581.333        38.0135
           3309           3309        580.875          581.5        37.9823
           3310           3310        581.043        581.667        37.9487
           3311           3311        581.213        581.833        37.9094
           3312           3312        581.388            582        37.9069
           3313           3313        581.557        582.167        37.8824
           3314           3314        581.723        582.333        37.8451
           3315           3315        581.889          582.5         37.802
           3316           3316        582.046        582.667        37.7418
           3317           3317        582.219        582.833        37.6981
           3318           3318        582.388            583        37.6615
           3319           3319        582.552        583.167        37.6264
           3320           3320        582.714        583.333        37.5779
           3321           3321        582.888          583.5        37.5392
           3322           3322        583.051        583.667        37.5031
           3323           3323         583.21        583.833        37.4696
           3324           3324        583.378            584        37.4272
           3325           3325        583.546        584.167        37.3802
           3326           3326        583.715        584.333         37.332
           3327           3327        583.886          584.5         37.289
           3328           3328        584.048        584.667         37.257
           3329           3329        584.218        584.833        37.2183
           3330           3330        584.385            585        37.1744
           3331           3331        584.553        585.167        37.1233
           3332           3332        584.721        585.333        37.0552
           3333           3333        584.884          585.5        36.9985
           3334           3334        585.045        585.667        36.9538
           3335           3335        585.213        585.833        36.9174
           3336           3336        585.386            586        36.8761
           3337           3337        585.553        586.167         36.838
           3338           3338        585.717        586.333        36.7922
           3339           3339        585.883          586.5        36.7414
           3340           3340         586.04        586.667        36.6806
           3341           3341        586.211        586.833        36.6267
           3342           3342        586.379            587        36.5686
           3343           3343        586.561        587.167        36.5098
           3344           3344        586.721        587.333        36.4803
           3345           3345        586.892          587.5        36.4328
           3346           3346        587.057        587.667        36.3828
           3347           3347        587.214        587.833        36.3353
           3348           3348        587.383            588        36.2608
           3349           3349        587.552        588.167        36.2151
           3350           3350        587.715        588.333         36.182
           3351           3351        587.878          588.5        36.1551
           3352           3352        588.046        588.667        36.1473
           3353           3353        588.215        588.833        36.1329
           3354           3354        588.383            589        36.1117
           3355           3355         588.55        589.167        36.0863
           3356           3356        588.722        589.333        36.0938
           3357           3357        588.887          589.5        36.0738
           3358           3358        589.057        589.667        36.0515
           3359           3359        589.231        589.833         36.029
           3360           3360        589.394            590        36.0131
           3361           3361        589.566        590.167        35.9949
           3362           3362        589.733        590.333        35.9791
           3363           3363        589.894          590.5        35.9636
           3364           3364        590.058        590.667        35.9219
           3365           3365        590.224        590.833        35.8999
           3366           3366        590.391            591        35.8836
           3367           3367        590.565        591.167        35.8714
           3368           3368        590.721        591.333        35.8675
           3369           3369        590.895          591.5        35.8613
           3370           3370        591.059        591.667        35.8504
           3371           3371        591.232        591.833        35.8379
           3372           3372        591.397            592        35.8264
           3373           3373        591.565        592.167        35.8095
           3374           3374        591.729        592.333        35.7898
           3375           3375        591.898          592.5        35.7719
           3376           3376        592.066        592.667        35.7454
           3377           3377        592.234        592.833        35.7261
           3378           3378          592.4            593        35.7121
           3379           3379        592.569        593.167        35.6952
           3380           3380        592.729        593.333         35.656
           3381           3381        592.896          593.5         35.622
           3382           3382        593.067        593.667        35.5831
           3383           3383        593.232        593.833        35.5453
           3384           3384        593.403            594        35.5129
           3385           3385        593.564        594.167        35.4691
           3386           3386         593.74        594.333        35.4233
           3387           3387        593.905          594.5        35.3794
           3388           3388        594.071        594.667        35.3268
           3389           3389        594.234        594.833        35.2873
           3390           3390        594.398            595        35.2539
           3391           3391        594.562        595.167        35.2158
           3392           3392        594.736        595.333        35.1591
           3393           3393        594.898          595.5        35.1137
           3394           3394        595.057        595.667        35.0673
           3395           3395        595.229        595.833        35.0148
           3396           3396        595.401            596        34.9746
           3397           3397         595.57        596.167        34.9271
           3398           3398        595.739        596.333        34.8883
           3399           3399        595.906          596.5        34.8554
           3400           3400        596.065        596.667        34.8176
           3401           3401        596.232        596.833        34.7758
           3402           3402        596.404            597        34.7252
           3403           3403        596.562        597.167        34.6694
           3404           3404        596.729        597.333        34.6158
           3405           3405        596.895          597.5         34.569
           3406           3406        597.067        597.667         34.519
           3407           3407        597.238        597.833        34.4637
           3408           3408        597.406            598        34.4059
           3409           3409        597.568        598.167        34.3417
           3410           3410        597.736        598.333        34.2831
           3411           3411        597.892          598.5        34.2253
           3412           3412        598.059        598.667        34.1664
           3413           3413        598.226        598.833        34.1123
           3414           3414        598.401            599        34.0677
           3415           3415         598.56        599.167        34.0269
           3416           3416        598.728        599.333        33.9851
           3417           3417        598.892          599.5        33.9345
           3418           3418         599.06        599.667        33.8796
           3419           3419        599.223        599.833        33.8312
           3420           3420        599.392            600        33.7849


Results:
Texts:

  $D90-TN220-V70-TB80 
  Heatflow
  D90-TN220-V70-TB80 , 3.4100 mg

Sample:
  D90-TN220-V70-TB80 , 3.4100 mg
Evaluation:
  


Curve Name:
  !$D90-TN220-V70-TB80 
  Sample Weight
Curve Values:
          Index              t             Ts             Tr          Value
                           [s]           [°C]           [°C]            [%]
              0              0        37.0182             30        99.9826
              1              1        37.0361        30.1667        99.9747
              2              2        37.0553        30.3333        99.9698
              3              3        37.1043           30.5         99.967
              4              4        37.1782        30.6667        99.9654
              5              5        37.2558        30.8333        99.9669
              6              6        37.3517             31        99.9702
              7              7        37.4659        31.1667        99.9744
              8              8        37.5969        31.3333        99.9864
              9              9        37.7175           31.5        99.9935
             10             10        37.8485        31.6667        99.9988
             11             11        37.9912        31.8333        100.003
             12             12        38.1338             32        100.005
             13             13        38.2895        32.1667        100.007
             14             14        38.4517        32.3333        100.009
             15             15          38.61           32.5        100.009
             16             16        38.7591        32.6667        100.008
             17             17        38.9226        32.8333        100.007
             18             18        39.0873             33        100.006
             19             19        39.2559        33.1667        100.004
             20             20        39.4233        33.3333        100.003
             21             21        39.5945           33.5        100.001
             22             22        39.7644        33.6667        99.9994
             23             23        39.9395        33.8333        99.9979
             24             24        40.1145             34        99.9963
             25             25        40.2857        34.1667        99.9948
             26             26         40.453        34.3333        99.9932
             27             27        40.6332           34.5        99.9916
             28             28        40.7966        34.6667        99.9905
             29             29        40.9664        34.8333        99.9896
             30             30        41.1557             35        99.9888
             31             31        41.3177        35.1667         99.988
             32             32        41.4979        35.3333        99.9876
             33             33        41.6782           35.5         99.987
             34             34         41.844        35.6667        99.9863
             35             35        42.0242        35.8333        99.9855
             36             36         42.207             36        99.9843
             37             37        42.3807        36.1667        99.9831
             38             38         42.553        36.3333        99.9819
             39             39        42.7201           36.5        99.9807
             40             40        42.9016        36.6667        99.9792
             41             41        43.0752        36.8333        99.9779
             42             42        43.2423             37        99.9768
             43             43        43.4159        37.1667        99.9757
             44             44        43.5817        37.3333        99.9749
             45             45        43.7618           37.5        99.9739
             46             46        43.9289        37.6667        99.9731
             47             47        44.0999        37.8333        99.9724
             48             48        44.2761             38        99.9718
             49             49        44.4288        38.1667        99.9711
             50             50        44.5959        38.3333        99.9703
             51             51        44.7707           38.5        99.9696
             52             52        44.9456        38.6667        99.9688
             53             53        45.1126        38.8333         99.968
             54             54        45.2809             39        99.9673
             55             55         45.448        39.1667        99.9666
             56             56        45.6124        39.3333        99.9661
             57             57        45.7846           39.5        99.9658
             58             58        45.9516        39.6667        99.9653
             59             59        46.1082        39.8333        99.9646
             60             60        46.2778             40         99.964
             61             61        46.4461        40.1667        99.9631
             62             62        46.6117        40.3333        99.9621
             63             63        46.7696           40.5        99.9611
             64             64        46.9405        40.6667        99.9595
             65             65        47.1178        40.8333        99.9581
             66             66        47.2757             41        99.9568
             67             67        47.4452        41.1667        99.9555
             68             68        47.6174        41.3333        99.9543
             69             69        47.7778           41.5         99.953
             70             70        47.9421        41.6667        99.9517
             71             71        48.1065        41.8333        99.9504
             72             72        48.2643             42        99.9493
             73             73        48.4377        42.1667        99.9481
             74             74        48.6137        42.3333        99.9469
             75             75        48.7832           42.5        99.9457
             76             76        48.9293        42.6667        99.9446
             77             77        49.0884        42.8333        99.9434
             78             78        49.2514             43        99.9423
             79             79        49.4261        43.1667        99.9412
             80             80         49.593        43.3333        99.9402
             81             81        49.7546           43.5        99.9393
             82             82        49.9293        43.6667        99.9384
             83             83        50.0819        43.8333        99.9375
             84             84        50.2526             44        99.9371
             85             85         50.413        44.1667        99.9364
             86             86        50.5811        44.3333        99.9356
             87             87         50.748           44.5        99.9347
             88             88        50.9044        44.6667        99.9338
             89             89        51.0648        44.8333        99.9329
             90             90        51.2394             45        99.9321
             91             91        51.3906        45.1667        99.9311
             92             92        51.5483        45.3333        99.9301
             93             93          51.71           45.5         99.929
             94             94        51.8781        45.6667         99.928
             95             95        52.0488        45.8333        99.9272
             96             96        52.2013             46        99.9264
             97             97         52.372        46.1667        99.9253
             98             98        52.5258        46.3333        99.9243
             99             99        52.6874           46.5        99.9232
            100            100        52.8529        46.6667        99.9221
            101            101        53.0028        46.8333        99.9205
            102            102        53.1748             47        99.9191
            103            103        53.3403        47.1667        99.9178
            104            104        53.5006        47.3333        99.9165
            105            105          53.67           47.5        99.9152
            106            106        53.8302        47.6667         99.914
            107            107        53.9892        47.8333        99.9128
            108            108        54.1482             48        99.9117
            109            109        54.3058        48.1667        99.9112
            110            110        54.4583        48.3333        99.9105
            111            111        54.6355           48.5        99.9088
            112            112        54.7957        48.6667        99.9051
            113            113        54.9508        48.8333        99.8807
            114            114        55.1045             49        99.8707
            115            115        55.2673        49.1667        99.8636
            116            116        55.4367        49.3333        99.8228
            117            117        55.5852           49.5        99.7902
            118            118        55.7585        49.6667        99.8622
            119            119        55.9057        49.8333        99.9699
            120            120        56.0685             50        100.053
            121            121        56.2275        50.1667        99.9581
            122            122        56.3812        50.3333        99.9375
            123            123         56.544           50.5        99.9303
            124            124        56.7029        50.6667        99.9193
            125            125        56.8632        50.8333        99.9035
            126            126        57.0169             51         99.897
            127            127        57.1784        51.1667        99.8918
            128            128         57.336        51.3333        99.8875
            129            129        57.5014           51.5        99.8839
            130            130        57.6525        51.6667        99.8887
            131            131        57.8075        51.8333        99.8893
            132            132        57.9729             52        99.8892
            133            133         58.111        52.1667         99.889
            134            134        58.2751        52.3333        99.8882
            135            135        58.4379           52.5        99.8876
            136            136        58.5877        52.6667        99.8866
            137            137        58.7427        52.8333        99.8855
            138            138        58.9003             53        99.8841
            139            139        59.0579        53.1667        99.8828
            140            140        59.2233        53.3333        99.8812
            141            141        59.3769           53.5        99.8797
            142            142        59.5189        53.6667        99.8777
            143            143        59.6791        53.8333        99.8758
            144            144        59.8288             54        99.8738
            145            145        59.9929        54.1667        99.8718
            146            146        60.1492        54.3333        99.8697
            147            147        60.3068           54.5         99.868
            148            148        60.4591        54.6667        99.8665
            149            149        60.6115        54.8333        99.8651
            150            150        60.7691             55        99.8639
            151            151        60.9305        55.1667        99.8622
            152            152        61.0751        55.3333        99.8607
            153            153        61.2391           55.5        99.8593
            154            154        61.3967        55.6667        99.8576
            155            155        61.5504        55.8333        99.8561
            156            156        61.6975             56         99.855
            157            157        61.8473        56.1667        99.8539
            158            158        62.0152        56.3333        99.8527
            159            159        62.1532           56.5        99.8517
            160            160        62.3095        56.6667        99.8508
            161            161         62.467        56.8333        99.8501
            162            162        62.6181             57        99.8493
            163            163        62.7665        57.1667        99.8485
            164            164        62.9202        57.3333        99.8477
            165            165        63.0764           57.5        99.8469
            166            166        63.2353        57.6667         99.846
            167            167        63.3954        57.8333        99.8453
            168            168        63.5425             58        99.8443
            169            169        63.6949        58.1667        99.8432
            170            170        63.8472        58.3333        99.8422
            171            171        63.9982           58.5        99.8409
            172            172        64.1492        58.6667        99.8394
            173            173         64.299        58.8333        99.8379
            174            174        64.4539             59        99.8364
            175            175        64.6127        59.1667        99.8347
            176            176        64.7742        59.3333        99.8333
            177            177        64.9135           59.5         99.832
            178            178        65.0723        59.6667        99.8307
            179            179        65.2259        59.8333        99.8297
            180            180        65.3795             60        99.8284
            181            181        65.5266        60.1667        99.8271
            182            182        65.6816        60.3333        99.8257
            183            183        65.8287           60.5        99.8239
            184            184        65.9719        60.6667        99.8222
            185            185        66.1177        60.8333        99.8206
            186            186        66.2791             61        99.8192
            187            187        66.4405        61.1667        99.8174
            188            188        66.5916        61.3333        99.8158
            189            189          66.74           61.5        99.8141
            190            190        66.8858        61.6667        99.8123
            191            191        67.0329        61.8333        99.8104
            192            192        67.1878             62        99.8084
            193            193        67.3427        62.1667        99.8065
            194            194        67.4898        62.3333        99.8047
            195            195        67.6434           62.5        99.8031
            196            196        67.7892        62.6667        99.8015
            197            197        67.9415        62.8333        99.7999
            198            198        68.0964             63        99.7982
            199            199        68.2448        63.1667        99.7964
            200            200        68.3984        63.3333         99.795
            201            201        68.5455           63.5        99.7935
            202            202        68.7017        63.6667        99.7922
            203            203        68.8527        63.8333        99.7909
            204            204        69.0011             64        99.7896
            205            205        69.1534        64.1667        99.7884
            206            206        69.3083        64.3333        99.7873
            207            207        69.4488           64.5        99.7863
            208            208        69.6102        64.6667        99.7852
            209            209        69.7599        64.8333         99.784
            210            210        69.9096             65        99.7827
            211            211        70.0645        65.1667        99.7814
            212            212        70.2181        65.3333        99.7802
            213            213        70.3691           65.5         99.779
            214            214        70.5149        65.6667        99.7779
            215            215        70.6711        65.8333        99.7768
            216            216        70.8142             66        99.7761
            217            217        70.9613        66.1667        99.7754
            218            218        71.1188        66.3333        99.7747
            219            219        71.2594           66.5        99.7738
            220            220        71.4286        66.6667        99.7725
            221            221        71.5692        66.8333         99.771
            222            222         71.728             67        99.7694
            223            223        71.8634        67.1667        99.7678
            224            224        72.0117        67.3333        99.7662
            225            225        72.1666           67.5         99.764
            226            226         72.315        67.6667        99.7623
            227            227        72.4712        67.8333        99.7607
            228            228        72.6157             68        99.7592
            229            229        72.7614        68.1667        99.7582
            230            230        72.9228        68.3333        99.7569
            231            231        73.0673           68.5        99.7556
            232            232        73.2131        68.6667        99.7544
            233            233        73.3692        68.8333        99.7531
            234            234        73.5241             69        99.7517
            235            235        73.6712        69.1667        99.7503
            236            236        73.8209        69.3333         99.749
            237            237        73.9875           69.5        99.7475
            238            238        74.1215        69.6667        99.7459
            239            239        74.2751        69.8333        99.7443
            240            240        74.4221             70        99.7429
            241            241        74.5666        70.1667        99.7414
            242            242        74.7215        70.3333          99.74
            243            243        74.8699           70.5        99.7387
            244            244        75.0325        70.6667        99.7374
            245            245        75.1744        70.8333        99.7364
            246            246        75.3306             71        99.7352
            247            247        75.4894        71.1667        99.7339
            248            248         75.626        71.3333        99.7327
            249            249        75.7757           71.5        99.7314
            250            250        75.9227        71.6667        99.7301
            251            251         76.075        71.8333        99.7288
            252            252        76.2312             72        99.7275
            253            253         76.377        72.1667        99.7264
            254            254        76.5214        72.3333        99.7253
            255            255        76.6776           72.5        99.7243
            256            256        76.8246        72.6667        99.7233
            257            257        76.9717        72.8333        99.7224
            258            258        77.1175             73        99.7217
            259            259        77.2736        73.1667         99.721
            260            260         77.422        73.3333        99.7203
            261            261        77.5665           73.5        99.7196
            262            262        77.7278        73.6667         99.719
            263            263        77.8801        73.8333        99.7181
            264            264        78.0337             74        99.7171
            265            265        78.1872        74.1667         99.716
            266            266        78.3369        74.3333        99.7146
            267            267        78.4905           74.5        99.7131
            268            268        78.6258        74.6667        99.7117
            269            269        78.7872        74.8333        99.7102
            270            270        78.9355             75        99.7086
            271            271        79.0865        75.1667        99.7072
            272            272        79.2283        75.3333         99.706
            273            273        79.3754           75.5        99.7048
            274            274        79.5303        75.6667        99.7037
            275            275        79.6786        75.8333        99.7024
            276            276         79.827             76         99.701
            277            277        79.9806        76.1667        99.6996
            278            278        80.1302        76.3333         99.698
            279            279        80.2916           76.5        99.6967
            280            280        80.4296        76.6667        99.6955
            281            281        80.5909        76.8333        99.6943
            282            282        80.7315             77        99.6937
            283            283        80.8785        77.1667        99.6931
            284            284        81.0295        77.3333        99.6925
            285            285        81.1948           77.5        99.6917
            286            286        81.3405        77.6667        99.6912
            287            287        81.4837        77.8333        99.6904
            288            288        81.6307             78        99.6893
            289            289         81.783        78.1667        99.6881
            290            290        81.9287        78.3333        99.6868
            291            291         82.081           78.5         99.685
            292            292        82.2319        78.6667        99.6832
            293            293        82.3894        78.8333        99.6813
            294            294        82.5482             79        99.6796
            295            295        82.6887        79.1667        99.6782
            296            296        82.8423        79.3333         99.677
            297            297        82.9933           79.5        99.6758
            298            298        83.1416        79.6667        99.6747
            299            299        83.2873        79.8333        99.6742
            300            300        83.4435             80        99.6734
            301            301        83.5866        80.1667        99.6727
            302            302        83.7441        80.3333        99.6721
            303            303        83.8885           80.5        99.6713
            304            304        84.0421        80.6667        99.6703
            305            305        84.1957        80.8333        99.6695
            306            306        84.3479             81        99.6688
            307            307        84.4976        81.1667         99.668
            308            308        84.6512        81.3333        99.6673
            309            309        84.8073           81.5        99.6665
            310            310        84.9648        81.6667        99.6657
            311            311        85.1053        81.8333        99.6651
            312            312        85.2602             82        99.6644
            313            313        85.4099        82.1667        99.6636
            314            314        85.5504        82.3333        99.6627
            315            315        85.7105           82.5        99.6615
            316            316        85.8549        82.6667        99.6604
            317            317        86.0046        82.8333        99.6594
            318            318        86.1633             83        99.6585
            319            319        86.3078        83.1667        99.6574
            320            320          86.46        83.3333        99.6566
            321            321        86.6084           83.5        99.6557
            322            322        86.7697        83.6667        99.6547
            323            323        86.9194        83.8333        99.6537
            324            324        87.0664             84        99.6527
            325            325        87.2278        84.1667        99.6516
            326            326          87.38        84.3333        99.6503
            327            327        87.5297           84.5         99.649
            328            328        87.6754        84.6667        99.6474
            329            329        87.8147        84.8333         99.646
            330            330        87.9682             85        99.6448
            331            331        88.1283        85.1667        99.6437
            332            332        88.2793        85.3333        99.6428
            333            333        88.4315           85.5        99.6418
            334            334        88.5942        85.6667        99.6409
            335            335        88.7451        85.8333        99.6401
            336            336        88.8883             86        99.6395
            337            337        89.0471        86.1667        99.6387
            338            338        89.1993        86.3333        99.6379
            339            339        89.3516           86.5         99.637
            340            340         89.496        86.6667         99.636
            341            341        89.6457        86.8333         99.635
            342            342        89.7901             87         99.634
            343            343        89.9463        87.1667         99.633
            344            344        90.1076        87.3333        99.6319
            345            345        90.2534           87.5        99.6308
            346            346        90.4109        87.6667        99.6297
            347            347        90.5618        87.8333        99.6287
            348            348        90.7141             88        99.6278
            349            349        90.8546        88.1667        99.6271
            350            350        91.0082        88.3333        99.6264
            351            351        91.1617           88.5        99.6258
            352            352         91.327        88.6667        99.6253
            353            353        91.4688        88.8333        99.6244
            354            354        91.6224             89        99.6232
            355            355        91.7694        89.1667        99.6219
            356            356        91.9139        89.3333        99.6206
            357            357         92.074           89.5        99.6189
            358            358        92.2288        89.6667        99.6174
            359            359        92.3706        89.8333        99.6157
            360            360        92.5294             90         99.614
            361            361        92.6843        90.1667        99.6124
            362            362        92.8443        90.3333        99.6107
            363            363        92.9862           90.5        99.6091
            364            364        93.1436        90.6667        99.6075
            365            365        93.2972        90.8333        99.6059
            366            366        93.4312             91        99.6042
            367            367        93.5965        91.1667        99.6025
            368            368        93.7474        91.3333        99.6008
            369            369        93.9036           91.5        99.5996
            370            370        94.0519        91.6667        99.5984
            371            371        94.2055        91.8333        99.5972
            372            372        94.3617             92        99.5962
            373            373        94.5087        92.1667        99.5953
            374            374        94.6649        92.3333         99.594
            375            375        94.8119           92.5        99.5926
            376            376        94.9537        92.6667        99.5912
            377            377        95.1177        92.8333        99.5897
            378            378        95.2739             93        99.5885
            379            379        95.4209        93.1667        99.5876
            380            380        95.5797        93.3333        99.5867
            381            381        95.7254           93.5        99.5864
            382            382        95.8803        93.6667        99.5858
            383            383        96.0325        93.8333        99.5852
            384            384        96.1821             94        99.5847
            385            385        96.3422        94.1667        99.5841
            386            386        96.4879        94.3333        99.5833
            387            387        96.6272           94.5        99.5823
            388            388        96.7951        94.6667        99.5813
            389            389        96.9408        94.8333        99.5804
            390            390         97.093             95        99.5797
            391            391        97.2518        95.1667        99.5794
            392            392        97.4054        95.3333        99.5791
            393            393        97.5563           95.5        99.5788
            394            394        97.7086        95.6667        99.5792
            395            395        97.8569        95.8333        99.5791
            396            396        98.0157             96        99.5787
            397            397        98.1614        96.1667        99.5781
            398            398        98.3189        96.3333        99.5771
            399            399        98.4737           96.5        99.5766
            400            400        98.6325        96.6667        99.5762
            401            401        98.7756        96.8333        99.5757
            402            402         98.924             97        99.5751
            403            403        99.0814        97.1667        99.5744
            404            404        99.2259        97.3333        99.5737
            405            405        99.3808           97.5        99.5729
            406            406         99.533        97.6667        99.5719
            407            407        99.6879        97.8333        99.5709
            408            408        99.8467             98        99.5699
            409            409        99.9911        98.1667        99.5688
            410            410        100.146        98.3333        99.5677
            411            411        100.296           98.5        99.5666
            412            412        100.452        98.6667        99.5656
            413            413        100.621        98.8333        99.5646
            414            414        100.771             99        99.5636
            415            415        100.915        99.1667        99.5625
            416            416         101.07        99.3333        99.5615
            417            417        101.225           99.5        99.5606
            418            418        101.381        99.6667        99.5598
            419            419        101.538        99.8333        99.5591
            420            420        101.688            100        99.5583
            421            421        101.838        100.167        99.5576
            422            422        101.995        100.333        99.5568
            423            423        102.151          100.5        99.5558
            424            424         102.31        100.667        99.5548
            425            425        102.461        100.833        99.5536
            426            426        102.608            101        99.5525
            427            427        102.766        101.167        99.5513
            428            428        102.927        101.333        99.5505
            429            429        103.082          101.5        99.5496
            430            430        103.228        101.667        99.5489
            431            431        103.377        101.833        99.5488
            432            432        103.528            102        99.5483
            433            433        103.691        102.167        99.5475
            434            434        103.847        102.333        99.5466
            435            435        103.993          102.5        99.5455
            436            436        104.146        102.667        99.5444
            437            437        104.299        102.833        99.5434
            438            438        104.442            103        99.5424
            439            439        104.607        103.167        99.5412
            440            440        104.761        103.333        99.5403
            441            441        104.919          103.5        99.5394
            442            442         105.07        103.667        99.5387
            443            443        105.225        103.833        99.5384
            444            444         105.38            104        99.5379
            445            445        105.537        104.167        99.5374
            446            446        105.681        104.333         99.537
            447            447        105.835          104.5        99.5367
            448            448        106.001        104.667        99.5364
            449            449        106.153        104.833        99.5361
            450            450        106.306            105        99.5358
            451            451        106.454        105.167        99.5354
            452            452        106.611        105.333        99.5348
            453            453        106.774          105.5         99.534
            454            454         106.93        105.667        99.5331
            455            455        107.078        105.833         99.532
            456            456        107.232            106        99.5305
            457            457        107.392        106.167        99.5293
            458            458        107.532        106.333        99.5283
            459            459        107.695          106.5        99.5273
            460            460        107.852        106.667        99.5265
            461            461        108.006        106.833        99.5257
            462            462        108.167            107        99.5249
            463            463        108.318        107.167         99.524
            464            464        108.476        107.333        99.5235
            465            465        108.633          107.5         99.523
            466            466        108.779        107.667        99.5223
            467            467        108.938        107.833        99.5216
            468            468        109.089            108        99.5208
            469            469        109.236        108.167          99.52
            470            470        109.397        108.333        99.5192
            471            471        109.549          108.5        99.5184
            472            472          109.7        108.667        99.5173
            473            473        109.868        108.833        99.5163
            474            474        110.019            109        99.5154
            475            475        110.168        109.167        99.5146
            476            476        110.316        109.333         99.514
            477            477        110.473          109.5        99.5133
            478            478        110.633        109.667        99.5126
            479            479        110.791        109.833         99.512
            480            480        110.943            110        99.5118
            481            481        111.099        110.167        99.5115
            482            482        111.253        110.333        99.5114
            483            483        111.399          110.5        99.5113
            484            484        111.565        110.667        99.5115
            485            485        111.719        110.833        99.5115
            486            486        111.879            111        99.5115
            487            487        112.026        111.167        99.5114
            488            488        112.186        111.333        99.5115
            489            489        112.345          111.5        99.5115
            490            490        112.498        111.667        99.5115
            491            491        112.658        111.833        99.5114
            492            492        112.816            112        99.5114
            493            493        112.967        112.167        99.5115
            494            494        113.116        112.333        99.5114
            495            495        113.274          112.5        99.5111
            496            496        113.434        112.667        99.5107
            497            497        113.587        112.833        99.5101
            498            498        113.742            113        99.5096
            499            499          113.9        113.167        99.5091
            500            500         114.04        113.333        99.5086
            501            501        114.207          113.5        99.5078
            502            502        114.373        113.667        99.5072
            503            503        114.531        113.833        99.5066
            504            504        114.675            114        99.5061
            505            505        114.837        114.167        99.5056
            506            506        114.995        114.333        99.5053
            507            507        115.144          114.5         99.505
            508            508        115.301        114.667        99.5049
            509            509        115.456        114.833        99.5036
            510            510        115.608            115        99.4989
            511            511         115.77        115.167        99.4958
            512            512        115.919        115.333         99.498
            513            513        116.087          115.5        99.5023
            514            514        116.237        115.667        99.5047
            515            515        116.384        115.833        99.5059
            516            516        116.547            116         99.507
            517            517        116.705        116.167        99.5122
            518            518        116.854        116.333        99.5128
            519            519        117.013          116.5        99.5121
            520            520        117.173        116.667        99.5108
            521            521        117.339        116.833        99.5093
            522            522         117.48            117        99.5028
            523            523        117.633        117.167        99.4993
            524            524        117.783        117.333        99.4967
            525            525         117.94          117.5        99.4942
            526            526        118.101        117.667        99.4935
            527            527        118.266        117.833        99.4921
            528            528        118.419            118        99.4908
            529            529        118.572        118.167        99.4897
            530            530        118.725        118.333        99.4891
            531            531        118.887          118.5        99.4883
            532            532        119.043        118.667        99.4875
            533            533          119.2        118.833        99.4868
            534            534        119.359            119        99.4861
            535            535        119.518        119.167        99.4852
            536            536        119.669        119.333        99.4841
            537            537        119.826          119.5        99.4831
            538            538        119.976        119.667        99.4821
            539            539        120.136        119.833        99.4814
            540            540          120.3            120        99.4808
            541            541        120.448        120.167        99.4802
            542            542        120.606        120.333        99.4801
            543            543        120.761          120.5        99.4799
            544            544        120.923        120.667        99.4796
            545            545        121.074        120.833        99.4793
            546            546        121.225            121        99.4787
            547            547        121.376        121.167        99.4781
            548            548         121.54        121.333        99.4775
            549            549        121.707          121.5        99.4769
            550            550        121.864        121.667        99.4757
            551            551         122.01        121.833        99.4747
            552            552        122.174            122        99.4736
            553            553        122.325        122.167        99.4725
            554            554        122.484        122.333        99.4712
            555            555        122.641          122.5          99.47
            556            556        122.804        122.667        99.4691
            557            557        122.956        122.833        99.4682
            558            558        123.115            123        99.4674
            559            559         123.28        123.167         99.467
            560            560        123.435        123.333        99.4665
            561            561        123.581          123.5        99.4659
            562            562        123.737        123.667        99.4653
            563            563        123.903        123.833        99.4649
            564            564        124.057            124        99.4645
            565            565         124.21        124.167        99.4641
            566            566        124.374        124.333        99.4637
            567            567        124.525          124.5        99.4633
            568            568        124.689        124.667        99.4629
            569            569        124.835        124.833        99.4625
            570            570        124.995            125        99.4622
            571            571        125.157        125.167        99.4619
            572            572         125.31        125.333        99.4616
            573            573        125.469          125.5        99.4611
            574            574        125.625        125.667        99.4605
            575            575        125.792        125.833          99.46
            576            576        125.947            126        99.4595
            577            577        126.096        126.167        99.4589
            578            578        126.251        126.333        99.4583
            579            579        126.416          126.5        99.4575
            580            580        126.575        126.667        99.4568
            581            581        126.734        126.833        99.4561
            582            582        126.903            127        99.4553
            583            583        127.045        127.167        99.4545
            584            584        127.205        127.333        99.4537
            585            585        127.359          127.5         99.453
            586            586        127.521        127.667        99.4525
            587            587        127.685        127.833        99.4521
            588            588        127.844            128        99.4519
            589            589        128.001        128.167        99.4516
            590            590         128.15        128.333        99.4513
            591            591        128.306          128.5         99.451
            592            592        128.467        128.667        99.4509
            593            593        128.633        128.833        99.4506
            594            594        128.793            129        99.4503
            595            595        128.941        129.167          99.45
            596            596        129.105        129.333        99.4498
            597            597        129.262          129.5        99.4497
            598            598        129.417        129.667        99.4496
            599            599        129.573        129.833        99.4494
            600            600        129.732            130        99.4496
            601            601        129.891        130.167        99.4496
            602            602        130.056        130.333        99.4496
            603            603        130.197          130.5        99.4495
            604            604        130.363        130.667        99.4493
            605            605        130.518        130.833         99.449
            606            606         130.68            131        99.4487
            607            607        130.842        131.167        99.4484
            608            608        130.996        131.333        99.4479
            609            609        131.157          131.5        99.4475
            610            610        131.315        131.667        99.4472
            611            611         131.47        131.833         99.447
            612            612        131.634            132        99.4468
            613            613        131.795        132.167        99.4465
            614            614        131.946        132.333        99.4463
            615            615        132.107          132.5        99.4461
            616            616        132.261        132.667        99.4458
            617            617        132.416        132.833        99.4455
            618            618        132.581            133        99.4452
            619            619        132.736        133.167        99.4451
            620            620          132.9        133.333        99.4451
            621            621         133.06          133.5         99.445
            622            622        133.223        133.667        99.4448
            623            623        133.367        133.833        99.4445
            624            624        133.519            134         99.444
            625            625        133.694        134.167        99.4433
            626            626        133.854        134.333        99.4424
            627            627        134.001          134.5        99.4414
            628            628        134.158        134.667        99.4406
            629            629        134.314        134.833        99.4403
            630            630        134.476            135        99.4405
            631            631        134.642        135.167        99.4408
            632            632        134.795        135.333         99.441
            633            633        134.957          135.5        99.4422
            634            634        135.114        135.667        99.4426
            635            635        135.272        135.833        99.4426
            636            636        135.436            136        99.4426
            637            637        135.589        136.167        99.4416
            638            638        135.746        136.333         99.441
            639            639        135.915          136.5        99.4405
            640            640        136.061        136.667          99.44
            641            641         136.22        136.833        99.4392
            642            642         136.39            137        99.4385
            643            643        136.546        137.167        99.4378
            644            644        136.703        137.333         99.437
            645            645         136.86          137.5        99.4362
            646            646        137.018        137.667        99.4356
            647            647        137.169        137.833         99.435
            648            648        137.335            138        99.4343
            649            649        137.498        138.167        99.4338
            650            650        137.651        138.333        99.4334
            651            651        137.809          138.5         99.433
            652            652        137.958        138.667        99.4326
            653            653        138.125        138.833         99.432
            654            654         138.28            139        99.4317
            655            655        138.439        139.167         99.432
            656            656        138.598        139.333        99.4324
            657            657        138.763          139.5        99.4325
            658            658        138.919        139.667        99.4321
            659            659         139.08        139.833        99.4314
            660            660        139.243            140        99.4306
            661            661        139.404        140.167        99.4297
            662            662        139.558        140.333         99.428
            663            663         139.71          140.5        99.4271
            664            664        139.878        140.667        99.4264
            665            665        140.038        140.833        99.4258
            666            666        140.201            141        99.4261
            667            667        140.349        141.167        99.4257
            668            668        140.504        141.333        99.4252
            669            669        140.663          141.5        99.4249
            670            670        140.831        141.667        99.4248
            671            671        140.992        141.833        99.4247
            672            672        141.147            142        99.4246
            673            673        141.302        142.167        99.4245
            674            674        141.467        142.333        99.4246
            675            675        141.631          142.5        99.4245
            676            676        141.791        142.667        99.4242
            677            677        141.943        142.833        99.4239
            678            678          142.1            143        99.4233
            679            679        142.258        143.167         99.423
            680            680        142.422        143.333        99.4227
            681            681        142.585          143.5        99.4225
            682            682        142.749        143.667        99.4224
            683            683        142.899        143.833        99.4222
            684            684        143.054            144        99.4219
            685            685        143.223        144.167        99.4216
            686            686        143.384        144.333        99.4213
            687            687        143.539          144.5        99.4209
            688            688          143.7        144.667        99.4204
            689            689         143.86        144.833          99.42
            690            690        144.022            145        99.4195
            691            691        144.181        145.167        99.4189
            692            692        144.339        145.333        99.4183
            693            693        144.502          145.5        99.4177
            694            694        144.663        145.667        99.4172
            695            695        144.824        145.833        99.4168
            696            696        144.984            146        99.4164
            697            697        145.137        146.167         99.416
            698            698        145.299        146.333        99.4155
            699            699        145.464          146.5         99.415
            700            700        145.623        146.667        99.4144
            701            701        145.775        146.833        99.4139
            702            702         145.94            147        99.4134
            703            703          146.1        147.167        99.4125
            704            704        146.256        147.333        99.4118
            705            705        146.411          147.5        99.4109
            706            706        146.564        147.667        99.4101
            707            707        146.724        147.833        99.4094
            708            708        146.898            148        99.4088
            709            709        147.054        148.167        99.4081
            710            710        147.209        148.333        99.4075
            711            711         147.37          148.5        99.4071
            712            712        147.533        148.667        99.4064
            713            713        147.689        148.833        99.4057
            714            714        147.851            149        99.4051
            715            715        148.013        149.167        99.4041
            716            716        148.177        149.333        99.4034
            717            717        148.337          149.5        99.4028
            718            718          148.5        149.667        99.4021
            719            719         148.65        149.833        99.4014
            720            720        148.819            150        99.4009
            721            721        148.967        150.167        99.4004
            722            722         149.13        150.333        99.3999
            723            723        149.293          150.5        99.3995
            724            724        149.454        150.667        99.3988
            725            725        149.619        150.833        99.3981
            726            726        149.772            151        99.3973
            727            727        149.937        151.167        99.3965
            728            728        150.088        151.333        99.3956
            729            729        150.245          151.5        99.3949
            730            730        150.413        151.667        99.3941
            731            731        150.579        151.833        99.3934
            732            732        150.736            152        99.3929
            733            733        150.894        152.167        99.3923
            734            734        151.048        152.333        99.3917
            735            735        151.215          152.5        99.3913
            736            736        151.369        152.667         99.391
            737            737        151.533        152.833        99.3908
            738            738        151.695            153        99.3907
            739            739        151.849        153.167        99.3906
            740            740        152.014        153.333        99.3905
            741            741        152.172          153.5        99.3902
            742            742        152.337        153.667        99.3897
            743            743        152.498        153.833         99.389
            744            744        152.656            154        99.3881
            745            745        152.817        154.167        99.3873
            746            746        152.972        154.333        99.3865
            747            747        153.132          154.5        99.3855
            748            748        153.295        154.667         99.384
            749            749        153.447        154.833        99.3824
            750            750        153.612            155        99.3812
            751            751        153.776        155.167        99.3804
            752            752        153.934        155.333        99.3795
            753            753         154.09          155.5        99.3788
            754            754        154.255        155.667         99.378
            755            755         154.41        155.833        99.3773
            756            756        154.568            156        99.3774
            757            757        154.728        156.167        99.3769
            758            758        154.894        156.333        99.3762
            759            759        155.063          156.5        99.3755
            760            760        155.218        156.667        99.3745
            761            761        155.382        156.833         99.374
            762            762        155.538            157        99.3737
            763            763        155.704        157.167        99.3736
            764            764        155.856        157.333        99.3739
            765            765         156.02          157.5         99.374
            766            766        156.183        157.667        99.3739
            767            767         156.34        157.833        99.3739
            768            768        156.507            158        99.3737
            769            769        156.668        158.167        99.3735
            770            770        156.833        158.333        99.3732
            771            771        156.995          158.5        99.3728
            772            772        157.152        158.667        99.3721
            773            773        157.307        158.833        99.3715
            774            774         157.47            159        99.3708
            775            775        157.638        159.167        99.3702
            776            776        157.799        159.333        99.3695
            777            777        157.956          159.5        99.3688
            778            778        158.118        159.667        99.3679
            779            779        158.277        159.833        99.3671
            780            780        158.437            160        99.3661
            781            781        158.601        160.167        99.3652
            782            782        158.766        160.333        99.3642
            783            783        158.926          160.5        99.3632
            784            784        159.086        160.667        99.3619
            785            785         159.25        160.833        99.3607
            786            786        159.408            161        99.3597
            787            787        159.568        161.167        99.3588
            788            788        159.732        161.333        99.3581
            789            789        159.887          161.5        99.3575
            790            790        160.058        161.667        99.3571
            791            791        160.215        161.833        99.3567
            792            792        160.377            162         99.357
            793            793        160.539        162.167        99.3569
            794            794        160.695        162.333        99.3566
            795            795        160.854          162.5        99.3562
            796            796        161.021        162.667        99.3555
            797            797        161.179        162.833        99.3549
            798            798        161.339            163        99.3543
            799            799        161.508        163.167        99.3538
            800            800        161.663        163.333        99.3532
            801            801        161.824          163.5        99.3527
            802            802        161.988        163.667        99.3522
            803            803        162.151        163.833        99.3519
            804            804        162.311            164        99.3518
            805            805         162.47        164.167        99.3514
            806            806         162.64        164.333         99.351
            807            807        162.801          164.5        99.3505
            808            808        162.957        164.667          99.35
            809            809        163.118        164.833        99.3496
            810            810        163.282            165        99.3492
            811            811         163.44        165.167        99.3486
            812            812        163.607        165.333        99.3481
            813            813        163.773          165.5        99.3475
            814            814        163.929        165.667        99.3469
            815            815        164.089        165.833        99.3463
            816            816        164.253            166        99.3456
            817            817        164.413        166.167        99.3447
            818            818        164.576        166.333        99.3437
            819            819        164.733          166.5        99.3426
            820            820        164.888        166.667        99.3413
            821            821        165.061        166.833        99.3402
            822            822        165.225            167        99.3392
            823            823        165.385        167.167        99.3383
            824            824        165.543        167.333        99.3373
            825            825        165.711          167.5        99.3363
            826            826        165.864        167.667        99.3353
            827            827        166.031        167.833        99.3345
            828            828        166.192            168        99.3336
            829            829         166.35        168.167        99.3326
            830            830        166.519        168.333        99.3317
            831            831        166.683          168.5         99.331
            832            832        166.848        168.667        99.3307
            833            833        167.008        168.833        99.3303
            834            834        167.167            169        99.3297
            835            835        167.332        169.167         99.329
            836            836        167.499        169.333        99.3289
            837            837        167.652          169.5        99.3286
            838            838        167.818        169.667        99.3282
            839            839        167.977        169.833        99.3277
            840            840        168.138            170        99.3275
            841            841        168.305        170.167        99.3271
            842            842        168.465        170.333        99.3266
            843            843        168.625          170.5         99.326
            844            844        168.791        170.667        99.3252
            845            845        168.954        170.833        99.3245
            846            846        169.118            171        99.3237
            847            847        169.275        171.167        99.3229
            848            848        169.445        171.333        99.3219
            849            849        169.605          171.5        99.3211
            850            850        169.753        171.667        99.3204
            851            851         169.93        171.833        99.3198
            852            852        170.094            172        99.3191
            853            853        170.253        172.167        99.3185
            854            854        170.404        172.333        99.3177
            855            855        170.578          172.5        99.3167
            856            856         170.74        172.667        99.3158
            857            857        170.896        172.833        99.3146
            858            858         171.06            173        99.3137
            859            859        171.216        173.167         99.313
            860            860        171.383        173.333        99.3124
            861            861        171.552          173.5        99.3123
            862            862        171.708        173.667        99.3118
            863            863        171.868        173.833        99.3113
            864            864        172.031            174        99.3107
            865            865          172.2        174.167        99.3099
            866            866        172.359        174.333        99.3093
            867            867        172.525          174.5        99.3087
            868            868        172.682        174.667        99.3082
            869            869        172.853        174.833        99.3074
            870            870        173.011            175        99.3067
            871            871        173.177        175.167        99.3059
            872            872        173.349        175.333        99.3051
            873            873        173.507          175.5        99.3045
            874            874        173.669        175.667         99.304
            875            875        173.824        175.833        99.3038
            876            876        173.988            176        99.3036
            877            877        174.152        176.167        99.3038
            878            878        174.307        176.333        99.3035
            879            879        174.468          176.5        99.3031
            880            880        174.632        176.667        99.3027
            881            881        174.802        176.833         99.302
            882            882        174.959            177        99.3013
            883            883        175.117        177.167        99.3005
            884            884        175.286        177.333        99.2997
            885            885         175.45          177.5        99.2988
            886            886        175.611        177.667        99.2979
            887            887        175.771        177.833        99.2971
            888            888        175.943            178        99.2964
            889            889        176.102        178.167        99.2958
            890            890        176.262        178.333        99.2958
            891            891        176.419          178.5        99.2957
            892            892        176.585        178.667        99.2955
            893            893        176.747        178.833        99.2952
            894            894        176.919            179        99.2952
            895            895        177.075        179.167         99.295
            896            896        177.248        179.333        99.2949
            897            897        177.412          179.5        99.2947
            898            898        177.573        179.667        99.2943
            899            899        177.734        179.833        99.2941
            900            900        177.904            180        99.2938
            901            901        178.059        180.167        99.2935
            902            902        178.221        180.333        99.2933
            903            903        178.382          180.5         99.293
            904            904        178.545        180.667        99.2926
            905            905        178.706        180.833        99.2922
            906            906        178.874            181        99.2917
            907            907        179.049        181.167        99.2913
            908            908        179.206        181.333        99.2909
            909            909         179.38          181.5        99.2905
            910            910        179.534        181.667          99.29
            911            911        179.688        181.833        99.2896
            912            912        179.854            182         99.289
            913            913        180.023        182.167        99.2882
            914            914        180.193        182.333        99.2874
            915            915         180.35          182.5        99.2868
            916            916        180.509        182.667        99.2863
            917            917        180.673        182.833        99.2858
            918            918        180.837            183        99.2853
            919            919        180.996        183.167        99.2851
            920            920        181.165        183.333        99.2847
            921            921        181.322          183.5        99.2844
            922            922        181.486        183.667         99.284
            923            923        181.649        183.833        99.2835
            924            924        181.813            184         99.283
            925            925        181.983        184.167        99.2824
            926            926        182.134        184.333        99.2818
            927            927        182.301          184.5        99.2811
            928            928        182.465        184.667        99.2806
            929            929         182.63        184.833          99.28
            930            930        182.792            185        99.2794
            931            931        182.953        185.167        99.2786
            932            932        183.109        185.333        99.2778
            933            933        183.284          185.5         99.277
            934            934        183.448        185.667        99.2762
            935            935        183.617        185.833        99.2753
            936            936        183.773            186        99.2746
            937            937        183.933        186.167        99.2739
            938            938          184.1        186.333        99.2733
            939            939        184.261          186.5        99.2729
            940            940        184.424        186.667        99.2725
            941            941        184.583        186.833        99.2721
            942            942        184.755            187        99.2717
            943            943        184.913        187.167        99.2717
            944            944        185.077        187.333        99.2716
            945            945        185.239          187.5        99.2714
            946            946        185.403        187.667        99.2712
            947            947        185.568        187.833         99.271
            948            948        185.729            188        99.2705
            949            949        185.892        188.167        99.2701
            950            950        186.062        188.333        99.2697
            951            951        186.223          188.5        99.2694
            952            952        186.377        188.667        99.2688
            953            953        186.541        188.833        99.2683
            954            954        186.709            189        99.2677
            955            955        186.871        189.167         99.267
            956            956        187.031        189.333        99.2664
            957            957        187.201          189.5        99.2657
            958            958        187.367        189.667        99.2649
            959            959        187.528        189.833        99.2641
            960            960        187.696            190        99.2632
            961            961        187.855        190.167        99.2625
            962            962         188.02        190.333        99.2618
            963            963        188.187          190.5        99.2611
            964            964        188.357        190.667        99.2607
            965            965        188.512        190.833        99.2603
            966            966         188.68            191        99.2601
            967            967        188.849        191.167        99.2599
            968            968        189.008        191.333        99.2598
            969            969        189.176          191.5        99.2594
            970            970        189.337        191.667        99.2588
            971            971          189.5        191.833        99.2583
            972            972        189.659            192        99.2576
            973            973        189.816        192.167        99.2571
            974            974        189.996        192.333        99.2567
            975            975        190.153          192.5        99.2564
            976            976        190.312        192.667        99.2564
            977            977        190.476        192.833        99.2563
            978            978        190.643            193        99.2562
            979            979        190.803        193.167        99.2561
            980            980        190.967        193.333        99.2561
            981            981        191.124          193.5        99.2559
            982            982        191.296        193.667        99.2557
            983            983        191.463        193.833        99.2556
            984            984         191.62            194        99.2556
            985            985        191.789        194.167        99.2553
            986            986        191.951        194.333        99.2551
            987            987        192.111          194.5        99.2549
            988            988        192.279        194.667        99.2546
            989            989        192.453        194.833        99.2543
            990            990        192.615            195        99.2539
            991            991        192.767        195.167        99.2534
            992            992         192.93        195.333        99.2527
            993            993          193.1          195.5        99.2519
            994            994        193.272        195.667        99.2512
            995            995        193.433        195.833        99.2505
            996            996          193.6            196        99.2499
            997            997        193.761        196.167        99.2494
            998            998        193.919        196.333         99.249
            999            999        194.089          196.5        99.2489
           1000           1000        194.253        196.667        99.2487
           1001           1001        194.409        196.833        99.2488
           1002           1002        194.579            197        99.2486
           1003           1003        194.734        197.167        99.2484
           1004           1004        194.908        197.333        99.2483
           1005           1005        195.071          197.5        99.2479
           1006           1006        195.232        197.667        99.2477
           1007           1007          195.4        197.833        99.2473
           1008           1008        195.555            198        99.2468
           1009           1009        195.724        198.167        99.2463
           1010           1010        195.896        198.333        99.2457
           1011           1011        196.055          198.5        99.2451
           1012           1012        196.221        198.667        99.2444
           1013           1013        196.381        198.833        99.2434
           1014           1014        196.551            199        99.2427
           1015           1015        196.726        199.167        99.2421
           1016           1016        196.876        199.333        99.2415
           1017           1017         197.04          199.5        99.2411
           1018           1018        197.209        199.667        99.2409
           1019           1019        197.384        199.833        99.2404
           1020           1020        197.533            200        99.2399
           1021           1021        197.697        200.167        99.2393
           1022           1022        197.865        200.333        99.2386
           1023           1023        198.029          200.5         99.238
           1024           1024        198.188        200.667        99.2373
           1025           1025         198.36        200.833        99.2367
           1026           1026        198.524            201        99.2361
           1027           1027        198.687        201.167        99.2355
           1028           1028        198.857        201.333        99.2349
           1029           1029        199.022          201.5        99.2343
           1030           1030        199.184        201.667        99.2336
           1031           1031        199.348        201.833        99.2329
           1032           1032         199.51            202        99.2326
           1033           1033        199.678        202.167        99.2324
           1034           1034        199.846        202.333        99.2321
           1035           1035        200.006          202.5        99.2318
           1036           1036        200.172        202.667        99.2314
           1037           1037        200.341        202.833         99.231
           1038           1038        200.502            203        99.2308
           1039           1039         200.67        203.167        99.2306
           1040           1040        200.826        203.333        99.2305
           1041           1041        200.997          203.5        99.2302
           1042           1042        201.165        203.667        99.2298
           1043           1043        201.328        203.833        99.2295
           1044           1044        201.481            204        99.2291
           1045           1045        201.656        204.167        99.2288
           1046           1046        201.827        204.333        99.2281
           1047           1047        201.978          204.5        99.2277
           1048           1048        202.142        204.667        99.2273
           1049           1049        202.313        204.833        99.2268
           1050           1050        202.474            205        99.2263
           1051           1051        202.641        205.167        99.2261
           1052           1052         202.81        205.333        99.2258
           1053           1053        202.978          205.5        99.2254
           1054           1054        203.136        205.667        99.2251
           1055           1055        203.306        205.833        99.2249
           1056           1056        203.464            206        99.2246
           1057           1057        203.629        206.167        99.2246
           1058           1058        203.794        206.333        99.2247
           1059           1059        203.965          206.5        99.2248
           1060           1060         204.13        206.667        99.2245
           1061           1061        204.291        206.833        99.2243
           1062           1062        204.461            207        99.2241
           1063           1063        204.623        207.167        99.2238
           1064           1064        204.787        207.333        99.2236
           1065           1065        204.953          207.5        99.2234
           1066           1066        205.117        207.667        99.2231
           1067           1067        205.287        207.833        99.2228
           1068           1068        205.445            208        99.2224
           1069           1069         205.61        208.167        99.2221
           1070           1070        205.778        208.333        99.2219
           1071           1071         205.94          208.5        99.2212
           1072           1072        206.106        208.667        99.2207
           1073           1073         206.28        208.833        99.2202
           1074           1074        206.436            209        99.2197
           1075           1075        206.603        209.167         99.219
           1076           1076        206.762        209.333        99.2182
           1077           1077        206.924          209.5        99.2175
           1078           1078        207.092        209.667        99.2168
           1079           1079         207.26        209.833         99.216
           1080           1080        207.429            210        99.2154
           1081           1081         207.59        210.167        99.2149
           1082           1082        207.761        210.333        99.2145
           1083           1083         207.92          210.5        99.2141
           1084           1084        208.083        210.667        99.2139
           1085           1085        208.259        210.833        99.2133
           1086           1086        208.421            211        99.2126
           1087           1087        208.585        211.167        99.2116
           1088           1088        208.744        211.333        99.2104
           1089           1089        208.905          211.5        99.2093
           1090           1090        209.079        211.667        99.2082
           1091           1091        209.241        211.833        99.2072
           1092           1092        209.401            212        99.2062
           1093           1093        209.569        212.167        99.2055
           1094           1094        209.737        212.333        99.2048
           1095           1095        209.908          212.5        99.2039
           1096           1096        210.068        212.667        99.2032
           1097           1097        210.234        212.833        99.2023
           1098           1098          210.4            213        99.2014
           1099           1099         210.56        213.167        99.2005
           1100           1100        210.729        213.333        99.1995
           1101           1101        210.893          213.5        99.1986
           1102           1102        211.049        213.667        99.1978
           1103           1103        211.222        213.833         99.197
           1104           1104        211.389            214        99.1964
           1105           1105        211.559        214.167        99.1956
           1106           1106        211.727        214.333        99.1948
           1107           1107        211.883          214.5        99.1939
           1108           1108        212.044        214.667        99.1929
           1109           1109         212.21        214.833         99.192
           1110           1110        212.378            215         99.191
           1111           1111        212.551        215.167          99.19
           1112           1112        212.711        215.333         99.189
           1113           1113        212.882          215.5         99.188
           1114           1114        213.043        215.667        99.1869
           1115           1115        213.211        215.833        99.1859
           1116           1116        213.373            216        99.1849
           1117           1117        213.542        216.167         99.184
           1118           1118        213.706        216.333        99.1831
           1119           1119        213.875          216.5        99.1821
           1120           1120        214.044        216.667         99.181
           1121           1121        214.207        216.833          99.18
           1122           1122        214.367            217        99.1789
           1123           1123        214.534        217.167        99.1777
           1124           1124        214.698        217.333        99.1764
           1125           1125        214.868          217.5        99.1755
           1126           1126        215.032        217.667        99.1748
           1127           1127        215.199        217.833        99.1738
           1128           1128        215.359            218        99.1728
           1129           1129        215.528        218.167        99.1723
           1130           1130        215.684        218.333        99.1715
           1131           1131        215.853          218.5        99.1705
           1132           1132        216.012        218.667        99.1694
           1133           1133         216.18        218.833        99.1681
           1134           1134        216.353            219        99.1669
           1135           1135         216.52        219.167        99.1656
           1136           1136        216.676        219.333        99.1645
           1137           1137        216.847          219.5        99.1634
           1138           1138        217.012        219.667        99.1623
           1139           1139        217.179        219.833        99.1611
           1140           1140        217.346            220          99.16
           1141           1141        217.509        220.167        99.1591
           1142           1142        217.676        220.333        99.1583
           1143           1143        217.837          220.5        99.1577
           1144           1144        217.999        220.667        99.1573
           1145           1145        218.169        220.833        99.1571
           1146           1146        218.343            221        99.1567
           1147           1147        218.497        221.167        99.1565
           1148           1148        218.675        221.333        99.1563
           1149           1149        218.841          221.5         99.156
           1150           1150        219.002        221.667        99.1555
           1151           1151        219.171        221.833        99.1548
           1152           1152        219.342            222         99.154
           1153           1153        219.499        222.167        99.1531
           1154           1154        219.669        222.333        99.1517
           1155           1155         219.84          222.5        99.1507
           1156           1156        220.003        222.667          99.15
           1157           1157        220.158        222.833        99.1495
           1158           1158        220.326            223        99.1493
           1159           1159        220.496        223.167        99.1491
           1160           1160        220.671        223.333        99.1488
           1161           1161        220.831          223.5        99.1486
           1162           1162        220.996        223.667        99.1485
           1163           1163        221.162        223.833        99.1479
           1164           1164        221.331            224        99.1471
           1165           1165        221.495        224.167        99.1461
           1166           1166        221.655        224.333        99.1449
           1167           1167        221.829          224.5        99.1441
           1168           1168        221.997        224.667        99.1434
           1169           1169        222.155        224.833        99.1426
           1170           1170        222.319            225        99.1423
           1171           1171        222.497        225.167        99.1418
           1172           1172        222.652        225.333        99.1412
           1173           1173        222.815          225.5        99.1406
           1174           1174        222.986        225.667          99.14
           1175           1175        223.154        225.833        99.1395
           1176           1176        223.311            226        99.1389
           1177           1177        223.484        226.167         99.138
           1178           1178        223.654        226.333         99.137
           1179           1179        223.818          226.5        99.1361
           1180           1180         223.99        226.667        99.1351
           1181           1181        224.149        226.833        99.1341
           1182           1182        224.312            227        99.1333
           1183           1183        224.487        227.167        99.1325
           1184           1184        224.646        227.333        99.1318
           1185           1185        224.814          227.5         99.131
           1186           1186        224.978        227.667        99.1302
           1187           1187        225.141        227.833        99.1294
           1188           1188        225.315            228        99.1286
           1189           1189        225.471        228.167        99.1279
           1190           1190        225.647        228.333        99.1273
           1191           1191        225.814          228.5        99.1264
           1192           1192        225.975        228.667        99.1256
           1193           1193        226.146        228.833        99.1248
           1194           1194          226.3            229        99.1241
           1195           1195        226.475        229.167        99.1233
           1196           1196        226.645        229.333        99.1224
           1197           1197        226.804          229.5        99.1217
           1198           1198        226.968        229.667         99.121
           1199           1199        227.136        229.833        99.1201
           1200           1200        227.299            230        99.1192
           1201           1201        227.473        230.167        99.1183
           1202           1202         227.64        230.333        99.1174
           1203           1203        227.809          230.5        99.1162
           1204           1204         227.97        230.667         99.115
           1205           1205        228.142        230.833        99.1138
           1206           1206        228.313            231        99.1127
           1207           1207        228.469        231.167        99.1111
           1208           1208         228.63        231.333        99.1097
           1209           1209        228.805          231.5        99.1083
           1210           1210        228.966        231.667        99.1069
           1211           1211        229.139        231.833        99.1053
           1212           1212        229.296            232        99.1038
           1213           1213        229.466        232.167        99.1024
           1214           1214        229.639        232.333        99.1011
           1215           1215        229.795          232.5        99.0999
           1216           1216        229.959        232.667        99.0988
           1217           1217        230.122        232.833        99.0976
           1218           1218        230.293            233        99.0965
           1219           1219         230.47        233.167        99.0955
           1220           1220        230.623        233.333        99.0946
           1221           1221        230.798          233.5        99.0937
           1222           1222        230.959        233.667        99.0927
           1223           1223        231.123        233.833        99.0918
           1224           1224          231.3            234         99.091
           1225           1225        231.463        234.167        99.0903
           1226           1226        231.635        234.333        99.0897
           1227           1227        231.804          234.5        99.0891
           1228           1228        231.959        234.667        99.0889
           1229           1229        232.134        234.833        99.0885
           1230           1230        232.297            235        99.0881
           1231           1231        232.462        235.167        99.0875
           1232           1232        232.632        235.333        99.0872
           1233           1233        232.794          235.5        99.0867
           1234           1234        232.953        235.667        99.0863
           1235           1235        233.129        235.833        99.0858
           1236           1236        233.289            236        99.0851
           1237           1237        233.461        236.167        99.0844
           1238           1238         233.63        236.333        99.0838
           1239           1239          233.8          236.5        99.0832
           1240           1240        233.967        236.667        99.0824
           1241           1241        234.134        236.833        99.0817
           1242           1242        234.293            237        99.0809
           1243           1243        234.464        237.167        99.0802
           1244           1244        234.626        237.333        99.0793
           1245           1245        234.795          237.5        99.0783
           1246           1246        234.964        237.667         99.077
           1247           1247        235.131        237.833        99.0758
           1248           1248        235.295            238        99.0745
           1249           1249        235.461        238.167        99.0729
           1250           1250        235.624        238.333        99.0716
           1251           1251        235.796          238.5        99.0704
           1252           1252        235.956        238.667         99.069
           1253           1253        236.123        238.833        99.0679
           1254           1254        236.293            239        99.0666
           1255           1255        236.456        239.167        99.0652
           1256           1256        236.629        239.333        99.0637
           1257           1257        236.792          239.5        99.0619
           1258           1258        236.961        239.667        99.0603
           1259           1259        237.124        239.833        99.0588
           1260           1260        237.292            240        99.0574
           1261           1261        237.462        240.167        99.0562
           1262           1262        237.626        240.333        99.0549
           1263           1263        237.794          240.5        99.0536
           1264           1264        237.966        240.667        99.0523
           1265           1265        238.123        240.833        99.0514
           1266           1266        238.298            241        99.0504
           1267           1267        238.462        241.167        99.0492
           1268           1268        238.626        241.333        99.0482
           1269           1269        238.791          241.5        99.0471
           1270           1270        238.958        241.667         99.046
           1271           1271        239.122        241.833        99.0449
           1272           1272        239.284            242        99.0439
           1273           1273        239.462        242.167        99.0427
           1274           1274        239.623        242.333        99.0416
           1275           1275          239.8          242.5        99.0405
           1276           1276        239.965        242.667        99.0393
           1277           1277        240.127        242.833         99.038
           1278           1278        240.293            243        99.0368
           1279           1279        240.453        243.167        99.0357
           1280           1280        240.619        243.333        99.0346
           1281           1281        240.788          243.5        99.0335
           1282           1282         240.96        243.667        99.0322
           1283           1283        241.129        243.833        99.0308
           1284           1284         241.29            244        99.0294
           1285           1285        241.465        244.167         99.028
           1286           1286        241.635        244.333        99.0263
           1287           1287        241.804          244.5        99.0248
           1288           1288        241.966        244.667        99.0235
           1289           1289        242.123        244.833        99.0222
           1290           1290         242.29            245         99.021
           1291           1291        242.466        245.167        99.0199
           1292           1292        242.631        245.333        99.0185
           1293           1293         242.79          245.5        99.0171
           1294           1294        242.962        245.667        99.0155
           1295           1295        243.131        245.833        99.0139
           1296           1296        243.294            246        99.0123
           1297           1297        243.469        246.167        99.0107
           1298           1298        243.633        246.333        99.0088
           1299           1299        243.794          246.5         99.007
           1300           1300         243.96        246.667        99.0054
           1301           1301        244.132        246.833        99.0036
           1302           1302        244.286            247        99.0023
           1303           1303        244.465        247.167         99.001
           1304           1304        244.636        247.333        98.9999
           1305           1305        244.804          247.5        98.9987
           1306           1306        244.964        247.667        98.9977
           1307           1307        245.136        247.833        98.9963
           1308           1308          245.3            248        98.9948
           1309           1309        245.461        248.167        98.9932
           1310           1310        245.635        248.333        98.9913
           1311           1311        245.802          248.5        98.9897
           1312           1312        245.975        248.667        98.9881
           1313           1313        246.139        248.833        98.9865
           1314           1314        246.294            249        98.9849
           1315           1315        246.466        249.167        98.9835
           1316           1316        246.626        249.333        98.9819
           1317           1317        246.795          249.5        98.9802
           1318           1318        246.967        249.667        98.9784
           1319           1319        247.134        249.833        98.9764
           1320           1320        247.296            250        98.9743
           1321           1321        247.464        250.167        98.9723
           1322           1322        247.636        250.333        98.9702
           1323           1323          247.8          250.5        98.9679
           1324           1324        247.969        250.667        98.9657
           1325           1325        248.127        250.833        98.9636
           1326           1326        248.306            251        98.9615
           1327           1327        248.472        251.167        98.9597
           1328           1328        248.629        251.333        98.9579
           1329           1329        248.799          251.5         98.956
           1330           1330         248.97        251.667        98.9541
           1331           1331        249.138        251.833        98.9523
           1332           1332        249.297            252        98.9502
           1333           1333        249.466        252.167        98.9479
           1334           1334        249.642        252.333        98.9455
           1335           1335        249.802          252.5        98.9427
           1336           1336        249.966        252.667        98.9401
           1337           1337        250.138        252.833        98.9375
           1338           1338        250.302            253        98.9349
           1339           1339        250.466        253.167        98.9323
           1340           1340        250.642        253.333        98.9297
           1341           1341        250.808          253.5        98.9271
           1342           1342        250.976        253.667        98.9246
           1343           1343        251.135        253.833        98.9223
           1344           1344        251.299            254          98.92
           1345           1345        251.467        254.167        98.9176
           1346           1346        251.638        254.333        98.9153
           1347           1347        251.802          254.5         98.913
           1348           1348        251.971        254.667         98.911
           1349           1349        252.137        254.833        98.9088
           1350           1350        252.303            255        98.9065
           1351           1351        252.472        255.167        98.9042
           1352           1352        252.642        255.333         98.902
           1353           1353        252.812          255.5        98.8997
           1354           1354        252.974        255.667        98.8974
           1355           1355        253.149        255.833        98.8951
           1356           1356        253.305            256        98.8927
           1357           1357        253.478        256.167        98.8902
           1358           1358        253.647        256.333        98.8877
           1359           1359        253.813          256.5        98.8851
           1360           1360        253.981        256.667        98.8824
           1361           1361        254.145        256.833        98.8797
           1362           1362        254.311            257        98.8771
           1363           1363        254.482        257.167        98.8744
           1364           1364        254.656        257.333        98.8715
           1365           1365        254.822          257.5        98.8688
           1366           1366        254.984        257.667        98.8661
           1367           1367        255.148        257.833        98.8634
           1368           1368        255.316            258        98.8606
           1369           1369        255.485        258.167        98.8578
           1370           1370        255.651        258.333        98.8549
           1371           1371        255.819          258.5         98.852
           1372           1372        255.987        258.667         98.849
           1373           1373        256.161        258.833        98.8462
           1374           1374         256.33            259        98.8433
           1375           1375        256.494        259.167        98.8404
           1376           1376        256.658        259.333        98.8374
           1377           1377        256.815          259.5        98.8344
           1378           1378        256.984        259.667        98.8315
           1379           1379        257.156        259.833        98.8286
           1380           1380        257.318            260        98.8256
           1381           1381        257.494        260.167        98.8226
           1382           1382        257.654        260.333        98.8196
           1383           1383        257.827          260.5        98.8166
           1384           1384        257.989        260.667        98.8134
           1385           1385        258.153        260.833        98.8102
           1386           1386        258.321            261        98.8072
           1387           1387        258.495        261.167        98.8047
           1388           1388        258.662        261.333        98.8027
           1389           1389        258.828          261.5        98.8013
           1390           1390        258.995        261.667        98.7995
           1391           1391        259.166        261.833        98.7972
           1392           1392        259.332            262        98.7946
           1393           1393        259.498        262.167        98.7918
           1394           1394        259.666        262.333        98.7884
           1395           1395        259.834          262.5        98.7847
           1396           1396            260        262.667        98.7808
           1397           1397        260.163        262.833        98.7755
           1398           1398        260.332            263        98.7711
           1399           1399          260.5        263.167         98.767
           1400           1400        260.672        263.333        98.7629
           1401           1401        260.836          263.5        98.7593
           1402           1402        261.004        263.667        98.7554
           1403           1403        261.173        263.833        98.7514
           1404           1404         261.34            264        98.7475
           1405           1405        261.508        264.167        98.7434
           1406           1406        261.672        264.333        98.7394
           1407           1407        261.839          264.5        98.7354
           1408           1408        262.005        264.667        98.7313
           1409           1409        262.173        264.833        98.7271
           1410           1410        262.348            265        98.7229
           1411           1411        262.509        265.167        98.7188
           1412           1412        262.675        265.333        98.7149
           1413           1413        262.835          265.5        98.7111
           1414           1414        263.001        265.667        98.7074
           1415           1415        263.174        265.833        98.7037
           1416           1416        263.343            266           98.7
           1417           1417        263.516        266.167        98.6964
           1418           1418        263.679        266.333         98.693
           1419           1419        263.847          266.5        98.6895
           1420           1420         264.02        266.667         98.686
           1421           1421        264.187        266.833        98.6823
           1422           1422        264.353            267        98.6783
           1423           1423        264.522        267.167        98.6742
           1424           1424        264.688        267.333        98.6699
           1425           1425        264.854          267.5        98.6657
           1426           1426        265.016        267.667         98.661
           1427           1427        265.188        267.833        98.6566
           1428           1428        265.359            268        98.6522
           1429           1429        265.538        268.167        98.6477
           1430           1430         265.69        268.333        98.6434
           1431           1431        265.867          268.5         98.639
           1432           1432        266.023        268.667        98.6345
           1433           1433        266.193        268.833        98.6301
           1434           1434        266.359            269        98.6254
           1435           1435        266.526        269.167        98.6206
           1436           1436        266.695        269.333        98.6157
           1437           1437        266.864          269.5        98.6108
           1438           1438        267.024        269.667        98.6054
           1439           1439        267.195        269.833        98.6001
           1440           1440        267.364            270        98.5947
           1441           1441        267.527        270.167        98.5893
           1442           1442        267.696        270.333        98.5839
           1443           1443        267.861          270.5        98.5786
           1444           1444        268.033        270.667        98.5732
           1445           1445        268.202        270.833        98.5678
           1446           1446        268.365            271        98.5624
           1447           1447        268.536        271.167        98.5571
           1448           1448        268.704        271.333        98.5517
           1449           1449        268.874          271.5        98.5464
           1450           1450        269.047        271.667        98.5411
           1451           1451        269.208        271.833        98.5357
           1452           1452        269.382            272        98.5304
           1453           1453        269.541        272.167         98.525
           1454           1454        269.711        272.333        98.5195
           1455           1455         269.88          272.5        98.5138
           1456           1456        270.048        272.667        98.5081
           1457           1457        270.216        272.833        98.5024
           1458           1458        270.384            273        98.4967
           1459           1459         270.55        273.167        98.4907
           1460           1460        270.706        273.333        98.4849
           1461           1461        270.876          273.5        98.4791
           1462           1462        271.052        273.667        98.4733
           1463           1463        271.214        273.833        98.4676
           1464           1464        271.387            274        98.4617
           1465           1465        271.556        274.167        98.4557
           1466           1466         271.71        274.333        98.4497
           1467           1467        271.885          274.5        98.4433
           1468           1468        272.051        274.667        98.4369
           1469           1469        272.217        274.833        98.4304
           1470           1470        272.389            275        98.4238
           1471           1471        272.551        275.167        98.4169
           1472           1472        272.724        275.333        98.4101
           1473           1473        272.889          275.5        98.4035
           1474           1474        273.062        275.667        98.3968
           1475           1475         273.23        275.833        98.3904
           1476           1476        273.393            276         98.384
           1477           1477        273.565        276.167        98.3776
           1478           1478        273.733        276.333        98.3712
           1479           1479        273.897          276.5        98.3646
           1480           1480        274.065        276.667         98.358
           1481           1481        274.231        276.833        98.3513
           1482           1482        274.401            277        98.3445
           1483           1483        274.565        277.167        98.3376
           1484           1484        274.731        277.333        98.3302
           1485           1485        274.898          277.5        98.3229
           1486           1486        275.061        277.667        98.3156
           1487           1487        275.229        277.833        98.3083
           1488           1488        275.395            278        98.3007
           1489           1489        275.568        278.167        98.2932
           1490           1490        275.742        278.333        98.2855
           1491           1491        275.903          278.5        98.2778
           1492           1492        276.064        278.667        98.2697
           1493           1493        276.236        278.833        98.2616
           1494           1494        276.391            279        98.2534
           1495           1495        276.567        279.167         98.245
           1496           1496         276.73        279.333         98.236
           1497           1497        276.899          279.5        98.2272
           1498           1498        277.067        279.667        98.2184
           1499           1499        277.235        279.833        98.2095
           1500           1500        277.401            280        98.2003
           1501           1501        277.568        280.167        98.1911
           1502           1502        277.733        280.333        98.1819
           1503           1503        277.904          280.5        98.1727
           1504           1504        278.071        280.667        98.1632
           1505           1505        278.235        280.833        98.1538
           1506           1506        278.406            281        98.1443
           1507           1507         278.58        281.167        98.1348
           1508           1508         278.74        281.333        98.1251
           1509           1509         278.91          281.5        98.1155
           1510           1510        279.073        281.667        98.1058
           1511           1511        279.245        281.833         98.096
           1512           1512        279.415            282        98.0862
           1513           1513        279.577        282.167        98.0761
           1514           1514        279.758        282.333        98.0659
           1515           1515        279.917          282.5        98.0555
           1516           1516        280.085        282.667        98.0451
           1517           1517        280.246        282.833        98.0342
           1518           1518         280.41            283        98.0234
           1519           1519        280.581        283.167        98.0126
           1520           1520         280.75        283.333        98.0016
           1521           1521        280.911          283.5        97.9904
           1522           1522        281.074        283.667        97.9793
           1523           1523         281.25        283.833        97.9681
           1524           1524        281.416            284        97.9569
           1525           1525        281.592        284.167        97.9452
           1526           1526        281.765        284.333        97.9336
           1527           1527        281.924          284.5         97.922
           1528           1528        282.084        284.667        97.9104
           1529           1529        282.259        284.833        97.8984
           1530           1530        282.421            285        97.8867
           1531           1531        282.584        285.167         97.875
           1532           1532        282.757        285.333        97.8633
           1533           1533        282.924          285.5        97.8515
           1534           1534        283.096        285.667        97.8393
           1535           1535        283.266        285.833        97.8271
           1536           1536        283.433            286         97.815
           1537           1537        283.603        286.167        97.8037
           1538           1538        283.769        286.333        97.7929
           1539           1539        283.937          286.5        97.7823
           1540           1540        284.105        286.667        97.7717
           1541           1541        284.267        286.833        97.7623
           1542           1542        284.433            287        97.7519
           1543           1543        284.605        287.167        97.7409
           1544           1544         284.77        287.333        97.7293
           1545           1545        284.937          287.5        97.7173
           1546           1546        285.111        287.667        97.7029
           1547           1547         285.28        287.833        97.6887
           1548           1548        285.448            288         97.674
           1549           1549        285.613        288.167         97.659
           1550           1550        285.776        288.333        97.6418
           1551           1551        285.951          288.5        97.6265
           1552           1552         286.12        288.667        97.6133
           1553           1553        286.285        288.833        97.6012
           1554           1554        286.457            289        97.5905
           1555           1555        286.633        289.167        97.5787
           1556           1556        286.796        289.333        97.5658
           1557           1557         286.96          289.5        97.5521
           1558           1558        287.121        289.667        97.5373
           1559           1559        287.281        289.833        97.5212
           1560           1560        287.454            290        97.5042
           1561           1561        287.621        290.167        97.4866
           1562           1562        287.788        290.333        97.4646
           1563           1563        287.952          290.5        97.4449
           1564           1564        288.125        290.667        97.4256
           1565           1565        288.292        290.833        97.4064
           1566           1566        288.454            291        97.3876
           1567           1567        288.624        291.167        97.3687
           1568           1568        288.791        291.333        97.3499
           1569           1569        288.957          291.5         97.331
           1570           1570         289.13        291.667        97.3124
           1571           1571        289.295        291.833        97.2935
           1572           1572        289.457            292        97.2746
           1573           1573        289.631        292.167        97.2556
           1574           1574        289.803        292.333        97.2363
           1575           1575        289.971          292.5        97.2172
           1576           1576         290.14        292.667        97.1982
           1577           1577        290.304        292.833        97.1791
           1578           1578        290.477            293          97.16
           1579           1579         290.64        293.167        97.1407
           1580           1580        290.803        293.333        97.1212
           1581           1581        290.976          293.5        97.1014
           1582           1582        291.148        293.667        97.0815
           1583           1583        291.308        293.833         97.061
           1584           1584        291.482            294        97.0406
           1585           1585        291.655        294.167        97.0202
           1586           1586        291.814        294.333        96.9996
           1587           1587        291.985          294.5        96.9787
           1588           1588        292.144        294.667        96.9578
           1589           1589        292.322        294.833        96.9368
           1590           1590        292.483            295        96.9157
           1591           1591        292.654        295.167         96.894
           1592           1592        292.815        295.333        96.8723
           1593           1593        292.994          295.5        96.8504
           1594           1594        293.149        295.667        96.8283
           1595           1595        293.324        295.833        96.8054
           1596           1596        293.492            296        96.7825
           1597           1597         293.66        296.167        96.7594
           1598           1598        293.835        296.333        96.7362
           1599           1599        294.003          296.5        96.7122
           1600           1600        294.157        296.667        96.6885
           1601           1601        294.331        296.833        96.6648
           1602           1602        294.496            297        96.6411
           1603           1603         294.67        297.167        96.6167
           1604           1604        294.829        297.333        96.5923
           1605           1605        295.006          297.5        96.5678
           1606           1606        295.177        297.667        96.5433
           1607           1607         295.34        297.833        96.5182
           1608           1608        295.505            298        96.4933
           1609           1609        295.677        298.167        96.4682
           1610           1610        295.839        298.333         96.443
           1611           1611         296.01          298.5        96.4176
           1612           1612        296.174        298.667         96.392
           1613           1613        296.343        298.833        96.3661
           1614           1614        296.502            299        96.3401
           1615           1615        296.678        299.167        96.3132
           1616           1616        296.842        299.333        96.2864
           1617           1617         297.01          299.5        96.2594
           1618           1618        297.175        299.667        96.2321
           1619           1619        297.339        299.833        96.2038
           1620           1620         297.51            300        96.1758
           1621           1621        297.681        300.167        96.1476
           1622           1622        297.847        300.333        96.1192
           1623           1623        298.013          300.5        96.0898
           1624           1624        298.185        300.667        96.0605
           1625           1625        298.355        300.833         96.031
           1626           1626         298.52            301        96.0015
           1627           1627        298.684        301.167        95.9716
           1628           1628        298.857        301.333        95.9422
           1629           1629        299.022          301.5        95.9126
           1630           1630        299.192        301.667        95.8825
           1631           1631        299.365        301.833        95.8519
           1632           1632        299.531            302        95.8206
           1633           1633        299.695        302.167        95.7887
           1634           1634        299.865        302.333        95.7565
           1635           1635         300.03          302.5        95.7218
           1636           1636        300.203        302.667        95.6878
           1637           1637        300.371        302.833        95.6538
           1638           1638        300.534            303        95.6194
           1639           1639        300.707        303.167         95.584
           1640           1640        300.874        303.333        95.5489
           1641           1641        301.034          303.5        95.5134
           1642           1642        301.208        303.667        95.4774
           1643           1643        301.375        303.833        95.4403
           1644           1644        301.551            304        95.4041
           1645           1645        301.718        304.167        95.3681
           1646           1646        301.886        304.333         95.332
           1647           1647        302.052          304.5         95.295
           1648           1648        302.225        304.667         95.258
           1649           1649        302.386        304.833        95.2212
           1650           1650        302.559            305        95.1847
           1651           1651        302.723        305.167        95.1472
           1652           1652        302.886        305.333        95.1087
           1653           1653        303.051          305.5        95.0689
           1654           1654        303.227        305.667        95.0283
           1655           1655        303.394        305.833        94.9859
           1656           1656        303.564            306        94.9442
           1657           1657        303.737        306.167        94.9025
           1658           1658        303.892        306.333        94.8607
           1659           1659        304.073          306.5         94.818
           1660           1660        304.236        306.667         94.776
           1661           1661        304.404        306.833         94.734
           1662           1662        304.571            307        94.6918
           1663           1663         304.74        307.167        94.6495
           1664           1664        304.912        307.333        94.6066
           1665           1665        305.068          307.5        94.5633
           1666           1666        305.233        307.667        94.5196
           1667           1667          305.4        307.833        94.4741
           1668           1668        305.573            308        94.4291
           1669           1669         305.74        308.167        94.3839
           1670           1670        305.912        308.333        94.3385
           1671           1671        306.077          308.5        94.2919
           1672           1672        306.249        308.667        94.2453
           1673           1673        306.414        308.833         94.198
           1674           1674        306.583            309        94.1503
           1675           1675        306.751        309.167        94.1012
           1676           1676        306.917        309.333        94.0525
           1677           1677         307.09          309.5        94.0038
           1678           1678         307.26        309.667        93.9551
           1679           1679        307.435        309.833        93.9061
           1680           1680        307.592            310        93.8577
           1681           1681        307.755        310.167        93.8096
           1682           1682        307.932        310.333        93.7615
           1683           1683        308.098          310.5         93.714
           1684           1684        308.266        310.667        93.6659
           1685           1685        308.434        310.833        93.6175
           1686           1686        308.601            311        93.5691
           1687           1687        308.772        311.167        93.5197
           1688           1688        308.936        311.333        93.4704
           1689           1689        309.104          311.5        93.4209
           1690           1690        309.273        311.667        93.3712
           1691           1691        309.439        311.833        93.3206
           1692           1692        309.607            312        93.2697
           1693           1693        309.772        312.167        93.2183
           1694           1694        309.939        312.333        93.1663
           1695           1695        310.112          312.5        93.1119
           1696           1696         310.28        312.667        93.0573
           1697           1697        310.445        312.833        93.0024
           1698           1698        310.612            313        92.9473
           1699           1699        310.778        313.167        92.8905
           1700           1700        310.946        313.333        92.8348
           1701           1701        311.112          313.5        92.7793
           1702           1702        311.287        313.667        92.7239
           1703           1703        311.455        313.833          92.67
           1704           1704        311.626            314        92.6158
           1705           1705        311.786        314.167        92.5614
           1706           1706        311.957        314.333        92.5069
           1707           1707        312.126          314.5        92.4521
           1708           1708        312.302        314.667        92.3963
           1709           1709        312.455        314.833        92.3396
           1710           1710        312.619            315        92.2823
           1711           1711        312.787        315.167        92.2245
           1712           1712        312.951        315.333        92.1638
           1713           1713        313.132          315.5        92.1038
           1714           1714        313.297        315.667        92.0427
           1715           1715        313.464        315.833        91.9802
           1716           1716        313.637            316        91.9155
           1717           1717        313.807        316.167        91.8537
           1718           1718        313.968        316.333        91.7944
           1719           1719        314.144          316.5        91.7362
           1720           1720        314.307        316.667        91.6781
           1721           1721        314.477        316.833        91.6194
           1722           1722        314.645            317        91.5599
           1723           1723         314.81        317.167        91.4999
           1724           1724        314.974        317.333        91.4391
           1725           1725         315.15          317.5        91.3771
           1726           1726        315.309        317.667         91.314
           1727           1727        315.478        317.833        91.2504
           1728           1728        315.646            318        91.1828
           1729           1729        315.815        318.167        91.1165
           1730           1730         315.98        318.333        91.0502
           1731           1731        316.153          318.5        90.9835
           1732           1732        316.321        318.667        90.9155
           1733           1733        316.491        318.833         90.848
           1734           1734        316.651            319        90.7803
           1735           1735         316.83        319.167        90.7126
           1736           1736        316.991        319.333        90.6444
           1737           1737        317.158          319.5        90.5762
           1738           1738        317.338        319.667        90.5079
           1739           1739        317.495        319.833        90.4394
           1740           1740        317.666            320          90.37
           1741           1741        317.837        320.167        90.3003
           1742           1742            318        320.333        90.2299
           1743           1743        318.173          320.5        90.1588
           1744           1744         318.34        320.667        90.0873
           1745           1745         318.51        320.833        90.0133
           1746           1746        318.684            321          89.94
           1747           1747         318.85        321.167        89.8664
           1748           1748        319.008        321.333        89.7926
           1749           1749        319.174          321.5        89.7173
           1750           1750        319.345        321.667        89.6424
           1751           1751        319.504        321.833        89.5675
           1752           1752        319.681            322        89.4924
           1753           1753        319.842        322.167        89.4164
           1754           1754        320.018        322.333        89.3404
           1755           1755        320.194          322.5        89.2641
           1756           1756        320.354        322.667        89.1875
           1757           1757        320.519        322.833        89.1096
           1758           1758        320.686            323        89.0316
           1759           1759        320.852        323.167        88.9531
           1760           1760         321.02        323.333        88.8744
           1761           1761        321.191          323.5        88.7938
           1762           1762        321.359        323.667        88.7134
           1763           1763        321.528        323.833        88.6325
           1764           1764        321.707            324        88.5509
           1765           1765        321.863        324.167         88.467
           1766           1766        322.028        324.333        88.3831
           1767           1767        322.208          324.5        88.2984
           1768           1768        322.374        324.667        88.2131
           1769           1769        322.541        324.833        88.1246
           1770           1770        322.702            325         88.037
           1771           1771        322.865        325.167         87.949
           1772           1772        323.042        325.333        87.8606
           1773           1773        323.204          325.5        87.7704
           1774           1774         323.37        325.667        87.6809
           1775           1775         323.54        325.833        87.5915
           1776           1776        323.717            326         87.502
           1777           1777        323.885        326.167        87.4123
           1778           1778        324.049        326.333        87.3224
           1779           1779        324.213          326.5        87.2324
           1780           1780        324.382        326.667        87.1422
           1781           1781        324.546        326.833        87.0518
           1782           1782        324.717            327        86.9606
           1783           1783        324.889        327.167        86.8693
           1784           1784        325.056        327.333        86.7777
           1785           1785        325.223          327.5        86.6859
           1786           1786        325.387        327.667        86.5928
           1787           1787        325.545        327.833        86.4998
           1788           1788         325.72            328        86.4063
           1789           1789        325.894        328.167        86.3125
           1790           1790        326.055        328.333        86.2172
           1791           1791        326.231          328.5         86.122
           1792           1792        326.394        328.667        86.0264
           1793           1793        326.561        328.833        85.9304
           1794           1794        326.735            329        85.8324
           1795           1795        326.903        329.167        85.7344
           1796           1796        327.069        329.333        85.6359
           1797           1797        327.233          329.5        85.5369
           1798           1798        327.405        329.667         85.436
           1799           1799        327.573        329.833        85.3357
           1800           1800        327.741            330        85.2353
           1801           1801        327.909        330.167        85.1348
           1802           1802        328.069        330.333        85.0333
           1803           1803        328.244          330.5         84.932
           1804           1804        328.412        330.667        84.8305
           1805           1805        328.582        330.833        84.7286
           1806           1806        328.754            331        84.6257
           1807           1807        328.915        331.167        84.5229
           1808           1808        329.083        331.333        84.4204
           1809           1809         329.25          331.5        84.3185
           1810           1810        329.426        331.667        84.2167
           1811           1811        329.594        331.833        84.1145
           1812           1812        329.755            332        84.0124
           1813           1813        329.926        332.167        83.9102
           1814           1814        330.087        332.333         83.808
           1815           1815        330.259          332.5        83.7052
           1816           1816        330.435        332.667        83.6019
           1817           1817        330.596        332.833         83.498
           1818           1818         330.77            333        83.3937
           1819           1819        330.926        333.167        83.2868
           1820           1820        331.099        333.333        83.1799
           1821           1821        331.273          333.5        83.0722
           1822           1822        331.444        333.667         82.964
           1823           1823        331.608        333.833        82.8528
           1824           1824        331.777            334        82.7421
           1825           1825        331.943        334.167        82.6307
           1826           1826        332.112        334.333         82.519
           1827           1827        332.281          334.5        82.4041
           1828           1828        332.449        334.667        82.2891
           1829           1829        332.614        334.833        82.1734
           1830           1830        332.781            335        82.0569
           1831           1831        332.944        335.167        81.9362
           1832           1832        333.114        335.333        81.8162
           1833           1833         333.28          335.5         81.696
           1834           1834         333.45        335.667        81.5756
           1835           1835        333.618        335.833        81.4534
           1836           1836        333.786            336         81.333
           1837           1837        333.962        336.167         81.213
           1838           1838        334.127        336.333        81.0933
           1839           1839        334.294          336.5         80.975
           1840           1840        334.466        336.667        80.8556
           1841           1841        334.638        336.833        80.7354
           1842           1842        334.804            337        80.6144
           1843           1843        334.967        337.167        80.4928
           1844           1844        335.129        337.333        80.3682
           1845           1845         335.29          337.5        80.2434
           1846           1846        335.474        337.667         80.117
           1847           1847        335.635        337.833        79.9892
           1848           1848        335.799            338         79.856
           1849           1849        335.977        338.167        79.7233
           1850           1850        336.141        338.333        79.5895
           1851           1851        336.308          338.5        79.4548
           1852           1852         336.48        338.667        79.3142
           1853           1853        336.638        338.833        79.1749
           1854           1854          336.8            339         79.035
           1855           1855        336.972        339.167        78.8947
           1856           1856        337.147        339.333        78.7515
           1857           1857        337.315          339.5        78.6094
           1858           1858        337.485        339.667        78.4671
           1859           1859        337.652        339.833        78.3245
           1860           1860        337.822            340        78.1818
           1861           1861        337.984        340.167        78.0398
           1862           1862        338.149        340.333        77.8983
           1863           1863         338.32          340.5         77.757
           1864           1864        338.492        340.667        77.6168
           1865           1865        338.653        340.833        77.4763
           1866           1866        338.828            341        77.3358
           1867           1867        339.001        341.167        77.1952
           1868           1868        339.169        341.333         77.055
           1869           1869        339.339          341.5        76.9142
           1870           1870        339.505        341.667        76.7731
           1871           1871        339.678        341.833        76.6319
           1872           1872        339.838            342        76.4897
           1873           1873        340.007        342.167        76.3477
           1874           1874        340.178        342.333        76.2057
           1875           1875        340.346          342.5        76.0636
           1876           1876        340.514        342.667        75.9214
           1877           1877        340.683        342.833        75.7793
           1878           1878        340.856            343        75.6378
           1879           1879        341.014        343.167        75.4962
           1880           1880        341.179        343.333        75.3543
           1881           1881        341.361          343.5        75.2126
           1882           1882        341.525        343.667          75.07
           1883           1883        341.696        343.833        74.9268
           1884           1884         341.87            344        74.7833
           1885           1885        342.033        344.167        74.6381
           1886           1886        342.204        344.333        74.4933
           1887           1887        342.375          344.5        74.3483
           1888           1888        342.537        344.667         74.203
           1889           1889          342.7        344.833        74.0572
           1890           1890        342.871            345        73.9116
           1891           1891        343.036        345.167         73.766
           1892           1892        343.217        345.333        73.6203
           1893           1893        343.377          345.5        73.4743
           1894           1894         343.55        345.667        73.3283
           1895           1895        343.716        345.833        73.1822
           1896           1896        343.879            346        73.0361
           1897           1897        344.048        346.167        72.8899
           1898           1898        344.216        346.333        72.7439
           1899           1899        344.386          346.5        72.5981
           1900           1900        344.548        346.667        72.4524
           1901           1901        344.727        346.833        72.3072
           1902           1902        344.892            347        72.1617
           1903           1903        345.069        347.167         72.016
           1904           1904        345.232        347.333        71.8703
           1905           1905        345.405          347.5        71.7247
           1906           1906        345.567        347.667        71.5792
           1907           1907        345.741        347.833        71.4339
           1908           1908        345.905            348        71.2889
           1909           1909        346.074        348.167         71.144
           1910           1910         346.24        348.333        70.9998
           1911           1911        346.409          348.5        70.8556
           1912           1912        346.577        348.667        70.7116
           1913           1913        346.744        348.833        70.5678
           1914           1914        346.913            349        70.4248
           1915           1915         347.09        349.167        70.2816
           1916           1916        347.258        349.333        70.1386
           1917           1917        347.423          349.5        69.9958
           1918           1918        347.594        349.667        69.8539
           1919           1919        347.762        349.833        69.7122
           1920           1920        347.928            350        69.5709
           1921           1921          348.1        350.167        69.4299
           1922           1922        348.271        350.333        69.2906
           1923           1923        348.443          350.5        69.1512
           1924           1924        348.606        350.667         69.012
           1925           1925        348.775        350.833        68.8729
           1926           1926        348.951            351        68.7351
           1927           1927        349.116        351.167         68.597
           1928           1928         349.28        351.333        68.4592
           1929           1929        349.457          351.5        68.3215
           1930           1930        349.621        351.667        68.1848
           1931           1931         349.79        351.833        68.0478
           1932           1932        349.957            352        67.9108
           1933           1933        350.122        352.167        67.7739
           1934           1934        350.302        352.333        67.6379
           1935           1935        350.465          352.5        67.5016
           1936           1936        350.631        352.667        67.3655
           1937           1937        350.811        352.833        67.2294
           1938           1938        350.967            353        67.0941
           1939           1939         351.14        353.167        66.9588
           1940           1940        351.311        353.333        66.8236
           1941           1941        351.479          353.5        66.6887
           1942           1942        351.646        353.667         66.554
           1943           1943        351.815        353.833        66.4203
           1944           1944        351.981            354        66.2864
           1945           1945        352.149        354.167        66.1525
           1946           1946        352.323        354.333        66.0188
           1947           1947        352.491          354.5        65.8859
           1948           1948        352.662        354.667        65.7531
           1949           1949        352.825        354.833        65.6206
           1950           1950         352.99            355        65.4884
           1951           1951        353.156        355.167        65.3575
           1952           1952        353.321        355.333        65.2264
           1953           1953        353.498          355.5        65.0954
           1954           1954        353.664        355.667        64.9645
           1955           1955        353.833        355.833        64.8345
           1956           1956        354.003            356         64.704
           1957           1957        354.165        356.167        64.5736
           1958           1958        354.335        356.333        64.4431
           1959           1959        354.501          356.5        64.3129
           1960           1960        354.666        356.667        64.1829
           1961           1961        354.842        356.833        64.0533
           1962           1962        355.006            357         63.924
           1963           1963        355.173        357.167        63.7958
           1964           1964        355.347        357.333        63.6674
           1965           1965        355.505          357.5        63.5393
           1966           1966        355.672        357.667        63.4114
           1967           1967        355.843        357.833        63.2847
           1968           1968        356.012            358        63.1578
           1969           1969        356.184        358.167        63.0312
           1970           1970         356.36        358.333        62.9049
           1971           1971        356.525          358.5        62.7797
           1972           1972         356.69        358.667        62.6544
           1973           1973         356.86        358.833        62.5294
           1974           1974        357.029            359        62.4049
           1975           1975        357.196        359.167        62.2803
           1976           1976        357.366        359.333        62.1569
           1977           1977        357.538          359.5         62.033
           1978           1978        357.698        359.667        61.9092
           1979           1979        357.877        359.833        61.7856
           1980           1980        358.034            360        61.6621
           1981           1981        358.203        360.167        61.5387
           1982           1982        358.371        360.333        61.4155
           1983           1983        358.537          360.5        61.2924
           1984           1984        358.706        360.667        61.1691
           1985           1985        358.877        360.833        61.0455
           1986           1986        359.042            361        60.9217
           1987           1987        359.213        361.167        60.7979
           1988           1988        359.378        361.333        60.6731
           1989           1989        359.543          361.5        60.5486
           1990           1990        359.712        361.667        60.4241
           1991           1991        359.883        361.833        60.2997
           1992           1992         360.05            362        60.1748
           1993           1993        360.222        362.167        60.0504
           1994           1994        360.388        362.333         59.926
           1995           1995        360.561          362.5        59.8016
           1996           1996        360.731        362.667        59.6767
           1997           1997          360.9        362.833        59.5515
           1998           1998        361.068            363        59.4261
           1999           1999        361.236        363.167        59.3007
           2000           2000          361.4        363.333        59.1738
           2001           2001        361.574          363.5        59.0472
           2002           2002        361.736        363.667        58.9206
           2003           2003         361.91        363.833        58.7938
           2004           2004        362.081            364        58.6667
           2005           2005        362.249        364.167        58.5398
           2006           2006        362.417        364.333        58.4127
           2007           2007        362.593          364.5        58.2854
           2008           2008        362.757        364.667        58.1579
           2009           2009        362.923        364.833        58.0298
           2010           2010        363.087            365        57.9013
           2011           2011        363.264        365.167        57.7722
           2012           2012        363.426        365.333        57.6429
           2013           2013        363.595          365.5        57.5116
           2014           2014        363.768        365.667        57.3807
           2015           2015        363.932        365.833        57.2497
           2016           2016        364.103            366        57.1185
           2017           2017        364.272        366.167        56.9862
           2018           2018        364.436        366.333        56.8545
           2019           2019        364.609          366.5        56.7231
           2020           2020        364.773        366.667        56.5918
           2021           2021        364.944        366.833        56.4614
           2022           2022        365.118            367        56.3312
           2023           2023        365.277        367.167        56.2016
           2024           2024        365.444        367.333        56.0722
           2025           2025        365.617          367.5        55.9446
           2026           2026        365.789        367.667        55.8166
           2027           2027        365.959        367.833        55.6888
           2028           2028         366.13            368        55.5615
           2029           2029        366.298        368.167        55.4356
           2030           2030        366.469        368.333        55.3093
           2031           2031        366.633          368.5        55.1833
           2032           2032        366.806        368.667        55.0575
           2033           2033        366.974        368.833        54.9329
           2034           2034        367.155            369        54.8081
           2035           2035        367.308        369.167        54.6836
           2036           2036        367.475        369.333        54.5592
           2037           2037        367.648          369.5        54.4358
           2038           2038        367.819        369.667        54.3124
           2039           2039        367.985        369.833        54.1892
           2040           2040        368.156            370        54.0662
           2041           2041        368.328        370.167         53.943
           2042           2042         368.49        370.333        53.8201
           2043           2043        368.665          370.5        53.6966
           2044           2044        368.837        370.667         53.573
           2045           2045        369.009        370.833        53.4496
           2046           2046        369.173            371        53.3261
           2047           2047        369.355        371.167        53.2037
           2048           2048        369.514        371.333        53.0822
           2049           2049        369.679          371.5        52.9611
           2050           2050         369.85        371.667        52.8428
           2051           2051        370.023        371.833        52.7239
           2052           2052        370.199            372        52.6054
           2053           2053        370.358        372.167        52.4872
           2054           2054        370.528        372.333        52.3708
           2055           2055        370.697          372.5        52.2537
           2056           2056        370.865        372.667        52.1368
           2057           2057        371.036        372.833          52.02
           2058           2058        371.199            373        51.9046
           2059           2059        371.371        373.167        51.7893
           2060           2060        371.543        373.333        51.6746
           2061           2061         371.72          373.5        51.5602
           2062           2062         371.89        373.667        51.4482
           2063           2063         372.05        373.833        51.3362
           2064           2064        372.221            374         51.225
           2065           2065         372.39        374.167        51.1144
           2066           2066        372.553        374.333        51.0069
           2067           2067        372.729          374.5        50.8992
           2068           2068        372.895        374.667        50.7921
           2069           2069        373.063        374.833        50.6855
           2070           2070        373.223            375        50.5821
           2071           2071        373.399        375.167        50.4778
           2072           2072        373.562        375.333         50.374
           2073           2073        373.739          375.5         50.271
           2074           2074        373.904        375.667        50.1684
           2075           2075        374.072        375.833        50.0681
           2076           2076        374.247            376        49.9674
           2077           2077        374.407        376.167        49.8671
           2078           2078        374.578        376.333        49.7671
           2079           2079        374.747          376.5        49.6688
           2080           2080        374.913        376.667        49.5699
           2081           2081        375.087        376.833        49.4711
           2082           2082        375.255            377        49.3724
           2083           2083        375.427        377.167        49.2744
           2084           2084        375.597        377.333        49.1763
           2085           2085         375.76          377.5        49.0784
           2086           2086        375.928        377.667        48.9805
           2087           2087          376.1        377.833        48.8831
           2088           2088        376.265            378        48.7855
           2089           2089        376.433        378.167        48.6878
           2090           2090        376.604        378.333        48.5901
           2091           2091        376.766          378.5        48.4921
           2092           2092        376.942        378.667        48.3938
           2093           2093        377.111        378.833        48.2953
           2094           2094        377.283            379        48.1967
           2095           2095        377.443        379.167        48.0973
           2096           2096        377.617        379.333         47.998
           2097           2097        377.787          379.5        47.8986
           2098           2098        377.956        379.667        47.7992
           2099           2099        378.124        379.833         47.699
           2100           2100        378.291            380        47.5988
           2101           2101        378.451        380.167        47.4984
           2102           2102        378.623        380.333        47.3977
           2103           2103        378.787          380.5        47.2961
           2104           2104        378.953        380.667        47.1945
           2105           2105        379.126        380.833        47.0927
           2106           2106        379.294            381        46.9907
           2107           2107        379.459        381.167        46.8886
           2108           2108        379.627        381.333        46.7856
           2109           2109        379.799          381.5        46.6827
           2110           2110        379.966        381.667        46.5796
           2111           2111        380.137        381.833        46.4764
           2112           2112        380.309            382        46.3722
           2113           2113        380.478        382.167         46.268
           2114           2114        380.643        382.333        46.1634
           2115           2115        380.809          382.5        46.0587
           2116           2116        380.984        382.667        45.9526
           2117           2117        381.137        382.833        45.8468
           2118           2118        381.308            383        45.7409
           2119           2119        381.481        383.167        45.6347
           2120           2120        381.656        383.333        45.5276
           2121           2121        381.818          383.5        45.4205
           2122           2122        381.988        383.667        45.3132
           2123           2123         382.15        383.833        45.2056
           2124           2124        382.317            384        45.0967
           2125           2125        382.489        384.167        44.9881
           2126           2126        382.654        384.333        44.8792
           2127           2127        382.833          384.5          44.77
           2128           2128        382.998        384.667        44.6594
           2129           2129        383.165        384.833        44.5489
           2130           2130        383.328            385        44.4382
           2131           2131        383.502        385.167        44.3272
           2132           2132        383.664        385.333        44.2148
           2133           2133        383.835          385.5        44.1027
           2134           2134        384.005        385.667        43.9904
           2135           2135         384.17        385.833        43.8778
           2136           2136        384.343            386        43.7643
           2137           2137        384.506        386.167        43.6513
           2138           2138         384.67        386.333        43.5383
           2139           2139        384.838          386.5        43.4253
           2140           2140        385.014        386.667        43.3122
           2141           2141        385.179        386.833        43.1993
           2142           2142        385.342            387        43.0862
           2143           2143        385.514        387.167        42.9728
           2144           2144        385.677        387.333        42.8594
           2145           2145        385.852          387.5        42.7455
           2146           2146        386.022        387.667        42.6315
           2147           2147        386.191        387.833        42.5173
           2148           2148         386.36            388         42.403
           2149           2149        386.519        388.167        42.2878
           2150           2150        386.691        388.333        42.1726
           2151           2151        386.859          388.5        42.0572
           2152           2152        387.026        388.667        41.9417
           2153           2153        387.192        388.833        41.8253
           2154           2154        387.359            389         41.709
           2155           2155        387.528        389.167        41.5925
           2156           2156        387.694        389.333        41.4759
           2157           2157        387.865          389.5        41.3585
           2158           2158        388.035        389.667        41.2412
           2159           2159         388.19        389.833        41.1236
           2160           2160        388.367            390        41.0059
           2161           2161        388.532        390.167        40.8873
           2162           2162        388.705        390.333        40.7688
           2163           2163        388.869          390.5        40.6501
           2164           2164        389.037        390.667        40.5311
           2165           2165        389.208        390.833        40.4111
           2166           2166        389.377            391        40.2913
           2167           2167        389.546        391.167        40.1713
           2168           2168        389.709        391.333        40.0511
           2169           2169         389.88          391.5        39.9299
           2170           2170        390.049        391.667        39.8087
           2171           2171        390.225        391.833        39.6873
           2172           2172        390.386            392        39.5656
           2173           2173         390.55        392.167        39.4436
           2174           2174        390.717        392.333        39.3207
           2175           2175        390.891          392.5        39.1981
           2176           2176        391.061        392.667        39.0751
           2177           2177        391.233        392.833        38.9521
           2178           2178        391.398            393        38.8281
           2179           2179        391.563        393.167        38.7039
           2180           2180        391.729        393.333        38.5793
           2181           2181        391.899          393.5        38.4544
           2182           2182        392.071        393.667        38.3281
           2183           2183        392.236        393.833         38.202
           2184           2184        392.403            394        38.0756
           2185           2185        392.568        394.167        37.9488
           2186           2186         392.74        394.333        37.8206
           2187           2187        392.904          394.5        37.6925
           2188           2188        393.072        394.667        37.5641
           2189           2189        393.247        394.833        37.4355
           2190           2190        393.413            395        37.3054
           2191           2191        393.581        395.167        37.1758
           2192           2192        393.745        395.333        37.0461
           2193           2193        393.917          395.5        36.9162
           2194           2194        394.081        395.667        36.7856
           2195           2195        394.252        395.833        36.6551
           2196           2196         394.42            396        36.5244
           2197           2197        394.586        396.167        36.3936
           2198           2198        394.752        396.333        36.2619
           2199           2199        394.925          396.5        36.1302
           2200           2200        395.089        396.667        35.9984
           2201           2201        395.261        396.833        35.8664
           2202           2202        395.426            397        35.7337
           2203           2203        395.596        397.167        35.6012
           2204           2204        395.765        397.333        35.4686
           2205           2205        395.933          397.5        35.3357
           2206           2206        396.099        397.667        35.2027
           2207           2207        396.269        397.833         35.069
           2208           2208         396.43            398        34.9353
           2209           2209        396.606        398.167        34.8015
           2210           2210        396.773        398.333        34.6676
           2211           2211        396.942          398.5         34.533
           2212           2212        397.114        398.667        34.3985
           2213           2213        397.275        398.833        34.2641
           2214           2214        397.447            399        34.1296
           2215           2215        397.617        399.167        33.9945
           2216           2216        397.778        399.333        33.8595
           2217           2217         397.95          399.5        33.7244
           2218           2218        398.119        399.667        33.5894
           2219           2219        398.279        399.833         33.454
           2220           2220        398.454            400        33.3188
           2221           2221        398.628        400.167        33.1837
           2222           2222        398.792        400.333        33.0486
           2223           2223        398.955          400.5        32.9135
           2224           2224        399.128        400.667        32.7785
           2225           2225        399.298        400.833        32.6434
           2226           2226        399.467            401        32.5084
           2227           2227        399.632        401.167        32.3732
           2228           2228        399.798        401.333        32.2381
           2229           2229        399.967          401.5         32.103
           2230           2230        400.133        401.667         31.968
           2231           2231        400.301        401.833        31.8329
           2232           2232        400.477            402        31.6978
           2233           2233        400.641        402.167        31.5625
           2234           2234        400.811        402.333        31.4272
           2235           2235        400.975          402.5        31.2921
           2236           2236        401.147        402.667         31.157
           2237           2237        401.315        402.833        31.0219
           2238           2238        401.486            403        30.8871
           2239           2239        401.653        403.167        30.7523
           2240           2240         401.82        403.333        30.6178
           2241           2241        401.984          403.5        30.4831
           2242           2242        402.152        403.667        30.3485
           2243           2243         402.32        403.833         30.214
           2244           2244        402.486            404        30.0795
           2245           2245        402.656        404.167        29.9452
           2246           2246        402.824        404.333        29.8109
           2247           2247        402.994          404.5        29.6768
           2248           2248        403.158        404.667        29.5433
           2249           2249        403.328        404.833          29.41
           2250           2250        403.493            405        29.2771
           2251           2251        403.662        405.167        29.1444
           2252           2252        403.829        405.333        29.0128
           2253           2253        404.002          405.5         28.881
           2254           2254        404.172        405.667        28.7494
           2255           2255        404.334        405.833        28.6179
           2256           2256        404.505            406        28.4873
           2257           2257        404.668        406.167        28.3566
           2258           2258        404.838        406.333        28.2261
           2259           2259        405.008          406.5         28.096
           2260           2260        405.174        406.667        27.9667
           2261           2261        405.347        406.833        27.8374
           2262           2262        405.513            407        27.7084
           2263           2263        405.685        407.167        27.5797
           2264           2264        405.851        407.333        27.4522
           2265           2265        406.013          407.5        27.3248
           2266           2266        406.192        407.667        27.1977
           2267           2267        406.354        407.833        27.0709
           2268           2268        406.522            408        26.9457
           2269           2269        406.692        408.167        26.8202
           2270           2270         406.86        408.333        26.6951
           2271           2271        407.024          408.5        26.5705
           2272           2272         407.19        408.667        26.4462
           2273           2273        407.364        408.833        26.3237
           2274           2274        407.526            409        26.2009
           2275           2275        407.695        409.167        26.0785
           2276           2276        407.868        409.333        25.9566
           2277           2277        408.037          409.5        25.8367
           2278           2278        408.211        409.667        25.7166
           2279           2279        408.375        409.833        25.5972
           2280           2280        408.537            410        25.4781
           2281           2281        408.709        410.167        25.3611
           2282           2282        408.875        410.333        25.2437
           2283           2283        409.049          410.5        25.1267
           2284           2284         409.22        410.667        25.0101
           2285           2285        409.385        410.833        24.8956
           2286           2286        409.552            411         24.781
           2287           2287        409.719        411.167         24.667
           2288           2288        409.893        411.333        24.5533
           2289           2289        410.053          411.5        24.4422
           2290           2290        410.228        411.667        24.3307
           2291           2291         410.39        411.833        24.2198
           2292           2292         410.56            412        24.1095
           2293           2293        410.729        412.167        24.0019
           2294           2294        410.897        412.333        23.8942
           2295           2295         411.06          412.5        23.7872
           2296           2296         411.23        412.667        23.6806
           2297           2297        411.401        412.833        23.5767
           2298           2298         411.57            413        23.4721
           2299           2299        411.734        413.167        23.3664
           2300           2300        411.909        413.333        23.2587
           2301           2301        412.069          413.5        23.1554
           2302           2302        412.247        413.667        23.0575
           2303           2303         412.42        413.833          22.96
           2304           2304        412.582            414        22.8611
           2305           2305        412.748        414.167        22.7624
           2306           2306        412.914        414.333        22.6733
           2307           2307        413.088          414.5        22.5789
           2308           2308        413.255        414.667        22.4837
           2309           2309        413.424        414.833        22.3886
           2310           2310        413.596            415        22.2914
           2311           2311        413.764        415.167        22.1963
           2312           2312        413.941        415.333        22.1021
           2313           2313        414.117          415.5        22.0085
           2314           2314        414.279        415.667        21.9183
           2315           2315        414.452        415.833        21.8277
           2316           2316        414.616            416        21.7379
           2317           2317        414.789        416.167        21.6486
           2318           2318        414.958        416.333        21.5626
           2319           2319        415.129          416.5         21.476
           2320           2320        415.292        416.667        21.3901
           2321           2321        415.454        416.833        21.3048
           2322           2322        415.625            417        21.2224
           2323           2323        415.801        417.167        21.1397
           2324           2324        415.965        417.333        21.0575
           2325           2325        416.135          417.5        20.9759
           2326           2326        416.302        417.667        20.8972
           2327           2327        416.467        417.833        20.8181
           2328           2328        416.637            418        20.7395
           2329           2329        416.809        418.167        20.6614
           2330           2330         416.98        418.333         20.586
           2331           2331        417.134          418.5        20.5102
           2332           2332        417.311        418.667        20.4348
           2333           2333        417.483        418.833          20.36
           2334           2334        417.647            419        20.2878
           2335           2335        417.814        419.167        20.2152
           2336           2336        417.983        419.333        20.1432
           2337           2337        418.145          419.5        20.0718
           2338           2338        418.314        419.667        20.0009
           2339           2339        418.484        419.833        19.9326
           2340           2340        418.651            420        19.8638
           2341           2341        418.819        420.167        19.7955
           2342           2342        418.988        420.333        19.7277
           2343           2343        419.163          420.5        19.6622
           2344           2344        419.329        420.667        19.5964
           2345           2345        419.505        420.833        19.5312
           2346           2346        419.668            421        19.4665
           2347           2347        419.841        421.167        19.4042
           2348           2348        420.006        421.333        19.3416
           2349           2349        420.171          421.5        19.2794
           2350           2350        420.329        421.667        19.2177
           2351           2351        420.501        421.833        19.1583
           2352           2352        420.677            422        19.0986
           2353           2353        420.846        422.167        19.0392
           2354           2354        421.005        422.333        18.9803
           2355           2355        421.173          422.5        18.9232
           2356           2356        421.344        422.667        18.8658
           2357           2357        421.509        422.833        18.8089
           2358           2358        421.678            423        18.7523
           2359           2359        421.849        423.167        18.6976
           2360           2360        422.022        423.333        18.6428
           2361           2361        422.187          423.5        18.5885
           2362           2362        422.357        423.667        18.5347
           2363           2363        422.527        423.833         18.483
           2364           2364        422.695            424        18.4309
           2365           2365        422.858        424.167         18.379
           2366           2366         423.04        424.333        18.3274
           2367           2367        423.204          424.5        18.2776
           2368           2368        423.371        424.667        18.2274
           2369           2369        423.542        424.833        18.1775
           2370           2370         423.71            425         18.128
           2371           2371         423.88        425.167        18.0789
           2372           2372        424.048        425.333        18.0314
           2373           2373        424.215          425.5        17.9836
           2374           2374        424.377        425.667        17.9364
           2375           2375        424.547        425.833        17.8897
           2376           2376        424.715            426        17.8448
           2377           2377        424.884        426.167        17.7997
           2378           2378        425.051        426.333        17.7548
           2379           2379        425.223          426.5        17.7102
           2380           2380        425.392        426.667        17.6673
           2381           2381        425.561        426.833        17.6238
           2382           2382        425.724            427        17.5803
           2383           2383        425.899        427.167         17.537
           2384           2384        426.064        427.333        17.4947
           2385           2385        426.235          427.5        17.4525
           2386           2386        426.403        427.667        17.4106
           2387           2387        426.569        427.833         17.369
           2388           2388        426.731            428        17.3288
           2389           2389        426.898        428.167        17.2885
           2390           2390        427.075        428.333        17.2485
           2391           2391        427.237          428.5        17.2088
           2392           2392        427.403        428.667        17.1703
           2393           2393        427.572        428.833        17.1317
           2394           2394        427.739            429        17.0934
           2395           2395        427.909        429.167        17.0554
           2396           2396        428.079        429.333        17.0185
           2397           2397        428.247          429.5        16.9814
           2398           2398        428.417        429.667        16.9445
           2399           2399        428.588        429.833        16.9079
           2400           2400        428.756            430        16.8725
           2401           2401         428.92        430.167        16.8369
           2402           2402        429.093        430.333        16.8016
           2403           2403        429.258          430.5        16.7666
           2404           2404        429.424        430.667         16.732
           2405           2405        429.595        430.833        16.6985
           2406           2406        429.764            431        16.6648
           2407           2407        429.933        431.167        16.6313
           2408           2408        430.098        431.333         16.598
           2409           2409        430.272          431.5        16.5654
           2410           2410         430.44        431.667        16.5326
           2411           2411         430.61        431.833        16.5001
           2412           2412        430.777            432        16.4678
           2413           2413        430.949        432.167        16.4362
           2414           2414        431.113        432.333        16.4047
           2415           2415        431.277          432.5        16.3735
           2416           2416         431.45        432.667        16.3425
           2417           2417        431.625        432.833        16.3126
           2418           2418        431.789            433        16.2823
           2419           2419        431.954        433.167        16.2522
           2420           2420        432.122        433.333        16.2222
           2421           2421        432.291          433.5        16.1931
           2422           2422        432.458        433.667         16.164
           2423           2423         432.63        433.833         16.135
           2424           2424        432.794            434        16.1061
           2425           2425        432.962        434.167        16.0784
           2426           2426        433.136        434.333        16.0503
           2427           2427        433.303          434.5        16.0223
           2428           2428        433.459        434.667        15.9944
           2429           2429        433.634        434.833        15.9672
           2430           2430        433.795            435        15.9399
           2431           2431        433.969        435.167        15.9128
           2432           2432         434.13        435.333        15.8857
           2433           2433        434.299          435.5        15.8595
           2434           2434        434.471        435.667        15.8331
           2435           2435        434.643        435.833        15.8069
           2436           2436        434.814            436        15.7809
           2437           2437        434.983        436.167        15.7559
           2438           2438        435.144        436.333        15.7307
           2439           2439        435.306          436.5        15.7058
           2440           2440        435.482        436.667         15.681
           2441           2441        435.648        436.833         15.657
           2442           2442        435.816            437        15.6327
           2443           2443        435.984        437.167        15.6086
           2444           2444        436.157        437.333        15.5847
           2445           2445        436.323          437.5        15.5615
           2446           2446        436.497        437.667        15.5382
           2447           2447         436.66        437.833         15.515
           2448           2448        436.828            438        15.4919
           2449           2449        436.992        438.167        15.4696
           2450           2450        437.158        438.333         15.447
           2451           2451        437.331          438.5        15.4245
           2452           2452        437.503        438.667         15.402
           2453           2453        437.667        438.833          15.38
           2454           2454        437.831            439         15.358
           2455           2455        437.998        439.167        15.3363
           2456           2456        438.171        439.333        15.3147
           2457           2457        438.339          439.5        15.2939
           2458           2458        438.503        439.667        15.2731
           2459           2459        438.676        439.833        15.2523
           2460           2460         438.84            440        15.2316
           2461           2461        439.009        440.167        15.2117
           2462           2462        439.174        440.333        15.1916
           2463           2463        439.343          440.5        15.1714
           2464           2464        439.513        440.667        15.1514
           2465           2465        439.679        440.833        15.1318
           2466           2466        439.853            441        15.1121
           2467           2467        440.023        441.167        15.0925
           2468           2468        440.183        441.333        15.0729
           2469           2469        440.357          441.5         15.054
           2470           2470        440.528        441.667        15.0351
           2471           2471        440.693        441.833        15.0164
           2472           2472        440.872            442        14.9978
           2473           2473        441.036        442.167        14.9795
           2474           2474        441.197        442.333        14.9612
           2475           2475         441.37          442.5         14.943
           2476           2476        441.529        442.667        14.9249
           2477           2477          441.7        442.833        14.9072
           2478           2478         441.87            443        14.8896
           2479           2479        442.037        443.167        14.8721
           2480           2480        442.203        443.333        14.8547
           2481           2481        442.373          443.5        14.8381
           2482           2482        442.536        443.667        14.8214
           2483           2483        442.707        443.833        14.8049
           2484           2484        442.872            444        14.7885
           2485           2485         443.04        444.167        14.7728
           2486           2486         443.21        444.333        14.7568
           2487           2487        443.376          444.5        14.7409
           2488           2488        443.546        444.667         14.725
           2489           2489        443.716        444.833        14.7095
           2490           2490        443.887            445         14.694
           2491           2491         444.05        445.167        14.6784
           2492           2492         444.22        445.333        14.6629
           2493           2493        444.386          445.5        14.6478
           2494           2494        444.557        445.667        14.6326
           2495           2495        444.725        445.833        14.6175
           2496           2496        444.901            446        14.6024
           2497           2497        445.067        446.167        14.5879
           2498           2498        445.227        446.333        14.5733
           2499           2499        445.401          446.5        14.5587
           2500           2500        445.575        446.667         14.544
           2501           2501        445.741        446.833        14.5296
           2502           2502        445.914            447         14.515
           2503           2503        446.078        447.167        14.5004
           2504           2504        446.245        447.333        14.4857
           2505           2505         446.41          447.5         14.471
           2506           2506        446.579        447.667        14.4564
           2507           2507        446.749        447.833        14.4419
           2508           2508         446.91            448        14.4275
           2509           2509        447.086        448.167        14.4136
           2510           2510        447.255        448.333        14.3996
           2511           2511         447.42          448.5        14.3857
           2512           2512        447.591        448.667        14.3718
           2513           2513         447.75        448.833        14.3585
           2514           2514        447.926            449         14.345
           2515           2515        448.086        449.167        14.3315
           2516           2516        448.253        449.333        14.3181
           2517           2517        448.421          449.5         14.305
           2518           2518        448.593        449.667        14.2918
           2519           2519        448.761        449.833        14.2787
           2520           2520         448.93            450        14.2655
           2521           2521        449.093        450.167        14.2526
           2522           2522        449.276        450.333        14.2397
           2523           2523        449.435          450.5        14.2267
           2524           2524        449.604        450.667        14.2137
           2525           2525        449.767        450.833        14.2008
           2526           2526        449.939            451        14.1878
           2527           2527        450.103        451.167        14.1748
           2528           2528        450.278        451.333        14.1619
           2529           2529        450.438          451.5        14.1491
           2530           2530        450.607        451.667        14.1364
           2531           2531        450.777        451.833        14.1239
           2532           2532        450.948            452        14.1115
           2533           2533        451.109        452.167        14.0995
           2534           2534        451.281        452.333        14.0873
           2535           2535        451.443          452.5        14.0751
           2536           2536        451.613        452.667        14.0632
           2537           2537        451.782        452.833        14.0513
           2538           2538        451.949            453        14.0396
           2539           2539        452.127        453.167         14.028
           2540           2540        452.288        453.333        14.0163
           2541           2541        452.458          453.5        14.0046
           2542           2542        452.627        453.667        13.9931
           2543           2543        452.787        453.833        13.9812
           2544           2544        452.956            454        13.9691
           2545           2545        453.131        454.167         13.957
           2546           2546        453.304        454.333        13.9446
           2547           2547        453.471          454.5        13.9323
           2548           2548        453.636        454.667        13.9199
           2549           2549        453.804        454.833        13.9075
           2550           2550        453.967            455         13.895
           2551           2551         454.14        455.167        13.8824
           2552           2552        454.303        455.333        13.8696
           2553           2553        454.479          455.5        13.8568
           2554           2554        454.644        455.667        13.8437
           2555           2555        454.812        455.833        13.8306
           2556           2556        454.986            456        13.8175
           2557           2557         455.15        456.167        13.8044
           2558           2558        455.318        456.333        13.7911
           2559           2559        455.488          456.5        13.7779
           2560           2560        455.658        456.667        13.7646
           2561           2561        455.822        456.833        13.7513
           2562           2562        455.991            457        13.7377
           2563           2563        456.164        457.167        13.7243
           2564           2564        456.336        457.333        13.7109
           2565           2565        456.503          457.5        13.6976
           2566           2566        456.663        457.667        13.6842
           2567           2567        456.837        457.833        13.6711
           2568           2568         457.01            458         13.658
           2569           2569        457.173        458.167        13.6449
           2570           2570        457.335        458.333        13.6318
           2571           2571        457.512          458.5        13.6189
           2572           2572        457.676        458.667        13.6058
           2573           2573        457.841        458.833        13.5927
           2574           2574        458.011            459        13.5794
           2575           2575        458.184        459.167        13.5661
           2576           2576        458.341        459.333         13.553
           2577           2577        458.513          459.5        13.5399
           2578           2578        458.683        459.667        13.5269
           2579           2579        458.845        459.833         13.514
           2580           2580         459.01            460        13.5011
           2581           2581        459.179        460.167        13.4882
           2582           2582        459.353        460.333        13.4753
           2583           2583        459.519          460.5        13.4625
           2584           2584        459.682        460.667        13.4498
           2585           2585        459.853        460.833         13.437
           2586           2586        460.023            461        13.4242
           2587           2587        460.187        461.167        13.4115
           2588           2588        460.356        461.333        13.3987
           2589           2589        460.528          461.5        13.3859
           2590           2590        460.691        461.667        13.3731
           2591           2591         460.86        461.833        13.3603
           2592           2592        461.029            462        13.3477
           2593           2593        461.197        462.167        13.3352
           2594           2594        461.359        462.333        13.3228
           2595           2595        461.533          462.5        13.3106
           2596           2596        461.694        462.667        13.2982
           2597           2597        461.865        462.833        13.2856
           2598           2598        462.031            463        13.2731
           2599           2599        462.201        463.167        13.2603
           2600           2600        462.373        463.333        13.2473
           2601           2601        462.546          463.5        13.2342
           2602           2602        462.712        463.667        13.2209
           2603           2603        462.881        463.833        13.2076
           2604           2604        463.044            464        13.1938
           2605           2605        463.212        464.167        13.1804
           2606           2606        463.373        464.333         13.167
           2607           2607        463.543          464.5        13.1537
           2608           2608        463.715        464.667        13.1404
           2609           2609        463.888        464.833         13.127
           2610           2610        464.051            465        13.1135
           2611           2611        464.217        465.167        13.0999
           2612           2612         464.38        465.333        13.0861
           2613           2613        464.552          465.5        13.0724
           2614           2614        464.721        465.667        13.0587
           2615           2615        464.887        465.833        13.0451
           2616           2616        465.059            466        13.0312
           2617           2617        465.233        466.167        13.0173
           2618           2618        465.401        466.333        13.0033
           2619           2619        465.563          466.5        12.9893
           2620           2620        465.733        466.667        12.9751
           2621           2621        465.904        466.833        12.9611
           2622           2622        466.067            467         12.947
           2623           2623        466.242        467.167        12.9329
           2624           2624        466.406        467.333        12.9189
           2625           2625        466.573          467.5        12.9048
           2626           2626        466.732        467.667        12.8907
           2627           2627        466.906        467.833        12.8766
           2628           2628        467.069            468        12.8626
           2629           2629        467.244        468.167        12.8486
           2630           2630        467.417        468.333        12.8345
           2631           2631        467.585          468.5        12.8204
           2632           2632         467.75        468.667        12.8064
           2633           2633        467.914        468.833        12.7923
           2634           2634        468.085            469        12.7782
           2635           2635        468.252        469.167        12.7641
           2636           2636         468.42        469.333          12.75
           2637           2637        468.592          469.5         12.736
           2638           2638        468.757        469.667        12.7221
           2639           2639        468.928        469.833        12.7082
           2640           2640        469.098            470        12.6943
           2641           2641        469.263        470.167        12.6805
           2642           2642        469.429        470.333        12.6664
           2643           2643        469.594          470.5        12.6522
           2644           2644        469.766        470.667        12.6379
           2645           2645        469.929        470.833        12.6232
           2646           2646        470.093            471        12.6087
           2647           2647         470.27        471.167        12.5942
           2648           2648        470.436        471.333        12.5796
           2649           2649        470.607          471.5        12.5651
           2650           2650         470.77        471.667        12.5506
           2651           2651        470.936        471.833        12.5362
           2652           2652        471.098            472        12.5219
           2653           2653        471.273        472.167        12.5077
           2654           2654        471.432        472.333        12.4933
           2655           2655        471.601          472.5        12.4788
           2656           2656        471.769        472.667        12.4644
           2657           2657        471.941        472.833        12.4498
           2658           2658        472.109            473        12.4353
           2659           2659        472.277        473.167        12.4209
           2660           2660        472.441        473.333        12.4065
           2661           2661        472.609          473.5         12.392
           2662           2662        472.777        473.667        12.3775
           2663           2663        472.948        473.833         12.363
           2664           2664        473.116            474        12.3485
           2665           2665        473.281        474.167        12.3339
           2666           2666        473.444        474.333        12.3193
           2667           2667        473.618          474.5        12.3047
           2668           2668         473.78        474.667        12.2901
           2669           2669        473.947        474.833        12.2755
           2670           2670        474.116            475        12.2607
           2671           2671        474.289        475.167        12.2458
           2672           2672        474.457        475.333        12.2309
           2673           2673        474.615          475.5        12.2159
           2674           2674        474.785        475.667        12.2008
           2675           2675        474.956        475.833        12.1858
           2676           2676        475.124            476        12.1708
           2677           2677        475.293        476.167        12.1557
           2678           2678        475.457        476.333        12.1407
           2679           2679        475.631          476.5        12.1258
           2680           2680        475.792        476.667         12.111
           2681           2681        475.964        476.833        12.0963
           2682           2682        476.135            477        12.0818
           2683           2683        476.299        477.167        12.0673
           2684           2684        476.463        477.333        12.0528
           2685           2685        476.631          477.5        12.0381
           2686           2686        476.799        477.667        12.0236
           2687           2687        476.968        477.833        12.0087
           2688           2688         477.14            478        11.9938
           2689           2689        477.303        478.167        11.9786
           2690           2690        477.477        478.333        11.9627
           2691           2691        477.648          478.5        11.9467
           2692           2692        477.816        478.667        11.9305
           2693           2693        477.981        478.833        11.9141
           2694           2694         478.14            479        11.8971
           2695           2695        478.307        479.167        11.8803
           2696           2696         478.48        479.333        11.8633
           2697           2697        478.646          479.5        11.8463
           2698           2698        478.806        479.667        11.8292
           2699           2699        478.975        479.833        11.8123
           2700           2700        479.152            480        11.7954
           2701           2701         479.32        480.167        11.7787
           2702           2702        479.478        480.333        11.7619
           2703           2703        479.647          480.5        11.7455
           2704           2704        479.823        480.667        11.7291
           2705           2705        479.992        480.833        11.7128
           2706           2706        480.151            481        11.6967
           2707           2707        480.322        481.167        11.6811
           2708           2708        480.488        481.333        11.6652
           2709           2709        480.652          481.5        11.6495
           2710           2710        480.817        481.667        11.6338
           2711           2711        480.987        481.833        11.6184
           2712           2712         481.16            482        11.6027
           2713           2713        481.322        482.167         11.587
           2714           2714        481.491        482.333        11.5714
           2715           2715        481.659          482.5        11.5558
           2716           2716        481.831        482.667        11.5403
           2717           2717        481.995        482.833        11.5249
           2718           2718        482.159            483        11.5096
           2719           2719        482.327        483.167        11.4943
           2720           2720         482.49        483.333        11.4789
           2721           2721        482.661          483.5        11.4634
           2722           2722        482.835        483.667        11.4478
           2723           2723        483.003        483.833        11.4319
           2724           2724        483.167            484        11.4162
           2725           2725        483.331        484.167        11.4005
           2726           2726        483.499        484.333        11.3848
           2727           2727        483.662          484.5         11.369
           2728           2728         483.83        484.667        11.3534
           2729           2729        483.998        484.833        11.3378
           2730           2730        484.174            485        11.3221
           2731           2731        484.334        485.167        11.3066
           2732           2732          484.5        485.333        11.2911
           2733           2733        484.673          485.5        11.2755
           2734           2734        484.843        485.667        11.2597
           2735           2735        485.003        485.833        11.2439
           2736           2736        485.178            486        11.2279
           2737           2737        485.337        486.167        11.2119
           2738           2738        485.509        486.333        11.1959
           2739           2739        485.674          486.5        11.1799
           2740           2740        485.849        486.667        11.1638
           2741           2741        486.011        486.833         11.148
           2742           2742        486.177            487        11.1323
           2743           2743        486.341        487.167        11.1167
           2744           2744         486.51        487.333        11.1015
           2745           2745        486.677          487.5        11.0862
           2746           2746        486.849        487.667        11.0708
           2747           2747        487.026        487.833        11.0555
           2748           2748        487.193            488        11.0403
           2749           2749        487.351        488.167         11.025
           2750           2750        487.516        488.333        11.0095
           2751           2751        487.682          488.5        10.9941
           2752           2752        487.849        488.667        10.9789
           2753           2753        488.027        488.833        10.9638
           2754           2754        488.194            489        10.9489
           2755           2755        488.357        489.167        10.9341
           2756           2756        488.522        489.333        10.9196
           2757           2757        488.694          489.5        10.9049
           2758           2758         488.85        489.667        10.8902
           2759           2759        489.024        489.833        10.8756
           2760           2760        489.192            490         10.861
           2761           2761        489.356        490.167        10.8464
           2762           2762        489.524        490.333        10.8319
           2763           2763        489.689          490.5        10.8173
           2764           2764        489.862        490.667        10.8031
           2765           2765        490.032        490.833        10.7887
           2766           2766        490.202            491        10.7742
           2767           2767        490.369        491.167        10.7598
           2768           2768        490.542        491.333        10.7454
           2769           2769        490.702          491.5        10.7313
           2770           2770        490.865        491.667        10.7172
           2771           2771        491.046        491.833        10.7031
           2772           2772         491.21            492        10.6891
           2773           2773        491.377        492.167        10.6755
           2774           2774        491.542        492.333         10.662
           2775           2775        491.706          492.5        10.6484
           2776           2776         491.88        492.667         10.635
           2777           2777        492.041        492.833        10.6221
           2778           2778        492.217            493        10.6092
           2779           2779        492.384        493.167        10.5963
           2780           2780        492.561        493.333        10.5834
           2781           2781        492.729          493.5        10.5712
           2782           2782        492.888        493.667        10.5589
           2783           2783        493.054        493.833        10.5466
           2784           2784        493.218            494        10.5343
           2785           2785        493.384        494.167        10.5223
           2786           2786        493.549        494.333        10.5103
           2787           2787        493.717          494.5        10.4985
           2788           2788         493.89        494.667        10.4866
           2789           2789        494.056        494.833        10.4748
           2790           2790        494.225            495        10.4629
           2791           2791        494.389        495.167        10.4511
           2792           2792        494.559        495.333        10.4393
           2793           2793        494.723          495.5        10.4275
           2794           2794        494.893        495.667        10.4157
           2795           2795        495.061        495.833         10.404
           2796           2796        495.229            496        10.3923
           2797           2797        495.391        496.167        10.3808
           2798           2798        495.559        496.333        10.3694
           2799           2799        495.728          496.5         10.358
           2800           2800        495.896        496.667        10.3468
           2801           2801        496.061        496.833        10.3355
           2802           2802        496.231            497        10.3246
           2803           2803        496.394        497.167        10.3135
           2804           2804        496.558        497.333        10.3025
           2805           2805        496.732          497.5        10.2916
           2806           2806        496.894        497.667         10.281
           2807           2807        497.068        497.833        10.2705
           2808           2808        497.231            498        10.2598
           2809           2809        497.408        498.167        10.2492
           2810           2810        497.575        498.333        10.2386
           2811           2811        497.741          498.5        10.2279
           2812           2812        497.908        498.667        10.2171
           2813           2813        498.077        498.833        10.2063
           2814           2814        498.242            499        10.1952
           2815           2815        498.408        499.167        10.1843
           2816           2816        498.575        499.333        10.1735
           2817           2817        498.735          499.5        10.1627
           2818           2818        498.911        499.667        10.1522
           2819           2819        499.075        499.833        10.1416
           2820           2820        499.242            500        10.1312
           2821           2821        499.407        500.167        10.1209
           2822           2822        499.574        500.333        10.1111
           2823           2823        499.743          500.5        10.1012
           2824           2824        499.905        500.667        10.0915
           2825           2825        500.073        500.833        10.0819
           2826           2826        500.243            501        10.0728
           2827           2827        500.415        501.167        10.0635
           2828           2828        500.577        501.333        10.0544
           2829           2829        500.738          501.5        10.0453
           2830           2830         500.91        501.667        10.0364
           2831           2831        501.078        501.833        10.0274
           2832           2832        501.245            502        10.0184
           2833           2833        501.414        502.167        10.0094
           2834           2834        501.572        502.333        10.0005
           2835           2835        501.749          502.5        9.99148
           2836           2836        501.921        502.667        9.98256
           2837           2837        502.085        502.833        9.97373
           2838           2838        502.254            503        9.96494
           2839           2839        502.413        503.167         9.9563
           2840           2840        502.585        503.333         9.9477
           2841           2841        502.746          503.5        9.93923
           2842           2842        502.925        503.667        9.93087
           2843           2843        503.093        503.833        9.92283
           2844           2844        503.265            504        9.91467
           2845           2845        503.424        504.167        9.90652
           2846           2846         503.59        504.333         9.8984
           2847           2847        503.751          504.5        9.89034
           2848           2848        503.926        504.667        9.88206
           2849           2849        504.103        504.833        9.87366
           2850           2850        504.256            505        9.86524
           2851           2851        504.417        505.167        9.85669
           2852           2852        504.585        505.333         9.8483
           2853           2853        504.757          505.5        9.84003
           2854           2854        504.928        505.667        9.83187
           2855           2855        505.095        505.833        9.82399
           2856           2856        505.264            506        9.81601
           2857           2857        505.433        506.167        9.80818
           2858           2858        505.605        506.333        9.80055
           2859           2859        505.774          506.5        9.79343
           2860           2860        505.938        506.667         9.7862
           2861           2861        506.095        506.833        9.77899
           2862           2862        506.261            507        9.77178
           2863           2863         506.44        507.167        9.76468
           2864           2864        506.601        507.333        9.75718
           2865           2865        506.776          507.5        9.74961
           2866           2866        506.933        507.667        9.74215
           2867           2867        507.099        507.833        9.73476
           2868           2868        507.267            508        9.72692
           2869           2869        507.436        508.167        9.71952
           2870           2870        507.612        508.333        9.71235
           2871           2871        507.776          508.5        9.70525
           2872           2872        507.938        508.667        9.69856
           2873           2873        508.103        508.833         9.6917
           2874           2874        508.264            509        9.68498
           2875           2875        508.432        509.167        9.67836
           2876           2876        508.603        509.333        9.67171
           2877           2877        508.775          509.5        9.66495
           2878           2878        508.942        509.667        9.65818
           2879           2879        509.113        509.833        9.65145
           2880           2880        509.275            510        9.64469
           2881           2881        509.431        510.167        9.63799
           2882           2882        509.598        510.333        9.63138
           2883           2883        509.766          510.5        9.62486
           2884           2884        509.926        510.667        9.61852
           2885           2885        510.107        510.833        9.61204
           2886           2886        510.274            511        9.60546
           2887           2887        510.433        511.167         9.5988
           2888           2888        510.602        511.333          9.592
           2889           2889        510.779          511.5        9.58517
           2890           2890         510.93        511.667        9.57835
           2891           2891        511.106        511.833        9.57154
           2892           2892        511.274            512        9.56451
           2893           2893        511.446        512.167        9.55769
           2894           2894         511.61        512.333        9.55099
           2895           2895         511.77          512.5        9.54437
           2896           2896        511.946        512.667        9.53813
           2897           2897        512.109        512.833        9.53187
           2898           2898        512.276            513        9.52568
           2899           2899        512.455        513.167        9.51958
           2900           2900        512.616        513.333        9.51356
           2901           2901        512.782          513.5        9.50768
           2902           2902        512.953        513.667        9.50151
           2903           2903        513.122        513.833         9.4952
           2904           2904        513.289            514        9.48886
           2905           2905        513.458        514.167        9.48237
           2906           2906        513.621        514.333        9.47607
           2907           2907         513.78          514.5        9.46996
           2908           2908        513.936        514.667        9.46399
           2909           2909        514.103        514.833        9.45829
           2910           2910         514.28            515        9.45244
           2911           2911        514.445        515.167         9.4466
           2912           2912        514.619        515.333        9.44083
           2913           2913        514.771          515.5        9.43535
           2914           2914        514.942        515.667        9.42969
           2915           2915        515.114        515.833        9.42388
           2916           2916        515.283            516        9.41801
           2917           2917        515.451        516.167        9.41239
           2918           2918        515.609        516.333        9.40699
           2919           2919        515.782          516.5        9.40176
           2920           2920        515.951        516.667        9.39658
           2921           2921        516.116        516.833        9.39177
           2922           2922         516.29            517        9.38677
           2923           2923        516.454        517.167        9.38167
           2924           2924        516.614        517.333        9.37653
           2925           2925        516.777          517.5        9.37123
           2926           2926        516.951        517.667        9.36586
           2927           2927        517.128        517.833        9.36043
           2928           2928        517.295            518        9.35491
           2929           2929        517.463        518.167        9.34905
           2930           2930        517.622        518.333        9.34346
           2931           2931        517.786          518.5        9.33797
           2932           2932        517.955        518.667        9.33251
           2933           2933        518.118        518.833        9.32706
           2934           2934        518.299            519        9.32176
           2935           2935        518.454        519.167        9.31632
           2936           2936        518.632        519.333        9.31091
           2937           2937        518.798          519.5        9.30555
           2938           2938        518.957        519.667        9.30024
           2939           2939        519.131        519.833        9.29493
           2940           2940        519.291            520        9.28952
           2941           2941        519.452        520.167        9.28407
           2942           2942        519.627        520.333        9.27894
           2943           2943        519.789          520.5        9.27381
           2944           2944        519.956        520.667        9.26871
           2945           2945        520.115        520.833        9.26363
           2946           2946        520.292            521        9.25877
           2947           2947        520.453        521.167        9.25386
           2948           2948        520.616        521.333         9.2489
           2949           2949        520.798          521.5        9.24389
           2950           2950        520.958        521.667        9.23888
           2951           2951        521.126        521.833        9.23383
           2952           2952        521.292            522        9.22871
           2953           2953        521.458        522.167        9.22355
           2954           2954        521.639        522.333        9.21817
           2955           2955        521.798          522.5         9.2129
           2956           2956        521.958        522.667        9.20773
           2957           2957        522.129        522.833        9.20258
           2958           2958         522.29            523         9.1974
           2959           2959        522.458        523.167        9.19231
           2960           2960        522.624        523.333        9.18731
           2961           2961        522.794          523.5        9.18232
           2962           2962        522.958        523.667        9.17725
           2963           2963        523.119        523.833          9.172
           2964           2964        523.287            524        9.16674
           2965           2965        523.453        524.167        9.16157
           2966           2966         523.62        524.333        9.15649
           2967           2967        523.785          524.5        9.15119
           2968           2968        523.949        524.667        9.14607
           2969           2969        524.119        524.833         9.1411
           2970           2970        524.289            525         9.1362
           2971           2971         524.46        525.167        9.13171
           2972           2972         524.62        525.333        9.12707
           2973           2973        524.793          525.5        9.12235
           2974           2974         524.96        525.667        9.11764
           2975           2975        525.123        525.833        9.11313
           2976           2976        525.285            526        9.10848
           2977           2977        525.456        526.167        9.10369
           2978           2978        525.632        526.333        9.09884
           2979           2979        525.796          526.5        9.09382
           2980           2980        525.967        526.667        9.08883
           2981           2981        526.128        526.833        9.08389
           2982           2982        526.297            527        9.07896
           2983           2983        526.464        527.167        9.07372
           2984           2984        526.631        527.333        9.06866
           2985           2985         526.79          527.5        9.06372
           2986           2986        526.956        527.667         9.0588
           2987           2987        527.125        527.833         9.0538
           2988           2988        527.299            528        9.04882
           2989           2989        527.467        528.167        9.04379
           2990           2990         527.63        528.333        9.03879
           2991           2991        527.798          528.5        9.03395
           2992           2992        527.967        528.667        9.02911
           2993           2993        528.131        528.833        9.02438
           2994           2994        528.304            529        9.01978
           2995           2995        528.467        529.167        9.01557
           2996           2996        528.627        529.333        9.01114
           2997           2997        528.794          529.5        9.00664
           2998           2998        528.962        529.667        9.00223
           2999           2999        529.133        529.833        8.99792
           3000           3000        529.294            530        8.99368
           3001           3001        529.466        530.167        8.98942
           3002           3002         529.63        530.333        8.98511
           3003           3003        529.795          530.5         8.9808
           3004           3004        529.963        530.667         8.9767
           3005           3005        530.139        530.833        8.97247
           3006           3006        530.302            531        8.96817
           3007           3007        530.467        531.167        8.96387
           3008           3008        530.639        531.333        8.95962
           3009           3009        530.804          531.5        8.95542
           3010           3010        530.972        531.667        8.95123
           3011           3011        531.132        531.833        8.94702
           3012           3012        531.295            532        8.94295
           3013           3013        531.457        532.167         8.9388
           3014           3014        531.631        532.333        8.93457
           3015           3015        531.804          532.5        8.93031
           3016           3016        531.976        532.667        8.92615
           3017           3017        532.149        532.833        8.92208
           3018           3018        532.307            533        8.91803
           3019           3019        532.484        533.167        8.91394
           3020           3020        532.644        533.333         8.9098
           3021           3021        532.807          533.5        8.90554
           3022           3022        532.968        533.667        8.90128
           3023           3023        533.137        533.833        8.89705
           3024           3024        533.309            534        8.89263
           3025           3025        533.476        534.167         8.8884
           3026           3026         533.64        534.333        8.88435
           3027           3027        533.817          534.5        8.88046
           3028           3028        533.981        534.667        8.87699
           3029           3029        534.145        534.833        8.87345
           3030           3030        534.318            535        8.87003
           3031           3031        534.481        535.167        8.86675
           3032           3032        534.644        535.333        8.86353
           3033           3033        534.813          535.5        8.86048
           3034           3034        534.981        535.667        8.85713
           3035           3035        535.148        535.833        8.85359
           3036           3036        535.315            536        8.84997
           3037           3037        535.483        536.167        8.84592
           3038           3038        535.651        536.333        8.84194
           3039           3039        535.815          536.5        8.83796
           3040           3040         535.98        536.667        8.83396
           3041           3041        536.153        536.833        8.82983
           3042           3042         536.32            537        8.82591
           3043           3043        536.483        537.167        8.82206
           3044           3044        536.647        537.333        8.81823
           3045           3045         536.82          537.5        8.81471
           3046           3046        536.988        537.667        8.81097
           3047           3047        537.154        537.833        8.80702
           3048           3048        537.322            538        8.80298
           3049           3049        537.486        538.167        8.79892
           3050           3050        537.653        538.333        8.79501
           3051           3051        537.817          538.5        8.79115
           3052           3052        537.987        538.667         8.7873
           3053           3053         538.15        538.833        8.78355
           3054           3054        538.326            539         8.7799
           3055           3055        538.491        539.167        8.77633
           3056           3056        538.662        539.333        8.77279
           3057           3057        538.831          539.5        8.76942
           3058           3058            539        539.667        8.76601
           3059           3059        539.159        539.833        8.76266
           3060           3060        539.327            540        8.75928
           3061           3061        539.493        540.167        8.75588
           3062           3062        539.656        540.333        8.75269
           3063           3063        539.833          540.5        8.74968
           3064           3064        539.995        540.667        8.74661
           3065           3065        540.158        540.833        8.74341
           3066           3066        540.328            541         8.7405
           3067           3067        540.497        541.167        8.73752
           3068           3068        540.669        541.333         8.7345
           3069           3069        540.838          541.5        8.73136
           3070           3070        541.003        541.667        8.72797
           3071           3071        541.169        541.833         8.7248
           3072           3072        541.339            542         8.7217
           3073           3073        541.506        542.167        8.71859
           3074           3074         541.67        542.333        8.71536
           3075           3075        541.839          542.5        8.71214
           3076           3076        542.011        542.667        8.70903
           3077           3077        542.171        542.833        8.70601
           3078           3078        542.332            543        8.70307
           3079           3079        542.505        543.167        8.70005
           3080           3080        542.664        543.333        8.69695
           3081           3081        542.839          543.5        8.69384
           3082           3082        543.004        543.667        8.69066
           3083           3083        543.173        543.833        8.68723
           3084           3084        543.338            544        8.68372
           3085           3085        543.504        544.167         8.6803
           3086           3086        543.676        544.333        8.67663
           3087           3087        543.844          544.5        8.67312
           3088           3088        544.008        544.667        8.66953
           3089           3089        544.172        544.833        8.66591
           3090           3090        544.338            545        8.66284
           3091           3091        544.506        545.167        8.65968
           3092           3092        544.682        545.333        8.65642
           3093           3093        544.845          545.5        8.65311
           3094           3094        545.004        545.667        8.65012
           3095           3095        545.174        545.833        8.64712
           3096           3096        545.334            546        8.64404
           3097           3097        545.497        546.167        8.64081
           3098           3098        545.667        546.333        8.63753
           3099           3099        545.829          546.5         8.6344
           3100           3100        545.996        546.667        8.63132
           3101           3101        546.159        546.833        8.62832
           3102           3102        546.326            547        8.62534
           3103           3103        546.484        547.167        8.62255
           3104           3104        546.659        547.333        8.61981
           3105           3105        546.824          547.5        8.61707
           3106           3106        546.995        547.667         8.6143
           3107           3107         547.16        547.833        8.61154
           3108           3108        547.323            548        8.60863
           3109           3109        547.498        548.167        8.60572
           3110           3110        547.666        548.333        8.60283
           3111           3111        547.828          548.5        8.59963
           3112           3112        547.998        548.667         8.5966
           3113           3113        548.159        548.833        8.59364
           3114           3114        548.332            549        8.59074
           3115           3115        548.498        549.167          8.588
           3116           3116        548.666        549.333        8.58518
           3117           3117        548.835          549.5        8.58235
           3118           3118        549.003        549.667        8.57952
           3119           3119        549.166        549.833        8.57673
           3120           3120        549.331            550        8.57383
           3121           3121        549.507        550.167        8.57083
           3122           3122        549.679        550.333         8.5678
           3123           3123        549.842          550.5        8.56466
           3124           3124        550.008        550.667        8.56154
           3125           3125        550.169        550.833        8.55822
           3126           3126        550.337            551        8.55475
           3127           3127        550.507        551.167        8.55106
           3128           3128        550.669        551.333         8.5474
           3129           3129        550.843          551.5        8.54368
           3130           3130        551.007        551.667        8.53987
           3131           3131        551.178        551.833        8.53606
           3132           3132        551.342            552        8.53227
           3133           3133        551.511        552.167        8.52869
           3134           3134        551.675        552.333        8.52521
           3135           3135        551.841          552.5        8.52178
           3136           3136        552.011        552.667        8.51887
           3137           3137         552.19        552.833        8.51586
           3138           3138        552.353            553        8.51293
           3139           3139        552.519        553.167        8.51011
           3140           3140        552.683        553.333        8.50775
           3141           3141         552.85          553.5        8.50534
           3142           3142        553.018        553.667          8.503
           3143           3143        553.182        553.833        8.50073
           3144           3144        553.352            554        8.49874
           3145           3145        553.516        554.167        8.49654
           3146           3146        553.682        554.333        8.49431
           3147           3147        553.849          554.5         8.4921
           3148           3148        554.013        554.667         8.4896
           3149           3149         554.18        554.833        8.48705
           3150           3150        554.343            555        8.48452
           3151           3151        554.499        555.167        8.48207
           3152           3152        554.675        555.333        8.47935
           3153           3153        554.844          555.5        8.47665
           3154           3154        555.011        555.667        8.47404
           3155           3155        555.182        555.833        8.47152
           3156           3156        555.344            556         8.4691
           3157           3157          555.5        556.167        8.46665
           3158           3158        555.674        556.333         8.4642
           3159           3159         555.84          556.5        8.46177
           3160           3160        556.015        556.667        8.45952
           3161           3161        556.176        556.833        8.45723
           3162           3162        556.341            557        8.45492
           3163           3163        556.519        557.167        8.45251
           3164           3164        556.675        557.333        8.45004
           3165           3165        556.848          557.5        8.44759
           3166           3166        557.016        557.667        8.44515
           3167           3167        557.177        557.833        8.44268
           3168           3168        557.345            558        8.44019
           3169           3169        557.517        558.167        8.43763
           3170           3170        557.679        558.333        8.43501
           3171           3171        557.843          558.5        8.43237
           3172           3172        558.017        558.667        8.42979
           3173           3173        558.189        558.833        8.42715
           3174           3174        558.354            559        8.42455
           3175           3175        558.518        559.167        8.42189
           3176           3176        558.686        559.333        8.41917
           3177           3177        558.858          559.5        8.41643
           3178           3178        559.023        559.667        8.41369
           3179           3179        559.191        559.833        8.41095
           3180           3180        559.356            560        8.40823
           3181           3181        559.522        560.167        8.40537
           3182           3182        559.691        560.333        8.40261
           3183           3183        559.861          560.5        8.39999
           3184           3184        560.032        560.667        8.39746
           3185           3185        560.193        560.833        8.39493
           3186           3186        560.357            561        8.39233
           3187           3187        560.517        561.167        8.38981
           3188           3188        560.695        561.333        8.38741
           3189           3189        560.853          561.5        8.38504
           3190           3190        561.024        561.667        8.38259
           3191           3191        561.196        561.833        8.38005
           3192           3192        561.362            562        8.37748
           3193           3193        561.527        562.167        8.37512
           3194           3194        561.688        562.333        8.37276
           3195           3195         561.86          562.5        8.37036
           3196           3196        562.027        562.667        8.36795
           3197           3197        562.197        562.833        8.36554
           3198           3198         562.36            563        8.36313
           3199           3199        562.529        563.167        8.36064
           3200           3200        562.697        563.333         8.3582
           3201           3201        562.864          563.5        8.35584
           3202           3202        563.033        563.667        8.35344
           3203           3203        563.198        563.833        8.35105
           3204           3204        563.374            564        8.34869
           3205           3205        563.538        564.167         8.3464
           3206           3206          563.7        564.333        8.34425
           3207           3207        563.868          564.5        8.34191
           3208           3208         564.04        564.667        8.33951
           3209           3209          564.2        564.833        8.33715
           3210           3210         564.37            565        8.33484
           3211           3211         564.54        565.167        8.33244
           3212           3212        564.702        565.333        8.32986
           3213           3213        564.865          565.5        8.32718
           3214           3214        565.029        565.667        8.32462
           3215           3215        565.201        565.833        8.32212
           3216           3216        565.371            566        8.31956
           3217           3217        565.534        566.167        8.31696
           3218           3218        565.707        566.333        8.31445
           3219           3219         565.87          566.5        8.31191
           3220           3220        566.038        566.667         8.3094
           3221           3221        566.201        566.833        8.30697
           3222           3222        566.364            567        8.30465
           3223           3223         566.53        567.167        8.30239
           3224           3224        566.693        567.333        8.30022
           3225           3225        566.868          567.5        8.29803
           3226           3226        567.037        567.667        8.29576
           3227           3227        567.204        567.833        8.29338
           3228           3228        567.376            568        8.29104
           3229           3229        567.536        568.167        8.28878
           3230           3230        567.696        568.333        8.28653
           3231           3231         567.86          568.5         8.2842
           3232           3232        568.023        568.667        8.28196
           3233           3233        568.196        568.833        8.27976
           3234           3234        568.363            569        8.27755
           3235           3235        568.532        569.167        8.27543
           3236           3236        568.696        569.333        8.27325
           3237           3237         568.86          569.5         8.2711
           3238           3238        569.022        569.667        8.26894
           3239           3239        569.199        569.833        8.26662
           3240           3240        569.363            570        8.26446
           3241           3241        569.531        570.167        8.26239
           3242           3242        569.709        570.333        8.26032
           3243           3243        569.868          570.5        8.25818
           3244           3244         570.04        570.667        8.25602
           3245           3245        570.201        570.833        8.25388
           3246           3246        570.373            571        8.25175
           3247           3247        570.544        571.167         8.2494
           3248           3248        570.707        571.333        8.24707
           3249           3249        570.866          571.5        8.24477
           3250           3250        571.042        571.667        8.24247
           3251           3251        571.206        571.833        8.24005
           3252           3252        571.371            572        8.23766
           3253           3253        571.538        572.167        8.23524
           3254           3254          571.7        572.333        8.23279
           3255           3255        571.878          572.5         8.2303
           3256           3256        572.039        572.667        8.22785
           3257           3257        572.206        572.833        8.22543
           3258           3258        572.376            573        8.22303
           3259           3259         572.54        573.167        8.22061
           3260           3260        572.707        573.333         8.2182
           3261           3261        572.871          573.5        8.21572
           3262           3262        573.033        573.667        8.21323
           3263           3263        573.206        573.833        8.21074
           3264           3264        573.371            574        8.20822
           3265           3265        573.529        574.167        8.20581
           3266           3266        573.694        574.333        8.20353
           3267           3267        573.865          574.5        8.20131
           3268           3268        574.029        574.667        8.19919
           3269           3269        574.205        574.833        8.19693
           3270           3270        574.371            575        8.19445
           3271           3271        574.529        575.167        8.19183
           3272           3272        574.701        575.333        8.18919
           3273           3273        574.865          575.5        8.18667
           3274           3274        575.036        575.667        8.18427
           3275           3275        575.209        575.833        8.18198
           3276           3276         575.37            576        8.17992
           3277           3277         575.54        576.167        8.17799
           3278           3278        575.705        576.333        8.17611
           3279           3279        575.867          576.5        8.17419
           3280           3280         576.04        576.667        8.17232
           3281           3281        576.209        576.833         8.1701
           3282           3282         576.37            577        8.16782
           3283           3283        576.545        577.167        8.16554
           3284           3284        576.707        577.333        8.16262
           3285           3285        576.878          577.5        8.16001
           3286           3286        577.033        577.667        8.15745
           3287           3287        577.215        577.833        8.15486
           3288           3288         577.38            578        8.15232
           3289           3289         577.55        578.167        8.14979
           3290           3290         577.71        578.333        8.14734
           3291           3291        577.874          578.5        8.14497
           3292           3292        578.042        578.667        8.14267
           3293           3293         578.21        578.833        8.14034
           3294           3294        578.384            579        8.13806
           3295           3295        578.551        579.167        8.13583
           3296           3296        578.722        579.333        8.13371
           3297           3297        578.883          579.5        8.13146
           3298           3298        579.049        579.667        8.12919
           3299           3299        579.217        579.833        8.12696
           3300           3300         579.39            580        8.12469
           3301           3301        579.554        580.167        8.12237
           3302           3302        579.725        580.333        8.12003
           3303           3303         579.88          580.5        8.11772
           3304           3304        580.053        580.667        8.11542
           3305           3305        580.215        580.833        8.11311
           3306           3306        580.376            581        8.11077
           3307           3307         580.55        581.167        8.10842
           3308           3308        580.713        581.333        8.10593
           3309           3309        580.875          581.5        8.10329
           3310           3310        581.043        581.667         8.1006
           3311           3311        581.213        581.833        8.09794
           3312           3312        581.388            582        8.09512
           3313           3313        581.557        582.167        8.09238
           3314           3314        581.723        582.333        8.08957
           3315           3315        581.889          582.5        8.08677
           3316           3316        582.046        582.667        8.08439
           3317           3317        582.219        582.833        8.08202
           3318           3318        582.388            583        8.07959
           3319           3319        582.552        583.167        8.07704
           3320           3320        582.714        583.333         8.0747
           3321           3321        582.888          583.5        8.07238
           3322           3322        583.051        583.667        8.07011
           3323           3323         583.21        583.833        8.06782
           3324           3324        583.378            584        8.06512
           3325           3325        583.546        584.167        8.06255
           3326           3326        583.715        584.333        8.06018
           3327           3327        583.886          584.5         8.0579
           3328           3328        584.048        584.667        8.05544
           3329           3329        584.218        584.833        8.05301
           3330           3330        584.385            585        8.05052
           3331           3331        584.553        585.167        8.04802
           3332           3332        584.721        585.333        8.04581
           3333           3333        584.884          585.5         8.0436
           3334           3334        585.045        585.667        8.04142
           3335           3335        585.213        585.833        8.03929
           3336           3336        585.386            586        8.03731
           3337           3337        585.553        586.167         8.0352
           3338           3338        585.717        586.333         8.0331
           3339           3339        585.883          586.5          8.031
           3340           3340         586.04        586.667        8.02853
           3341           3341        586.211        586.833        8.02601
           3342           3342        586.379            587         8.0236
           3343           3343        586.561        587.167        8.02136
           3344           3344        586.721        587.333        8.01914
           3345           3345        586.892          587.5        8.01707
           3346           3346        587.057        587.667        8.01493
           3347           3347        587.214        587.833         8.0127
           3348           3348        587.383            588        8.01095
           3349           3349        587.552        588.167        8.00899
           3350           3350        587.715        588.333        8.00695
           3351           3351        587.878          588.5        8.00488
           3352           3352        588.046        588.667        8.00235
           3353           3353        588.215        588.833        7.99983
           3354           3354        588.383            589        7.99733
           3355           3355         588.55        589.167        7.99488
           3356           3356        588.722        589.333        7.99219
           3357           3357        588.887          589.5        7.98967
           3358           3358        589.057        589.667         7.9872
           3359           3359        589.231        589.833        7.98476
           3360           3360        589.394            590        7.98261
           3361           3361        589.566        590.167        7.98044
           3362           3362        589.733        590.333        7.97827
           3363           3363        589.894          590.5        7.97604
           3364           3364        590.058        590.667         7.9741
           3365           3365        590.224        590.833        7.97221
           3366           3366        590.391            591        7.97042
           3367           3367        590.565        591.167        7.96871
           3368           3368        590.721        591.333        7.96718
           3369           3369        590.895          591.5        7.96548
           3370           3370        591.059        591.667        7.96373
           3371           3371        591.232        591.833          7.962
           3372           3372        591.397            592        7.96017
           3373           3373        591.565        592.167        7.95829
           3374           3374        591.729        592.333        7.95638
           3375           3375        591.898          592.5        7.95446
           3376           3376        592.066        592.667        7.95248
           3377           3377        592.234        592.833        7.95055
           3378           3378          592.4            593        7.94863
           3379           3379        592.569        593.167         7.9467
           3380           3380        592.729        593.333        7.94464
           3381           3381        592.896          593.5        7.94243
           3382           3382        593.067        593.667        7.94013
           3383           3383        593.232        593.833        7.93782
           3384           3384        593.403            594        7.93537
           3385           3385        593.564        594.167        7.93319
           3386           3386         593.74        594.333        7.93108
           3387           3387        593.905          594.5        7.92896
           3388           3388        594.071        594.667        7.92723
           3389           3389        594.234        594.833         7.9254
           3390           3390        594.398            595        7.92356
           3391           3391        594.562        595.167        7.92172
           3392           3392        594.736        595.333        7.92008
           3393           3393        594.898          595.5        7.91842
           3394           3394        595.057        595.667        7.91675
           3395           3395        595.229        595.833        7.91508
           3396           3396        595.401            596        7.91344
           3397           3397         595.57        596.167        7.91165
           3398           3398        595.739        596.333        7.90972
           3399           3399        595.906          596.5        7.90766
           3400           3400        596.065        596.667        7.90551
           3401           3401        596.232        596.833        7.90332
           3402           3402        596.404            597        7.90111
           3403           3403        596.562        597.167        7.89889
           3404           3404        596.729        597.333        7.89658
           3405           3405        596.895          597.5         7.8942
           3406           3406        597.067        597.667        7.89185
           3407           3407        597.238        597.833        7.88955
           3408           3408        597.406            598        7.88719
           3409           3409        597.568        598.167         7.8847
           3410           3410        597.736        598.333        7.88214
           3411           3411        597.892          598.5        7.87962
           3412           3412        598.059        598.667        7.87712
           3413           3413        598.226        598.833        7.87458
           3414           3414        598.401            599        7.87203
           3415           3415         598.56        599.167        7.86948
           3416           3416        598.728        599.333        7.86704
           3417           3417        598.892          599.5        7.86494
           3418           3418         599.06        599.667        7.86323
           3419           3419        599.223        599.833         7.8618
           3420           3420        599.392            600        7.86046


Results:
Texts:

  !$D90-TN220-V70-TB80 
  Sample Weight
  D90-TN220-V70-TB80 , 3.4100 mg

Sample:
  D90-TN220-V70-TB80 , 3.4100 mg
Evaluation:
  


________________________________________________________________________________
Not signed                                                         STARe SW 9.20