Title                                                           12.02.2026 15:56
________________________________________________________________________________

Title


Curve Name:
  $D60-TN200-V90-TB60
  Sample Weight
Curve Values:
          Index              t             Ts             Tr          Value
                           [s]           [°C]           [°C]           [mg]
              0              0         36.872             30        1.85947
              1              1        36.8847        30.1667        1.85923
              2              2        36.8973        30.3333        1.85909
              3              3        36.9399           30.5        1.85902
              4              4         37.002        30.6667        1.85899
              5              5        37.0966        30.8333        1.85907
              6              6        37.1951             31        1.85922
              7              7        37.3092        31.1667         1.8594
              8              8        37.4324        31.3333        1.85983
              9              9         37.553           31.5        1.86008
             10             10        37.6853        31.6667        1.86027
             11             11        37.8241        31.8333        1.86043
             12             12        37.9759             32        1.86046
             13             13        38.1277        32.1667        1.86051
             14             14        38.2925        32.3333        1.86052
             15             15        38.4468           32.5        1.86052
             16             16        38.6116        32.6667         1.8604
             17             17        38.7777        32.8333        1.86033
             18             18        38.9346             33        1.86025
             19             19        39.1019        33.1667        1.86017
             20             20        39.2588        33.3333        1.86006
             21             21        39.4457           33.5        1.85997
             22             22        39.6129        33.6667        1.85987
             23             23        39.7946        33.8333        1.85978
             24             24        39.9775             34        1.85969
             25             25        40.1434        34.1667         1.8596
             26             26         40.325        34.3333        1.85951
             27             27        40.4935           34.5        1.85942
             28             28        40.6816        34.6667        1.85933
             29             29        40.8605        34.8333        1.85925
             30             30        41.0291             35        1.85917
             31             31        41.2132        35.1667        1.85909
             32             32         41.396        35.3333        1.85902
             33             33        41.5684           35.5        1.85896
             34             34        41.7486        35.6667        1.85889
             35             35        41.9275        35.8333        1.85882
             36             36        42.1051             36        1.85877
             37             37        42.2865        36.1667        1.85871
             38             38         42.455        36.3333        1.85865
             39             39        42.6364           36.5        1.85858
             40             40        42.8127        36.6667        1.85852
             41             41        42.9824        36.8333        1.85846
             42             42        43.1508             37         1.8584
             43             43        43.3349        37.1667        1.85834
             44             44        43.5059        37.3333        1.85829
             45             45        43.6847           37.5        1.85823
             46             46        43.8583        37.6667        1.85816
             47             47        44.0305        37.8333         1.8581
             48             48        44.1963             38        1.85804
             49             49        44.3699        38.1667        1.85797
             50             50        44.5461        38.3333        1.85791
             51             51        44.7157           38.5        1.85784
             52             52        44.8853        38.6667        1.85778
             53             53        45.0537        38.8333        1.85771
             54             54        45.2233             39        1.85766
             55             55         45.389        39.1667         1.8576
             56             56        45.5625        39.3333        1.85755
             57             57        45.7322           39.5        1.85749
             58             58         45.894        39.6667        1.85743
             59             59        46.0583        39.8333        1.85737
             60             60        46.2305             40        1.85731
             61             61        46.3962        40.1667        1.85726
             62             62        46.5697        40.3333        1.85721
             63             63        46.7354           40.5        1.85716
             64             64        46.9011        40.6667        1.85713
             65             65         47.055        40.8333        1.85708
             66             66        47.2193             41        1.85704
             67             67        47.3785        41.1667          1.857
             68             68        47.5467        41.3333        1.85696
             69             69        47.7111           41.5        1.85693
             70             70        47.8702        41.6667        1.85689
             71             71        48.0475        41.8333        1.85685
             72             72        48.2184             42        1.85681
             73             73        48.3644        42.1667        1.85677
             74             74        48.5261        42.3333        1.85672
             75             75        48.6957           42.5        1.85667
             76             76        48.8443        42.6667        1.85662
             77             77        49.0216        42.8333        1.85658
             78             78        49.1872             43        1.85653
             79             79        49.3463        43.1667        1.85649
             80             80        49.5145        43.3333        1.85645
             81             81         49.671           43.5         1.8564
             82             82        49.8352        43.6667        1.85636
             83             83        50.0047        43.8333         1.8563
             84             84        50.1716             44        1.85625
             85             85        50.3423        44.1667        1.85619
             86             86        50.5092        44.3333        1.85614
             87             87        50.6539           44.5         1.8561
             88             88         50.826        44.6667        1.85605
             89             89        50.9941        44.8333          1.856
             90             90        51.1545             45        1.85595
             91             91        51.3239        45.1667         1.8559
             92             92        51.4816        45.3333        1.85585
             93             93        51.6511           45.5         1.8558
             94             94        51.8101        45.6667        1.85575
             95             95        51.9678        45.8333        1.85571
             96             96        52.1333             46        1.85566
             97             97        52.3027        46.1667         1.8556
             98             98         52.463        46.3333        1.85554
             99             99        52.6194           46.5        1.85549
            100            100        52.7745        46.6667        1.85543
            101            101        52.9439        46.8333        1.85537
            102            102        53.1042             47        1.85531
            103            103        53.2645        47.1667        1.85525
            104            104        53.4313        47.3333        1.85519
            105            105        53.5955           47.5        1.85514
            106            106        53.7557        47.6667        1.85509
            107            107        53.9212        47.8333        1.85504
            108            108        54.0815             48          1.855
            109            109        54.2417        48.1667        1.85496
            110            110        54.4059        48.3333        1.85492
            111            111        54.5649           48.5        1.85487
            112            112        54.7238        48.6667        1.85482
            113            113        54.9023        48.8333        1.85475
            114            114        55.0456             49         1.8547
            115            115        55.2176        49.1667        1.85464
            116            116        55.3817        49.3333        1.85459
            117            117         55.529           49.5        1.85453
            118            118        55.6944        49.6667        1.85448
            119            119        55.8507        49.8333        1.85443
            120            120        56.0097             50        1.85437
            121            121        56.1751        50.1667        1.85432
            122            122        56.3327        50.3333        1.85425
            123            123        56.4943           50.5        1.85419
            124            124        56.6649        50.6667        1.85413
            125            125        56.8173        50.8333        1.85406
            126            126        56.9762             51          1.854
            127            127        57.1443        51.1667        1.85394
            128            128        57.3032        51.3333        1.85388
            129            129        57.4686           51.5        1.85383
            130            130        57.6301        51.6667        1.85379
            131            131        57.7773        51.8333        1.85374
            132            132        57.9375             52        1.85369
            133            133         58.099        52.1667        1.85364
            134            134        58.2566        52.3333        1.85359
            135            135        58.4155           52.5        1.85354
            136            136        58.5809        52.6667        1.85348
            137            137        58.7333        52.8333        1.85342
            138            138        58.8948             53        1.85336
            139            139        59.0459        53.1667         1.8533
            140            140        59.2086        53.3333        1.85325
            141            141        59.3662           53.5         1.8532
            142            142        59.5277        53.6667        1.85314
            143            143        59.6879        53.8333        1.85309
            144            144        59.8364             54        1.85305
            145            145        59.9952        54.1667        1.85301
            146            146        60.1502        54.3333        1.85297
            147            147        60.3234           54.5        1.85293
            148            148        60.4614        54.6667         1.8529
            149            149        60.6229        54.8333        1.85286
            150            150        60.7883             55        1.85283
            151            151        60.9459        55.1667        1.85279
            152            152        61.0982        55.3333        1.85274
            153            153        61.2493           55.5         1.8527
            154            154        61.4055        55.6667        1.85265
            155            155        61.5631        55.8333         1.8526
            156            156         61.722             56        1.85256
            157            157         61.873        56.1667        1.85253
            158            158        62.0384        56.3333        1.85254
            159            159        62.1998           56.5        1.85254
            160            160        62.3391        56.6667        1.85255
            161            161        62.4928        56.8333        1.85254
            162            162        62.6543             57        1.85253
            163            163        62.8066        57.1667        1.85253
            164            164        62.9576        57.3333        1.85251
            165            165        63.1152           57.5        1.85248
            166            166         63.274        57.6667        1.85244
            167            167        63.4303        57.8333        1.85237
            168            168          63.58             58        1.85231
            169            169        63.7492        58.1667        1.85226
            170            170        63.9003        58.3333         1.8522
            171            171          64.05           58.5        1.85214
            172            172        64.2062        58.6667        1.85209
            173            173        64.3677        58.8333        1.85204
            174            174        64.5109             59          1.852
            175            175        64.6671        59.1667        1.85197
            176            176        64.8194        59.3333        1.85194
            177            177        64.9692           59.5        1.85189
            178            178        65.1319        59.6667        1.85185
            179            179        65.2907        59.8333        1.85179
            180            180        65.4339             60        1.85174
            181            181        65.5902        60.1667        1.85168
            182            182        65.7425        60.3333        1.85163
            183            183        65.8909           60.5        1.85156
            184            184        66.0445        60.6667        1.85151
            185            185        66.2059        60.8333        1.85145
            186            186         66.353             61         1.8514
            187            187        66.5028        61.1667        1.85136
            188            188        66.6616        61.3333        1.85131
            189            189        66.8113           61.5        1.85126
            190            190        66.9597        61.6667        1.85121
            191            191         67.112        61.8333        1.85117
            192            192        67.2708             62        1.85114
            193            193        67.4114        62.1667        1.85111
            194            194        67.5728        62.3333        1.85108
            195            195        67.7342           62.5        1.85106
            196            196        67.8813        62.6667        1.85105
            197            197        68.0284        62.8333        1.85102
            198            198        68.1872             63        1.85099
            199            199        68.3421        63.1667        1.85096
            200            200        68.4996        63.3333         1.8509
            201            201        68.6389           63.5        1.85086
            202            202        68.7951        63.6667        1.85081
            203            203         68.954        63.8333        1.85075
            204            204        69.0958             64        1.85069
            205            205        69.2468        64.1667        1.85064
            206            206        69.4056        64.3333        1.85059
            207            207        69.5462           64.5        1.85054
            208            208        69.7102        64.6667        1.85049
            209            209        69.8573        64.8333        1.85044
            210            210        70.0096             65        1.85039
            211            211         70.154        65.1667        1.85034
            212            212        70.3141        65.3333        1.85028
            213            213        70.4703           65.5        1.85023
            214            214        70.6148        65.6667        1.85018
            215            215        70.7658        65.8333        1.85013
            216            216        70.9103             66        1.85008
            217            217        71.0547        66.1667        1.85004
            218            218        71.2122        66.3333           1.85
            219            219        71.3658           66.5        1.84997
            220            220        71.5168        66.6667        1.84994
            221            221        71.6652        66.8333        1.84991
            222            222        71.8149             67        1.84986
            223            223         71.975        67.1667        1.84981
            224            224        72.1169        67.3333        1.84972
            225            225         72.273           67.5        1.84962
            226            226        72.4227        67.6667        1.84951
            227            227        72.5854        67.8333        1.84938
            228            228        72.7273             68        1.84926
            229            229        72.8783        68.1667        1.84908
            230            230         73.024        68.3333        1.84894
            231            231         73.188           68.5        1.84881
            232            232        73.3325        68.6667        1.84868
            233            233        73.4834        68.8333        1.84859
            234            234        73.6331             69         1.8485
            235            235        73.7802        69.1667        1.84841
            236            236        73.9246        69.3333        1.84833
            237            237        74.0756           69.5        1.84828
            238            238        74.2292        69.6667        1.84822
            239            239        74.3776        69.8333        1.84816
            240            240        74.5233             70         1.8481
            241            241        74.6717        70.1667        1.84806
            242            242         74.811        70.3333        1.84801
            243            243        74.9711           70.5        1.84796
            244            244        75.1181        70.6667         1.8479
            245            245        75.2704        70.8333        1.84786
            246            246        75.4136             71        1.84782
            247            247        75.5736        71.1667        1.84779
            248            248        75.7181        71.3333        1.84776
            249            249          75.86           71.5        1.84774
            250            250        76.0122        71.6667        1.84772
            251            251        76.1697        71.8333        1.84768
            252            252        76.3037             72        1.84765
            253            253        76.4677        72.1667         1.8476
            254            254        76.6096        72.3333        1.84755
            255            255         76.754           72.5        1.84751
            256            256         76.918        72.6667        1.84747
            257            257        77.0651        72.8333        1.84742
            258            258        77.2043             73        1.84737
            259            259        77.3618        73.1667        1.84732
            260            260        77.5206        73.3333        1.84727
            261            261        77.6481           73.5        1.84723
            262            262        77.7978        73.6667        1.84718
            263            263        77.9552        73.8333        1.84712
            264            264        78.1049             74        1.84707
            265            265        78.2702        74.1667        1.84702
            266            266        78.4016        74.3333        1.84697
            267            267        78.5604           74.5        1.84693
            268            268        78.7009        74.6667        1.84688
            269            269        78.8571        74.8333        1.84684
            270            270        79.0094             75         1.8468
            271            271         79.159        75.1667        1.84675
            272            272        79.3061        75.3333         1.8467
            273            273        79.4571           75.5        1.84665
            274            274        79.6015        75.6667        1.84659
            275            275        79.7447        75.8333        1.84654
            276            276        79.9073             76        1.84649
            277            277         80.057        76.1667        1.84644
            278            278        80.2002        76.3333        1.84641
            279            279         80.355           76.5        1.84638
            280            280        80.5099        76.6667        1.84635
            281            281        80.6518        76.8333        1.84633
            282            282        80.7962             77         1.8463
            283            283        80.9407        77.1667        1.84625
            284            284        81.0942        77.3333         1.8462
            285            285         81.253           77.5        1.84616
            286            286        81.4118        77.6667        1.84608
            287            287        81.5588        77.8333        1.84603
            288            288        81.7098             78        1.84598
            289            289         81.866        78.1667        1.84594
            290            290         82.013        78.3333         1.8459
            291            291        82.1601           78.5        1.84586
            292            292        82.2993        78.6667        1.84581
            293            293        82.4581        78.8333        1.84577
            294            294        82.5973             79        1.84572
            295            295         82.747        79.1667        1.84567
            296            296        82.8888        79.3333        1.84562
            297            297        83.0528           79.5        1.84557
            298            298        83.2064        79.6667        1.84553
            299            299        83.3638        79.8333        1.84548
            300            300        83.5083             80        1.84544
            301            301        83.6567        80.1667         1.8454
            302            302        83.7972        80.3333        1.84537
            303            303        83.9638           80.5        1.84534
            304            304        84.1017        80.6667        1.84531
            305            305        84.2579        80.8333        1.84528
            306            306        84.4036             81        1.84524
            307            307        84.5572        81.1667         1.8452
            308            308         84.703        81.3333        1.84516
            309            309        84.8617           81.5        1.84513
            310            310        85.0127        81.6667         1.8451
            311            311        85.1688        81.8333        1.84506
            312            312        85.3094             82        1.84502
            313            313        85.4642        82.1667        1.84497
            314            314        85.6165        82.3333        1.84493
            315            315        85.7636           82.5         1.8449
            316            316        85.9106        82.6667        1.84485
            317            317        86.0603        82.8333        1.84481
            318            318        86.2177             83        1.84476
            319            319          86.37        83.1667        1.84471
            320            320        86.5197        83.3333        1.84465
            321            321        86.6745           83.5        1.84459
            322            322        86.8242        83.6667        1.84452
            323            323        86.9647        83.8333        1.84443
            324            324        87.1143             84        1.84435
            325            325        87.2731        84.1667        1.84427
            326            326        87.4202        84.3333        1.84419
            327            327         87.562           84.5        1.84411
            328            328        87.7286        84.6667        1.84403
            329            329        87.8756        84.8333        1.84396
            330            330        88.0331             85         1.8439
            331            331        88.1802        85.1667        1.84385
            332            332        88.3285        85.3333        1.84383
            333            333         88.473           85.5        1.84381
            334            334        88.6291        85.6667        1.84379
            335            335        88.7827        85.8333        1.84378
            336            336        88.9363             86        1.84381
            337            337         89.082        86.1667        1.84382
            338            338        89.2382        86.3333        1.84382
            339            339        89.3878           86.5        1.84383
            340            340        89.5427        86.6667        1.84384
            341            341        89.6963        86.8333        1.84384
            342            342         89.842             87        1.84383
            343            343        89.9942        87.1667        1.84383
            344            344        90.1517        87.3333        1.84381
            345            345        90.3027           87.5        1.84379
            346            346         90.451        87.6667        1.84378
            347            347        90.6046        87.8333        1.84376
            348            348        90.7516             88        1.84373
            349            349           90.9        88.1667        1.84371
            350            350        91.0561        88.3333        1.84369
            351            351        91.2084           88.5        1.84366
            352            352        91.3646        88.6667        1.84363
            353            353        91.5155        88.8333         1.8436
            354            354        91.6626             89        1.84357
            355            355        91.8174        89.1667        1.84354
            356            356        91.9723        89.3333        1.84352
            357            357        92.1206           89.5        1.84349
            358            358        92.2807        89.6667        1.84347
            359            359        92.4291        89.8333        1.84345
            360            360        92.5787             90        1.84343
            361            361        92.7349        90.1667        1.84342
            362            362        92.8871        90.3333         1.8434
            363            363        93.0342           90.5        1.84338
            364            364        93.1747        90.6667        1.84337
            365            365        93.3309        90.8333        1.84336
            366            366        93.4949             91        1.84335
            367            367        93.6445        91.1667        1.84334
            368            368        93.7916        91.3333        1.84334
            369            369         93.949           91.5        1.84334
            370            370        94.0987        91.6667        1.84333
            371            371        94.2483        91.8333        1.84332
            372            372        94.4058             92         1.8433
            373            373        94.5515        92.1667        1.84328
            374            374         94.709        92.3333        1.84326
            375            375        94.8626           92.5        1.84323
            376            376        95.0109        92.6667         1.8432
            377            377        95.1619        92.8333        1.84316
            378            378         95.318             93        1.84312
            379            379        95.4729        93.1667        1.84309
            380            380        95.6226        93.3333        1.84306
            381            381        95.7813           93.5        1.84303
            382            382         95.927        93.6667          1.843
            383            383         96.078        93.8333        1.84297
            384            384        96.2276             94        1.84294
            385            385        96.3773        94.1667         1.8429
            386            386        96.5321        94.3333        1.84287
            387            387        96.6896           94.5        1.84283
            388            388        96.8353        94.6667         1.8428
            389            389        96.9863        94.8333        1.84276
            390            390        97.1372             95        1.84272
            391            391        97.2934        95.1667        1.84269
            392            392        97.4418        95.3333        1.84266
            393            393         97.594           95.5        1.84264
            394            394        97.7436        95.6667        1.84262
            395            395        97.9102        95.8333         1.8426
            396            396        98.0612             96        1.84258
            397            397        98.2095        96.1667        1.84257
            398            398        98.3566        96.3333        1.84255
            399            399        98.5102           96.5        1.84253
            400            400        98.6598        96.6667        1.84251
            401            401        98.8147        96.8333        1.84245
            402            402        98.9734             97        1.84239
            403            403        99.1348        97.1667        1.84229
            404            404        99.2792        97.3333        1.84217
            405            405         99.425           97.5        1.84195
            406            406        99.5824        97.6667        1.84176
            407            407        99.7334        97.8333        1.84156
            408            408        99.8895             98        1.84137
            409            409        100.035        98.1667        1.84114
            410            410        100.197        98.3333        1.84096
            411            411        100.338           98.5        1.84081
            412            412        100.497        98.6667        1.84068
            413            413        100.656        98.8333        1.84066
            414            414        100.807             99        1.84063
            415            415        100.963        99.1667        1.84061
            416            416        101.119        99.3333         1.8406
            417            417        101.277           99.5        1.84066
            418            418         101.42        99.6667        1.84069
            419            419        101.573        99.8333        1.84071
            420            420         101.72            100        1.84073
            421            421        101.877        100.167        1.84076
            422            422        102.033        100.333        1.84079
            423            423        102.184          100.5        1.84083
            424            424        102.337        100.667        1.84087
            425            425        102.487        100.833        1.84092
            426            426        102.638            101        1.84097
            427            427        102.802        101.167        1.84102
            428            428        102.954        101.333        1.84106
            429            429        103.106          101.5        1.84111
            430            430        103.269        101.667        1.84115
            431            431        103.406        101.833        1.84119
            432            432        103.564            102        1.84123
            433            433        103.725        102.167        1.84125
            434            434        103.869        102.333        1.84127
            435            435         104.03          102.5        1.84129
            436            436        104.181        102.667        1.84131
            437            437        104.341        102.833         1.8413
            438            438        104.505            103         1.8413
            439            439        104.642        103.167        1.84129
            440            440         104.81        103.333        1.84128
            441            441        104.949          103.5        1.84125
            442            442        105.101        103.667        1.84123
            443            443        105.246        103.833        1.84122
            444            444        105.412            104        1.84121
            445            445        105.575        104.167         1.8412
            446            446        105.723        104.333         1.8412
            447            447        105.873          104.5        1.84119
            448            448        106.027        104.667        1.84119
            449            449        106.193        104.833        1.84118
            450            450         106.34            105        1.84117
            451            451        106.492        105.167        1.84116
            452            452        106.641        105.333        1.84114
            453            453        106.798          105.5         1.8411
            454            454        106.956        105.667        1.84108
            455            455        107.109        105.833        1.84106
            456            456        107.264            106        1.84104
            457            457        107.403        106.167        1.84102
            458            458        107.562        106.333          1.841
            459            459        107.718          106.5        1.84098
            460            460        107.868        106.667        1.84095
            461            461        108.028        106.833        1.84092
            462            462        108.189            107        1.84089
            463            463         108.34        107.167        1.84086
            464            464        108.498        107.333        1.84082
            465            465        108.651          107.5        1.84077
            466            466        108.796        107.667        1.84073
            467            467        108.956        107.833         1.8407
            468            468        109.113            108        1.84066
            469            469        109.263        108.167        1.84063
            470            470        109.414        108.333         1.8406
            471            471        109.577          108.5        1.84058
            472            472        109.731        108.667        1.84057
            473            473        109.886        108.833        1.84058
            474            474        110.035            109        1.84059
            475            475        110.195        109.167         1.8406
            476            476        110.351        109.333        1.84061
            477            477        110.499          109.5        1.84063
            478            478        110.658        109.667        1.84063
            479            479        110.818        109.833        1.84063
            480            480        110.977            110        1.84061
            481            481        111.127        110.167        1.84057
            482            482         111.28        110.333        1.84053
            483            483        111.436          110.5        1.84049
            484            484        111.585        110.667        1.84045
            485            485        111.747        110.833         1.8404
            486            486        111.896            111        1.84036
            487            487        112.048        111.167        1.84033
            488            488        112.209        111.333        1.84029
            489            489        112.367          111.5        1.84027
            490            490        112.515        111.667        1.84024
            491            491        112.678        111.833        1.84021
            492            492        112.829            112        1.84018
            493            493        112.989        112.167        1.84015
            494            494        113.141        112.333        1.84013
            495            495        113.306          112.5         1.8401
            496            496        113.455        112.667        1.84008
            497            497        113.612        112.833        1.84006
            498            498        113.764            113        1.84005
            499            499        113.922        113.167        1.84002
            500            500        114.078        113.333        1.83999
            501            501         114.23          113.5        1.83996
            502            502        114.385        113.667        1.83989
            503            503         114.55        113.833        1.83983
            504            504        114.696            114        1.83976
            505            505        114.852        114.167        1.83968
            506            506        115.005        114.333        1.83958
            507            507        115.157          114.5         1.8395
            508            508        115.329        114.667        1.83942
            509            509        115.478        114.833        1.83935
            510            510        115.628            115         1.8393
            511            511        115.788        115.167        1.83926
            512            512        115.947        115.333        1.83923
            513            513        116.095          115.5         1.8392
            514            514         116.26        115.667        1.83922
            515            515        116.417        115.833        1.83922
            516            516         116.57            116        1.83923
            517            517        116.733        116.167        1.83924
            518            518        116.886        116.333        1.83927
            519            519         117.04          116.5        1.83929
            520            520        117.186        116.667        1.83931
            521            521        117.357        116.833        1.83933
            522            522        117.505            117        1.83935
            523            523        117.665        117.167        1.83937
            524            524        117.818        117.333        1.83938
            525            525        117.965          117.5        1.83939
            526            526        118.116        117.667         1.8394
            527            527        118.284        117.833         1.8394
            528            528        118.443            118        1.83941
            529            529          118.6        118.167        1.83942
            530            530         118.75        118.333        1.83942
            531            531        118.913          118.5        1.83943
            532            532        119.064        118.667        1.83943
            533            533        119.229        118.833        1.83943
            534            534        119.385            119        1.83943
            535            535        119.536        119.167        1.83943
            536            536        119.693        119.333        1.83942
            537            537        119.852          119.5        1.83941
            538            538        119.993        119.667         1.8394
            539            539        120.154        119.833        1.83938
            540            540        120.321            120        1.83936
            541            541        120.474        120.167        1.83934
            542            542        120.623        120.333        1.83933
            543            543        120.788          120.5        1.83931
            544            544        120.942        120.667         1.8393
            545            545        121.104        120.833        1.83928
            546            546        121.258            121        1.83926
            547            547        121.423        121.167        1.83924
            548            548        121.575        121.333        1.83922
            549            549        121.729          121.5         1.8392
            550            550        121.892        121.667        1.83919
            551            551        122.048        121.833        1.83918
            552            552        122.199            122        1.83919
            553            553        122.359        122.167        1.83919
            554            554        122.537        122.333         1.8392
            555            555        122.672          122.5        1.83922
            556            556        122.836        122.667        1.83924
            557            557        122.982        122.833        1.83926
            558            558         123.14            123        1.83927
            559            559        123.294        123.167        1.83928
            560            560        123.447        123.333        1.83928
            561            561        123.611          123.5        1.83928
            562            562         123.78        123.667        1.83928
            563            563        123.922        123.833        1.83927
            564            564        124.074            124        1.83924
            565            565        124.234        124.167        1.83922
            566            566        124.398        124.333        1.83921
            567            567        124.546          124.5        1.83919
            568            568        124.712        124.667        1.83917
            569            569        124.863        124.833        1.83915
            570            570        125.023            125        1.83913
            571            571        125.179        125.167        1.83911
            572            572        125.335        125.333         1.8391
            573            573        125.496          125.5        1.83909
            574            574        125.645        125.667        1.83908
            575            575        125.798        125.833        1.83908
            576            576        125.961            126        1.83908
            577            577        126.113        126.167        1.83907
            578            578        126.275        126.333        1.83907
            579            579        126.435          126.5        1.83905
            580            580        126.591        126.667        1.83904
            581            581        126.752        126.833        1.83902
            582            582        126.906            127        1.83899
            583            583        127.061        127.167        1.83896
            584            584        127.217        127.333        1.83891
            585            585        127.374          127.5        1.83887
            586            586        127.533        127.667        1.83884
            587            587        127.692        127.833         1.8388
            588            588        127.837            128        1.83877
            589            589        128.001        128.167        1.83875
            590            590        128.155        128.333        1.83872
            591            591         128.32          128.5         1.8387
            592            592        128.474        128.667        1.83867
            593            593        128.635        128.833        1.83866
            594            594        128.788            129        1.83864
            595            595        128.941        129.167        1.83862
            596            596        129.096        129.333         1.8386
            597            597        129.264          129.5        1.83858
            598            598        129.416        129.667        1.83856
            599            599        129.575        129.833        1.83854
            600            600        129.734            130        1.83853
            601            601        129.887        130.167        1.83852
            602            602        130.047        130.333        1.83851
            603            603        130.209          130.5         1.8385
            604            604        130.366        130.667        1.83849
            605            605        130.528        130.833        1.83847
            606            606         130.68            131        1.83846
            607            607        130.842        131.167        1.83845
            608            608        130.999        131.333        1.83844
            609            609        131.157          131.5        1.83842
            610            610        131.312        131.667        1.83839
            611            611        131.468        131.833        1.83837
            612            612        131.631            132        1.83834
            613            613        131.789        132.167        1.83829
            614            614        131.941        132.333        1.83825
            615            615        132.105          132.5        1.83821
            616            616         132.26        132.667        1.83818
            617            617        132.413        132.833        1.83815
            618            618        132.582            133        1.83812
            619            619         132.74        133.167        1.83809
            620            620        132.896        133.333        1.83806
            621            621        133.046          133.5        1.83803
            622            622        133.214        133.667          1.838
            623            623        133.372        133.833        1.83797
            624            624        133.535            134        1.83795
            625            625        133.695        134.167        1.83793
            626            626        133.843        134.333        1.83791
            627            627        133.997          134.5        1.83789
            628            628        134.161        134.667        1.83788
            629            629        134.325        134.833        1.83787
            630            630         134.48            135        1.83787
            631            631        134.645        135.167        1.83786
            632            632        134.809        135.333        1.83785
            633            633        134.968          135.5        1.83784
            634            634        135.116        135.667        1.83783
            635            635        135.273        135.833        1.83783
            636            636        135.433            136        1.83781
            637            637        135.591        136.167         1.8378
            638            638        135.745        136.333         1.8378
            639            639        135.909          136.5        1.83779
            640            640        136.059        136.667        1.83778
            641            641        136.224        136.833        1.83777
            642            642        136.387            137        1.83775
            643            643        136.534        137.167        1.83774
            644            644          136.7        137.333        1.83772
            645            645        136.858          137.5         1.8377
            646            646        137.013        137.667        1.83767
            647            647        137.183        137.833        1.83764
            648            648        137.334            138        1.83762
            649            649        137.494        138.167        1.83759
            650            650        137.658        138.333        1.83758
            651            651        137.806          138.5        1.83756
            652            652        137.974        138.667        1.83755
            653            653        138.134        138.833        1.83753
            654            654        138.283            139        1.83753
            655            655        138.456        139.167        1.83752
            656            656        138.608        139.333         1.8375
            657            657        138.767          139.5        1.83748
            658            658        138.931        139.667        1.83746
            659            659        139.082        139.833        1.83744
            660            660        139.243            140        1.83742
            661            661        139.402        140.167         1.8374
            662            662        139.566        140.333        1.83738
            663            663        139.725          140.5        1.83735
            664            664        139.877        140.667        1.83732
            665            665        140.033        140.833        1.83729
            666            666        140.205            141        1.83726
            667            667        140.362        141.167        1.83723
            668            668         140.52        141.333        1.83721
            669            669        140.681          141.5        1.83719
            670            670        140.837        141.667        1.83716
            671            671        141.001        141.833        1.83715
            672            672        141.152            142        1.83713
            673            673        141.318        142.167        1.83711
            674            674        141.473        142.333        1.83708
            675            675        141.637          142.5        1.83705
            676            676        141.794        142.667        1.83703
            677            677        141.948        142.833        1.83701
            678            678         142.11            143        1.83699
            679            679        142.269        143.167        1.83697
            680            680        142.432        143.333        1.83695
            681            681        142.597          143.5        1.83694
            682            682        142.749        143.667        1.83692
            683            683        142.915        143.833        1.83691
            684            684        143.069            144         1.8369
            685            685         143.23        144.167        1.83689
            686            686        143.391        144.333        1.83688
            687            687        143.547          144.5        1.83688
            688            688        143.703        144.667        1.83687
            689            689        143.872        144.833        1.83685
            690            690        144.034            145        1.83683
            691            691         144.19        145.167        1.83681
            692            692        144.347        145.333        1.83678
            693            693        144.505          145.5        1.83676
            694            694         144.67        145.667        1.83674
            695            695        144.826        145.833        1.83672
            696            696        144.986            146         1.8367
            697            697        145.145        146.167        1.83669
            698            698          145.3        146.333        1.83668
            699            699        145.463          146.5        1.83668
            700            700        145.625        146.667        1.83667
            701            701        145.786        146.833        1.83667
            702            702        145.935            147        1.83666
            703            703          146.1        147.167        1.83665
            704            704        146.259        147.333        1.83664
            705            705        146.421          147.5        1.83664
            706            706        146.586        147.667        1.83663
            707            707        146.742        147.833        1.83663
            708            708        146.905            148        1.83663
            709            709        147.061        148.167        1.83661
            710            710        147.225        148.333         1.8366
            711            711        147.375          148.5        1.83658
            712            712        147.533        148.667        1.83656
            713            713          147.7        148.833        1.83654
            714            714        147.858            149        1.83654
            715            715        148.014        149.167        1.83653
            716            716         148.18        149.333        1.83654
            717            717        148.339          149.5        1.83653
            718            718        148.502        149.667        1.83652
            719            719        148.655        149.833         1.8365
            720            720        148.824            150        1.83647
            721            721        148.981        150.167        1.83646
            722            722        149.134        150.333        1.83645
            723            723          149.3          150.5        1.83643
            724            724        149.454        150.667        1.83642
            725            725        149.621        150.833        1.83641
            726            726        149.776            151        1.83638
            727            727        149.935        151.167        1.83636
            728            728        150.096        151.333        1.83634
            729            729        150.256          151.5        1.83632
            730            730        150.412        151.667        1.83631
            731            731        150.579        151.833        1.83629
            732            732         150.74            152        1.83627
            733            733        150.908        152.167        1.83627
            734            734        151.068        152.333        1.83625
            735            735        151.224          152.5        1.83623
            736            736        151.384        152.667        1.83621
            737            737        151.548        152.833        1.83618
            738            738        151.706            153        1.83616
            739            739        151.865        153.167        1.83614
            740            740        152.025        153.333        1.83611
            741            741        152.184          153.5        1.83609
            742            742        152.341        153.667        1.83606
            743            743        152.502        153.833        1.83603
            744            744        152.662            154          1.836
            745            745        152.817        154.167        1.83596
            746            746        152.977        154.333        1.83593
            747            747        153.152          154.5         1.8359
            748            748        153.298        154.667        1.83586
            749            749        153.462        154.833        1.83583
            750            750         153.62            155         1.8358
            751            751         153.78        155.167        1.83577
            752            752        153.939        155.333        1.83574
            753            753        154.094          155.5        1.83572
            754            754        154.255        155.667         1.8357
            755            755        154.426        155.833        1.83568
            756            756        154.589            156        1.83565
            757            757        154.741        156.167        1.83561
            758            758        154.904        156.333        1.83558
            759            759        155.069          156.5        1.83556
            760            760        155.229        156.667        1.83553
            761            761        155.388        156.833        1.83551
            762            762        155.553            157        1.83549
            763            763        155.713        157.167        1.83547
            764            764        155.881        157.333        1.83544
            765            765        156.038          157.5        1.83542
            766            766        156.195        157.667        1.83541
            767            767        156.363        157.833         1.8354
            768            768        156.517            158        1.83539
            769            769        156.672        158.167        1.83539
            770            770        156.826        158.333        1.83538
            771            771        156.991          158.5        1.83537
            772            772        157.158        158.667        1.83535
            773            773         157.32        158.833        1.83533
            774            774         157.48            159         1.8353
            775            775        157.639        159.167        1.83529
            776            776        157.805        159.333        1.83529
            777            777        157.959          159.5        1.83528
            778            778        158.134        159.667        1.83528
            779            779        158.293        159.833        1.83526
            780            780        158.445            160        1.83524
            781            781        158.608        160.167        1.83521
            782            782        158.769        160.333        1.83517
            783            783        158.925          160.5        1.83515
            784            784        159.084        160.667        1.83513
            785            785        159.247        160.833        1.83511
            786            786        159.407            161         1.8351
            787            787        159.572        161.167        1.83508
            788            788        159.735        161.333        1.83505
            789            789        159.896          161.5        1.83502
            790            790        160.052        161.667          1.835
            791            791        160.219        161.833        1.83496
            792            792        160.374            162        1.83494
            793            793         160.53        162.167        1.83492
            794            794        160.699        162.333        1.83489
            795            795        160.863          162.5        1.83487
            796            796         161.01        162.667        1.83486
            797            797        161.182        162.833        1.83484
            798            798        161.347            163        1.83483
            799            799        161.501        163.167        1.83482
            800            800        161.658        163.333        1.83481
            801            801         161.82          163.5         1.8348
            802            802         161.98        163.667        1.83479
            803            803        162.148        163.833        1.83476
            804            804        162.306            164        1.83472
            805            805        162.468        164.167        1.83468
            806            806        162.632        164.333        1.83464
            807            807        162.797          164.5        1.83459
            808            808        162.953        164.667        1.83455
            809            809        163.108        164.833        1.83452
            810            810        163.268            165         1.8345
            811            811        163.432        165.167         1.8345
            812            812        163.601        165.333        1.83448
            813            813        163.763          165.5        1.83447
            814            814        163.916        165.667        1.83445
            815            815        164.079        165.833        1.83443
            816            816        164.239            166         1.8344
            817            817        164.399        166.167        1.83437
            818            818        164.559        166.333        1.83434
            819            819        164.719          166.5        1.83431
            820            820        164.894        166.667        1.83429
            821            821        165.047        166.833        1.83427
            822            822         165.21            167        1.83425
            823            823        165.371        167.167        1.83423
            824            824        165.538        167.333        1.83422
            825            825        165.689          167.5        1.83421
            826            826        165.857        167.667        1.83419
            827            827         166.02        167.833        1.83418
            828            828        166.168            168        1.83416
            829            829        166.333        168.167        1.83416
            830            830          166.5        168.333        1.83415
            831            831        166.655          168.5        1.83415
            832            832        166.823        168.667        1.83416
            833            833        166.983        168.833        1.83417
            834            834        167.142            169        1.83417
            835            835        167.303        169.167        1.83418
            836            836        167.476        169.333        1.83419
            837            837        167.634          169.5         1.8342
            838            838        167.796        169.667         1.8342
            839            839        167.959        169.833         1.8342
            840            840        168.115            170        1.83418
            841            841        168.274        170.167        1.83416
            842            842        168.437        170.333        1.83413
            843            843        168.594          170.5        1.83409
            844            844        168.755        170.667        1.83404
            845            845        168.926        170.833        1.83401
            846            846        169.085            171        1.83398
            847            847         169.25        171.167        1.83396
            848            848        169.417        171.333        1.83395
            849            849        169.575          171.5        1.83393
            850            850        169.742        171.667        1.83392
            851            851        169.897        171.833         1.8339
            852            852        170.063            172        1.83389
            853            853        170.224        172.167        1.83388
            854            854        170.381        172.333        1.83387
            855            855        170.549          172.5        1.83385
            856            856        170.705        172.667        1.83384
            857            857        170.869        172.833        1.83383
            858            858        171.027            173        1.83382
            859            859        171.197        173.167        1.83381
            860            860        171.347        173.333        1.83379
            861            861        171.515          173.5        1.83378
            862            862        171.679        173.667        1.83376
            863            863        171.839        173.833        1.83374
            864            864        171.999            174        1.83372
            865            865         172.16        174.167         1.8337
            866            866        172.336        174.333        1.83369
            867            867        172.495          174.5        1.83368
            868            868         172.65        174.667        1.83367
            869            869        172.819        174.833        1.83367
            870            870        172.985            175        1.83367
            871            871        173.143        175.167        1.83368
            872            872        173.302        175.333        1.83368
            873            873        173.471          175.5        1.83369
            874            874        173.636        175.667         1.8337
            875            875        173.795        175.833        1.83369
            876            876        173.958            176        1.83368
            877            877        174.115        176.167        1.83366
            878            878        174.283        176.333        1.83364
            879            879        174.446          176.5        1.83362
            880            880         174.61        176.667         1.8336
            881            881        174.766        176.833        1.83357
            882            882        174.927            177        1.83355
            883            883        175.095        177.167        1.83353
            884            884        175.255        177.333        1.83351
            885            885        175.417          177.5        1.83349
            886            886        175.585        177.667        1.83347
            887            887        175.746        177.833        1.83345
            888            888        175.906            178        1.83343
            889            889        176.071        178.167        1.83342
            890            890        176.235        178.333         1.8334
            891            891        176.401          178.5        1.83338
            892            892        176.558        178.667        1.83336
            893            893        176.722        178.833        1.83334
            894            894        176.877            179        1.83331
            895            895        177.044        179.167        1.83329
            896            896        177.205        179.333        1.83328
            897            897        177.373          179.5        1.83326
            898            898        177.533        179.667        1.83324
            899            899          177.7        179.833        1.83322
            900            900        177.865            180        1.83319
            901            901        178.026        180.167        1.83316
            902            902        178.193        180.333        1.83312
            903            903        178.343          180.5        1.83308
            904            904        178.517        180.667        1.83305
            905            905        178.685        180.833        1.83301
            906            906        178.838            181        1.83296
            907            907        179.006        181.167        1.83293
            908            908        179.157        181.333         1.8329
            909            909        179.327          181.5        1.83287
            910            910        179.487        181.667        1.83285
            911            911        179.644        181.833        1.83282
            912            912        179.817            182         1.8328
            913            913        179.986        182.167        1.83278
            914            914        180.145        182.333        1.83278
            915            915        180.309          182.5        1.83277
            916            916        180.472        182.667        1.83277
            917            917        180.636        182.833        1.83277
            918            918        180.796            183        1.83277
            919            919        180.953        183.167        1.83276
            920            920        181.115        183.333        1.83275
            921            921        181.284          183.5        1.83273
            922            922        181.452        183.667        1.83271
            923            923         181.62        183.833        1.83267
            924            924        181.779            184        1.83265
            925            925        181.943        184.167        1.83263
            926            926        182.113        184.333        1.83261
            927            927        182.264          184.5         1.8326
            928            928        182.432        184.667        1.83258
            929            929        182.589        184.833        1.83256
            930            930        182.746            185        1.83254
            931            931        182.912        185.167        1.83252
            932            932        183.079        185.333         1.8325
            933            933        183.248          185.5        1.83248
            934            934        183.407        185.667        1.83246
            935            935        183.563        185.833        1.83243
            936            936        183.726            186         1.8324
            937            937        183.892        186.167        1.83236
            938            938        184.051        186.333        1.83233
            939            939        184.214          186.5        1.83229
            940            940        184.379        186.667        1.83225
            941            941        184.546        186.833        1.83223
            942            942        184.714            187        1.83221
            943            943        184.871        187.167         1.8322
            944            944        185.044        187.333        1.83218
            945            945        185.209          187.5        1.83216
            946            946        185.367        187.667        1.83215
            947            947        185.536        187.833        1.83214
            948            948        185.697            188        1.83213
            949            949        185.855        188.167        1.83213
            950            950        186.027        188.333        1.83212
            951            951        186.189          188.5        1.83212
            952            952        186.355        188.667        1.83211
            953            953        186.519        188.833        1.83209
            954            954        186.681            189        1.83206
            955            955        186.848        189.167        1.83204
            956            956        187.012        189.333          1.832
            957            957        187.171          189.5        1.83197
            958            958        187.336        189.667        1.83196
            959            959        187.501        189.833        1.83194
            960            960        187.659            190        1.83195
            961            961        187.828        190.167        1.83194
            962            962         187.99        190.333        1.83194
            963            963        188.154          190.5        1.83194
            964            964        188.314        190.667        1.83194
            965            965        188.471        190.833        1.83194
            966            966        188.642            191        1.83194
            967            967        188.811        191.167        1.83193
            968            968        188.974        191.333        1.83192
            969            969        189.127          191.5        1.83192
            970            970         189.29        191.667        1.83193
            971            971        189.456        191.833        1.83194
            972            972        189.626            192        1.83196
            973            973        189.786        192.167        1.83199
            974            974        189.951        192.333        1.83201
            975            975        190.114          192.5        1.83203
            976            976        190.284        192.667        1.83205
            977            977        190.443        192.833        1.83205
            978            978        190.606            193        1.83205
            979            979         190.77        193.167        1.83205
            980            980        190.934        193.333        1.83201
            981            981        191.102          193.5        1.83199
            982            982        191.264        193.667        1.83198
            983            983        191.434        193.833        1.83196
            984            984        191.591            194        1.83195
            985            985         191.76        194.167        1.83194
            986            986        191.927        194.333        1.83192
            987            987        192.086          194.5        1.83191
            988            988        192.256        194.667         1.8319
            989            989        192.414        194.833         1.8319
            990            990        192.583            195        1.83189
            991            991        192.737        195.167        1.83188
            992            992        192.914        195.333        1.83187
            993            993        193.071          195.5        1.83186
            994            994         193.24        195.667        1.83186
            995            995        193.399        195.833        1.83185
            996            996        193.568            196        1.83184
            997            997         193.73        196.167        1.83184
            998            998        193.899        196.333        1.83184
            999            999        194.055          196.5        1.83184
           1000           1000        194.218        196.667        1.83184
           1001           1001        194.388        196.833        1.83185
           1002           1002        194.556            197        1.83185
           1003           1003        194.721        197.167        1.83185
           1004           1004        194.875        197.333        1.83184
           1005           1005        195.039          197.5        1.83182
           1006           1006        195.203        197.667         1.8318
           1007           1007        195.366        197.833        1.83178
           1008           1008        195.534            198        1.83176
           1009           1009        195.692        198.167        1.83173
           1010           1010         195.86        198.333        1.83171
           1011           1011        196.027          198.5        1.83169
           1012           1012        196.192        198.667        1.83166
           1013           1013        196.359        198.833        1.83164
           1014           1014        196.515            199        1.83163
           1015           1015        196.688        199.167        1.83161
           1016           1016        196.847        199.333        1.83159
           1017           1017        197.007          199.5        1.83159
           1018           1018        197.174        199.667        1.83158
           1019           1019        197.339        199.833        1.83157
           1020           1020        197.498            200        1.83157
           1021           1021         197.66        200.167        1.83157
           1022           1022        197.832        200.333        1.83158
           1023           1023        197.996          200.5        1.83158
           1024           1024        198.159        200.667        1.83159
           1025           1025        198.322        200.833        1.83159
           1026           1026        198.477            201        1.83159
           1027           1027        198.644        201.167        1.83159
           1028           1028        198.818        201.333        1.83159
           1029           1029        198.987          201.5        1.83159
           1030           1030        199.149        201.667        1.83158
           1031           1031        199.317        201.833        1.83157
           1032           1032        199.476            202        1.83156
           1033           1033         199.64        202.167        1.83155
           1034           1034          199.8        202.333        1.83152
           1035           1035        199.963          202.5         1.8315
           1036           1036        200.126        202.667        1.83147
           1037           1037        200.292        202.833        1.83145
           1038           1038        200.458            203        1.83142
           1039           1039        200.619        203.167        1.83139
           1040           1040        200.787        203.333        1.83137
           1041           1041        200.951          203.5        1.83135
           1042           1042        201.116        203.667        1.83135
           1043           1043        201.278        203.833        1.83134
           1044           1044        201.442            204        1.83133
           1045           1045        201.604        204.167        1.83133
           1046           1046         201.77        204.333        1.83132
           1047           1047        201.936          204.5         1.8313
           1048           1048        202.101        204.667        1.83128
           1049           1049        202.263        204.833        1.83127
           1050           1050        202.424            205        1.83125
           1051           1051        202.596        205.167        1.83123
           1052           1052         202.76        205.333        1.83122
           1053           1053         202.92          205.5         1.8312
           1054           1054        203.088        205.667        1.83118
           1055           1055        203.249        205.833        1.83116
           1056           1056        203.413            206        1.83114
           1057           1057        203.583        206.167        1.83113
           1058           1058        203.747        206.333        1.83112
           1059           1059        203.911          206.5        1.83112
           1060           1060        204.072        206.667        1.83111
           1061           1061        204.247        206.833         1.8311
           1062           1062         204.41            207        1.83109
           1063           1063        204.576        207.167        1.83109
           1064           1064        204.733        207.333        1.83109
           1065           1065        204.892          207.5        1.83108
           1066           1066         205.07        207.667        1.83108
           1067           1067         205.23        207.833        1.83107
           1068           1068        205.388            208        1.83106
           1069           1069        205.557        208.167        1.83106
           1070           1070        205.724        208.333        1.83106
           1071           1071        205.889          208.5        1.83104
           1072           1072        206.053        208.667        1.83103
           1073           1073        206.225        208.833        1.83101
           1074           1074        206.385            209          1.831
           1075           1075        206.542        209.167        1.83098
           1076           1076        206.713        209.333        1.83096
           1077           1077        206.878          209.5        1.83095
           1078           1078        207.046        209.667        1.83094
           1079           1079        207.204        209.833        1.83093
           1080           1080        207.372            210        1.83092
           1081           1081        207.529        210.167        1.83091
           1082           1082        207.698        210.333         1.8309
           1083           1083        207.865          210.5        1.83089
           1084           1084        208.025        210.667        1.83087
           1085           1085        208.189        210.833        1.83085
           1086           1086        208.359            211        1.83084
           1087           1087        208.525        211.167        1.83082
           1088           1088         208.69        211.333         1.8308
           1089           1089        208.849          211.5        1.83079
           1090           1090        209.022        211.667        1.83078
           1091           1091        209.187        211.833        1.83077
           1092           1092        209.342            212        1.83078
           1093           1093        209.513        212.167        1.83077
           1094           1094        209.679        212.333        1.83076
           1095           1095        209.843          212.5        1.83075
           1096           1096        210.009        212.667        1.83074
           1097           1097        210.163        212.833        1.83073
           1098           1098        210.327            213        1.83072
           1099           1099        210.495        213.167        1.83071
           1100           1100         210.67        213.333         1.8307
           1101           1101        210.836          213.5        1.83069
           1102           1102        210.994        213.667        1.83066
           1103           1103        211.162        213.833        1.83064
           1104           1104        211.323            214        1.83062
           1105           1105        211.491        214.167         1.8306
           1106           1106        211.651        214.333        1.83059
           1107           1107        211.822          214.5        1.83058
           1108           1108        211.981        214.667        1.83057
           1109           1109         212.15        214.833        1.83056
           1110           1110        212.312            215        1.83054
           1111           1111        212.488        215.167        1.83051
           1112           1112        212.652        215.333        1.83049
           1113           1113         212.82          215.5        1.83047
           1114           1114        212.983        215.667        1.83045
           1115           1115        213.148        215.833        1.83043
           1116           1116        213.312            216        1.83042
           1117           1117        213.468        216.167        1.83041
           1118           1118        213.645        216.333         1.8304
           1119           1119        213.812          216.5        1.83039
           1120           1120        213.977        216.667        1.83037
           1121           1121        214.144        216.833        1.83036
           1122           1122        214.312            217        1.83034
           1123           1123        214.464        217.167        1.83032
           1124           1124        214.638        217.333        1.83029
           1125           1125        214.805          217.5        1.83026
           1126           1126        214.972        217.667        1.83023
           1127           1127        215.137        217.833        1.83021
           1128           1128        215.294            218        1.83019
           1129           1129        215.469        218.167        1.83017
           1130           1130         215.63        218.333        1.83015
           1131           1131        215.797          218.5        1.83014
           1132           1132        215.963        218.667        1.83012
           1133           1133        216.129        218.833         1.8301
           1134           1134        216.302            219        1.83008
           1135           1135        216.469        219.167        1.83006
           1136           1136         216.63        219.333        1.83003
           1137           1137        216.794          219.5        1.82999
           1138           1138        216.958        219.667        1.82996
           1139           1139        217.122        219.833        1.82993
           1140           1140        217.283            220        1.82989
           1141           1141        217.441        220.167        1.82986
           1142           1142        217.617        220.333        1.82984
           1143           1143        217.784          220.5        1.82981
           1144           1144        217.947        220.667        1.82978
           1145           1145        218.114        220.833        1.82976
           1146           1146        218.278            221        1.82974
           1147           1147        218.444        221.167        1.82972
           1148           1148        218.603        221.333         1.8297
           1149           1149        218.771          221.5        1.82968
           1150           1150        218.938        221.667        1.82965
           1151           1151        219.103        221.833        1.82962
           1152           1152        219.271            222        1.82959
           1153           1153        219.441        222.167        1.82956
           1154           1154          219.6        222.333        1.82953
           1155           1155        219.759          222.5        1.82951
           1156           1156        219.923        222.667        1.82948
           1157           1157        220.096        222.833        1.82946
           1158           1158        220.267            223        1.82944
           1159           1159        220.429        223.167        1.82942
           1160           1160        220.601        223.333         1.8294
           1161           1161        220.766          223.5        1.82937
           1162           1162        220.921        223.667        1.82936
           1163           1163        221.094        223.833        1.82937
           1164           1164        221.262            224        1.82938
           1165           1165         221.42        224.167        1.82939
           1166           1166        221.592        224.333        1.82943
           1167           1167        221.747          224.5        1.82945
           1168           1168        221.916        224.667        1.82947
           1169           1169        222.089        224.833        1.82948
           1170           1170        222.244            225        1.82947
           1171           1171        222.418        225.167        1.82946
           1172           1172        222.577        225.333        1.82945
           1173           1173        222.741          225.5        1.82944
           1174           1174        222.909        225.667         1.8294
           1175           1175        223.074        225.833        1.82937
           1176           1176        223.245            226        1.82935
           1177           1177        223.411        226.167        1.82932
           1178           1178        223.578        226.333        1.82929
           1179           1179        223.747          226.5        1.82926
           1180           1180        223.901        226.667        1.82923
           1181           1181        224.065        226.833         1.8292
           1182           1182        224.233            227        1.82916
           1183           1183        224.399        227.167        1.82912
           1184           1184        224.576        227.333        1.82908
           1185           1185        224.733          227.5        1.82904
           1186           1186        224.899        227.667        1.82899
           1187           1187        225.059        227.833        1.82894
           1188           1188        225.231            228        1.82889
           1189           1189        225.398        228.167        1.82884
           1190           1190        225.575        228.333         1.8288
           1191           1191         225.73          228.5        1.82877
           1192           1192        225.897        228.667        1.82874
           1193           1193        226.061        228.833        1.82871
           1194           1194        226.227            229        1.82868
           1195           1195        226.397        229.167        1.82866
           1196           1196        226.557        229.333        1.82863
           1197           1197        226.723          229.5         1.8286
           1198           1198        226.895        229.667        1.82857
           1199           1199        227.057        229.833        1.82853
           1200           1200        227.225            230         1.8285
           1201           1201        227.389        230.167        1.82847
           1202           1202        227.556        230.333        1.82843
           1203           1203        227.721          230.5        1.82839
           1204           1204        227.892        230.667        1.82835
           1205           1205        228.048        230.833        1.82829
           1206           1206        228.224            231        1.82824
           1207           1207        228.384        231.167        1.82816
           1208           1208        228.554        231.333        1.82809
           1209           1209        228.725          231.5        1.82802
           1210           1210        228.885        231.667        1.82795
           1211           1211        229.046        231.833        1.82787
           1212           1212        229.219            232         1.8278
           1213           1213        229.392        232.167        1.82773
           1214           1214        229.553        232.333        1.82766
           1215           1215        229.718          232.5        1.82761
           1216           1216        229.883        232.667        1.82755
           1217           1217        230.045        232.833         1.8275
           1218           1218        230.209            233        1.82745
           1219           1219        230.382        233.167        1.82739
           1220           1220        230.543        233.333        1.82734
           1221           1221        230.714          233.5        1.82729
           1222           1222        230.887        233.667        1.82724
           1223           1223        231.046        233.833        1.82718
           1224           1224        231.208            234        1.82712
           1225           1225        231.376        234.167        1.82707
           1226           1226        231.543        234.333        1.82701
           1227           1227        231.709          234.5        1.82696
           1228           1228        231.876        234.667        1.82691
           1229           1229        232.051        234.833        1.82686
           1230           1230        232.207            235         1.8268
           1231           1231        232.377        235.167        1.82674
           1232           1232        232.545        235.333        1.82668
           1233           1233        232.714          235.5        1.82662
           1234           1234        232.877        235.667        1.82656
           1235           1235        233.036        235.833        1.82649
           1236           1236        233.213            236        1.82643
           1237           1237        233.374        236.167        1.82637
           1238           1238        233.541        236.333        1.82632
           1239           1239        233.701          236.5        1.82626
           1240           1240         233.87        236.667        1.82622
           1241           1241        234.032        236.833        1.82617
           1242           1242        234.205            237        1.82612
           1243           1243        234.369        237.167        1.82606
           1244           1244        234.534        237.333        1.82601
           1245           1245        234.703          237.5        1.82596
           1246           1246        234.875        237.667         1.8259
           1247           1247         235.03        237.833        1.82585
           1248           1248        235.203            238        1.82579
           1249           1249        235.366        238.167        1.82574
           1250           1250        235.529        238.333        1.82568
           1251           1251          235.7          238.5        1.82563
           1252           1252        235.864        238.667        1.82558
           1253           1253         236.03        238.833        1.82553
           1254           1254        236.203            239        1.82548
           1255           1255        236.366        239.167        1.82543
           1256           1256        236.531        239.333        1.82539
           1257           1257        236.698          239.5        1.82535
           1258           1258         236.86        239.667         1.8253
           1259           1259        237.028        239.833        1.82526
           1260           1260        237.196            240        1.82522
           1261           1261        237.359        240.167        1.82518
           1262           1262        237.531        240.333        1.82514
           1263           1263        237.692          240.5        1.82509
           1264           1264        237.861        240.667        1.82503
           1265           1265        238.028        240.833        1.82498
           1266           1266        238.194            241        1.82492
           1267           1267        238.364        241.167        1.82487
           1268           1268        238.533        241.333        1.82481
           1269           1269        238.702          241.5        1.82476
           1270           1270        238.865        241.667        1.82471
           1271           1271        239.035        241.833        1.82467
           1272           1272        239.202            242        1.82463
           1273           1273        239.369        242.167        1.82458
           1274           1274        239.531        242.333        1.82452
           1275           1275        239.702          242.5        1.82446
           1276           1276        239.874        242.667        1.82439
           1277           1277        240.031        242.833        1.82434
           1278           1278          240.2            243        1.82429
           1279           1279        240.364        243.167        1.82425
           1280           1280        240.534        243.333        1.82421
           1281           1281        240.709          243.5        1.82417
           1282           1282        240.878        243.667        1.82414
           1283           1283         241.04        243.833         1.8241
           1284           1284        241.201            244        1.82406
           1285           1285        241.378        244.167        1.82402
           1286           1286        241.537        244.333        1.82397
           1287           1287          241.7          244.5        1.82393
           1288           1288        241.864        244.667        1.82388
           1289           1289         242.04        244.833        1.82383
           1290           1290        242.204            245        1.82378
           1291           1291        242.373        245.167        1.82373
           1292           1292        242.537        245.333        1.82368
           1293           1293        242.702          245.5        1.82363
           1294           1294        242.869        245.667        1.82359
           1295           1295        243.037        245.833        1.82353
           1296           1296        243.201            246        1.82348
           1297           1297        243.369        246.167        1.82343
           1298           1298        243.544        246.333        1.82337
           1299           1299         243.71          246.5        1.82331
           1300           1300        243.872        246.667        1.82325
           1301           1301        244.039        246.833        1.82318
           1302           1302        244.208            247        1.82312
           1303           1303        244.372        247.167        1.82306
           1304           1304        244.543        247.333          1.823
           1305           1305        244.699          247.5        1.82293
           1306           1306        244.867        247.667        1.82286
           1307           1307        245.037        247.833        1.82279
           1308           1308        245.199            248        1.82273
           1309           1309        245.371        248.167        1.82267
           1310           1310        245.536        248.333        1.82262
           1311           1311        245.705          248.5        1.82256
           1312           1312        245.871        248.667        1.82251
           1313           1313        246.049        248.833        1.82245
           1314           1314        246.206            249        1.82239
           1315           1315        246.376        249.167        1.82233
           1316           1316        246.541        249.333        1.82225
           1317           1317        246.708          249.5        1.82217
           1318           1318        246.872        249.667         1.8221
           1319           1319        247.049        249.833        1.82203
           1320           1320         247.21            250        1.82195
           1321           1321        247.378        250.167        1.82188
           1322           1322        247.542        250.333         1.8218
           1323           1323        247.706          250.5        1.82172
           1324           1324        247.876        250.667        1.82164
           1325           1325        248.047        250.833        1.82156
           1326           1326         248.21            251        1.82148
           1327           1327        248.382        251.167         1.8214
           1328           1328        248.544        251.333        1.82132
           1329           1329        248.716          251.5        1.82124
           1330           1330         248.88        251.667        1.82117
           1331           1331        249.048        251.833        1.82111
           1332           1332        249.217            252        1.82104
           1333           1333         249.38        252.167        1.82098
           1334           1334        249.556        252.333         1.8209
           1335           1335        249.715          252.5        1.82083
           1336           1336        249.882        252.667        1.82075
           1337           1337        250.036        252.833        1.82067
           1338           1338        250.209            253        1.82059
           1339           1339        250.387        253.167        1.82051
           1340           1340        250.551        253.333        1.82042
           1341           1341        250.717          253.5        1.82034
           1342           1342        250.877        253.667        1.82025
           1343           1343        251.047        253.833        1.82016
           1344           1344        251.209            254        1.82007
           1345           1345        251.375        254.167        1.81998
           1346           1346        251.549        254.333         1.8199
           1347           1347        251.714          254.5        1.81981
           1348           1348        251.877        254.667        1.81973
           1349           1349        252.046        254.833        1.81966
           1350           1350        252.216            255        1.81958
           1351           1351         252.38        255.167         1.8195
           1352           1352        252.548        255.333        1.81943
           1353           1353         252.72          255.5        1.81934
           1354           1354        252.884        255.667        1.81925
           1355           1355        253.051        255.833        1.81915
           1356           1356        253.224            256        1.81905
           1357           1357        253.389        256.167        1.81893
           1358           1358        253.549        256.333        1.81882
           1359           1359        253.716          256.5        1.81872
           1360           1360        253.881        256.667        1.81861
           1361           1361        254.052        256.833        1.81851
           1362           1362        254.218            257        1.81841
           1363           1363        254.391        257.167        1.81832
           1364           1364        254.563        257.333        1.81823
           1365           1365        254.723          257.5        1.81814
           1366           1366        254.897        257.667        1.81805
           1367           1367        255.059        257.833        1.81795
           1368           1368        255.225            258        1.81786
           1369           1369        255.393        258.167        1.81776
           1370           1370        255.559        258.333        1.81767
           1371           1371        255.723          258.5        1.81757
           1372           1372        255.895        258.667        1.81747
           1373           1373        256.056        258.833        1.81738
           1374           1374        256.224            259        1.81729
           1375           1375        256.392        259.167         1.8172
           1376           1376        256.561        259.333        1.81711
           1377           1377        256.724          259.5        1.81702
           1378           1378        256.897        259.667        1.81691
           1379           1379        257.065        259.833        1.81681
           1380           1380        257.223            260         1.8167
           1381           1381        257.398        260.167        1.81657
           1382           1382        257.564        260.333        1.81645
           1383           1383         257.73          260.5        1.81632
           1384           1384        257.896        260.667         1.8162
           1385           1385        258.071        260.833        1.81609
           1386           1386        258.229            261        1.81597
           1387           1387        258.403        261.167        1.81585
           1388           1388         258.57        261.333        1.81573
           1389           1389        258.734          261.5        1.81563
           1390           1390        258.915        261.667        1.81554
           1391           1391        259.074        261.833        1.81545
           1392           1392        259.232            262        1.81536
           1393           1393        259.404        262.167        1.81526
           1394           1394        259.576        262.333        1.81518
           1395           1395        259.748          262.5        1.81508
           1396           1396        259.915        262.667        1.81498
           1397           1397        260.079        262.833        1.81487
           1398           1398        260.245            263        1.81473
           1399           1399        260.416        263.167         1.8146
           1400           1400        260.578        263.333        1.81448
           1401           1401        260.746          263.5        1.81436
           1402           1402        260.912        263.667        1.81424
           1403           1403        261.078        263.833        1.81412
           1404           1404        261.246            264          1.814
           1405           1405        261.418        264.167        1.81388
           1406           1406        261.577        264.333        1.81377
           1407           1407        261.746          264.5        1.81365
           1408           1408        261.912        264.667        1.81354
           1409           1409        262.086        264.833        1.81342
           1410           1410         262.25            265         1.8133
           1411           1411        262.415        265.167        1.81318
           1412           1412        262.585        265.333        1.81306
           1413           1413        262.753          265.5        1.81294
           1414           1414        262.918        265.667        1.81282
           1415           1415        263.083        265.833        1.81269
           1416           1416        263.255            266        1.81257
           1417           1417        263.421        266.167        1.81244
           1418           1418        263.579        266.333        1.81232
           1419           1419         263.75          266.5        1.81219
           1420           1420         263.92        266.667        1.81205
           1421           1421        264.087        266.833        1.81192
           1422           1422        264.252            267        1.81178
           1423           1423        264.419        267.167        1.81164
           1424           1424        264.592        267.333        1.81151
           1425           1425         264.76          267.5        1.81137
           1426           1426        264.927        267.667        1.81124
           1427           1427        265.092        267.833        1.81111
           1428           1428        265.259            268        1.81097
           1429           1429        265.425        268.167        1.81083
           1430           1430        265.588        268.333        1.81069
           1431           1431        265.761          268.5        1.81055
           1432           1432        265.934        268.667         1.8104
           1433           1433        266.093        268.833        1.81026
           1434           1434         266.26            269        1.81012
           1435           1435        266.433        269.167        1.80999
           1436           1436        266.594        269.333        1.80985
           1437           1437        266.762          269.5         1.8097
           1438           1438         266.93        269.667        1.80956
           1439           1439        267.107        269.833        1.80941
           1440           1440        267.265            270        1.80926
           1441           1441        267.434        270.167        1.80911
           1442           1442        267.605        270.333        1.80895
           1443           1443        267.771          270.5        1.80879
           1444           1444        267.932        270.667        1.80863
           1445           1445        268.111        270.833        1.80847
           1446           1446        268.274            271        1.80831
           1447           1447        268.442        271.167        1.80814
           1448           1448        268.607        271.333        1.80798
           1449           1449        268.775          271.5        1.80781
           1450           1450         268.95        271.667        1.80765
           1451           1451        269.114        271.833        1.80748
           1452           1452         269.28            272        1.80732
           1453           1453        269.452        272.167        1.80716
           1454           1454        269.616        272.333          1.807
           1455           1455        269.787          272.5        1.80684
           1456           1456        269.952        272.667        1.80668
           1457           1457        270.116        272.833        1.80651
           1458           1458        270.289            273        1.80634
           1459           1459        270.458        273.167        1.80616
           1460           1460        270.624        273.333        1.80598
           1461           1461        270.799          273.5        1.80579
           1462           1462        270.961        273.667        1.80561
           1463           1463        271.125        273.833        1.80543
           1464           1464        271.293            274        1.80525
           1465           1465        271.462        274.167        1.80506
           1466           1466         271.63        274.333        1.80488
           1467           1467        271.795          274.5        1.80468
           1468           1468        271.965        274.667        1.80448
           1469           1469        272.142        274.833        1.80427
           1470           1470        272.301            275        1.80406
           1471           1471        272.469        275.167        1.80386
           1472           1472        272.621        275.333        1.80364
           1473           1473        272.794          275.5        1.80344
           1474           1474        272.966        275.667        1.80323
           1475           1475        273.138        275.833        1.80302
           1476           1476        273.302            276        1.80282
           1477           1477        273.463        276.167        1.80262
           1478           1478        273.625        276.333        1.80241
           1479           1479        273.804          276.5         1.8022
           1480           1480        273.972        276.667        1.80198
           1481           1481        274.135        276.833        1.80176
           1482           1482        274.307            277        1.80154
           1483           1483        274.476        277.167        1.80133
           1484           1484        274.641        277.333        1.80111
           1485           1485        274.814          277.5         1.8009
           1486           1486        274.976        277.667        1.80067
           1487           1487        275.142        277.833        1.80045
           1488           1488        275.313            278        1.80022
           1489           1489         275.48        278.167        1.79998
           1490           1490        275.645        278.333        1.79974
           1491           1491        275.811          278.5        1.79949
           1492           1492        275.985        278.667        1.79924
           1493           1493        276.146        278.833        1.79897
           1494           1494        276.318            279        1.79871
           1495           1495         276.49        279.167        1.79845
           1496           1496        276.653        279.333         1.7982
           1497           1497        276.815          279.5        1.79794
           1498           1498        276.983        279.667        1.79769
           1499           1499        277.152        279.833        1.79743
           1500           1500        277.318            280        1.79717
           1501           1501        277.494        280.167        1.79691
           1502           1502        277.659        280.333        1.79666
           1503           1503        277.822          280.5         1.7964
           1504           1504        277.984        280.667        1.79614
           1505           1505        278.164        280.833        1.79589
           1506           1506        278.329            281        1.79564
           1507           1507        278.493        281.167        1.79539
           1508           1508        278.668        281.333        1.79513
           1509           1509        278.831          281.5        1.79488
           1510           1510        279.001        281.667        1.79462
           1511           1511        279.172        281.833        1.79437
           1512           1512        279.338            282        1.79412
           1513           1513        279.508        282.167        1.79386
           1514           1514        279.672        282.333        1.79359
           1515           1515        279.841          282.5        1.79332
           1516           1516         280.01        282.667        1.79305
           1517           1517        280.185        282.833        1.79278
           1518           1518        280.342            283        1.79251
           1519           1519        280.514        283.167        1.79224
           1520           1520        280.682        283.333        1.79197
           1521           1521        280.847          283.5        1.79169
           1522           1522        281.018        283.667        1.79141
           1523           1523        281.181        283.833        1.79113
           1524           1524        281.347            284        1.79084
           1525           1525        281.511        284.167        1.79055
           1526           1526        281.686        284.333        1.79023
           1527           1527        281.846          284.5        1.78993
           1528           1528        282.016        284.667        1.78962
           1529           1529        282.183        284.833        1.78931
           1530           1530         282.35            285        1.78899
           1531           1531        282.519        285.167        1.78867
           1532           1532        282.691        285.333        1.78835
           1533           1533        282.849          285.5        1.78803
           1534           1534        283.019        285.667         1.7877
           1535           1535        283.193        285.833        1.78737
           1536           1536        283.355            286        1.78704
           1537           1537        283.525        286.167        1.78671
           1538           1538        283.701        286.333        1.78637
           1539           1539         283.86          286.5        1.78603
           1540           1540        284.024        286.667        1.78569
           1541           1541        284.194        286.833        1.78536
           1542           1542        284.357            287        1.78502
           1543           1543        284.526        287.167        1.78468
           1544           1544        284.697        287.333        1.78434
           1545           1545        284.867          287.5        1.78399
           1546           1546        285.031        287.667        1.78364
           1547           1547        285.202        287.833        1.78329
           1548           1548        285.375            288        1.78294
           1549           1549        285.543        288.167        1.78258
           1550           1550          285.7        288.333        1.78222
           1551           1551        285.876          288.5        1.78186
           1552           1552        286.031        288.667         1.7815
           1553           1553          286.2        288.833        1.78113
           1554           1554        286.385            289        1.78076
           1555           1555        286.549        289.167        1.78038
           1556           1556        286.708        289.333        1.77999
           1557           1557         286.88          289.5        1.77959
           1558           1558        287.049        289.667        1.77918
           1559           1559        287.211        289.833        1.77876
           1560           1560        287.384            290        1.77835
           1561           1561        287.553        290.167        1.77793
           1562           1562         287.72        290.333        1.77751
           1563           1563         287.88          290.5        1.77708
           1564           1564        288.053        290.667        1.77665
           1565           1565        288.222        290.833        1.77622
           1566           1566        288.394            291        1.77578
           1567           1567        288.565        291.167        1.77533
           1568           1568        288.726        291.333        1.77489
           1569           1569        288.894          291.5        1.77444
           1570           1570        289.064        291.667        1.77399
           1571           1571         289.23        291.833        1.77354
           1572           1572        289.399            292        1.77309
           1573           1573        289.567        292.167        1.77262
           1574           1574        289.728        292.333        1.77216
           1575           1575        289.912          292.5        1.77167
           1576           1576         290.07        292.667        1.77117
           1577           1577        290.234        292.833        1.77067
           1578           1578        290.396            293        1.77016
           1579           1579        290.571        293.167        1.76962
           1580           1580        290.737        293.333        1.76909
           1581           1581          290.9          293.5        1.76857
           1582           1582        291.073        293.667        1.76804
           1583           1583        291.239        293.833         1.7675
           1584           1584        291.409            294        1.76696
           1585           1585        291.576        294.167        1.76641
           1586           1586        291.741        294.333        1.76586
           1587           1587        291.908          294.5         1.7653
           1588           1588        292.072        294.667        1.76473
           1589           1589        292.245        294.833        1.76416
           1590           1590         292.42            295         1.7636
           1591           1591        292.578        295.167        1.76303
           1592           1592        292.752        295.333        1.76244
           1593           1593        292.914          295.5        1.76184
           1594           1594        293.077        295.667        1.76125
           1595           1595        293.247        295.833        1.76065
           1596           1596        293.419            296        1.76002
           1597           1597        293.586        296.167        1.75941
           1598           1598        293.746        296.333         1.7588
           1599           1599        293.919          296.5        1.75819
           1600           1600        294.081        296.667        1.75758
           1601           1601        294.251        296.833        1.75696
           1602           1602        294.417            297        1.75635
           1603           1603        294.577        297.167        1.75573
           1604           1604        294.749        297.333         1.7551
           1605           1605        294.916          297.5        1.75446
           1606           1606        295.088        297.667        1.75381
           1607           1607        295.263        297.833        1.75316
           1608           1608         295.42            298        1.75249
           1609           1609        295.589        298.167        1.75182
           1610           1610        295.752        298.333        1.75114
           1611           1611        295.919          298.5        1.75045
           1612           1612        296.086        298.667        1.74974
           1613           1613        296.263        298.833        1.74903
           1614           1614         296.43            299        1.74832
           1615           1615        296.598        299.167         1.7476
           1616           1616        296.753        299.333        1.74688
           1617           1617        296.921          299.5        1.74614
           1618           1618        297.101        299.667        1.74541
           1619           1619        297.269        299.833        1.74468
           1620           1620        297.432            300        1.74395
           1621           1621        297.596        300.167         1.7432
           1622           1622        297.761        300.333        1.74245
           1623           1623        297.929          300.5        1.74168
           1624           1624        298.098        300.667        1.74091
           1625           1625        298.269        300.833        1.74011
           1626           1626        298.433            301        1.73931
           1627           1627        298.599        301.167         1.7385
           1628           1628        298.765        301.333        1.73769
           1629           1629        298.935          301.5        1.73684
           1630           1630        299.103        301.667        1.73601
           1631           1631        299.276        301.833        1.73518
           1632           1632        299.443            302        1.73434
           1633           1633        299.614        302.167        1.73348
           1634           1634        299.775        302.333        1.73261
           1635           1635        299.949          302.5        1.73174
           1636           1636        300.116        302.667        1.73085
           1637           1637        300.276        302.833        1.72994
           1638           1638        300.445            303        1.72902
           1639           1639        300.621        303.167        1.72811
           1640           1640        300.781        303.333        1.72718
           1641           1641        300.952          303.5        1.72622
           1642           1642        301.117        303.667        1.72527
           1643           1643        301.284        303.833        1.72431
           1644           1644         301.46            304        1.72335
           1645           1645        301.624        304.167        1.72235
           1646           1646        301.785        304.333        1.72136
           1647           1647        301.961          304.5        1.72036
           1648           1648        302.122        304.667        1.71935
           1649           1649        302.297        304.833        1.71833
           1650           1650        302.453            305        1.71726
           1651           1651        302.629        305.167        1.71621
           1652           1652        302.797        305.333        1.71514
           1653           1653        302.959          305.5        1.71406
           1654           1654        303.126        305.667        1.71293
           1655           1655        303.295        305.833        1.71181
           1656           1656        303.472            306        1.71068
           1657           1657        303.639        306.167        1.70953
           1658           1658        303.807        306.333        1.70834
           1659           1659        303.964          306.5        1.70715
           1660           1660        304.139        306.667        1.70596
           1661           1661        304.303        306.833        1.70475
           1662           1662        304.476            307         1.7035
           1663           1663        304.642        307.167        1.70226
           1664           1664        304.809        307.333        1.70102
           1665           1665        304.981          307.5        1.69977
           1666           1666        305.143        307.667         1.6985
           1667           1667        305.312        307.833        1.69722
           1668           1668        305.477            308        1.69594
           1669           1669        305.644        308.167        1.69465
           1670           1670        305.806        308.333        1.69334
           1671           1671        305.988          308.5        1.69202
           1672           1672        306.152        308.667         1.6907
           1673           1673        306.315        308.833        1.68938
           1674           1674        306.485            309        1.68802
           1675           1675        306.656        309.167        1.68665
           1676           1676        306.822        309.333        1.68527
           1677           1677        306.992          309.5        1.68389
           1678           1678        307.153        309.667        1.68245
           1679           1679         307.32        309.833        1.68102
           1680           1680         307.49            310        1.67958
           1681           1681        307.665        310.167        1.67812
           1682           1682        307.823        310.333        1.67666
           1683           1683         307.99          310.5        1.67514
           1684           1684        308.157        310.667        1.67363
           1685           1685        308.326        310.833         1.6721
           1686           1686        308.491            311        1.67057
           1687           1687        308.666        311.167          1.669
           1688           1688        308.835        311.333        1.66745
           1689           1689        309.003          311.5        1.66589
           1690           1690        309.176        311.667        1.66432
           1691           1691        309.338        311.833        1.66273
           1692           1692        309.512            312        1.66114
           1693           1693        309.671        312.167        1.65955
           1694           1694        309.844        312.333        1.65795
           1695           1695        310.009          312.5        1.65631
           1696           1696        310.176        312.667        1.65468
           1697           1697        310.339        312.833        1.65303
           1698           1698        310.509            313        1.65138
           1699           1699        310.678        313.167         1.6497
           1700           1700        310.837        313.333        1.64802
           1701           1701        311.008          313.5        1.64633
           1702           1702        311.182        313.667        1.64463
           1703           1703        311.348        313.833        1.64289
           1704           1704        311.509            314        1.64115
           1705           1705        311.686        314.167         1.6394
           1706           1706        311.851        314.333        1.63765
           1707           1707        312.016          314.5        1.63585
           1708           1708        312.185        314.667        1.63406
           1709           1709        312.354        314.833        1.63227
           1710           1710        312.531            315        1.63048
           1711           1711        312.695        315.167        1.62865
           1712           1712        312.864        315.333        1.62683
           1713           1713         313.03          315.5          1.625
           1714           1714        313.195        315.667        1.62316
           1715           1715        313.358        315.833        1.62131
           1716           1716        313.526            316        1.61943
           1717           1717        313.691        316.167        1.61757
           1718           1718        313.867        316.333         1.6157
           1719           1719         314.03          316.5        1.61383
           1720           1720        314.194        316.667        1.61194
           1721           1721         314.36        316.833        1.61006
           1722           1722        314.533            317        1.60817
           1723           1723        314.694        317.167        1.60629
           1724           1724        314.862        317.333         1.6044
           1725           1725        315.036          317.5         1.6025
           1726           1726        315.205        317.667        1.60059
           1727           1727        315.369        317.833        1.59867
           1728           1728        315.539            318        1.59672
           1729           1729        315.709        318.167        1.59476
           1730           1730        315.871        318.333        1.59279
           1731           1731        316.037          318.5        1.59081
           1732           1732         316.21        318.667        1.58877
           1733           1733        316.377        318.833        1.58673
           1734           1734        316.545            319        1.58469
           1735           1735        316.712        319.167        1.58264
           1736           1736        316.885        319.333        1.58054
           1737           1737        317.046          319.5        1.57845
           1738           1738        317.214        319.667        1.57635
           1739           1739         317.39        319.833        1.57426
           1740           1740        317.559            320        1.57213
           1741           1741        317.719        320.167        1.57001
           1742           1742        317.893        320.333        1.56789
           1743           1743        318.058          320.5        1.56576
           1744           1744        318.229        320.667        1.56362
           1745           1745        318.389        320.833        1.56148
           1746           1746        318.561            321        1.55934
           1747           1747        318.731        321.167        1.55719
           1748           1748        318.897        321.333        1.55504
           1749           1749        319.064          321.5        1.55286
           1750           1750        319.231        321.667        1.55068
           1751           1751          319.4        321.833        1.54849
           1752           1752        319.561            322        1.54629
           1753           1753        319.732        322.167        1.54405
           1754           1754        319.906        322.333        1.54182
           1755           1755        320.071          322.5        1.53958
           1756           1756        320.236        322.667        1.53734
           1757           1757          320.4        322.833        1.53507
           1758           1758        320.573            323        1.53281
           1759           1759        320.748        323.167        1.53054
           1760           1760        320.917        323.333        1.52826
           1761           1761        321.079          323.5        1.52595
           1762           1762        321.253        323.667        1.52364
           1763           1763        321.418        323.833        1.52133
           1764           1764        321.588            324          1.519
           1765           1765        321.758        324.167        1.51663
           1766           1766        321.926        324.333        1.51428
           1767           1767        322.086          324.5        1.51192
           1768           1768        322.256        324.667        1.50955
           1769           1769        322.417        324.833        1.50716
           1770           1770        322.584            325        1.50476
           1771           1771        322.757        325.167        1.50235
           1772           1772        322.923        325.333        1.49994
           1773           1773        323.091          325.5        1.49747
           1774           1774        323.264        325.667        1.49501
           1775           1775        323.428        325.833        1.49254
           1776           1776        323.595            326        1.49006
           1777           1777        323.766        326.167        1.48752
           1778           1778         323.93        326.333        1.48499
           1779           1779          324.1          326.5        1.48245
           1780           1780        324.272        326.667        1.47989
           1781           1781        324.434        326.833        1.47733
           1782           1782        324.612            327        1.47471
           1783           1783        324.781        327.167        1.47209
           1784           1784        324.945        327.333        1.46947
           1785           1785        325.111          327.5        1.46683
           1786           1786        325.279        327.667        1.46415
           1787           1787        325.439        327.833        1.46149
           1788           1788        325.608            328        1.45881
           1789           1789        325.779        328.167        1.45613
           1790           1790        325.948        328.333        1.45341
           1791           1791        326.118          328.5        1.45069
           1792           1792        326.288        328.667        1.44795
           1793           1793        326.454        328.833         1.4452
           1794           1794        326.622            329         1.4424
           1795           1795        326.789        329.167        1.43961
           1796           1796        326.954        329.333        1.43681
           1797           1797        327.125          329.5          1.434
           1798           1798        327.295        329.667        1.43115
           1799           1799        327.462        329.833        1.42829
           1800           1800        327.634            330        1.42541
           1801           1801        327.797        330.167        1.42253
           1802           1802        327.963        330.333        1.41959
           1803           1803        328.125          330.5        1.41667
           1804           1804        328.297        330.667        1.41374
           1805           1805        328.465        330.833         1.4108
           1806           1806        328.629            331        1.40784
           1807           1807        328.795        331.167        1.40487
           1808           1808        328.961        331.333         1.4019
           1809           1809        329.133          331.5        1.39893
           1810           1810        329.304        331.667        1.39592
           1811           1811        329.474        331.833        1.39292
           1812           1812        329.649            332        1.38991
           1813           1813        329.811        332.167        1.38689
           1814           1814        329.981        332.333        1.38385
           1815           1815        330.135          332.5        1.38079
           1816           1816        330.308        332.667        1.37773
           1817           1817        330.485        332.833        1.37467
           1818           1818         330.65            333         1.3716
           1819           1819        330.817        333.167        1.36851
           1820           1820        330.988        333.333        1.36542
           1821           1821        331.153          333.5        1.36233
           1822           1822        331.329        333.667        1.35924
           1823           1823        331.494        333.833        1.35613
           1824           1824        331.659            334        1.35302
           1825           1825        331.822        334.167         1.3499
           1826           1826        331.999        334.333        1.34678
           1827           1827         332.17          334.5        1.34365
           1828           1828        332.334        334.667        1.34052
           1829           1829        332.498        334.833        1.33738
           1830           1830        332.662            335        1.33425
           1831           1831        332.835        335.167         1.3311
           1832           1832        333.008        335.333        1.32796
           1833           1833        333.175          335.5        1.32483
           1834           1834        333.347        335.667         1.3217
           1835           1835        333.504        335.833        1.31857
           1836           1836         333.68            336        1.31544
           1837           1837        333.848        336.167        1.31232
           1838           1838        334.016        336.333         1.3092
           1839           1839        334.179          336.5        1.30609
           1840           1840        334.353        336.667        1.30297
           1841           1841        334.516        336.833        1.29986
           1842           1842        334.684            337        1.29675
           1843           1843        334.855        337.167        1.29364
           1844           1844        335.019        337.333        1.29053
           1845           1845        335.187          337.5        1.28742
           1846           1846        335.362        337.667        1.28432
           1847           1847         335.53        337.833        1.28121
           1848           1848        335.698            338        1.27811
           1849           1849        335.871        338.167          1.275
           1850           1850        336.037        338.333        1.27189
           1851           1851          336.2          338.5        1.26877
           1852           1852        336.374        338.667        1.26563
           1853           1853        336.542        338.833         1.2625
           1854           1854         336.71            339        1.25936
           1855           1855        336.879        339.167        1.25623
           1856           1856        337.055        339.333        1.25307
           1857           1857         337.22          339.5        1.24993
           1858           1858        337.397        339.667        1.24679
           1859           1859         337.56        339.833        1.24366
           1860           1860         337.72            340        1.24053
           1861           1861        337.888        340.167         1.2374
           1862           1862        338.056        340.333        1.23427
           1863           1863        338.227          340.5        1.23115
           1864           1864          338.4        340.667        1.22803
           1865           1865        338.572        340.833        1.22491
           1866           1866        338.737            341        1.22179
           1867           1867        338.901        341.167        1.21867
           1868           1868        339.066        341.333        1.21555
           1869           1869        339.243          341.5        1.21243
           1870           1870          339.4        341.667        1.20932
           1871           1871        339.569        341.833        1.20621
           1872           1872        339.745            342        1.20311
           1873           1873        339.914        342.167        1.20001
           1874           1874        340.082        342.333        1.19691
           1875           1875        340.249          342.5        1.19381
           1876           1876        340.419        342.667        1.19072
           1877           1877        340.586        342.833        1.18762
           1878           1878        340.755            343        1.18452
           1879           1879        340.926        343.167        1.18142
           1880           1880        341.091        343.333        1.17832
           1881           1881        341.259          343.5        1.17522
           1882           1882        341.429        343.667        1.17213
           1883           1883        341.592        343.833        1.16905
           1884           1884        341.765            344        1.16596
           1885           1885        341.936        344.167        1.16289
           1886           1886        342.113        344.333        1.15981
           1887           1887        342.276          344.5        1.15671
           1888           1888        342.436        344.667         1.1536
           1889           1889        342.606        344.833        1.15047
           1890           1890        342.773            345        1.14734
           1891           1891        342.941        345.167         1.1442
           1892           1892        343.113        345.333        1.14107
           1893           1893        343.282          345.5        1.13792
           1894           1894        343.458        345.667        1.13479
           1895           1895        343.618        345.833        1.13167
           1896           1896        343.789            346        1.12856
           1897           1897        343.958        346.167        1.12549
           1898           1898         344.13        346.333        1.12242
           1899           1899        344.303          346.5        1.11935
           1900           1900        344.473        346.667         1.1163
           1901           1901        344.639        346.833        1.11329
           1902           1902        344.813            347        1.11027
           1903           1903        344.981        347.167        1.10725
           1904           1904        345.145        347.333        1.10425
           1905           1905        345.309          347.5        1.10129
           1906           1906        345.475        347.667        1.09832
           1907           1907        345.653        347.833        1.09537
           1908           1908        345.818            348        1.09242
           1909           1909        345.985        348.167        1.08949
           1910           1910        346.163        348.333        1.08655
           1911           1911        346.326          348.5        1.08359
           1912           1912        346.495        348.667        1.08064
           1913           1913        346.656        348.833         1.0777
           1914           1914        346.825            349        1.07477
           1915           1915        346.988        349.167        1.07184
           1916           1916        347.162        349.333        1.06893
           1917           1917        347.334          349.5        1.06603
           1918           1918        347.499        349.667        1.06318
           1919           1919        347.674        349.833        1.06032
           1920           1920        347.836            350        1.05747
           1921           1921        348.006        350.167        1.05463
           1922           1922        348.167        350.333        1.05184
           1923           1923        348.344          350.5        1.04905
           1924           1924        348.511        350.667        1.04627
           1925           1925        348.684        350.833         1.0435
           1926           1926        348.853            351        1.04077
           1927           1927        349.019        351.167        1.03803
           1928           1928        349.192        351.333         1.0353
           1929           1929        349.357          351.5        1.03257
           1930           1930         349.52        351.667        1.02987
           1931           1931        349.687        351.833        1.02718
           1932           1932        349.859            352        1.02449
           1933           1933        350.023        352.167        1.02182
           1934           1934          350.2        352.333        1.01919
           1935           1935        350.364          352.5        1.01656
           1936           1936        350.532        352.667        1.01394
           1937           1937        350.706        352.833        1.01134
           1938           1938        350.875            353        1.00879
           1939           1939        351.051        353.167        1.00624
           1940           1940        351.211        353.333         1.0037
           1941           1941        351.373          353.5        1.00117
           1942           1942        351.541        353.667       0.998698
           1943           1943        351.707        353.833       0.996205
           1944           1944        351.877            354       0.993718
           1945           1945        352.042        354.167        0.99124
           1946           1946        352.206        354.333       0.988768
           1947           1947        352.378          354.5       0.986327
           1948           1948        352.556        354.667       0.983891
           1949           1949        352.719        354.833       0.981468
           1950           1950        352.892            355       0.979055
           1951           1951         353.06        355.167       0.976694
           1952           1952        353.232        355.333       0.974331
           1953           1953        353.391          355.5       0.971976
           1954           1954        353.559        355.667       0.969627
           1955           1955        353.733        355.833       0.967326
           1956           1956        353.915            356       0.965007
           1957           1957        354.073        356.167       0.962694
           1958           1958         354.24        356.333       0.960389
           1959           1959         354.41          356.5       0.958118
           1960           1960        354.579        356.667        0.95585
           1961           1961        354.749        356.833        0.95359
           1962           1962        354.915            357       0.951337
           1963           1963        355.086        357.167        0.94914
           1964           1964        355.251        357.333       0.946935
           1965           1965         355.43          357.5       0.944739
           1966           1966        355.599        357.667       0.942549
           1967           1967        355.758        357.833       0.940401
           1968           1968        355.933            358       0.938246
           1969           1969        356.103        358.167       0.936098
           1970           1970        356.276        358.333       0.933957
           1971           1971        356.435          358.5       0.931853
           1972           1972        356.604        358.667       0.929747
           1973           1973        356.769        358.833       0.927647
           1974           1974        356.948            359       0.925553
           1975           1975        357.113        359.167       0.923503
           1976           1976        357.277        359.333        0.92145
           1977           1977        357.449          359.5       0.919405
           1978           1978        357.617        359.667       0.917373
           1979           1979        357.783        359.833       0.915352
           1980           1980        357.955            360       0.913383
           1981           1981        358.127        360.167       0.911405
           1982           1982        358.291        360.333       0.909435
           1983           1983        358.465          360.5       0.907472
           1984           1984        358.631        360.667       0.905557
           1985           1985        358.801        360.833       0.903629
           1986           1986        358.972            361       0.901703
           1987           1987         359.14        361.167       0.899782
           1988           1988        359.306        361.333       0.897898
           1989           1989         359.48          361.5       0.896008
           1990           1990        359.651        361.667       0.894125
           1991           1991        359.819        361.833        0.89225
           1992           1992        359.991            362       0.890407
           1993           1993        360.149        362.167       0.888557
           1994           1994        360.317        362.333       0.886713
           1995           1995        360.494          362.5       0.884876
           1996           1996        360.666        362.667       0.883072
           1997           1997        360.835        362.833       0.881263
           1998           1998        361.006            363       0.879457
           1999           1999        361.174        363.167       0.877656
           2000           2000        361.343        363.333       0.875885
           2001           2001         361.51          363.5       0.874106
           2002           2002        361.675        363.667       0.872327
           2003           2003        361.843        363.833       0.870551
           2004           2004        362.018            364       0.868787
           2005           2005         362.19        364.167        0.86702
           2006           2006        362.358        364.333       0.865261
           2007           2007        362.524          364.5       0.863508
           2008           2008        362.686        364.667       0.861777
           2009           2009        362.856        364.833       0.860049
           2010           2010        363.028            365       0.858327
           2011           2011        363.196        365.167       0.856612
           2012           2012        363.367        365.333       0.854904
           2013           2013        363.533          365.5       0.853243
           2014           2014        363.705        365.667       0.851575
           2015           2015        363.864        365.833       0.849907
           2016           2016        364.044            366       0.848239
           2017           2017        364.214        366.167       0.846591
           2018           2018        364.381        366.333       0.844924
           2019           2019         364.55          366.5        0.84325
           2020           2020        364.714        366.667       0.841573
           2021           2021        364.878        366.833       0.839878
           2022           2022         365.05            367        0.83819
           2023           2023        365.213        367.167       0.836499
           2024           2024         365.38        367.333       0.834802
           2025           2025        365.554          367.5         0.8331
           2026           2026        365.722        367.667       0.831397
           2027           2027         365.89        367.833        0.82969
           2028           2028        366.058            368       0.827978
           2029           2029        366.216        368.167       0.826253
           2030           2030        366.392        368.333       0.824534
           2031           2031        366.565          368.5       0.822814
           2032           2032        366.729        368.667       0.821092
           2033           2033        366.895        368.833        0.81936
           2034           2034        367.067            369       0.817633
           2035           2035        367.235        369.167       0.815904
           2036           2036        367.408        369.333       0.814173
           2037           2037        367.571          369.5       0.812427
           2038           2038        367.738        369.667       0.810678
           2039           2039         367.91        369.833       0.808925
           2040           2040         368.07            370       0.807169
           2041           2041        368.239        370.167       0.805396
           2042           2042        368.414        370.333        0.80363
           2043           2043        368.587          370.5       0.801861
           2044           2044        368.748        370.667       0.800086
           2045           2045        368.911        370.833       0.798307
           2046           2046        369.084            371       0.796514
           2047           2047        369.257        371.167       0.794722
           2048           2048        369.423        371.333        0.79292
           2049           2049        369.594          371.5        0.79111
           2050           2050        369.761        371.667       0.789263
           2051           2051        369.926        371.833       0.787415
           2052           2052        370.089            372       0.785558
           2053           2053        370.262        372.167       0.783692
           2054           2054        370.437        372.333        0.78178
           2055           2055        370.605          372.5       0.779879
           2056           2056        370.781        372.667        0.77797
           2057           2057        370.939        372.833       0.776051
           2058           2058        371.107            373       0.774095
           2059           2059        371.273        373.167       0.772141
           2060           2060        371.446        373.333       0.770177
           2061           2061        371.614          373.5       0.768207
           2062           2062        371.777        373.667       0.766199
           2063           2063        371.951        373.833       0.764202
           2064           2064        372.113            374       0.762201
           2065           2065         372.29        374.167       0.760193
           2066           2066        372.451        374.333        0.75816
           2067           2067        372.627          374.5       0.756129
           2068           2068        372.793        374.667       0.754092
           2069           2069        372.959        374.833       0.752047
           2070           2070        373.129            375       0.749963
           2071           2071        373.295        375.167       0.747886
           2072           2072        373.467        375.333       0.745804
           2073           2073        373.631          375.5       0.743715
           2074           2074          373.8        375.667       0.741584
           2075           2075        373.967        375.833        0.73946
           2076           2076        374.136            376       0.737326
           2077           2077        374.308        376.167       0.735179
           2078           2078        374.472        376.333       0.733024
           2079           2079        374.638          376.5       0.730834
           2080           2080          374.8        376.667       0.728652
           2081           2081        374.969        376.833       0.726462
           2082           2082        375.138            377       0.724264
           2083           2083        375.308        377.167       0.722031
           2084           2084        375.482        377.333       0.719798
           2085           2085        375.649          377.5       0.717555
           2086           2086        375.816        377.667       0.715305
           2087           2087        375.976        377.833       0.713008
           2088           2088        376.152            378       0.710717
           2089           2089        376.317        378.167       0.708418
           2090           2090        376.481        378.333       0.706109
           2091           2091        376.658          378.5       0.703758
           2092           2092        376.818        378.667       0.701414
           2093           2093        376.989        378.833       0.699064
           2094           2094        377.159            379       0.696707
           2095           2095        377.331        379.167       0.694315
           2096           2096        377.494        379.333       0.691931
           2097           2097        377.664          379.5       0.689544
           2098           2098        377.844        379.667       0.687154
           2099           2099        378.008        379.833       0.684735
           2100           2100        378.171            380       0.682315
           2101           2101        378.339        380.167       0.679887
           2102           2102        378.506        380.333       0.677454
           2103           2103        378.671          380.5       0.674991
           2104           2104        378.831        380.667       0.672531
           2105           2105        379.012        380.833       0.670062
           2106           2106        379.177            381       0.667586
           2107           2107        379.344        381.167       0.665086
           2108           2108        379.512        381.333       0.662592
           2109           2109        379.676          381.5       0.660093
           2110           2110        379.843        381.667       0.657591
           2111           2111        380.015        381.833       0.655062
           2112           2112        380.189            382       0.652537
           2113           2113        380.351        382.167        0.65001
           2114           2114         380.52        382.333       0.647478
           2115           2115        380.689          382.5       0.644916
           2116           2116        380.861        382.667       0.642363
           2117           2117        381.019        382.833       0.639812
           2118           2118        381.198            383       0.637262
           2119           2119        381.364        383.167       0.634698
           2120           2120        381.536        383.333        0.63214
           2121           2121        381.702          383.5       0.629578
           2122           2122         381.87        383.667       0.627011
           2123           2123        382.039        383.833       0.624428
           2124           2124        382.207            384       0.621837
           2125           2125         382.37        384.167       0.619238
           2126           2126        382.545        384.333       0.616633
           2127           2127        382.709          384.5       0.613989
           2128           2128        382.875        384.667       0.611356
           2129           2129        383.045        384.833        0.60872
           2130           2130        383.218            385        0.60608
           2131           2131        383.383        385.167       0.603418
           2132           2132        383.555        385.333       0.600759
           2133           2133        383.724          385.5       0.598095
           2134           2134        383.895        385.667       0.595425
           2135           2135        384.064        385.833       0.592737
           2136           2136        384.229            386       0.590056
           2137           2137        384.399        386.167       0.587372
           2138           2138        384.569        386.333       0.584686
           2139           2139        384.736          386.5        0.58199
           2140           2140        384.904        386.667       0.579296
           2141           2141        385.071        386.833       0.576598
           2142           2142        385.239            387       0.573894
           2143           2143        385.401        387.167       0.571177
           2144           2144        385.573        387.333       0.568463
           2145           2145        385.737          387.5       0.565749
           2146           2146        385.906        387.667       0.563035
           2147           2147        386.082        387.833        0.56031
           2148           2148        386.241            388       0.557589
           2149           2149        386.407        388.167       0.554865
           2150           2150        386.584        388.333       0.552138
           2151           2151        386.745          388.5       0.549406
           2152           2152         386.92        388.667       0.546675
           2153           2153        387.081        388.833        0.54394
           2154           2154        387.253            389         0.5412
           2155           2155        387.431        389.167       0.538448
           2156           2156        387.594        389.333       0.535694
           2157           2157        387.757          389.5       0.532933
           2158           2158        387.922        389.667       0.530166
           2159           2159        388.095        389.833       0.527383
           2160           2160        388.263            390       0.524609
           2161           2161        388.434        390.167       0.521838
           2162           2162        388.602        390.333       0.519068
           2163           2163         388.77          390.5       0.516291
           2164           2164        388.943        390.667       0.513521
           2165           2165        389.115        390.833       0.510755
           2166           2166        389.284            391       0.507992
           2167           2167        389.452        391.167       0.505225
           2168           2168        389.618        391.333       0.502452
           2169           2169        389.791          391.5       0.499674
           2170           2170        389.959        391.667       0.496895
           2171           2171        390.121        391.833       0.494108
           2172           2172        390.297            392       0.491329
           2173           2173         390.46        392.167       0.488551
           2174           2174        390.628        392.333       0.485771
           2175           2175        390.804          392.5       0.482988
           2176           2176        390.977        392.667       0.480197
           2177           2177        391.146        392.833       0.477405
           2178           2178        391.305            393       0.474613
           2179           2179        391.473        393.167       0.471821
           2180           2180         391.64        393.333       0.469039
           2181           2181        391.812          393.5       0.466256
           2182           2182         391.98        393.667       0.463471
           2183           2183        392.153        393.833       0.460704
           2184           2184        392.317            394        0.45793
           2185           2185         392.48        394.167       0.455161
           2186           2186        392.646        394.333       0.452399
           2187           2187         392.81          394.5       0.449645
           2188           2188        392.984        394.667       0.446895
           2189           2189        393.149        394.833       0.444147
           2190           2190         393.33            395       0.441399
           2191           2191        393.501        395.167       0.438677
           2192           2192         393.66        395.333       0.435957
           2193           2193        393.826          395.5       0.433247
           2194           2194        393.996        395.667       0.430546
           2195           2195        394.162        395.833       0.427869
           2196           2196        394.334            396       0.425183
           2197           2197         394.51        396.167       0.422493
           2198           2198        394.673        396.333       0.419801
           2199           2199        394.839          396.5       0.417127
           2200           2200        395.007        396.667        0.41445
           2201           2201        395.174        396.833        0.41178
           2202           2202        395.342            397       0.409114
           2203           2203         395.51        397.167       0.406451
           2204           2204        395.677        397.333       0.403787
           2205           2205        395.848          397.5       0.401125
           2206           2206         396.01        397.667       0.398464
           2207           2207        396.183        397.833       0.395821
           2208           2208        396.355            398       0.393182
           2209           2209         396.52        398.167       0.390552
           2210           2210        396.688        398.333        0.38793
           2211           2211        396.858          398.5       0.385311
           2212           2212        397.024        398.667       0.382719
           2213           2213        397.186        398.833       0.380122
           2214           2214        397.358            399       0.377535
           2215           2215        397.519        399.167       0.374958
           2216           2216        397.698        399.333       0.372405
           2217           2217        397.859          399.5       0.369854
           2218           2218        398.032        399.667        0.36731
           2219           2219        398.203        399.833       0.364772
           2220           2220        398.376            400       0.362279
           2221           2221        398.537        400.167       0.359784
           2222           2222        398.701        400.333       0.357302
           2223           2223        398.876          400.5       0.354831
           2224           2224        399.046        400.667       0.352407
           2225           2225        399.209        400.833       0.349976
           2226           2226        399.386            401       0.347555
           2227           2227        399.546        401.167       0.345143
           2228           2228        399.718        401.333       0.342775
           2229           2229        399.886          401.5       0.340402
           2230           2230        400.054        401.667       0.338042
           2231           2231        400.229        401.833       0.335692
           2232           2232        400.393            402        0.33338
           2233           2233        400.561        402.167       0.331064
           2234           2234        400.735        402.333       0.328756
           2235           2235        400.903          402.5       0.326456
           2236           2236        401.071        402.667       0.324204
           2237           2237        401.242        402.833       0.321946
           2238           2238        401.411            403       0.319694
           2239           2239        401.578        403.167       0.317449
           2240           2240        401.746        403.333       0.315256
           2241           2241        401.911          403.5       0.313061
           2242           2242        402.083        403.667       0.310881
           2243           2243        402.255        403.833        0.30872
           2244           2244        402.418            404       0.306571
           2245           2245         402.59        404.167       0.304482
           2246           2246        402.758        404.333       0.302379
           2247           2247        402.927          404.5       0.300288
           2248           2248        403.096        404.667       0.298208
           2249           2249        403.263        404.833       0.296181
           2250           2250        403.431            405        0.29415
           2251           2251        403.601        405.167       0.292129
           2252           2252        403.771        405.333       0.290115
           2253           2253        403.939          405.5       0.288149
           2254           2254        404.104        405.667       0.286166
           2255           2255        404.274        405.833       0.284188
           2256           2256        404.436            406       0.282218
           2257           2257        404.608        406.167       0.280283
           2258           2258        404.772        406.333       0.278356
           2259           2259        404.944          406.5       0.276448
           2260           2260        405.118        406.667       0.274553
           2261           2261        405.289        406.833       0.272726
           2262           2262        405.457            407       0.270889
           2263           2263         405.62        407.167       0.269066
           2264           2264        405.786        407.333       0.267256
           2265           2265        405.952          407.5       0.265514
           2266           2266        406.136        407.667       0.263758
           2267           2267        406.297        407.833       0.262012
           2268           2268        406.465            408       0.260277
           2269           2269        406.635        408.167       0.258608
           2270           2270         406.81        408.333       0.256933
           2271           2271        406.978          408.5       0.255273
           2272           2272        407.136        408.667       0.253624
           2273           2273        407.304        408.833        0.25204
           2274           2274        407.482            409       0.250439
           2275           2275        407.646        409.167       0.248847
           2276           2276        407.812        409.333       0.247272
           2277           2277        407.983          409.5        0.24571
           2278           2278        408.151        409.667       0.244202
           2279           2279        408.314        409.833       0.242688
           2280           2280        408.482            410       0.241188
           2281           2281        408.648        410.167       0.239698
           2282           2282        408.816        410.333       0.238268
           2283           2283        408.982          410.5       0.236826
           2284           2284        409.155        410.667       0.235396
           2285           2285        409.316        410.833       0.233979
           2286           2286        409.492            411       0.232618
           2287           2287        409.656        411.167       0.231251
           2288           2288        409.825        411.333       0.229896
           2289           2289        409.995          411.5       0.228551
           2290           2290        410.165        411.667        0.22727
           2291           2291        410.337        411.833       0.225982
           2292           2292          410.5            412       0.224707
           2293           2293        410.665        412.167       0.223442
           2294           2294        410.831        412.333       0.222227
           2295           2295        411.005          412.5       0.221003
           2296           2296        411.176        412.667       0.219791
           2297           2297        411.349        412.833       0.218591
           2298           2298        411.517            413        0.21744
           2299           2299        411.689        413.167       0.216284
           2300           2300         411.85        413.333       0.215138
           2301           2301        412.029          413.5       0.214001
           2302           2302        412.194        413.667       0.212917
           2303           2303        412.361        413.833       0.211822
           2304           2304        412.525            414       0.210738
           2305           2305        412.698        414.167       0.209664
           2306           2306        412.858        414.333       0.208632
           2307           2307        413.029          414.5       0.207596
           2308           2308        413.206        414.667       0.206572
           2309           2309        413.367        414.833       0.205561
           2310           2310        413.539            415        0.20456
           2311           2311        413.701        415.167       0.203611
           2312           2312        413.865        415.333       0.202653
           2313           2313        414.035          415.5       0.201704
           2314           2314        414.199        415.667       0.200763
           2315           2315        414.367        415.833       0.199868
           2316           2316        414.543            416       0.198964
           2317           2317        414.707        416.167       0.198068
           2318           2318        414.875        416.333       0.197178
           2319           2319        415.049          416.5       0.196327
           2320           2320        415.214        416.667       0.195467
           2321           2321        415.384        416.833       0.194616
           2322           2322         415.55            417       0.193774
           2323           2323        415.718        417.167       0.192964
           2324           2324        415.894        417.333       0.192152
           2325           2325        416.063          417.5       0.191348
           2326           2326         416.23        417.667       0.190552
           2327           2327          416.4        417.833       0.189797
           2328           2328        416.563            418       0.189039
           2329           2329        416.735        418.167       0.188291
           2330           2330        416.898        418.333       0.187552
           2331           2331        417.067          418.5       0.186859
           2332           2332         417.23        418.667       0.186158
           2333           2333        417.403        418.833        0.18546
           2334           2334        417.568            419       0.184766
           2335           2335        417.735        419.167         0.1841
           2336           2336        417.909        419.333       0.183425
           2337           2337        418.077          419.5       0.182752
           2338           2338        418.248        419.667       0.182084
           2339           2339        418.413        419.833       0.181434
           2340           2340        418.574            420       0.180791
           2341           2341        418.752        420.167       0.180161
           2342           2342        418.919        420.333       0.179545
           2343           2343        419.084          420.5       0.178937
           2344           2344        419.252        420.667       0.178375
           2345           2345        419.429        420.833       0.177802
           2346           2346        419.596            421       0.177236
           2347           2347        419.768        421.167       0.176675
           2348           2348        419.929        421.333       0.176143
           2349           2349        420.102          421.5       0.175607
           2350           2350        420.269        421.667       0.175075
           2351           2351        420.438        421.833       0.174547
           2352           2352        420.606            422        0.17404
           2353           2353        420.773        422.167       0.173528
           2354           2354        420.932        422.333       0.173022
           2355           2355        421.108          422.5       0.172521
           2356           2356        421.283        422.667       0.172037
           2357           2357        421.447        422.833        0.17155
           2358           2358        421.609            423       0.171067
           2359           2359        421.779        423.167       0.170588
           2360           2360        421.938        423.333       0.170134
           2361           2361        422.117          423.5        0.16968
           2362           2362         422.28        423.667       0.169228
           2363           2363        422.446        423.833       0.168777
           2364           2364         422.61            424       0.168346
           2365           2365        422.776        424.167       0.167907
           2366           2366        422.949        424.333       0.167472
           2367           2367        423.109          424.5       0.167041
           2368           2368        423.274        424.667       0.166624
           2369           2369        423.449        424.833        0.16621
           2370           2370        423.626            425       0.165799
           2371           2371         423.79        425.167       0.165391
           2372           2372        423.962        425.333       0.165007
           2373           2373        424.112          425.5       0.164617
           2374           2374        424.287        425.667       0.164229
           2375           2375        424.462        425.833       0.163846
           2376           2376        424.631            426       0.163468
           2377           2377        424.786        426.167       0.163097
           2378           2378        424.957        426.333       0.162715
           2379           2379        425.116          426.5        0.16233
           2380           2380        425.287        426.667       0.161944
           2381           2381        425.452        426.833       0.161558
           2382           2382        425.625            427       0.161179
           2383           2383        425.797        427.167       0.160803
           2384           2384        425.964        427.333        0.16043
           2385           2385        426.132          427.5       0.160074
           2386           2386        426.298        427.667        0.15972
           2387           2387        426.462        427.833        0.15937
           2388           2388         426.63            428       0.159024
           2389           2389        426.804        428.167       0.158697
           2390           2390        426.974        428.333       0.158365
           2391           2391        427.142          428.5       0.158034
           2392           2392        427.306        428.667       0.157707
           2393           2393        427.483        428.833       0.157394
           2394           2394        427.648            429       0.157084
           2395           2395        427.812        429.167       0.156777
           2396           2396         427.98        429.333       0.156472
           2397           2397         428.15          429.5       0.156176
           2398           2398        428.315        429.667       0.155871
           2399           2399        428.486        429.833       0.155564
           2400           2400        428.654            430       0.155256
           2401           2401        428.824        430.167       0.154942
           2402           2402        428.992        430.333       0.154631
           2403           2403        429.161          430.5       0.154326
           2404           2404        429.326        430.667       0.154025
           2405           2405        429.494        430.833       0.153734
           2406           2406        429.664            431       0.153445
           2407           2407        429.828        431.167        0.15316
           2408           2408        429.997        431.333       0.152876
           2409           2409        430.172          431.5       0.152591
           2410           2410        430.335        431.667       0.152309
           2411           2411          430.5        431.833       0.152019
           2412           2412        430.672            432       0.151731
           2413           2413        430.836        432.167       0.151444
           2414           2414        431.004        432.333       0.151148
           2415           2415        431.175          432.5       0.150862
           2416           2416        431.341        432.667       0.150581
           2417           2417        431.507        432.833       0.150303
           2418           2418        431.684            433       0.150045
           2419           2419        431.845        433.167       0.149785
           2420           2420         432.02        433.333       0.149525
           2421           2421        432.184          433.5       0.149265
           2422           2422        432.345        433.667       0.149013
           2423           2423        432.514        433.833       0.148751
           2424           2424        432.686            434       0.148487
           2425           2425        432.858        434.167       0.148223
           2426           2426        433.016        434.333       0.147951
           2427           2427        433.189          434.5       0.147685
           2428           2428        433.357        434.667       0.147419
           2429           2429        433.524        434.833       0.147153
           2430           2430        433.697            435       0.146891
           2431           2431        433.866        435.167       0.146628
           2432           2432        434.037        435.333       0.146367
           2433           2433        434.198          435.5       0.146106
           2434           2434        434.366        435.667        0.14585
           2435           2435        434.535        435.833       0.145594
           2436           2436        434.702            436       0.145337
           2437           2437        434.873        436.167       0.145077
           2438           2438        435.037        436.333       0.144826
           2439           2439        435.201          436.5       0.144577
           2440           2440        435.368        436.667       0.144328
           2441           2441        435.541        436.833       0.144082
           2442           2442        435.704            437       0.143837
           2443           2443        435.875        437.167         0.1436
           2444           2444        436.045        437.333       0.143359
           2445           2445        436.208          437.5       0.143115
           2446           2446        436.379        437.667        0.14287
           2447           2447        436.545        437.833       0.142624
           2448           2448        436.718            438       0.142381
           2449           2449        436.882        438.167       0.142139
           2450           2450        437.053        438.333       0.141898
           2451           2451        437.221          438.5       0.141659
           2452           2452        437.384        438.667       0.141421
           2453           2453        437.551        438.833       0.141182
           2454           2454        437.725            439       0.140943
           2455           2455        437.891        439.167       0.140708
           2456           2456        438.059        439.333       0.140472
           2457           2457        438.226          439.5       0.140237
           2458           2458        438.403        439.667           0.14
           2459           2459        438.565        439.833       0.139767
           2460           2460        438.735            440       0.139533
           2461           2461        438.904        440.167         0.1393
           2462           2462        439.069        440.333       0.139067
           2463           2463        439.236          440.5       0.138831
           2464           2464        439.408        440.667       0.138593
           2465           2465        439.576        440.833       0.138352
           2466           2466         439.74            441       0.138113
           2467           2467        439.907        441.167       0.137867
           2468           2468        440.078        441.333       0.137623
           2469           2469        440.243          441.5       0.137384
           2470           2470        440.416        441.667       0.137147
           2471           2471        440.588        441.833       0.136917
           2472           2472        440.751            442        0.13669
           2473           2473         440.92        442.167       0.136465
           2474           2474        441.079        442.333       0.136241
           2475           2475        441.247          442.5       0.136018
           2476           2476        441.419        442.667       0.135803
           2477           2477        441.584        442.833       0.135582
           2478           2478        441.754            443       0.135359
           2479           2479        441.917        443.167       0.135137
           2480           2480        442.092        443.333       0.134909
           2481           2481        442.251          443.5       0.134681
           2482           2482        442.418        443.667       0.134451
           2483           2483        442.581        443.833       0.134221
           2484           2484        442.746            444       0.133989
           2485           2485        442.918        444.167       0.133757
           2486           2486         443.09        444.333       0.133525
           2487           2487        443.259          444.5       0.133293
           2488           2488        443.432        444.667       0.133062
           2489           2489        443.603        444.833       0.132833
           2490           2490        443.767            445       0.132606
           2491           2491         443.93        445.167        0.13238
           2492           2492        444.102        445.333       0.132165
           2493           2493        444.268          445.5       0.131948
           2494           2494        444.432        445.667       0.131733
           2495           2495        444.603        445.833       0.131519
           2496           2496         444.77            446       0.131315
           2497           2497        444.943        446.167       0.131104
           2498           2498        445.106        446.333        0.13089
           2499           2499        445.279          446.5       0.130675
           2500           2500        445.449        446.667       0.130451
           2501           2501        445.608        446.833       0.130229
           2502           2502         445.78            447        0.13001
           2503           2503        445.947        447.167       0.129793
           2504           2504        446.121        447.333       0.129574
           2505           2505        446.287          447.5       0.129361
           2506           2506        446.456        447.667       0.129151
           2507           2507         446.63        447.833       0.128945
           2508           2508        446.797            448        0.12874
           2509           2509        446.963        448.167       0.128544
           2510           2510        447.125        448.333       0.128336
           2511           2511        447.295          448.5       0.128123
           2512           2512         447.46        448.667       0.127909
           2513           2513        447.633        448.833       0.127687
           2514           2514        447.799            449       0.127467
           2515           2515         447.97        449.167       0.127248
           2516           2516        448.136        449.333        0.12703
           2517           2517        448.304          449.5       0.126813
           2518           2518        448.465        449.667       0.126593
           2519           2519        448.637        449.833       0.126372
           2520           2520        448.807            450        0.12615
           2521           2521        448.973        450.167       0.125936
           2522           2522        449.139        450.333       0.125725
           2523           2523        449.304          450.5       0.125517
           2524           2524        449.472        450.667        0.12531
           2525           2525        449.637        450.833       0.125113
           2526           2526        449.809            451       0.124912
           2527           2527        449.981        451.167       0.124713
           2528           2528        450.147        451.333       0.124514
           2529           2529        450.318          451.5       0.124321
           2530           2530         450.48        451.667       0.124125
           2531           2531        450.643        451.833       0.123928
           2532           2532        450.805            452       0.123731
           2533           2533        450.976        452.167       0.123534
           2534           2534        451.142        452.333       0.123331
           2535           2535        451.304          452.5       0.123125
           2536           2536        451.471        452.667       0.122917
           2537           2537        451.644        452.833       0.122709
           2538           2538        451.815            453       0.122507
           2539           2539        451.983        453.167       0.122305
           2540           2540        452.149        453.333       0.122104
           2541           2541        452.319          453.5       0.121903
           2542           2542        452.481        453.667       0.121712
           2543           2543        452.645        453.833       0.121517
           2544           2544        452.817            454       0.121323
           2545           2545        452.992        454.167        0.12113
           2546           2546        453.157        454.333       0.120936
           2547           2547        453.321          454.5       0.120745
           2548           2548        453.489        454.667       0.120554
           2549           2549        453.648        454.833       0.120365
           2550           2550        453.825            455       0.120184
           2551           2551        453.985        455.167       0.120004
           2552           2552        454.155        455.333       0.119828
           2553           2553        454.324          455.5       0.119656
           2554           2554        454.488        455.667       0.119493
           2555           2555         454.66        455.833       0.119327
           2556           2556        454.827            456       0.119162
           2557           2557        454.999        456.167       0.118996
           2558           2558        455.168        456.333       0.118828
           2559           2559        455.324          456.5        0.11866
           2560           2560        455.496        456.667       0.118489
           2561           2561        455.664        456.833       0.118316
           2562           2562        455.832            457       0.118139
           2563           2563        456.008        457.167       0.117961
           2564           2564        456.168        457.333       0.117782
           2565           2565        456.331          457.5       0.117603
           2566           2566          456.5        457.667       0.117419
           2567           2567        456.672        457.833       0.117235
           2568           2568        456.839            458       0.117049
           2569           2569        457.013        458.167       0.116862
           2570           2570        457.173        458.333       0.116671
           2571           2571        457.342          458.5       0.116482
           2572           2572        457.509        458.667       0.116296
           2573           2573        457.676        458.833       0.116112
           2574           2574        457.833            459       0.115927
           2575           2575        458.008        459.167       0.115742
           2576           2576         458.18        459.333       0.115553
           2577           2577         458.35          459.5       0.115361
           2578           2578        458.513        459.667       0.115167
           2579           2579        458.686        459.833       0.114969
           2580           2580        458.847            460       0.114774
           2581           2581        459.021        460.167       0.114579
           2582           2582        459.177        460.333       0.114387
           2583           2583        459.343          460.5       0.114191
           2584           2584        459.512        460.667       0.113995
           2585           2585        459.675        460.833       0.113802
           2586           2586        459.846            461        0.11361
           2587           2587        460.024        461.167       0.113414
           2588           2588        460.196        461.333        0.11322
           2589           2589        460.363          461.5       0.113029
           2590           2590        460.527        461.667       0.112839
           2591           2591        460.693        461.833        0.11265
           2592           2592        460.867            462        0.11246
           2593           2593        461.029        462.167        0.11227
           2594           2594        461.191        462.333        0.11208
           2595           2595        461.363          462.5        0.11189
           2596           2596        461.529        462.667       0.111701
           2597           2597        461.703        462.833       0.111513
           2598           2598        461.867            463       0.111325
           2599           2599        462.033        463.167       0.111136
           2600           2600        462.211        463.333       0.110945
           2601           2601        462.382          463.5       0.110751
           2602           2602        462.543        463.667       0.110554
           2603           2603        462.705        463.833        0.11035
           2604           2604        462.875            464       0.110147
           2605           2605        463.039        464.167       0.109944
           2606           2606        463.213        464.333       0.109743
           2607           2607         463.38          464.5       0.109542
           2608           2608        463.545        464.667       0.109341
           2609           2609        463.716        464.833       0.109143
           2610           2610        463.887            465       0.108947
           2611           2611        464.047        465.167       0.108752
           2612           2612        464.219        465.333       0.108564
           2613           2613        464.391          465.5       0.108375
           2614           2614        464.553        465.667       0.108186
           2615           2615        464.719        465.833       0.107997
           2616           2616        464.894            466       0.107812
           2617           2617        465.065        466.167       0.107623
           2618           2618        465.227        466.333       0.107434
           2619           2619        465.399          466.5       0.107248
           2620           2620        465.567        466.667       0.107064
           2621           2621        465.728        466.833       0.106878
           2622           2622        465.901            467        0.10669
           2623           2623        466.067        467.167       0.106502
           2624           2624        466.231        467.333       0.106323
           2625           2625        466.399          467.5       0.106139
           2626           2626        466.563        467.667       0.105954
           2627           2627        466.731        467.833        0.10577
           2628           2628        466.903            468       0.105593
           2629           2629        467.076        468.167       0.105418
           2630           2630         467.24        468.333       0.105243
           2631           2631        467.404          468.5       0.105069
           2632           2632        467.572        468.667         0.1049
           2633           2633        467.743        468.833       0.104728
           2634           2634        467.909            469       0.104555
           2635           2635        468.076        469.167       0.104381
           2636           2636        468.245        469.333       0.104211
           2637           2637        468.415          469.5       0.104041
           2638           2638         468.58        469.667        0.10387
           2639           2639        468.751        469.833       0.103696
           2640           2640        468.912            470       0.103522
           2641           2641        469.079        470.167       0.103345
           2642           2642        469.247        470.333       0.103167
           2643           2643        469.415          470.5        0.10299
           2644           2644        469.583        470.667       0.102814
           2645           2645        469.749        470.833       0.102633
           2646           2646         469.92            471       0.102455
           2647           2647        470.087        471.167       0.102275
           2648           2648        470.256        471.333       0.102093
           2649           2649        470.428          471.5        0.10192
           2650           2650        470.587        471.667       0.101751
           2651           2651        470.764        471.833       0.101583
           2652           2652        470.931            472       0.101416
           2653           2653        471.092        472.167       0.101258
           2654           2654        471.263        472.333        0.10109
           2655           2655        471.428          472.5       0.100913
           2656           2656        471.588        472.667       0.100733
           2657           2657        471.759        472.833       0.100541
           2658           2658        471.927            473       0.100353
           2659           2659        472.096        473.167       0.100167
           2660           2660         472.26        473.333      0.0999818
           2661           2661         472.43          473.5      0.0997907
           2662           2662        472.598        473.667      0.0996058
           2663           2663        472.764        473.833      0.0994276
           2664           2664        472.934            474      0.0992546
           2665           2665        473.102        474.167      0.0990932
           2666           2666        473.266        474.333      0.0989263
           2667           2667        473.433          474.5      0.0987572
           2668           2668        473.607        474.667      0.0985872
           2669           2669        473.774        474.833      0.0984216
           2670           2670        473.944            475      0.0982554
           2671           2671        474.107        475.167      0.0980919
           2672           2672        474.269        475.333      0.0979329
           2673           2673        474.443          475.5      0.0977781
           2674           2674        474.611        475.667      0.0976291
           2675           2675        474.782        475.833      0.0974766
           2676           2676        474.943            476      0.0973249
           2677           2677        475.115        476.167      0.0971743
           2678           2678        475.284        476.333      0.0970258
           2679           2679        475.452          476.5       0.096875
           2680           2680         475.61        476.667      0.0967251
           2681           2681        475.784        476.833      0.0965759
           2682           2682         475.95            477      0.0964238
           2683           2683        476.109        477.167      0.0962716
           2684           2684        476.284        477.333      0.0961176
           2685           2685        476.452          477.5      0.0959614
           2686           2686         476.62        477.667      0.0957993
           2687           2687        476.792        477.833      0.0956343
           2688           2688        476.959            478      0.0954676
           2689           2689        477.126        478.167      0.0953015
           2690           2690        477.292        478.333      0.0951245
           2691           2691         477.46          478.5      0.0949559
           2692           2692        477.627        478.667      0.0947919
           2693           2693        477.787        478.833      0.0946285
           2694           2694        477.955            479      0.0944736
           2695           2695        478.123        479.167      0.0943202
           2696           2696        478.293        479.333      0.0941678
           2697           2697        478.467          479.5      0.0940153
           2698           2698        478.625        479.667      0.0938689
           2699           2699        478.788        479.833      0.0937145
           2700           2700         478.96            480      0.0935547
           2701           2701        479.135        480.167      0.0933934
           2702           2702        479.299        480.333      0.0932294
           2703           2703        479.461          480.5        0.09307
           2704           2704        479.634        480.667       0.092908
           2705           2705        479.803        480.833      0.0927399
           2706           2706        479.966            481      0.0925668
           2707           2707        480.139        481.167      0.0923927
           2708           2708        480.304        481.333      0.0922232
           2709           2709        480.477          481.5      0.0920579
           2710           2710        480.637        481.667      0.0918944
           2711           2711        480.809        481.833       0.091733
           2712           2712        480.966            482      0.0915762
           2713           2713        481.143        482.167      0.0914237
           2714           2714         481.31        482.333      0.0912738
           2715           2715        481.473          482.5       0.091133
           2716           2716        481.634        482.667      0.0909804
           2717           2717        481.805        482.833      0.0908235
           2718           2718        481.973            483      0.0906679
           2719           2719        482.144        483.167      0.0905143
           2720           2720        482.306        483.333      0.0903666
           2721           2721        482.473          483.5      0.0902231
           2722           2722        482.639        483.667      0.0900813
           2723           2723          482.8        483.833      0.0899425
           2724           2724        482.969            484      0.0897916
           2725           2725        483.143        484.167      0.0896371
           2726           2726        483.312        484.333      0.0894826
           2727           2727        483.469          484.5      0.0893169
           2728           2728        483.652        484.667      0.0891595
           2729           2729        483.808        484.833      0.0890022
           2730           2730        483.971            485      0.0888445
           2731           2731         484.14        485.167      0.0886924
           2732           2732        484.308        485.333      0.0885358
           2733           2733        484.474          485.5        0.08838
           2734           2734        484.649        485.667      0.0882264
           2735           2735        484.819        485.833       0.088075
           2736           2736        484.984            486      0.0879264
           2737           2737        485.147        486.167       0.087778
           2738           2738        485.314        486.333      0.0876256
           2739           2739        485.489          486.5      0.0874695
           2740           2740        485.651        486.667      0.0873201
           2741           2741         485.81        486.833      0.0871696
           2742           2742        485.978            487      0.0870178
           2743           2743        486.152        487.167       0.086867
           2744           2744        486.325        487.333      0.0867283
           2745           2745        486.486          487.5      0.0865946
           2746           2746        486.655        487.667      0.0864626
           2747           2747        486.824        487.833       0.086331
           2748           2748        486.984            488       0.086218
           2749           2749         487.16        488.167      0.0860957
           2750           2750        487.318        488.333      0.0859749
           2751           2751        487.487          488.5      0.0858581
           2752           2752        487.656        488.667      0.0857391
           2753           2753        487.828        488.833      0.0856128
           2754           2754        487.992            489      0.0854774
           2755           2755        488.155        489.167      0.0853361
           2756           2756        488.331        489.333      0.0851802
           2757           2757        488.499          489.5      0.0850288
           2758           2758        488.668        489.667      0.0848848
           2759           2759         488.83        489.833      0.0847466
           2760           2760        488.993            490      0.0846023
           2761           2761        489.162        490.167      0.0844594
           2762           2762        489.333        490.333      0.0843099
           2763           2763         489.49          490.5      0.0841547
           2764           2764        489.669        490.667      0.0840014
           2765           2765        489.827        490.833      0.0838498
           2766           2766        489.999            491       0.083708
           2767           2767        490.166        491.167      0.0835722
           2768           2768        490.339        491.333      0.0834266
           2769           2769        490.498          491.5      0.0832792
           2770           2770        490.667        491.667       0.083129
           2771           2771        490.838        491.833      0.0829795
           2772           2772        491.006            492      0.0828319
           2773           2773        491.177        492.167      0.0826876
           2774           2774        491.343        492.333      0.0825512
           2775           2775        491.505          492.5       0.082417
           2776           2776        491.679        492.667      0.0822818
           2777           2777         491.85        492.833      0.0821462
           2778           2778        492.006            493      0.0819969
           2779           2779         492.18        493.167       0.081848
           2780           2780        492.344        493.333      0.0817023
           2781           2781        492.513          493.5      0.0815448
           2782           2782        492.682        493.667       0.081401
           2783           2783         492.85        493.833      0.0812599
           2784           2784         493.02            494        0.08112
           2785           2785         493.18        494.167      0.0809954
           2786           2786         493.35        494.333      0.0808589
           2787           2787         493.52          494.5      0.0807245
           2788           2788        493.686        494.667      0.0805945
           2789           2789        493.851        494.833      0.0804642
           2790           2790        494.022            495      0.0803358
           2791           2791        494.194        495.167      0.0802075
           2792           2792        494.359        495.333        0.08008
           2793           2793        494.525          495.5       0.079954
           2794           2794        494.688        495.667      0.0798204
           2795           2795        494.863        495.833      0.0796897
           2796           2796        495.025            496      0.0795622
           2797           2797          495.2        496.167      0.0794276
           2798           2798        495.359        496.333      0.0793012
           2799           2799        495.523          496.5      0.0791767
           2800           2800         495.69        496.667      0.0790519
           2801           2801        495.858        496.833      0.0789379
           2802           2802        496.023            497      0.0788189
           2803           2803        496.194        497.167      0.0786997
           2804           2804        496.359        497.333      0.0785777
           2805           2805        496.523          497.5      0.0784525
           2806           2806         496.69        497.667      0.0783222
           2807           2807        496.855        497.833      0.0781946
           2808           2808        497.026            498      0.0780687
           2809           2809        497.193        498.167      0.0779439
           2810           2810        497.358        498.333      0.0778195
           2811           2811        497.526          498.5      0.0776944
           2812           2812        497.699        498.667      0.0775645
           2813           2813        497.861        498.833      0.0774312
           2814           2814        498.025            499      0.0772988
           2815           2815        498.201        499.167      0.0771661
           2816           2816        498.362        499.333      0.0770332
           2817           2817         498.53          499.5      0.0769004
           2818           2818        498.698        499.667      0.0767667
           2819           2819        498.867        499.833       0.076636
           2820           2820        499.034            500      0.0765053
           2821           2821        499.197        500.167      0.0763761
           2822           2822        499.364        500.333      0.0762541
           2823           2823        499.525          500.5      0.0761235
           2824           2824        499.695        500.667      0.0759897
           2825           2825        499.866        500.833      0.0758566
           2826           2826        500.029            501      0.0757233
           2827           2827        500.197        501.167      0.0755928
           2828           2828         500.37        501.333      0.0754637
           2829           2829        500.532          501.5      0.0753343
           2830           2830        500.704        501.667      0.0752062
           2831           2831        500.876        501.833      0.0750761
           2832           2832         501.04            502       0.074946
           2833           2833         501.21        502.167      0.0748155
           2834           2834         501.38        502.333      0.0746823
           2835           2835        501.547          502.5      0.0745524
           2836           2836        501.715        502.667      0.0744223
           2837           2837        501.881        502.833      0.0742923
           2838           2838        502.048            503      0.0741629
           2839           2839        502.221        503.167      0.0740415
           2840           2840        502.388        503.333      0.0739213
           2841           2841        502.562          503.5      0.0738002
           2842           2842         502.73        503.667      0.0736762
           2843           2843        502.889        503.833      0.0735598
           2844           2844        503.056            504      0.0734452
           2845           2845        503.217        504.167      0.0733331
           2846           2846        503.392        504.333      0.0732228
           2847           2847         503.56          504.5      0.0731149
           2848           2848        503.725        504.667      0.0730008
           2849           2849        503.897        504.833      0.0728837
           2850           2850        504.067            505      0.0727679
           2851           2851        504.227        505.167      0.0726554
           2852           2852        504.396        505.333      0.0725445
           2853           2853        504.557          505.5      0.0724361
           2854           2854        504.729        505.667      0.0723302
           2855           2855        504.901        505.833      0.0722341
           2856           2856        505.071            506      0.0721352
           2857           2857        505.235        506.167      0.0720383
           2858           2858        505.401        506.333      0.0719444
           2859           2859        505.571          506.5      0.0718544
           2860           2860        505.733        506.667      0.0717562
           2861           2861          505.9        506.833      0.0716536
           2862           2862        506.076            507      0.0715504
           2863           2863        506.241        507.167      0.0714458
           2864           2864        506.408        507.333      0.0713448
           2865           2865        506.568          507.5      0.0712449
           2866           2866        506.739        507.667       0.071145
           2867           2867        506.903        507.833      0.0710432
           2868           2868        507.079            508      0.0709365
           2869           2869        507.246        508.167      0.0708272
           2870           2870        507.408        508.333      0.0707172
           2871           2871        507.573          508.5       0.070609
           2872           2872        507.743        508.667       0.070501
           2873           2873        507.911        508.833      0.0703951
           2874           2874        508.082            509      0.0702855
           2875           2875        508.246        509.167      0.0701751
           2876           2876         508.41        509.333      0.0700775
           2877           2877        508.582          509.5      0.0699799
           2878           2878        508.755        509.667      0.0698878
           2879           2879        508.915        509.833      0.0697983
           2880           2880        509.082            510      0.0697128
           2881           2881        509.246        510.167      0.0696244
           2882           2882        509.419        510.333      0.0695325
           2883           2883        509.585          510.5      0.0694385
           2884           2884        509.757        510.667      0.0693458
           2885           2885        509.921        510.833       0.069253
           2886           2886        510.094            511       0.069163
           2887           2887        510.261        511.167      0.0690769
           2888           2888        510.428        511.333      0.0689918
           2889           2889        510.594          511.5      0.0689021
           2890           2890        510.764        511.667      0.0688091
           2891           2891        510.916        511.833      0.0687156
           2892           2892        511.093            512      0.0686235
           2893           2893        511.268        512.167      0.0685324
           2894           2894        511.437        512.333      0.0684439
           2895           2895        511.596          512.5      0.0683572
           2896           2896         511.77        512.667       0.068271
           2897           2897        511.932        512.833      0.0681822
           2898           2898        512.099            513      0.0680893
           2899           2899        512.264        513.167       0.067993
           2900           2900        512.432        513.333      0.0678961
           2901           2901        512.605          513.5      0.0678049
           2902           2902        512.769        513.667      0.0677192
           2903           2903        512.926        513.833      0.0676324
           2904           2904        513.098            514       0.067541
           2905           2905        513.266        514.167      0.0674508
           2906           2906        513.428        514.333      0.0673568
           2907           2907        513.588          514.5       0.067263
           2908           2908        513.761        514.667      0.0671714
           2909           2909        513.928        514.833      0.0670823
           2910           2910         514.09            515      0.0670011
           2911           2911        514.261        515.167       0.066919
           2912           2912        514.434        515.333      0.0668348
           2913           2913        514.596          515.5      0.0667611
           2914           2914         514.76        515.667      0.0666731
           2915           2915        514.933        515.833      0.0665794
           2916           2916        515.098            516      0.0664847
           2917           2917        515.272        516.167      0.0663773
           2918           2918        515.435        516.333      0.0662801
           2919           2919        515.596          516.5      0.0661835
           2920           2920        515.765        516.667      0.0660863
           2921           2921        515.939        516.833      0.0659957
           2922           2922        516.103            517      0.0659021
           2923           2923        516.268        517.167      0.0658132
           2924           2924        516.433        517.333      0.0657288
           2925           2925        516.602          517.5      0.0656409
           2926           2926        516.772        517.667      0.0655533
           2927           2927         516.94        517.833      0.0654711
           2928           2928        517.108            518      0.0653938
           2929           2929        517.277        518.167      0.0653298
           2930           2930         517.44        518.333      0.0652691
           2931           2931        517.613          518.5      0.0652179
           2932           2932         517.78        518.667      0.0651733
           2933           2933        517.943        518.833      0.0651422
           2934           2934        518.116            519      0.0650921
           2935           2935        518.286        519.167      0.0650322
           2936           2936         518.45        519.333      0.0649678
           2937           2937        518.613          519.5      0.0649029
           2938           2938        518.785        519.667      0.0648223
           2939           2939        518.952        519.833      0.0647547
           2940           2940        519.116            520      0.0646837
           2941           2941        519.286        520.167      0.0646066
           2942           2942        519.456        520.333        0.06453
           2943           2943        519.618          520.5      0.0644454
           2944           2944        519.784        520.667      0.0643585
           2945           2945        519.952        520.833       0.064273
           2946           2946        520.117            521      0.0641836
           2947           2947        520.279        521.167      0.0641091
           2948           2948        520.453        521.333      0.0640372
           2949           2949        520.617          521.5       0.063964
           2950           2950        520.789        521.667      0.0639072
           2951           2951        520.958        521.833      0.0638333
           2952           2952         521.12            522      0.0637541
           2953           2953        521.289        522.167      0.0636754
           2954           2954        521.457        522.333      0.0635895
           2955           2955         521.63          522.5      0.0635118
           2956           2956        521.788        522.667      0.0634322
           2957           2957        521.953        522.833      0.0633506
           2958           2958        522.128            523      0.0632729
           2959           2959        522.296        523.167      0.0631863
           2960           2960        522.465        523.333      0.0630993
           2961           2961        522.631          523.5      0.0630152
           2962           2962        522.791        523.667      0.0629251
           2963           2963        522.955        523.833       0.062843
           2964           2964        523.118            524      0.0627618
           2965           2965        523.288        524.167      0.0626797
           2966           2966        523.459        524.333      0.0626042
           2967           2967        523.624          524.5      0.0625211
           2968           2968        523.797        524.667      0.0624407
           2969           2969        523.961        524.833      0.0623647
           2970           2970        524.125            525      0.0622865
           2971           2971        524.287        525.167      0.0622121
           2972           2972         524.46        525.333      0.0621349
           2973           2973        524.634          525.5       0.062054
           2974           2974        524.792        525.667      0.0619753
           2975           2975        524.965        525.833       0.061892
           2976           2976        525.133            526      0.0618116
           2977           2977        525.312        526.167      0.0617334
           2978           2978        525.468        526.333      0.0616478
           2979           2979        525.635          526.5      0.0615693
           2980           2980        525.807        526.667      0.0614886
           2981           2981        525.971        526.833      0.0614043
           2982           2982        526.137            527      0.0613282
           2983           2983        526.301        527.167      0.0612512
           2984           2984        526.473        527.333      0.0611754
           2985           2985        526.637          527.5      0.0610994
           2986           2986        526.804        527.667      0.0610166
           2987           2987        526.972        527.833      0.0609371
           2988           2988        527.144            528       0.060863
           2989           2989        527.314        528.167      0.0607938
           2990           2990        527.472        528.333      0.0607316
           2991           2991        527.641          528.5      0.0606686
           2992           2992        527.811        528.667      0.0606068
           2993           2993         527.98        528.833      0.0605455
           2994           2994        528.141            529      0.0604946
           2995           2995        528.307        529.167      0.0604401
           2996           2996        528.481        529.333      0.0603856
           2997           2997        528.653          529.5      0.0603318
           2998           2998        528.816        529.667      0.0602762
           2999           2999        528.983        529.833      0.0602187
           3000           3000        529.149            530        0.06016
           3001           3001        529.316        530.167      0.0601009
           3002           3002        529.485        530.333      0.0600346
           3003           3003        529.646          530.5       0.059966
           3004           3004        529.822        530.667      0.0598944
           3005           3005        529.982        530.833      0.0598218
           3006           3006        530.155            531      0.0597396
           3007           3007        530.324        531.167      0.0596625
           3008           3008        530.488        531.333      0.0595897
           3009           3009        530.658          531.5      0.0595192
           3010           3010        530.822        531.667      0.0594462
           3011           3011        530.999        531.833      0.0593691
           3012           3012         531.16            532      0.0592913
           3013           3013        531.331        532.167      0.0592154
           3014           3014        531.499        532.333       0.059141
           3015           3015         531.66          532.5      0.0590679
           3016           3016        531.826        532.667      0.0589948
           3017           3017        531.994        532.833      0.0589218
           3018           3018         532.16            533      0.0588541
           3019           3019        532.334        533.167      0.0587835
           3020           3020        532.496        533.333      0.0587094
           3021           3021         532.67          533.5      0.0586311
           3022           3022        532.828        533.667      0.0585488
           3023           3023        533.002        533.833      0.0584715
           3024           3024        533.168            534      0.0583958
           3025           3025        533.331        534.167        0.05832
           3026           3026        533.506        534.333      0.0582484
           3027           3027        533.675          534.5      0.0581793
           3028           3028        533.835        534.667      0.0581088
           3029           3029        534.005        534.833      0.0580366
           3030           3030        534.173            535      0.0579737
           3031           3031        534.341        535.167      0.0579072
           3032           3032        534.505        535.333      0.0578374
           3033           3033        534.672          535.5      0.0577661
           3034           3034        534.843        535.667      0.0576941
           3035           3035        535.005        535.833      0.0576229
           3036           3036        535.188            536      0.0575515
           3037           3037        535.346        536.167      0.0574801
           3038           3038         535.51        536.333      0.0574088
           3039           3039        535.677          536.5      0.0573421
           3040           3040         535.85        536.667      0.0572817
           3041           3041        536.011        536.833      0.0572239
           3042           3042        536.182            537      0.0571667
           3043           3043        536.349        537.167      0.0571054
           3044           3044        536.515        537.333      0.0570462
           3045           3045        536.683          537.5      0.0569898
           3046           3046        536.854        537.667      0.0569288
           3047           3047         537.02        537.833       0.056866
           3048           3048        537.182            538      0.0568016
           3049           3049        537.349        538.167      0.0567371
           3050           3050        537.519        538.333      0.0566792
           3051           3051         537.69          538.5      0.0566275
           3052           3052        537.848        538.667      0.0565796
           3053           3053        538.022        538.833      0.0565329
           3054           3054        538.183            539      0.0564956
           3055           3055         538.35        539.167      0.0564522
           3056           3056        538.511        539.333      0.0564091
           3057           3057        538.687          539.5      0.0563652
           3058           3058        538.854        539.667      0.0563107
           3059           3059        539.015        539.833      0.0562583
           3060           3060        539.185            540      0.0562059
           3061           3061        539.357        540.167       0.056152
           3062           3062        539.518        540.333      0.0560869
           3063           3063         539.69          540.5      0.0560241
           3064           3064        539.858        540.667      0.0559622
           3065           3065        540.023        540.833      0.0559009
           3066           3066          540.2            541      0.0558405
           3067           3067        540.367        541.167      0.0557848
           3068           3068         540.53        541.333      0.0557303
           3069           3069        540.695          541.5      0.0556755
           3070           3070         540.86        541.667      0.0556202
           3071           3071        541.028        541.833      0.0555697
           3072           3072        541.202            542      0.0555153
           3073           3073        541.364        542.167       0.055461
           3074           3074        541.527        542.333      0.0554071
           3075           3075        541.696          542.5      0.0553475
           3076           3076        541.864        542.667      0.0552924
           3077           3077        542.027        542.833      0.0552408
           3078           3078        542.198            543      0.0551914
           3079           3079        542.359        543.167      0.0551476
           3080           3080        542.533        543.333       0.055106
           3081           3081        542.704          543.5      0.0550724
           3082           3082        542.875        543.667      0.0550456
           3083           3083        543.044        543.833      0.0550342
           3084           3084        543.206            544      0.0550173
           3085           3085        543.379        544.167      0.0550004
           3086           3086        543.545        544.333      0.0549846
           3087           3087        543.714          544.5      0.0549787
           3088           3088        543.883        544.667      0.0549692
           3089           3089        544.049        544.833      0.0549623
           3090           3090        544.219            545      0.0549564
           3091           3091        544.384        545.167      0.0549442
           3092           3092        544.555        545.333       0.054929
           3093           3093        544.719          545.5      0.0549072
           3094           3094        544.882        545.667      0.0548791
           3095           3095        545.054        545.833      0.0548313
           3096           3096        545.218            546      0.0547829
           3097           3097        545.383        546.167      0.0547262
           3098           3098        545.558        546.333      0.0546628
           3099           3099        545.722          546.5      0.0545716
           3100           3100        545.891        546.667      0.0544914
           3101           3101        546.062        546.833      0.0544119
           3102           3102        546.223            547      0.0543323
           3103           3103        546.396        547.167      0.0542535
           3104           3104        546.562        547.333       0.054175
           3105           3105        546.728          547.5      0.0540979
           3106           3106        546.893        547.667      0.0540201
           3107           3107        547.054        547.833      0.0539406
           3108           3108        547.223            548      0.0538636
           3109           3109        547.402        548.167       0.053791
           3110           3110        547.562        548.333      0.0537255
           3111           3111        547.735          548.5      0.0536625
           3112           3112        547.897        548.667      0.0536005
           3113           3113        548.068        548.833       0.053539
           3114           3114        548.238            549      0.0534804
           3115           3115        548.399        549.167      0.0534248
           3116           3116        548.568        549.333       0.053376
           3117           3117        548.735          549.5      0.0533227
           3118           3118        548.912        549.667       0.053268
           3119           3119        549.074        549.833      0.0532128
           3120           3120        549.242            550      0.0531505
           3121           3121        549.412        550.167      0.0530828
           3122           3122        549.584        550.333      0.0530134
           3123           3123        549.752          550.5      0.0529436
           3124           3124        549.919        550.667      0.0528627
           3125           3125        550.082        550.833      0.0527934
           3126           3126        550.238            551      0.0527275
           3127           3127        550.407        551.167      0.0526621
           3128           3128        550.581        551.333       0.052606
           3129           3129         550.75          551.5      0.0525436
           3130           3130        550.918        551.667      0.0524793
           3131           3131        551.087        551.833      0.0524155
           3132           3132        551.251            552      0.0523588
           3133           3133        551.422        552.167      0.0523062
           3134           3134        551.587        552.333      0.0522532
           3135           3135         551.75          552.5      0.0521972
           3136           3136        551.926        552.667      0.0521396
           3137           3137        552.099        552.833      0.0520923
           3138           3138        552.267            553      0.0520412
           3139           3139        552.432        553.167      0.0519884
           3140           3140        552.597        553.333      0.0519346
           3141           3141        552.759          553.5       0.051875
           3142           3142        552.933        553.667      0.0518155
           3143           3143        553.098        553.833      0.0517558
           3144           3144        553.263            554      0.0516958
           3145           3145        553.435        554.167      0.0516286
           3146           3146        553.601        554.333      0.0515664
           3147           3147        553.773          554.5      0.0515079
           3148           3148        553.943        554.667      0.0514513
           3149           3149        554.107        554.833       0.051399
           3150           3150        554.275            555      0.0513497
           3151           3151        554.448        555.167      0.0513044
           3152           3152        554.607        555.333      0.0512606
           3153           3153        554.777          555.5      0.0512247
           3154           3154        554.939        555.667      0.0511813
           3155           3155        555.114        555.833      0.0511347
           3156           3156        555.277            556      0.0510876
           3157           3157        555.447        556.167      0.0510411
           3158           3158        555.619        556.333      0.0509984
           3159           3159        555.786          556.5      0.0509574
           3160           3160        555.947        556.667      0.0509169
           3161           3161        556.109        556.833      0.0508771
           3162           3162        556.289            557      0.0508319
           3163           3163        556.462        557.167      0.0507851
           3164           3164        556.631        557.333      0.0507386
           3165           3165        556.795          557.5      0.0506844
           3166           3166         556.95        557.667      0.0506327
           3167           3167        557.119        557.833      0.0505825
           3168           3168        557.286            558      0.0505337
           3169           3169         557.45        558.167       0.050486
           3170           3170        557.615        558.333      0.0504474
           3171           3171        557.786          558.5      0.0504106
           3172           3172         557.95        558.667      0.0503735
           3173           3173        558.118        558.833      0.0503349
           3174           3174         558.28            559      0.0502995
           3175           3175         558.45        559.167       0.050257
           3176           3176         558.62        559.333      0.0502149
           3177           3177         558.79          559.5      0.0501728
           3178           3178        558.963        559.667      0.0501163
           3179           3179        559.122        559.833      0.0500658
           3180           3180        559.293            560      0.0500182
           3181           3181        559.458        560.167      0.0499736
           3182           3182        559.626        560.333      0.0499292
           3183           3183        559.794          560.5      0.0498779
           3184           3184        559.964        560.667      0.0498219
           3185           3185        560.127        560.833      0.0497649
           3186           3186        560.297            561      0.0497051
           3187           3187        560.466        561.167      0.0496487
           3188           3188        560.635        561.333      0.0495947
           3189           3189        560.798          561.5       0.049542
           3190           3190        560.967        561.667       0.049495
           3191           3191        561.137        561.833      0.0494491
           3192           3192        561.302            562      0.0494045
           3193           3193        561.465        562.167      0.0493601
           3194           3194         561.63        562.333      0.0493244
           3195           3195        561.799          562.5      0.0492871
           3196           3196        561.962        562.667      0.0492466
           3197           3197        562.133        562.833      0.0492025
           3198           3198        562.302            563      0.0491555
           3199           3199        562.471        563.167      0.0491064
           3200           3200        562.642        563.333       0.049056
           3201           3201        562.811          563.5      0.0490057
           3202           3202        562.981        563.667      0.0489546
           3203           3203        563.142        563.833      0.0488941
           3204           3204        563.306            564      0.0488407
           3205           3205        563.473        564.167      0.0487923
           3206           3206         563.64        564.333      0.0487455
           3207           3207        563.815          564.5      0.0487044
           3208           3208        563.985        564.667      0.0486631
           3209           3209        564.158        564.833      0.0486216
           3210           3210        564.323            565      0.0485793
           3211           3211        564.485        565.167      0.0485387
           3212           3212        564.649        565.333      0.0484962
           3213           3213        564.826          565.5      0.0484546
           3214           3214         564.99        565.667      0.0484133
           3215           3215        565.158        565.833       0.048366
           3216           3216        565.323            566      0.0483231
           3217           3217        565.482        566.167      0.0482841
           3218           3218        565.657        566.333      0.0482471
           3219           3219        565.822          566.5      0.0482154
           3220           3220        565.994        566.667      0.0481826
           3221           3221        566.157        566.833      0.0481479
           3222           3222        566.327            567      0.0481109
           3223           3223        566.491        567.167      0.0480741
           3224           3224        566.662        567.333       0.048036
           3225           3225        566.829          567.5      0.0479951
           3226           3226        566.998        567.667      0.0479516
           3227           3227        567.165        567.833      0.0479025
           3228           3228        567.325            568      0.0478618
           3229           3229        567.494        568.167      0.0478276
           3230           3230        567.661        568.333      0.0477975
           3231           3231        567.829          568.5      0.0477825
           3232           3232        567.995        568.667       0.047769
           3233           3233        568.169        568.833      0.0477572
           3234           3234        568.334            569      0.0477438
           3235           3235        568.498        569.167      0.0477277
           3236           3236        568.667        569.333      0.0477172
           3237           3237        568.833          569.5      0.0476975
           3238           3238        568.993        569.667      0.0476736
           3239           3239        569.166        569.833      0.0476479
           3240           3240        569.338            570      0.0476049
           3241           3241        569.497        570.167      0.0475725
           3242           3242        569.662        570.333      0.0475427
           3243           3243        569.835          570.5      0.0475108
           3244           3244        570.001        570.667      0.0474756
           3245           3245         570.17        570.833      0.0474437
           3246           3246        570.333            571      0.0474177
           3247           3247        570.494        571.167      0.0473958
           3248           3248        570.668        571.333      0.0473796
           3249           3249        570.833          571.5      0.0473671
           3250           3250        571.005        571.667      0.0473578
           3251           3251        571.172        571.833      0.0473494
           3252           3252        571.337            572      0.0473542
           3253           3253        571.504        572.167      0.0473523
           3254           3254        571.677        572.333      0.0473483
           3255           3255        571.841          572.5      0.0473421
           3256           3256        572.013        572.667      0.0473219
           3257           3257        572.179        572.833      0.0473021
           3258           3258        572.342            573      0.0472823
           3259           3259        572.511        573.167      0.0472617
           3260           3260        572.675        573.333      0.0472268
           3261           3261        572.836          573.5      0.0471999
           3262           3262        573.007        573.667      0.0471753
           3263           3263        573.178        573.833      0.0471505
           3264           3264        573.342            574      0.0471243
           3265           3265        573.502        574.167      0.0470968
           3266           3266        573.673        574.333      0.0470685
           3267           3267        573.846          574.5        0.04704
           3268           3268        574.016        574.667      0.0470127
           3269           3269         574.18        574.833      0.0469838
           3270           3270        574.346            575      0.0469561
           3271           3271        574.511        575.167      0.0469289
           3272           3272        574.684        575.333      0.0469015
           3273           3273        574.852          575.5      0.0468754
           3274           3274        575.022        575.667      0.0468474
           3275           3275        575.188        575.833      0.0468205
           3276           3276        575.358            576      0.0467963
           3277           3277        575.511        576.167      0.0467744
           3278           3278        575.678        576.333      0.0467521
           3279           3279        575.847          576.5      0.0467289
           3280           3280        576.013        576.667      0.0467064
           3281           3281        576.175        576.833      0.0466903
           3282           3282        576.339            577      0.0466698
           3283           3283        576.516        577.167       0.046647
           3284           3284        576.688        577.333      0.0466235
           3285           3285        576.856          577.5      0.0466089
           3286           3286        577.021        577.667      0.0465998
           3287           3287        577.186        577.833      0.0465917
           3288           3288        577.349            578       0.046584
           3289           3289        577.516        578.167      0.0465868
           3290           3290        577.677        578.333        0.04658
           3291           3291        577.853          578.5      0.0465685
           3292           3292        578.013        578.667      0.0465545
           3293           3293        578.174        578.833      0.0465279
           3294           3294        578.344            579       0.046506
           3295           3295        578.514        579.167       0.046487
           3296           3296        578.685        579.333      0.0464699
           3297           3297        578.845          579.5      0.0464469
           3298           3298        579.008        579.667      0.0464204
           3299           3299        579.185        579.833      0.0463894
           3300           3300        579.343            580       0.046356
           3301           3301        579.509        580.167      0.0463211
           3302           3302        579.676        580.333      0.0462748
           3303           3303        579.843          580.5      0.0462311
           3304           3304        580.012        580.667      0.0461863
           3305           3305        580.176        580.833       0.046143
           3306           3306        580.347            581      0.0461078
           3307           3307        580.512        581.167      0.0460795
           3308           3308         580.68        581.333       0.046056
           3309           3309        580.844          581.5      0.0460361
           3310           3310         581.01        581.667      0.0460443
           3311           3311        581.182        581.833      0.0460432
           3312           3312        581.356            582      0.0460384
           3313           3313        581.519        582.167      0.0460322
           3314           3314        581.687        582.333      0.0460322
           3315           3315        581.863          582.5      0.0460222
           3316           3316        582.024        582.667      0.0460071
           3317           3317        582.189        582.833      0.0459897
           3318           3318        582.354            583       0.045949
           3319           3319        582.518        583.167      0.0459139
           3320           3320        582.683        583.333      0.0458825
           3321           3321        582.855          583.5      0.0458535
           3322           3322        583.022        583.667      0.0458237
           3323           3323        583.189        583.833      0.0458029
           3324           3324        583.358            584      0.0457841
           3325           3325        583.521        584.167      0.0457648
           3326           3326        583.691        584.333      0.0457578
           3327           3327        583.857          584.5      0.0457379
           3328           3328        584.026        584.667       0.045714
           3329           3329        584.194        584.833      0.0456901
           3330           3330        584.359            585      0.0456445
           3331           3331        584.529        585.167      0.0456017
           3332           3332        584.701        585.333      0.0455614
           3333           3333        584.863          585.5      0.0455238
           3334           3334         585.03        585.667      0.0454883
           3335           3335        585.191        585.833      0.0454603
           3336           3336        585.361            586      0.0454425
           3337           3337        585.533        586.167      0.0454267
           3338           3338        585.699        586.333      0.0454108
           3339           3339         585.87          586.5      0.0454201
           3340           3340        586.037        586.667      0.0454179
           3341           3341        586.205        586.833      0.0454147
           3342           3342         586.37            587      0.0454117
           3343           3343        586.537        587.167      0.0454017
           3344           3344        586.709        587.333       0.045392
           3345           3345        586.875          587.5      0.0453797
           3346           3346        587.039        587.667      0.0453653
           3347           3347        587.209        587.833      0.0453483
           3348           3348        587.385            588      0.0453364
           3349           3349        587.538        588.167      0.0453259
           3350           3350        587.701        588.333       0.045314
           3351           3351        587.872          588.5       0.045301
           3352           3352        588.034        588.667      0.0452864
           3353           3353        588.214        588.833      0.0452708
           3354           3354        588.372            589      0.0452541
           3355           3355        588.535        589.167      0.0452245
           3356           3356        588.708        589.333      0.0452006
           3357           3357        588.873          589.5      0.0451848
           3358           3358         589.04        589.667      0.0451739
           3359           3359        589.204        589.833      0.0451635
           3360           3360        589.371            590      0.0451538
           3361           3361        589.539        590.167       0.045143
           3362           3362        589.711        590.333      0.0451297
           3363           3363        589.884          590.5      0.0451185
           3364           3364         590.05        590.667      0.0450994
           3365           3365        590.215        590.833      0.0450723
           3366           3366        590.388            591      0.0450403
           3367           3367        590.547        591.167      0.0450075
           3368           3368        590.707        591.333       0.044963
           3369           3369        590.871          591.5      0.0449276
           3370           3370        591.042        591.667      0.0448958
           3371           3371         591.21        591.833      0.0448681
           3372           3372        591.376            592      0.0448541
           3373           3373        591.539        592.167      0.0448361
           3374           3374        591.716        592.333      0.0448172
           3375           3375        591.883          592.5      0.0447966
           3376           3376        592.053        592.667      0.0447757
           3377           3377        592.212        592.833        0.04475
           3378           3378         592.38            593      0.0447271
           3379           3379         592.55        593.167      0.0447075
           3380           3380        592.718        593.333      0.0446744
           3381           3381        592.879          593.5      0.0446471
           3382           3382        593.048        593.667      0.0446235
           3383           3383        593.211        593.833      0.0446009
           3384           3384        593.391            594      0.0445789
           3385           3385        593.554        594.167      0.0445522
           3386           3386        593.717        594.333       0.044523
           3387           3387        593.885          594.5       0.044494
           3388           3388        594.043        594.667      0.0444637
           3389           3389        594.213        594.833      0.0444364
           3390           3390        594.383            595      0.0444075
           3391           3391        594.546        595.167      0.0443771
           3392           3392        594.711        595.333      0.0443466
           3393           3393        594.883          595.5      0.0443079
           3394           3394        595.047        595.667      0.0442648
           3395           3395        595.208        595.833      0.0442222
           3396           3396        595.384            596      0.0441758
           3397           3397        595.541        596.167      0.0441394
           3398           3398        595.714        596.333      0.0441077
           3399           3399        595.881          596.5      0.0440772
           3400           3400        596.044        596.667       0.044049
           3401           3401        596.216        596.833      0.0440282
           3402           3402        596.388            597      0.0440174
           3403           3403        596.556        597.167      0.0440113
           3404           3404        596.716        597.333      0.0440061
           3405           3405        596.877          597.5      0.0439997
           3406           3406        597.045        597.667      0.0439884
           3407           3407        597.226        597.833      0.0439747
           3408           3408        597.396            598      0.0439658
           3409           3409        597.556        598.167       0.043957
           3410           3410        597.725        598.333       0.043942
           3411           3411        597.888          598.5      0.0439225
           3412           3412        598.053        598.667      0.0438917
           3413           3413        598.215        598.833      0.0438501
           3414           3414        598.385            599      0.0438154
           3415           3415        598.552        599.167      0.0437878
           3416           3416        598.717        599.333      0.0437552
           3417           3417        598.891          599.5      0.0437197
           3418           3418        599.057        599.667      0.0436851
           3419           3419         599.22        599.833      0.0436534
           3420           3420        599.386            600      0.0436219


Results:
Texts:

  $D60-TN200-V90-TB60
  Sample Weight
  D60-TN200-V90-TB60, 1.8600 mg

Sample:
  D60-TN200-V90-TB60, 1.8600 mg
Evaluation:
  


Curve Name:
  $D60-TN200-V90-TB60
  Heatflow
Curve Values:
          Index              t             Ts             Tr          Value
                           [s]           [°C]           [°C]           [mW]
              0              0         36.872             30        39.7148
              1              1        36.8847        30.1667        39.5047
              2              2        36.8973        30.3333        39.3814
              3              3        36.9399           30.5        39.2767
              4              4         37.002        30.6667         39.075
              5              5        37.0966        30.8333        38.9829
              6              6        37.1951             31        38.9211
              7              7        37.3092        31.1667        38.8656
              8              8        37.4324        31.3333        38.8748
              9              9         37.553           31.5        38.8438
             10             10        37.6853        31.6667        38.8068
             11             11        37.8241        31.8333        38.7725
             12             12        37.9759             32        38.8181
             13             13        38.1277        32.1667         38.824
             14             14        38.2925        32.3333        38.8292
             15             15        38.4468           32.5        38.8389
             16             16        38.6116        32.6667        38.8952
             17             17        38.7777        32.8333        38.9265
             18             18        38.9346             33        38.9533
             19             19        39.1019        33.1667        38.9802
             20             20        39.2588        33.3333        39.0329
             21             21        39.4457           33.5         39.073
             22             22        39.6129        33.6667        39.1107
             23             23        39.7946        33.8333        39.1497
             24             24        39.9775             34        39.2046
             25             25        40.1434        34.1667        39.2495
             26             26         40.325        34.3333        39.2916
             27             27        40.4935           34.5        39.3327
             28             28        40.6816        34.6667        39.3767
             29             29        40.8605        34.8333        39.4188
             30             30        41.0291             35          39.46
             31             31        41.2132        35.1667        39.5013
             32             32         41.396        35.3333        39.5406
             33             33        41.5684           35.5        39.5773
             34             34        41.7486        35.6667        39.6132
             35             35        41.9275        35.8333        39.6497
             36             36        42.1051             36        39.6819
             37             37        42.2865        36.1667         39.717
             38             38         42.455        36.3333        39.7523
             39             39        42.6364           36.5         39.787
             40             40        42.8127        36.6667        39.8141
             41             41        42.9824        36.8333         39.844
             42             42        43.1508             37        39.8752
             43             43        43.3349        37.1667        39.9071
             44             44        43.5059        37.3333         39.937
             45             45        43.6847           37.5        39.9658
             46             46        43.8583        37.6667        39.9943
             47             47        44.0305        37.8333        40.0215
             48             48        44.1963             38        40.0448
             49             49        44.3699        38.1667        40.0688
             50             50        44.5461        38.3333        40.0917
             51             51        44.7157           38.5        40.1143
             52             52        44.8853        38.6667        40.1349
             53             53        45.0537        38.8333        40.1571
             54             54        45.2233             39        40.1796
             55             55         45.389        39.1667        40.2024
             56             56        45.5625        39.3333        40.2138
             57             57        45.7322           39.5        40.2288
             58             58         45.894        39.6667        40.2427
             59             59        46.0583        39.8333        40.2558
             60             60        46.2305             40        40.2661
             61             61        46.3962        40.1667        40.2769
             62             62        46.5697        40.3333         40.289
             63             63        46.7354           40.5        40.3027
             64             64        46.9011        40.6667        40.3076
             65             65         47.055        40.8333        40.3149
             66             66        47.2193             41        40.3218
             67             67        47.3785        41.1667        40.3274
             68             68        47.5467        41.3333        40.3279
             69             69        47.7111           41.5        40.3327
             70             70        47.8702        41.6667        40.3382
             71             71        48.0475        41.8333        40.3438
             72             72        48.2184             42        40.3511
             73             73        48.3644        42.1667        40.3567
             74             74        48.5261        42.3333        40.3625
             75             75        48.6957           42.5        40.3693
             76             76        48.8443        42.6667        40.3752
             77             77        49.0216        42.8333        40.3853
             78             78        49.1872             43        40.3952
             79             79        49.3463        43.1667        40.4044
             80             80        49.5145        43.3333        40.4215
             81             81         49.671           43.5        40.4348
             82             82        49.8352        43.6667        40.4477
             83             83        50.0047        43.8333        40.4597
             84             84        50.1716             44        40.4795
             85             85        50.3423        44.1667        40.4949
             86             86        50.5092        44.3333        40.5083
             87             87        50.6539           44.5        40.5213
             88             88         50.826        44.6667        40.5326
             89             89        50.9941        44.8333        40.5447
             90             90        51.1545             45        40.5563
             91             91        51.3239        45.1667        40.5668
             92             92        51.4816        45.3333         40.575
             93             93        51.6511           45.5         40.584
             94             94        51.8101        45.6667        40.5921
             95             95        51.9678        45.8333        40.5999
             96             96        52.1333             46        40.6077
             97             97        52.3027        46.1667        40.6121
             98             98         52.463        46.3333        40.6203
             99             99        52.6194           46.5        40.6279
            100            100        52.7745        46.6667        40.6346
            101            101        52.9439        46.8333         40.641
            102            102        53.1042             47        40.6475
            103            103        53.2645        47.1667        40.6533
            104            104        53.4313        47.3333        40.6609
            105            105        53.5955           47.5        40.6714
            106            106        53.7557        47.6667        40.6804
            107            107        53.9212        47.8333        40.6896
            108            108        54.0815             48        40.6972
            109            109        54.2417        48.1667         40.701
            110            110        54.4059        48.3333        40.7063
            111            111        54.5649           48.5        40.7116
            112            112        54.7238        48.6667        40.7172
            113            113        54.9023        48.8333        40.7233
            114            114        55.0456             49        40.7284
            115            115        55.2176        49.1667        40.7349
            116            116        55.3817        49.3333         40.742
            117            117         55.529           49.5        40.7427
            118            118        55.6944        49.6667        40.7486
            119            119        55.8507        49.8333        40.7557
            120            120        56.0097             50        40.7637
            121            121        56.1751        50.1667        40.7751
            122            122        56.3327        50.3333        40.7845
            123            123        56.4943           50.5         40.792
            124            124        56.6649        50.6667        40.7988
            125            125        56.8173        50.8333        40.8116
            126            126        56.9762             51        40.8211
            127            127        57.1443        51.1667        40.8307
            128            128        57.3032        51.3333        40.8402
            129            129        57.4686           51.5        40.8497
            130            130        57.6301        51.6667        40.8584
            131            131        57.7773        51.8333         40.866
            132            132        57.9375             52        40.8741
            133            133         58.099        52.1667        40.8825
            134            134        58.2566        52.3333          40.89
            135            135        58.4155           52.5        40.8978
            136            136        58.5809        52.6667        40.9047
            137            137        58.7333        52.8333        40.9114
            138            138        58.8948             53        40.9189
            139            139        59.0459        53.1667        40.9264
            140            140        59.2086        53.3333        40.9326
            141            141        59.3662           53.5        40.9397
            142            142        59.5277        53.6667        40.9492
            143            143        59.6879        53.8333         40.957
            144            144        59.8364             54        40.9629
            145            145        59.9952        54.1667        40.9675
            146            146        60.1502        54.3333        40.9738
            147            147        60.3234           54.5        40.9798
            148            148        60.4614        54.6667        40.9849
            149            149        60.6229        54.8333        40.9902
            150            150        60.7883             55        40.9986
            151            151        60.9459        55.1667        41.0045
            152            152        61.0982        55.3333        41.0085
            153            153        61.2493           55.5        41.0113
            154            154        61.4055        55.6667        41.0103
            155            155        61.5631        55.8333          41.01
            156            156         61.722             56        41.0105
            157            157         61.873        56.1667        41.0116
            158            158        62.0384        56.3333        41.0157
            159            159        62.1998           56.5        41.0189
            160            160        62.3391        56.6667        41.0238
            161            161        62.4928        56.8333        41.0292
            162            162        62.6543             57        41.0335
            163            163        62.8066        57.1667        41.0341
            164            164        62.9576        57.3333        41.0397
            165            165        63.1152           57.5        41.0466
            166            166         63.274        57.6667        41.0537
            167            167        63.4303        57.8333        41.0683
            168            168          63.58             58        41.0766
            169            169        63.7492        58.1667        41.0842
            170            170        63.9003        58.3333        41.0931
            171            171          64.05           58.5        41.1021
            172            172        64.2062        58.6667        41.1096
            173            173        64.3677        58.8333        41.1167
            174            174        64.5109             59        41.1236
            175            175        64.6671        59.1667        41.1285
            176            176        64.8194        59.3333        41.1349
            177            177        64.9692           59.5        41.1419
            178            178        65.1319        59.6667         41.148
            179            179        65.2907        59.8333        41.1538
            180            180        65.4339             60        41.1602
            181            181        65.5902        60.1667        41.1657
            182            182        65.7425        60.3333        41.1709
            183            183        65.8909           60.5        41.1718
            184            184        66.0445        60.6667        41.1749
            185            185        66.2059        60.8333        41.1785
            186            186         66.353             61        41.1838
            187            187        66.5028        61.1667        41.1901
            188            188        66.6616        61.3333        41.1948
            189            189        66.8113           61.5        41.1996
            190            190        66.9597        61.6667        41.2053
            191            191         67.112        61.8333        41.2127
            192            192        67.2708             62        41.2189
            193            193        67.4114        62.1667        41.2246
            194            194        67.5728        62.3333        41.2316
            195            195        67.7342           62.5        41.2391
            196            196        67.8813        62.6667        41.2465
            197            197        68.0284        62.8333        41.2527
            198            198        68.1872             63        41.2574
            199            199        68.3421        63.1667        41.2608
            200            200        68.4996        63.3333         41.268
            201            201        68.6389           63.5        41.2726
            202            202        68.7951        63.6667        41.2768
            203            203         68.954        63.8333        41.2812
            204            204        69.0958             64         41.284
            205            205        69.2468        64.1667        41.2879
            206            206        69.4056        64.3333        41.2912
            207            207        69.5462           64.5        41.2947
            208            208        69.7102        64.6667        41.2932
            209            209        69.8573        64.8333        41.2922
            210            210        70.0096             65        41.2926
            211            211         70.154        65.1667        41.2935
            212            212        70.3141        65.3333        41.2948
            213            213        70.4703           65.5        41.2955
            214            214        70.6148        65.6667        41.2965
            215            215        70.7658        65.8333        41.2978
            216            216        70.9103             66        41.2915
            217            217        71.0547        66.1667        41.2907
            218            218        71.2122        66.3333        41.2919
            219            219        71.3658           66.5        41.2939
            220            220        71.5168        66.6667        41.2986
            221            221        71.6652        66.8333        41.3012
            222            222        71.8149             67        41.3034
            223            223         71.975        67.1667        41.3068
            224            224        72.1169        67.3333        41.3098
            225            225         72.273           67.5        41.3121
            226            226        72.4227        67.6667         41.314
            227            227        72.5854        67.8333        41.3139
            228            228        72.7273             68        41.3128
            229            229        72.8783        68.1667        41.3132
            230            230         73.024        68.3333        41.3118
            231            231         73.188           68.5        41.3092
            232            232        73.3325        68.6667        41.3058
            233            233        73.4834        68.8333        41.2969
            234            234        73.6331             69        41.2906
            235            235        73.7802        69.1667        41.2851
            236            236        73.9246        69.3333        41.2793
            237            237        74.0756           69.5        41.2664
            238            238        74.2292        69.6667        41.2583
            239            239        74.3776        69.8333        41.2525
            240            240        74.5233             70        41.2458
            241            241        74.6717        70.1667        41.2354
            242            242         74.811        70.3333        41.2283
            243            243        74.9711           70.5        41.2195
            244            244        75.1181        70.6667        41.2102
            245            245        75.2704        70.8333        41.2043
            246            246        75.4136             71        41.1964
            247            247        75.5736        71.1667         41.189
            248            248        75.7181        71.3333        41.1835
            249            249          75.86           71.5        41.1762
            250            250        76.0122        71.6667        41.1703
            251            251        76.1697        71.8333        41.1663
            252            252        76.3037             72        41.1617
            253            253        76.4677        72.1667        41.1562
            254            254        76.6096        72.3333          41.15
            255            255         76.754           72.5        41.1461
            256            256         76.918        72.6667        41.1453
            257            257        77.0651        72.8333        41.1474
            258            258        77.2043             73        41.1455
            259            259        77.3618        73.1667         41.143
            260            260        77.5206        73.3333        41.1401
            261            261        77.6481           73.5        41.1386
            262            262        77.7978        73.6667         41.137
            263            263        77.9552        73.8333        41.1364
            264            264        78.1049             74        41.1349
            265            265        78.2702        74.1667        41.1332
            266            266        78.4016        74.3333        41.1318
            267            267        78.5604           74.5        41.1311
            268            268        78.7009        74.6667        41.1313
            269            269        78.8571        74.8333        41.1315
            270            270        79.0094             75         41.131
            271            271         79.159        75.1667        41.1311
            272            272        79.3061        75.3333        41.1307
            273            273        79.4571           75.5        41.1309
            274            274        79.6015        75.6667        41.1263
            275            275        79.7447        75.8333        41.1226
            276            276        79.9073             76        41.1213
            277            277         80.057        76.1667        41.1213
            278            278        80.2002        76.3333        41.1246
            279            279         80.355           76.5         41.127
            280            280        80.5099        76.6667        41.1303
            281            281        80.6518        76.8333        41.1345
            282            282        80.7962             77        41.1364
            283            283        80.9407        77.1667        41.1378
            284            284        81.0942        77.3333        41.1383
            285            285         81.253           77.5        41.1375
            286            286        81.4118        77.6667        41.1408
            287            287        81.5588        77.8333        41.1391
            288            288        81.7098             78        41.1383
            289            289         81.866        78.1667        41.1384
            290            290         82.013        78.3333        41.1363
            291            291        82.1601           78.5        41.1373
            292            292        82.2993        78.6667         41.137
            293            293        82.4581        78.8333        41.1354
            294            294        82.5973             79        41.1342
            295            295         82.747        79.1667        41.1303
            296            296        82.8888        79.3333        41.1294
            297            297        83.0528           79.5        41.1291
            298            298        83.2064        79.6667        41.1277
            299            299        83.3638        79.8333        41.1328
            300            300        83.5083             80        41.1334
            301            301        83.6567        80.1667         41.134
            302            302        83.7972        80.3333        41.1352
            303            303        83.9638           80.5        41.1338
            304            304        84.1017        80.6667        41.1335
            305            305        84.2579        80.8333        41.1337
            306            306        84.4036             81        41.1346
            307            307        84.5572        81.1667        41.1339
            308            308         84.703        81.3333        41.1326
            309            309        84.8617           81.5        41.1322
            310            310        85.0127        81.6667        41.1328
            311            311        85.1688        81.8333        41.1357
            312            312        85.3094             82         41.138
            313            313        85.4642        82.1667        41.1399
            314            314        85.6165        82.3333        41.1395
            315            315        85.7636           82.5        41.1361
            316            316        85.9106        82.6667        41.1339
            317            317        86.0603        82.8333        41.1333
            318            318        86.2177             83        41.1317
            319            319          86.37        83.1667        41.1332
            320            320        86.5197        83.3333        41.1357
            321            321        86.6745           83.5        41.1376
            322            322        86.8242        83.6667         41.139
            323            323        86.9647        83.8333        41.1343
            324            324        87.1143             84         41.132
            325            325        87.2731        84.1667        41.1304
            326            326        87.4202        84.3333        41.1299
            327            327         87.562           84.5        41.1303
            328            328        87.7286        84.6667        41.1353
            329            329        87.8756        84.8333        41.1357
            330            330        88.0331             85        41.1354
            331            331        88.1802        85.1667        41.1345
            332            332        88.3285        85.3333        41.1317
            333            333         88.473           85.5        41.1304
            334            334        88.6291        85.6667        41.1295
            335            335        88.7827        85.8333        41.1292
            336            336        88.9363             86        41.1342
            337            337         89.082        86.1667        41.1367
            338            338        89.2382        86.3333        41.1371
            339            339        89.3878           86.5        41.1377
            340            340        89.5427        86.6667        41.1384
            341            341        89.6963        86.8333        41.1381
            342            342         89.842             87        41.1381
            343            343        89.9942        87.1667        41.1378
            344            344        90.1517        87.3333        41.1413
            345            345        90.3027           87.5        41.1427
            346            346         90.451        87.6667        41.1445
            347            347        90.6046        87.8333         41.147
            348            348        90.7516             88        41.1472
            349            349           90.9        88.1667        41.1504
            350            350        91.0561        88.3333        41.1552
            351            351        91.2084           88.5          41.16
            352            352        91.3646        88.6667        41.1678
            353            353        91.5155        88.8333        41.1742
            354            354        91.6626             89        41.1798
            355            355        91.8174        89.1667        41.1828
            356            356        91.9723        89.3333        41.1881
            357            357        92.1206           89.5        41.1928
            358            358        92.2807        89.6667        41.1976
            359            359        92.4291        89.8333        41.2023
            360            360        92.5787             90        41.2074
            361            361        92.7349        90.1667        41.2106
            362            362        92.8871        90.3333         41.214
            363            363        93.0342           90.5        41.2177
            364            364        93.1747        90.6667        41.2209
            365            365        93.3309        90.8333        41.2232
            366            366        93.4949             91        41.2258
            367            367        93.6445        91.1667        41.2283
            368            368        93.7916        91.3333        41.2313
            369            369         93.949           91.5         41.236
            370            370        94.0987        91.6667         41.241
            371            371        94.2483        91.8333        41.2457
            372            372        94.4058             92        41.2508
            373            373        94.5515        92.1667        41.2526
            374            374         94.709        92.3333        41.2547
            375            375        94.8626           92.5         41.256
            376            376        95.0109        92.6667        41.2564
            377            377        95.1619        92.8333        41.2591
            378            378         95.318             93        41.2607
            379            379        95.4729        93.1667        41.2608
            380            380        95.6226        93.3333          41.26
            381            381        95.7813           93.5        41.2548
            382            382         95.927        93.6667        41.2509
            383            383         96.078        93.8333        41.2478
            384            384        96.2276             94        41.2443
            385            385        96.3773        94.1667         41.237
            386            386        96.5321        94.3333        41.2351
            387            387        96.6896           94.5        41.2355
            388            388        96.8353        94.6667        41.2349
            389            389        96.9863        94.8333        41.2313
            390            390        97.1372             95         41.228
            391            391        97.2934        95.1667        41.2249
            392            392        97.4418        95.3333        41.2224
            393            393         97.594           95.5        41.2267
            394            394        97.7436        95.6667        41.2304
            395            395        97.9102        95.8333         41.234
            396            396        98.0612             96        41.2362
            397            397        98.2095        96.1667         41.237
            398            398        98.3566        96.3333        41.2383
            399            399        98.5102           96.5        41.2397
            400            400        98.6598        96.6667        41.2417
            401            401        98.8147        96.8333        41.2476
            402            402        98.9734             97        41.2503
            403            403        99.1348        97.1667        41.2514
            404            404        99.2792        97.3333        41.2534
            405            405         99.425           97.5        41.2541
            406            406        99.5824        97.6667        41.2563
            407            407        99.7334        97.8333        41.2601
            408            408        99.8895             98        41.2656
            409            409        100.035        98.1667        41.2709
            410            410        100.197        98.3333        41.2743
            411            411        100.338           98.5        41.2756
            412            412        100.497        98.6667        41.2769
            413            413        100.656        98.8333        41.2824
            414            414        100.807             99        41.2858
            415            415        100.963        99.1667        41.2883
            416            416        101.119        99.3333         41.291
            417            417        101.277           99.5        41.2905
            418            418         101.42        99.6667        41.2922
            419            419        101.573        99.8333        41.2951
            420            420         101.72            100        41.2988
            421            421        101.877        100.167        41.2998
            422            422        102.033        100.333        41.3019
            423            423        102.184          100.5        41.3034
            424            424        102.337        100.667        41.3063
            425            425        102.487        100.833        41.3106
            426            426        102.638            101        41.3144
            427            427        102.802        101.167        41.3189
            428            428        102.954        101.333         41.324
            429            429        103.106          101.5        41.3347
            430            430        103.269        101.667        41.3416
            431            431        103.406        101.833        41.3479
            432            432        103.564            102        41.3536
            433            433        103.725        102.167        41.3581
            434            434        103.869        102.333          41.36
            435            435         104.03          102.5        41.3631
            436            436        104.181        102.667        41.3687
            437            437        104.341        102.833        41.3773
            438            438        104.505            103        41.3833
            439            439        104.642        103.167        41.3885
            440            440         104.81        103.333        41.3946
            441            441        104.949          103.5         41.396
            442            442        105.101        103.667        41.3991
            443            443        105.246        103.833        41.4024
            444            444        105.412            104        41.4052
            445            445        105.575        104.167        41.4155
            446            446        105.723        104.333        41.4207
            447            447        105.873          104.5        41.4239
            448            448        106.027        104.667         41.425
            449            449        106.193        104.833        41.4209
            450            450         106.34            105        41.4193
            451            451        106.492        105.167        41.4183
            452            452        106.641        105.333        41.4168
            453            453        106.798          105.5        41.4146
            454            454        106.956        105.667        41.4153
            455            455        107.109        105.833        41.4171
            456            456        107.264            106        41.4194
            457            457        107.403        106.167        41.4167
            458            458        107.562        106.333        41.4165
            459            459        107.718          106.5        41.4188
            460            460        107.868        106.667         41.422
            461            461        108.028        106.833        41.4289
            462            462        108.189            107        41.4322
            463            463         108.34        107.167        41.4362
            464            464        108.498        107.333        41.4408
            465            465        108.651          107.5        41.4433
            466            466        108.796        107.667        41.4474
            467            467        108.956        107.833        41.4521
            468            468        109.113            108        41.4562
            469            469        109.263        108.167        41.4591
            470            470        109.414        108.333        41.4643
            471            471        109.577          108.5        41.4714
            472            472        109.731        108.667        41.4793
            473            473        109.886        108.833        41.4873
            474            474        110.035            109        41.4947
            475            475        110.195        109.167        41.5017
            476            476        110.351        109.333        41.5079
            477            477        110.499          109.5        41.5144
            478            478        110.658        109.667        41.5183
            479            479        110.818        109.833        41.5213
            480            480        110.977            110        41.5252
            481            481        111.127        110.167        41.5313
            482            482         111.28        110.333        41.5363
            483            483        111.436          110.5        41.5411
            484            484        111.585        110.667        41.5458
            485            485        111.747        110.833        41.5447
            486            486        111.896            111        41.5488
            487            487        112.048        111.167        41.5549
            488            488        112.209        111.333        41.5605
            489            489        112.367          111.5        41.5683
            490            490        112.515        111.667         41.573
            491            491        112.678        111.833         41.577
            492            492        112.829            112        41.5804
            493            493        112.989        112.167        41.5829
            494            494        113.141        112.333         41.589
            495            495        113.306          112.5         41.593
            496            496        113.455        112.667        41.5949
            497            497        113.612        112.833        41.5975
            498            498        113.764            113        41.5949
            499            499        113.922        113.167        41.5972
            500            500        114.078        113.333        41.6008
            501            501         114.23          113.5        41.6028
            502            502        114.385        113.667        41.6037
            503            503         114.55        113.833        41.6068
            504            504        114.696            114        41.6095
            505            505        114.852        114.167        41.6123
            506            506        115.005        114.333        41.6191
            507            507        115.157          114.5        41.6256
            508            508        115.329        114.667        41.6329
            509            509        115.478        114.833        41.6395
            510            510        115.628            115        41.6481
            511            511        115.788        115.167        41.6541
            512            512        115.947        115.333        41.6607
            513            513        116.095          115.5        41.6675
            514            514         116.26        115.667        41.6785
            515            515        116.417        115.833        41.6842
            516            516         116.57            116        41.6868
            517            517        116.733        116.167        41.6877
            518            518        116.886        116.333        41.6869
            519            519         117.04          116.5        41.6904
            520            520        117.186        116.667        41.6944
            521            521        117.357        116.833        41.6977
            522            522        117.505            117        41.6958
            523            523        117.665        117.167        41.6984
            524            524        117.818        117.333        41.7038
            525            525        117.965          117.5        41.7107
            526            526        118.116        117.667         41.717
            527            527        118.284        117.833        41.7257
            528            528        118.443            118        41.7329
            529            529          118.6        118.167        41.7376
            530            530         118.75        118.333        41.7398
            531            531        118.913          118.5        41.7489
            532            532        119.064        118.667        41.7567
            533            533        119.229        118.833         41.763
            534            534        119.385            119        41.7689
            535            535        119.536        119.167        41.7753
            536            536        119.693        119.333        41.7824
            537            537        119.852          119.5        41.7895
            538            538        119.993        119.667        41.7965
            539            539        120.154        119.833        41.8013
            540            540        120.321            120        41.8069
            541            541        120.474        120.167        41.8129
            542            542        120.623        120.333        41.8198
            543            543        120.788          120.5        41.8304
            544            544        120.942        120.667        41.8382
            545            545        121.104        120.833        41.8486
            546            546        121.258            121        41.8594
            547            547        121.423        121.167        41.8655
            548            548        121.575        121.333        41.8717
            549            549        121.729          121.5        41.8754
            550            550        121.892        121.667        41.8783
            551            551        122.048        121.833        41.8806
            552            552        122.199            122         41.883
            553            553        122.359        122.167        41.8867
            554            554        122.537        122.333        41.8915
            555            555        122.672          122.5        41.8875
            556            556        122.836        122.667        41.8861
            557            557        122.982        122.833        41.8862
            558            558         123.14            123        41.8863
            559            559        123.294        123.167        41.8862
            560            560        123.447        123.333        41.8802
            561            561        123.611          123.5         41.877
            562            562         123.78        123.667        41.8755
            563            563        123.922        123.833        41.8743
            564            564        124.074            124        41.8737
            565            565        124.234        124.167        41.8737
            566            566        124.398        124.333        41.8727
            567            567        124.546          124.5        41.8714
            568            568        124.712        124.667        41.8719
            569            569        124.863        124.833        41.8716
            570            570        125.023            125        41.8725
            571            571        125.179        125.167        41.8737
            572            572        125.335        125.333        41.8796
            573            573        125.496          125.5        41.8834
            574            574        125.645        125.667        41.8854
            575            575        125.798        125.833        41.8871
            576            576        125.961            126        41.8884
            577            577        126.113        126.167        41.8903
            578            578        126.275        126.333        41.8927
            579            579        126.435          126.5        41.8941
            580            580        126.591        126.667         41.898
            581            581        126.752        126.833        41.8991
            582            582        126.906            127        41.8996
            583            583        127.061        127.167        41.9007
            584            584        127.217        127.333        41.8977
            585            585        127.374          127.5        41.8973
            586            586        127.533        127.667        41.8966
            587            587        127.692        127.833        41.8948
            588            588        127.837            128        41.8929
            589            589        128.001        128.167         41.893
            590            590        128.155        128.333        41.8927
            591            591         128.32          128.5        41.8934
            592            592        128.474        128.667        41.8942
            593            593        128.635        128.833        41.8941
            594            594        128.788            129        41.8951
            595            595        128.941        129.167        41.8976
            596            596        129.096        129.333        41.9004
            597            597        129.264          129.5        41.9056
            598            598        129.416        129.667        41.9104
            599            599        129.575        129.833         41.915
            600            600        129.734            130        41.9194
            601            601        129.887        130.167        41.9251
            602            602        130.047        130.333        41.9298
            603            603        130.209          130.5        41.9352
            604            604        130.366        130.667        41.9406
            605            605        130.528        130.833        41.9467
            606            606         130.68            131        41.9518
            607            607        130.842        131.167        41.9569
            608            608        130.999        131.333        41.9607
            609            609        131.157          131.5        41.9644
            610            610        131.312        131.667        41.9703
            611            611        131.468        131.833        41.9759
            612            612        131.631            132          41.98
            613            613        131.789        132.167        41.9848
            614            614        131.941        132.333        41.9915
            615            615        132.105          132.5        42.0001
            616            616         132.26        132.667        42.0098
            617            617        132.413        132.833        42.0182
            618            618        132.582            133        42.0237
            619            619         132.74        133.167        42.0292
            620            620        132.896        133.333        42.0365
            621            621        133.046          133.5        42.0449
            622            622        133.214        133.667        42.0529
            623            623        133.372        133.833        42.0637
            624            624        133.535            134        42.0765
            625            625        133.695        134.167        42.0883
            626            626        133.843        134.333        42.0931
            627            627        133.997          134.5        42.0996
            628            628        134.161        134.667        42.1059
            629            629        134.325        134.833        42.1119
            630            630         134.48            135        42.1224
            631            631        134.645        135.167        42.1294
            632            632        134.809        135.333        42.1358
            633            633        134.968          135.5        42.1438
            634            634        135.116        135.667        42.1432
            635            635        135.273        135.833        42.1465
            636            636        135.433            136        42.1513
            637            637        135.591        136.167        42.1561
            638            638        135.745        136.333        42.1614
            639            639        135.909          136.5        42.1677
            640            640        136.059        136.667        42.1731
            641            641        136.224        136.833         42.179
            642            642        136.387            137        42.1866
            643            643        136.534        137.167        42.1933
            644            644          136.7        137.333        42.2012
            645            645        136.858          137.5        42.2082
            646            646        137.013        137.667        42.2177
            647            647        137.183        137.833        42.2274
            648            648        137.334            138        42.2366
            649            649        137.494        138.167        42.2454
            650            650        137.658        138.333        42.2565
            651            651        137.806          138.5        42.2651
            652            652        137.974        138.667        42.2741
            653            653        138.134        138.833        42.2838
            654            654        138.283            139        42.2941
            655            655        138.456        139.167        42.3017
            656            656        138.608        139.333        42.3076
            657            657        138.767          139.5         42.315
            658            658        138.931        139.667        42.3232
            659            659        139.082        139.833        42.3307
            660            660        139.243            140        42.3386
            661            661        139.402        140.167        42.3459
            662            662        139.566        140.333        42.3525
            663            663        139.725          140.5        42.3566
            664            664        139.877        140.667         42.361
            665            665        140.033        140.833        42.3671
            666            666        140.205            141         42.373
            667            667        140.362        141.167        42.3825
            668            668         140.52        141.333        42.3889
            669            669        140.681          141.5        42.3932
            670            670        140.837        141.667        42.3976
            671            671        141.001        141.833        42.4001
            672            672        141.152            142        42.4059
            673            673        141.318        142.167        42.4124
            674            674        141.473        142.333        42.4198
            675            675        141.637          142.5          42.43
            676            676        141.794        142.667        42.4384
            677            677        141.948        142.833        42.4461
            678            678         142.11            143        42.4542
            679            679        142.269        143.167        42.4623
            680            680        142.432        143.333        42.4712
            681            681        142.597          143.5        42.4813
            682            682        142.749        143.667        42.4922
            683            683        142.915        143.833        42.5043
            684            684        143.069            144        42.5135
            685            685         143.23        144.167        42.5222
            686            686        143.391        144.333        42.5324
            687            687        143.547          144.5        42.5391
            688            688        143.703        144.667        42.5466
            689            689        143.872        144.833        42.5533
            690            690        144.034            145        42.5592
            691            691         144.19        145.167        42.5654
            692            692        144.347        145.333        42.5695
            693            693        144.505          145.5        42.5726
            694            694         144.67        145.667        42.5756
            695            695        144.826        145.833          42.58
            696            696        144.986            146        42.5795
            697            697        145.145        146.167        42.5827
            698            698          145.3        146.333        42.5869
            699            699        145.463          146.5        42.5906
            700            700        145.625        146.667         42.594
            701            701        145.786        146.833         42.597
            702            702        145.935            147         42.599
            703            703          146.1        147.167        42.6004
            704            704        146.259        147.333        42.6032
            705            705        146.421          147.5        42.6056
            706            706        146.586        147.667        42.6063
            707            707        146.742        147.833         42.607
            708            708        146.905            148        42.6076
            709            709        147.061        148.167        42.6116
            710            710        147.225        148.333         42.615
            711            711        147.375          148.5        42.6166
            712            712        147.533        148.667        42.6186
            713            713          147.7        148.833        42.6212
            714            714        147.858            149        42.6231
            715            715        148.014        149.167        42.6244
            716            716         148.18        149.333         42.631
            717            717        148.339          149.5        42.6352
            718            718        148.502        149.667         42.638
            719            719        148.655        149.833        42.6399
            720            720        148.824            150        42.6412
            721            721        148.981        150.167        42.6446
            722            722        149.134        150.333         42.649
            723            723          149.3          150.5        42.6558
            724            724        149.454        150.667        42.6636
            725            725        149.621        150.833         42.676
            726            726        149.776            151         42.685
            727            727        149.935        151.167        42.6936
            728            728        150.096        151.333        42.7037
            729            729        150.256          151.5        42.7187
            730            730        150.412        151.667        42.7303
            731            731        150.579        151.833        42.7405
            732            732         150.74            152        42.7509
            733            733        150.908        152.167        42.7647
            734            734        151.068        152.333        42.7733
            735            735        151.224          152.5        42.7802
            736            736        151.384        152.667        42.7872
            737            737        151.548        152.833        42.7888
            738            738        151.706            153        42.7965
            739            739        151.865        153.167        42.8031
            740            740        152.025        153.333        42.8086
            741            741        152.184          153.5        42.8062
            742            742        152.341        153.667        42.8086
            743            743        152.502        153.833        42.8113
            744            744        152.662            154        42.8123
            745            745        152.817        154.167         42.812
            746            746        152.977        154.333        42.8134
            747            747        153.152          154.5        42.8165
            748            748        153.298        154.667        42.8191
            749            749        153.462        154.833        42.8168
            750            750         153.62            155        42.8174
            751            751         153.78        155.167         42.819
            752            752        153.939        155.333        42.8201
            753            753        154.094          155.5        42.8242
            754            754        154.255        155.667        42.8306
            755            755        154.426        155.833        42.8391
            756            756        154.589            156        42.8473
            757            757        154.741        156.167        42.8549
            758            758        154.904        156.333        42.8694
            759            759        155.069          156.5        42.8792
            760            760        155.229        156.667        42.8875
            761            761        155.388        156.833         42.894
            762            762        155.553            157        42.9077
            763            763        155.713        157.167        42.9173
            764            764        155.881        157.333        42.9263
            765            765        156.038          157.5        42.9354
            766            766        156.195        157.667        42.9386
            767            767        156.363        157.833        42.9447
            768            768        156.517            158        42.9514
            769            769        156.672        158.167        42.9596
            770            770        156.826        158.333        42.9655
            771            771        156.991          158.5        42.9739
            772            772        157.158        158.667        42.9813
            773            773         157.32        158.833        42.9875
            774            774         157.48            159        42.9975
            775            775        157.639        159.167         43.003
            776            776        157.805        159.333        43.0073
            777            777        157.959          159.5        43.0127
            778            778        158.134        159.667        43.0192
            779            779        158.293        159.833        43.0256
            780            780        158.445            160        43.0306
            781            781        158.608        160.167        43.0346
            782            782        158.769        160.333        43.0312
            783            783        158.925          160.5        43.0335
            784            784        159.084        160.667        43.0357
            785            785        159.247        160.833        43.0371
            786            786        159.407            161        43.0449
            787            787        159.572        161.167        43.0486
            788            788        159.735        161.333        43.0518
            789            789        159.896          161.5        43.0575
            790            790        160.052        161.667        43.0629
            791            791        160.219        161.833        43.0655
            792            792        160.374            162         43.068
            793            793         160.53        162.167        43.0711
            794            794        160.699        162.333        43.0746
            795            795        160.863          162.5        43.0821
            796            796         161.01        162.667        43.0876
            797            797        161.182        162.833        43.0925
            798            798        161.347            163        43.0988
            799            799        161.501        163.167        43.1035
            800            800        161.658        163.333        43.1067
            801            801         161.82          163.5         43.109
            802            802         161.98        163.667        43.1114
            803            803        162.148        163.833        43.1196
            804            804        162.306            164        43.1282
            805            805        162.468        164.167        43.1349
            806            806        162.632        164.333        43.1393
            807            807        162.797          164.5        43.1461
            808            808        162.953        164.667        43.1507
            809            809        163.108        164.833        43.1541
            810            810        163.268            165        43.1576
            811            811        163.432        165.167        43.1668
            812            812        163.601        165.333        43.1747
            813            813        163.763          165.5        43.1818
            814            814        163.916        165.667        43.1877
            815            815        164.079        165.833        43.1927
            816            816        164.239            166        43.1985
            817            817        164.399        166.167        43.2048
            818            818        164.559        166.333        43.2113
            819            819        164.719          166.5        43.2191
            820            820        164.894        166.667        43.2221
            821            821        165.047        166.833        43.2247
            822            822         165.21            167        43.2268
            823            823        165.371        167.167        43.2302
            824            824        165.538        167.333         43.229
            825            825        165.689          167.5        43.2299
            826            826        165.857        167.667        43.2317
            827            827         166.02        167.833         43.236
            828            828        166.168            168        43.2357
            829            829        166.333        168.167        43.2404
            830            830          166.5        168.333        43.2465
            831            831        166.655          168.5        43.2531
            832            832        166.823        168.667        43.2608
            833            833        166.983        168.833        43.2637
            834            834        167.142            169        43.2645
            835            835        167.303        169.167        43.2649
            836            836        167.476        169.333        43.2712
            837            837        167.634          169.5        43.2745
            838            838        167.796        169.667        43.2768
            839            839        167.959        169.833          43.28
            840            840        168.115            170        43.2779
            841            841        168.274        170.167        43.2815
            842            842        168.437        170.333        43.2847
            843            843        168.594          170.5        43.2868
            844            844        168.755        170.667        43.2934
            845            845        168.926        170.833         43.298
            846            846        169.085            171        43.3028
            847            847         169.25        171.167        43.3068
            848            848        169.417        171.333        43.3176
            849            849        169.575          171.5        43.3234
            850            850        169.742        171.667        43.3282
            851            851        169.897        171.833        43.3329
            852            852        170.063            172        43.3307
            853            853        170.224        172.167        43.3335
            854            854        170.381        172.333        43.3364
            855            855        170.549          172.5        43.3388
            856            856        170.705        172.667        43.3401
            857            857        170.869        172.833        43.3414
            858            858        171.027            173         43.345
            859            859        171.197        173.167        43.3479
            860            860        171.347        173.333        43.3508
            861            861        171.515          173.5        43.3548
            862            862        171.679        173.667        43.3606
            863            863        171.839        173.833        43.3644
            864            864        171.999            174        43.3677
            865            865         172.16        174.167        43.3763
            866            866        172.336        174.333        43.3829
            867            867        172.495          174.5        43.3889
            868            868         172.65        174.667        43.3949
            869            869        172.819        174.833         43.402
            870            870        172.985            175        43.4082
            871            871        173.143        175.167        43.4139
            872            872        173.302        175.333        43.4196
            873            873        173.471          175.5        43.4209
            874            874        173.636        175.667        43.4245
            875            875        173.795        175.833        43.4292
            876            876        173.958            176        43.4331
            877            877        174.115        176.167        43.4381
            878            878        174.283        176.333        43.4449
            879            879        174.446          176.5        43.4505
            880            880         174.61        176.667        43.4559
            881            881        174.766        176.833        43.4609
            882            882        174.927            177        43.4669
            883            883        175.095        177.167        43.4721
            884            884        175.255        177.333        43.4771
            885            885        175.417          177.5        43.4818
            886            886        175.585        177.667        43.4849
            887            887        175.746        177.833        43.4886
            888            888        175.906            178        43.4922
            889            889        176.071        178.167        43.4956
            890            890        176.235        178.333        43.4967
            891            891        176.401          178.5         43.501
            892            892        176.558        178.667        43.5064
            893            893        176.722        178.833         43.513
            894            894        176.877            179         43.512
            895            895        177.044        179.167        43.5143
            896            896        177.205        179.333        43.5198
            897            897        177.373          179.5        43.5261
            898            898        177.533        179.667        43.5361
            899            899          177.7        179.833        43.5411
            900            900        177.865            180        43.5443
            901            901        178.026        180.167        43.5482
            902            902        178.193        180.333        43.5484
            903            903        178.343          180.5         43.551
            904            904        178.517        180.667        43.5567
            905            905        178.685        180.833        43.5629
            906            906        178.838            181        43.5676
            907            907        179.006        181.167         43.573
            908            908        179.157        181.333        43.5783
            909            909        179.327          181.5        43.5834
            910            910        179.487        181.667        43.5845
            911            911        179.644        181.833         43.587
            912            912        179.817            182        43.5917
            913            913        179.986        182.167        43.5979
            914            914        180.145        182.333        43.6113
            915            915        180.309          182.5         43.621
            916            916        180.472        182.667        43.6298
            917            917        180.636        182.833        43.6405
            918            918        180.796            183         43.648
            919            919        180.953        183.167        43.6568
            920            920        181.115        183.333        43.6651
            921            921        181.284          183.5        43.6719
            922            922        181.452        183.667        43.6781
            923            923         181.62        183.833        43.6912
            924            924        181.779            184        43.6998
            925            925        181.943        184.167         43.706
            926            926        182.113        184.333        43.7102
            927            927        182.264          184.5        43.7053
            928            928        182.432        184.667        43.7041
            929            929        182.589        184.833        43.7032
            930            930        182.746            185         43.702
            931            931        182.912        185.167        43.6934
            932            932        183.079        185.333        43.6909
            933            933        183.248          185.5        43.6902
            934            934        183.407        185.667        43.6895
            935            935        183.563        185.833        43.6857
            936            936        183.726            186        43.6868
            937            937        183.892        186.167         43.689
            938            938        184.051        186.333        43.6914
            939            939        184.214          186.5        43.6968
            940            940        184.379        186.667        43.6998
            941            941        184.546        186.833        43.7029
            942            942        184.714            187        43.7071
            943            943        184.871        187.167        43.7189
            944            944        185.044        187.333        43.7258
            945            945        185.209          187.5        43.7326
            946            946        185.367        187.667        43.7391
            947            947        185.536        187.833        43.7465
            948            948        185.697            188         43.753
            949            949        185.855        188.167        43.7579
            950            950        186.027        188.333        43.7633
            951            951        186.189          188.5        43.7701
            952            952        186.355        188.667        43.7752
            953            953        186.519        188.833        43.7796
            954            954        186.681            189        43.7824
            955            955        186.848        189.167        43.7855
            956            956        187.012        189.333        43.7807
            957            957        187.171          189.5        43.7795
            958            958        187.336        189.667        43.7817
            959            959        187.501        189.833        43.7845
            960            960        187.659            190         43.781
            961            961        187.828        190.167        43.7785
            962            962         187.99        190.333        43.7778
            963            963        188.154          190.5        43.7782
            964            964        188.314        190.667        43.7773
            965            965        188.471        190.833        43.7785
            966            966        188.642            191        43.7824
            967            967        188.811        191.167         43.788
            968            968        188.974        191.333        43.7989
            969            969        189.127          191.5        43.8055
            970            970         189.29        191.667        43.8104
            971            971        189.456        191.833         43.816
            972            972        189.626            192        43.8283
            973            973        189.786        192.167        43.8378
            974            974        189.951        192.333        43.8476
            975            975        190.114          192.5        43.8575
            976            976        190.284        192.667        43.8722
            977            977        190.443        192.833        43.8848
            978            978        190.606            193        43.8951
            979            979         190.77        193.167        43.9056
            980            980        190.934        193.333        43.9151
            981            981        191.102          193.5        43.9233
            982            982        191.264        193.667        43.9301
            983            983        191.434        193.833         43.936
            984            984        191.591            194        43.9446
            985            985         191.76        194.167        43.9521
            986            986        191.927        194.333        43.9579
            987            987        192.086          194.5        43.9628
            988            988        192.256        194.667         43.968
            989            989        192.414        194.833        43.9677
            990            990        192.583            195        43.9703
            991            991        192.737        195.167        43.9714
            992            992        192.914        195.333        43.9716
            993            993        193.071          195.5        43.9759
            994            994         193.24        195.667        43.9801
            995            995        193.399        195.833         43.982
            996            996        193.568            196        43.9805
            997            997         193.73        196.167        43.9754
            998            998        193.899        196.333        43.9709
            999            999        194.055          196.5        43.9684
           1000           1000        194.218        196.667         43.966
           1001           1001        194.388        196.833        43.9595
           1002           1002        194.556            197        43.9561
           1003           1003        194.721        197.167        43.9533
           1004           1004        194.875        197.333        43.9512
           1005           1005        195.039          197.5        43.9425
           1006           1006        195.203        197.667        43.9391
           1007           1007        195.366        197.833        43.9365
           1008           1008        195.534            198        43.9337
           1009           1009        195.692        198.167         43.933
           1010           1010         195.86        198.333        43.9295
           1011           1011        196.027          198.5        43.9245
           1012           1012        196.192        198.667        43.9177
           1013           1013        196.359        198.833        43.9147
           1014           1014        196.515            199        43.9138
           1015           1015        196.688        199.167         43.911
           1016           1016        196.847        199.333        43.9086
           1017           1017        197.007          199.5        43.8983
           1018           1018        197.174        199.667        43.8918
           1019           1019        197.339        199.833        43.8883
           1020           1020        197.498            200        43.8882
           1021           1021         197.66        200.167        43.8897
           1022           1022        197.832        200.333        43.8962
           1023           1023        197.996          200.5        43.8996
           1024           1024        198.159        200.667        43.9011
           1025           1025        198.322        200.833        43.9031
           1026           1026        198.477            201        43.9023
           1027           1027        198.644        201.167        43.9007
           1028           1028        198.818        201.333        43.8989
           1029           1029        198.987          201.5        43.8979
           1030           1030        199.149        201.667         43.905
           1031           1031        199.317        201.833        43.9066
           1032           1032        199.476            202        43.9065
           1033           1033         199.64        202.167        43.9067
           1034           1034          199.8        202.333        43.8986
           1035           1035        199.963          202.5        43.8954
           1036           1036        200.126        202.667        43.8934
           1037           1037        200.292        202.833          43.89
           1038           1038        200.458            203        43.8886
           1039           1039        200.619        203.167        43.8873
           1040           1040        200.787        203.333        43.8842
           1041           1041        200.951          203.5         43.879
           1042           1042        201.116        203.667        43.8745
           1043           1043        201.278        203.833        43.8726
           1044           1044        201.442            204        43.8709
           1045           1045        201.604        204.167        43.8689
           1046           1046         201.77        204.333        43.8626
           1047           1047        201.936          204.5        43.8579
           1048           1048        202.101        204.667        43.8546
           1049           1049        202.263        204.833        43.8524
           1050           1050        202.424            205         43.852
           1051           1051        202.596        205.167          43.85
           1052           1052         202.76        205.333        43.8495
           1053           1053         202.92          205.5        43.8514
           1054           1054        203.088        205.667        43.8533
           1055           1055        203.249        205.833        43.8547
           1056           1056        203.413            206        43.8534
           1057           1057        203.583        206.167        43.8533
           1058           1058        203.747        206.333        43.8553
           1059           1059        203.911          206.5        43.8587
           1060           1060        204.072        206.667        43.8589
           1061           1061        204.247        206.833        43.8595
           1062           1062         204.41            207         43.861
           1063           1063        204.576        207.167        43.8599
           1064           1064        204.733        207.333        43.8613
           1065           1065        204.892          207.5        43.8635
           1066           1066         205.07        207.667        43.8627
           1067           1067         205.23        207.833        43.8624
           1068           1068        205.388            208        43.8629
           1069           1069        205.557        208.167        43.8639
           1070           1070        205.724        208.333        43.8643
           1071           1071        205.889          208.5        43.8625
           1072           1072        206.053        208.667        43.8582
           1073           1073        206.225        208.833        43.8541
           1074           1074        206.385            209        43.8504
           1075           1075        206.542        209.167        43.8399
           1076           1076        206.713        209.333        43.8329
           1077           1077        206.878          209.5        43.8282
           1078           1078        207.046        209.667        43.8257
           1079           1079        207.204        209.833        43.8198
           1080           1080        207.372            210        43.8149
           1081           1081        207.529        210.167        43.8106
           1082           1082        207.698        210.333        43.8083
           1083           1083        207.865          210.5         43.804
           1084           1084        208.025        210.667        43.7988
           1085           1085        208.189        210.833         43.795
           1086           1086        208.359            211        43.7929
           1087           1087        208.525        211.167        43.7921
           1088           1088         208.69        211.333        43.7901
           1089           1089        208.849          211.5        43.7844
           1090           1090        209.022        211.667        43.7788
           1091           1091        209.187        211.833        43.7739
           1092           1092        209.342            212        43.7732
           1093           1093        209.513        212.167        43.7727
           1094           1094        209.679        212.333        43.7708
           1095           1095        209.843          212.5        43.7691
           1096           1096        210.009        212.667        43.7676
           1097           1097        210.163        212.833        43.7646
           1098           1098        210.327            213        43.7623
           1099           1099        210.495        213.167        43.7608
           1100           1100         210.67        213.333        43.7631
           1101           1101        210.836          213.5        43.7639
           1102           1102        210.994        213.667        43.7661
           1103           1103        211.162        213.833        43.7707
           1104           1104        211.323            214        43.7729
           1105           1105        211.491        214.167        43.7776
           1106           1106        211.651        214.333        43.7826
           1107           1107        211.822          214.5        43.7885
           1108           1108        211.981        214.667        43.7976
           1109           1109         212.15        214.833        43.8036
           1110           1110        212.312            215         43.811
           1111           1111        212.488        215.167        43.8192
           1112           1112        212.652        215.333        43.8325
           1113           1113         212.82          215.5        43.8411
           1114           1114        212.983        215.667        43.8473
           1115           1115        213.148        215.833        43.8521
           1116           1116        213.312            216        43.8552
           1117           1117        213.468        216.167        43.8613
           1118           1118        213.645        216.333        43.8688
           1119           1119        213.812          216.5        43.8737
           1120           1120        213.977        216.667        43.8772
           1121           1121        214.144        216.833        43.8824
           1122           1122        214.312            217        43.8874
           1123           1123        214.464        217.167        43.8922
           1124           1124        214.638        217.333        43.8961
           1125           1125        214.805          217.5        43.9038
           1126           1126        214.972        217.667        43.9123
           1127           1127        215.137        217.833        43.9211
           1128           1128        215.294            218        43.9293
           1129           1129        215.469        218.167        43.9335
           1130           1130         215.63        218.333        43.9371
           1131           1131        215.797          218.5        43.9387
           1132           1132        215.963        218.667        43.9391
           1133           1133        216.129        218.833        43.9434
           1134           1134        216.302            219        43.9466
           1135           1135        216.469        219.167        43.9483
           1136           1136         216.63        219.333          43.95
           1137           1137        216.794          219.5        43.9448
           1138           1138        216.958        219.667        43.9429
           1139           1139        217.122        219.833        43.9401
           1140           1140        217.283            220        43.9363
           1141           1141        217.441        220.167        43.9289
           1142           1142        217.617        220.333        43.9248
           1143           1143        217.784          220.5        43.9213
           1144           1144        217.947        220.667        43.9195
           1145           1145        218.114        220.833        43.9169
           1146           1146        218.278            221        43.9118
           1147           1147        218.444        221.167         43.905
           1148           1148        218.603        221.333        43.8995
           1149           1149        218.771          221.5        43.8926
           1150           1150        218.938        221.667        43.8892
           1151           1151        219.103        221.833        43.8883
           1152           1152        219.271            222        43.8888
           1153           1153        219.441        222.167        43.8877
           1154           1154          219.6        222.333        43.8863
           1155           1155        219.759          222.5        43.8854
           1156           1156        219.923        222.667        43.8839
           1157           1157        220.096        222.833        43.8824
           1158           1158        220.267            223         43.884
           1159           1159        220.429        223.167        43.8802
           1160           1160        220.601        223.333        43.8755
           1161           1161        220.766          223.5        43.8708
           1162           1162        220.921        223.667        43.8592
           1163           1163        221.094        223.833          43.85
           1164           1164        221.262            224         43.839
           1165           1165         221.42        224.167        43.8279
           1166           1166        221.592        224.333        43.8115
           1167           1167        221.747          224.5        43.8008
           1168           1168        221.916        224.667        43.7939
           1169           1169        222.089        224.833        43.7883
           1170           1170        222.244            225        43.7807
           1171           1171        222.418        225.167        43.7733
           1172           1172        222.577        225.333        43.7636
           1173           1173        222.741          225.5        43.7528
           1174           1174        222.909        225.667        43.7495
           1175           1175        223.074        225.833        43.7447
           1176           1176        223.245            226        43.7401
           1177           1177        223.411        226.167        43.7349
           1178           1178        223.578        226.333        43.7335
           1179           1179        223.747          226.5        43.7274
           1180           1180        223.901        226.667        43.7233
           1181           1181        224.065        226.833        43.7213
           1182           1182        224.233            227         43.717
           1183           1183        224.399        227.167        43.7145
           1184           1184        224.576        227.333        43.7114
           1185           1185        224.733          227.5        43.7086
           1186           1186        224.899        227.667        43.7064
           1187           1187        225.059        227.833        43.7078
           1188           1188        225.231            228        43.7055
           1189           1189        225.398        228.167        43.7015
           1190           1190        225.575        228.333        43.6975
           1191           1191         225.73          228.5        43.6978
           1192           1192        225.897        228.667        43.6954
           1193           1193        226.061        228.833        43.6921
           1194           1194        226.227            229        43.6901
           1195           1195        226.397        229.167        43.6831
           1196           1196        226.557        229.333         43.679
           1197           1197        226.723          229.5        43.6745
           1198           1198        226.895        229.667        43.6701
           1199           1199        227.057        229.833        43.6659
           1200           1200        227.225            230        43.6642
           1201           1201        227.389        230.167        43.6618
           1202           1202        227.556        230.333        43.6567
           1203           1203        227.721          230.5        43.6532
           1204           1204        227.892        230.667        43.6497
           1205           1205        228.048        230.833        43.6456
           1206           1206        228.224            231        43.6404
           1207           1207        228.384        231.167        43.6337
           1208           1208        228.554        231.333        43.6257
           1209           1209        228.725          231.5        43.6163
           1210           1210        228.885        231.667        43.6069
           1211           1211        229.046        231.833        43.5931
           1212           1212        229.219            232        43.5843
           1213           1213        229.392        232.167        43.5789
           1214           1214        229.553        232.333        43.5747
           1215           1215        229.718          232.5         43.566
           1216           1216        229.883        232.667        43.5576
           1217           1217        230.045        232.833        43.5514
           1218           1218        230.209            233        43.5466
           1219           1219        230.382        233.167        43.5424
           1220           1220        230.543        233.333        43.5476
           1221           1221        230.714          233.5        43.5477
           1222           1222        230.887        233.667        43.5468
           1223           1223        231.046        233.833        43.5475
           1224           1224        231.208            234        43.5521
           1225           1225        231.376        234.167        43.5544
           1226           1226        231.543        234.333        43.5542
           1227           1227        231.709          234.5        43.5539
           1228           1228        231.876        234.667        43.5629
           1229           1229        232.051        234.833        43.5656
           1230           1230        232.207            235        43.5655
           1231           1231        232.377        235.167        43.5651
           1232           1232        232.545        235.333         43.563
           1233           1233        232.714          235.5        43.5628
           1234           1234        232.877        235.667        43.5623
           1235           1235        233.036        235.833        43.5606
           1236           1236        233.213            236        43.5567
           1237           1237        233.374        236.167        43.5571
           1238           1238        233.541        236.333        43.5573
           1239           1239        233.701          236.5        43.5553
           1240           1240         233.87        236.667        43.5533
           1241           1241        234.032        236.833        43.5496
           1242           1242        234.205            237        43.5468
           1243           1243        234.369        237.167        43.5456
           1244           1244        234.534        237.333        43.5448
           1245           1245        234.703          237.5        43.5436
           1246           1246        234.875        237.667        43.5438
           1247           1247         235.03        237.833        43.5434
           1248           1248        235.203            238        43.5389
           1249           1249        235.366        238.167        43.5353
           1250           1250        235.529        238.333        43.5313
           1251           1251          235.7          238.5        43.5285
           1252           1252        235.864        238.667        43.5303
           1253           1253         236.03        238.833         43.529
           1254           1254        236.203            239        43.5259
           1255           1255        236.366        239.167        43.5226
           1256           1256        236.531        239.333        43.5179
           1257           1257        236.698          239.5        43.5148
           1258           1258         236.86        239.667        43.5123
           1259           1259        237.028        239.833        43.5101
           1260           1260        237.196            240        43.5115
           1261           1261        237.359        240.167         43.513
           1262           1262        237.531        240.333        43.5142
           1263           1263        237.692          240.5        43.5169
           1264           1264        237.861        240.667        43.5197
           1265           1265        238.028        240.833        43.5216
           1266           1266        238.194            241        43.5243
           1267           1267        238.364        241.167        43.5286
           1268           1268        238.533        241.333        43.5382
           1269           1269        238.702          241.5        43.5415
           1270           1270        238.865        241.667        43.5438
           1271           1271        239.035        241.833        43.5444
           1272           1272        239.202            242        43.5505
           1273           1273        239.369        242.167        43.5578
           1274           1274        239.531        242.333         43.564
           1275           1275        239.702          242.5        43.5673
           1276           1276        239.874        242.667        43.5699
           1277           1277        240.031        242.833        43.5726
           1278           1278          240.2            243        43.5716
           1279           1279        240.364        243.167        43.5683
           1280           1280        240.534        243.333        43.5663
           1281           1281        240.709          243.5        43.5667
           1282           1282        240.878        243.667        43.5676
           1283           1283         241.04        243.833        43.5689
           1284           1284        241.201            244        43.5604
           1285           1285        241.378        244.167        43.5567
           1286           1286        241.537        244.333        43.5536
           1287           1287          241.7          244.5        43.5519
           1288           1288        241.864        244.667        43.5477
           1289           1289         242.04        244.833        43.5467
           1290           1290        242.204            245        43.5474
           1291           1291        242.373        245.167        43.5472
           1292           1292        242.537        245.333        43.5498
           1293           1293        242.702          245.5          43.55
           1294           1294        242.869        245.667        43.5497
           1295           1295        243.037        245.833        43.5491
           1296           1296        243.201            246        43.5465
           1297           1297        243.369        246.167         43.541
           1298           1298        243.544        246.333        43.5354
           1299           1299         243.71          246.5        43.5309
           1300           1300        243.872        246.667        43.5218
           1301           1301        244.039        246.833        43.5152
           1302           1302        244.208            247        43.5073
           1303           1303        244.372        247.167        43.4991
           1304           1304        244.543        247.333         43.487
           1305           1305        244.699          247.5        43.4807
           1306           1306        244.867        247.667        43.4743
           1307           1307        245.037        247.833        43.4679
           1308           1308        245.199            248        43.4614
           1309           1309        245.371        248.167         43.453
           1310           1310        245.536        248.333        43.4459
           1311           1311        245.705          248.5        43.4419
           1312           1312        245.871        248.667        43.4372
           1313           1313        246.049        248.833        43.4309
           1314           1314        246.206            249        43.4244
           1315           1315        246.376        249.167        43.4181
           1316           1316        246.541        249.333         43.413
           1317           1317        246.708          249.5        43.4074
           1318           1318        246.872        249.667        43.4019
           1319           1319        247.049        249.833        43.3967
           1320           1320         247.21            250        43.3979
           1321           1321        247.378        250.167        43.3961
           1322           1322        247.542        250.333         43.393
           1323           1323        247.706          250.5        43.3908
           1324           1324        247.876        250.667        43.3879
           1325           1325        248.047        250.833        43.3862
           1326           1326         248.21            251        43.3851
           1327           1327        248.382        251.167        43.3843
           1328           1328        248.544        251.333        43.3802
           1329           1329        248.716          251.5        43.3744
           1330           1330         248.88        251.667        43.3716
           1331           1331        249.048        251.833        43.3708
           1332           1332        249.217            252        43.3675
           1333           1333         249.38        252.167        43.3648
           1334           1334        249.556        252.333        43.3611
           1335           1335        249.715          252.5        43.3574
           1336           1336        249.882        252.667        43.3484
           1337           1337        250.036        252.833        43.3425
           1338           1338        250.209            253        43.3392
           1339           1339        250.387        253.167        43.3367
           1340           1340        250.551        253.333        43.3366
           1341           1341        250.717          253.5        43.3355
           1342           1342        250.877        253.667        43.3338
           1343           1343        251.047        253.833        43.3308
           1344           1344        251.209            254        43.3276
           1345           1345        251.375        254.167        43.3278
           1346           1346        251.549        254.333        43.3277
           1347           1347        251.714          254.5        43.3276
           1348           1348        251.877        254.667        43.3373
           1349           1349        252.046        254.833         43.339
           1350           1350        252.216            255        43.3373
           1351           1351         252.38        255.167        43.3348
           1352           1352        252.548        255.333        43.3321
           1353           1353         252.72          255.5         43.334
           1354           1354        252.884        255.667        43.3377
           1355           1355        253.051        255.833        43.3431
           1356           1356        253.224            256         43.349
           1357           1357        253.389        256.167        43.3516
           1358           1358        253.549        256.333        43.3541
           1359           1359        253.716          256.5        43.3562
           1360           1360        253.881        256.667        43.3583
           1361           1361        254.052        256.833        43.3615
           1362           1362        254.218            257        43.3618
           1363           1363        254.391        257.167        43.3625
           1364           1364        254.563        257.333        43.3629
           1365           1365        254.723          257.5        43.3616
           1366           1366        254.897        257.667         43.358
           1367           1367        255.059        257.833        43.3533
           1368           1368        255.225            258        43.3481
           1369           1369        255.393        258.167        43.3365
           1370           1370        255.559        258.333        43.3316
           1371           1371        255.723          258.5        43.3242
           1372           1372        255.895        258.667        43.3148
           1373           1373        256.056        258.833        43.3055
           1374           1374        256.224            259        43.2966
           1375           1375        256.392        259.167        43.2884
           1376           1376        256.561        259.333        43.2816
           1377           1377        256.724          259.5        43.2782
           1378           1378        256.897        259.667        43.2736
           1379           1379        257.065        259.833        43.2695
           1380           1380        257.223            260        43.2643
           1381           1381        257.398        260.167         43.261
           1382           1382        257.564        260.333        43.2591
           1383           1383         257.73          260.5        43.2545
           1384           1384        257.896        260.667          43.25
           1385           1385        258.071        260.833        43.2465
           1386           1386        258.229            261        43.2555
           1387           1387        258.403        261.167        43.2593
           1388           1388         258.57        261.333        43.2595
           1389           1389        258.734          261.5        43.2576
           1390           1390        258.915        261.667        43.2574
           1391           1391        259.074        261.833         43.256
           1392           1392        259.232            262        43.2527
           1393           1393        259.404        262.167        43.2489
           1394           1394        259.576        262.333        43.2452
           1395           1395        259.748          262.5        43.2413
           1396           1396        259.915        262.667        43.2383
           1397           1397        260.079        262.833        43.2354
           1398           1398        260.245            263        43.2204
           1399           1399        260.416        263.167        43.2123
           1400           1400        260.578        263.333        43.2077
           1401           1401        260.746          263.5         43.205
           1402           1402        260.912        263.667        43.1968
           1403           1403        261.078        263.833        43.1892
           1404           1404        261.246            264        43.1834
           1405           1405        261.418        264.167         43.178
           1406           1406        261.577        264.333        43.1722
           1407           1407        261.746          264.5         43.167
           1408           1408        261.912        264.667        43.1617
           1409           1409        262.086        264.833        43.1552
           1410           1410         262.25            265        43.1512
           1411           1411        262.415        265.167        43.1472
           1412           1412        262.585        265.333        43.1427
           1413           1413        262.753          265.5        43.1368
           1414           1414        262.918        265.667        43.1298
           1415           1415        263.083        265.833        43.1256
           1416           1416        263.255            266        43.1223
           1417           1417        263.421        266.167        43.1193
           1418           1418        263.579        266.333        43.1163
           1419           1419         263.75          266.5        43.1149
           1420           1420         263.92        266.667        43.1124
           1421           1421        264.087        266.833        43.1092
           1422           1422        264.252            267        43.1045
           1423           1423        264.419        267.167        43.1074
           1424           1424        264.592        267.333        43.1085
           1425           1425         264.76          267.5        43.1084
           1426           1426        264.927        267.667        43.1094
           1427           1427        265.092        267.833        43.1115
           1428           1428        265.259            268         43.111
           1429           1429        265.425        268.167        43.1113
           1430           1430        265.588        268.333        43.1144
           1431           1431        265.761          268.5        43.1201
           1432           1432        265.934        268.667        43.1226
           1433           1433        266.093        268.833        43.1247
           1434           1434         266.26            269         43.128
           1435           1435        266.433        269.167        43.1313
           1436           1436        266.594        269.333        43.1353
           1437           1437        266.762          269.5        43.1401
           1438           1438         266.93        269.667        43.1437
           1439           1439        267.107        269.833        43.1514
           1440           1440        267.265            270        43.1556
           1441           1441        267.434        270.167          43.16
           1442           1442        267.605        270.333        43.1643
           1443           1443        267.771          270.5        43.1672
           1444           1444        267.932        270.667        43.1709
           1445           1445        268.111        270.833        43.1761
           1446           1446        268.274            271        43.1815
           1447           1447        268.442        271.167        43.1862
           1448           1448        268.607        271.333        43.1903
           1449           1449        268.775          271.5        43.1938
           1450           1450         268.95        271.667        43.1998
           1451           1451        269.114        271.833        43.2061
           1452           1452         269.28            272        43.2156
           1453           1453        269.452        272.167        43.2235
           1454           1454        269.616        272.333         43.229
           1455           1455        269.787          272.5        43.2338
           1456           1456        269.952        272.667        43.2394
           1457           1457        270.116        272.833         43.245
           1458           1458        270.289            273        43.2501
           1459           1459        270.458        273.167        43.2548
           1460           1460        270.624        273.333        43.2632
           1461           1461        270.799          273.5        43.2706
           1462           1462        270.961        273.667        43.2741
           1463           1463        271.125        273.833        43.2736
           1464           1464        271.293            274        43.2629
           1465           1465        271.462        274.167        43.2575
           1466           1466         271.63        274.333        43.2542
           1467           1467        271.795          274.5        43.2511
           1468           1468        271.965        274.667        43.2406
           1469           1469        272.142        274.833        43.2309
           1470           1470        272.301            275        43.2241
           1471           1471        272.469        275.167        43.2202
           1472           1472        272.621        275.333        43.2005
           1473           1473        272.794          275.5        43.1917
           1474           1474        272.966        275.667        43.1866
           1475           1475        273.138        275.833        43.1809
           1476           1476        273.302            276        43.1859
           1477           1477        273.463        276.167        43.1872
           1478           1478        273.625        276.333        43.1869
           1479           1479        273.804          276.5        43.1849
           1480           1480        273.972        276.667         43.192
           1481           1481        274.135        276.833        43.1912
           1482           1482        274.307            277        43.1893
           1483           1483        274.476        277.167        43.1886
           1484           1484        274.641        277.333         43.188
           1485           1485        274.814          277.5        43.1894
           1486           1486        274.976        277.667        43.1904
           1487           1487        275.142        277.833        43.1901
           1488           1488        275.313            278        43.1878
           1489           1489         275.48        278.167        43.1752
           1490           1490        275.645        278.333        43.1693
           1491           1491        275.811          278.5        43.1662
           1492           1492        275.985        278.667        43.1634
           1493           1493        276.146        278.833        43.1635
           1494           1494        276.318            279        43.1597
           1495           1495         276.49        279.167        43.1539
           1496           1496        276.653        279.333        43.1485
           1497           1497        276.815          279.5        43.1416
           1498           1498        276.983        279.667        43.1376
           1499           1499        277.152        279.833         43.136
           1500           1500        277.318            280        43.1375
           1501           1501        277.494        280.167        43.1389
           1502           1502        277.659        280.333        43.1392
           1503           1503        277.822          280.5        43.1401
           1504           1504        277.984        280.667        43.1409
           1505           1505        278.164        280.833        43.1433
           1506           1506        278.329            281        43.1432
           1507           1507        278.493        281.167        43.1438
           1508           1508        278.668        281.333        43.1468
           1509           1509        278.831          281.5         43.153
           1510           1510        279.001        281.667        43.1548
           1511           1511        279.172        281.833        43.1557
           1512           1512        279.338            282        43.1546
           1513           1513        279.508        282.167         43.152
           1514           1514        279.672        282.333        43.1489
           1515           1515        279.841          282.5        43.1445
           1516           1516         280.01        282.667        43.1385
           1517           1517        280.185        282.833        43.1332
           1518           1518        280.342            283        43.1224
           1519           1519        280.514        283.167        43.1152
           1520           1520        280.682        283.333        43.1084
           1521           1521        280.847          283.5        43.1014
           1522           1522        281.018        283.667        43.0879
           1523           1523        281.181        283.833        43.0799
           1524           1524        281.347            284        43.0715
           1525           1525        281.511        284.167        43.0629
           1526           1526        281.686        284.333         43.059
           1527           1527        281.846          284.5        43.0541
           1528           1528        282.016        284.667        43.0514
           1529           1529        282.183        284.833        43.0504
           1530           1530         282.35            285        43.0527
           1531           1531        282.519        285.167        43.0488
           1532           1532        282.691        285.333        43.0434
           1533           1533        282.849          285.5        43.0377
           1534           1534        283.019        285.667        43.0359
           1535           1535        283.193        285.833        43.0322
           1536           1536        283.355            286        43.0299
           1537           1537        283.525        286.167        43.0265
           1538           1538        283.701        286.333        43.0224
           1539           1539         283.86          286.5        43.0223
           1540           1540        284.024        286.667        43.0235
           1541           1541        284.194        286.833        43.0233
           1542           1542        284.357            287        43.0153
           1543           1543        284.526        287.167        43.0088
           1544           1544        284.697        287.333        43.0031
           1545           1545        284.867          287.5        43.0013
           1546           1546        285.031        287.667        43.0076
           1547           1547        285.202        287.833        43.0077
           1548           1548        285.375            288         43.005
           1549           1549        285.543        288.167        43.0026
           1550           1550          285.7        288.333        42.9998
           1551           1551        285.876          288.5        42.9926
           1552           1552        286.031        288.667        42.9903
           1553           1553          286.2        288.833         42.989
           1554           1554        286.385            289        42.9879
           1555           1555        286.549        289.167        42.9889
           1556           1556        286.708        289.333        42.9877
           1557           1557         286.88          289.5        42.9881
           1558           1558        287.049        289.667        42.9901
           1559           1559        287.211        289.833        42.9903
           1560           1560        287.384            290        42.9923
           1561           1561        287.553        290.167        42.9953
           1562           1562         287.72        290.333        42.9997
           1563           1563         287.88          290.5        43.0034
           1564           1564        288.053        290.667        43.0052
           1565           1565        288.222        290.833         43.007
           1566           1566        288.394            291        43.0101
           1567           1567        288.565        291.167        43.0245
           1568           1568        288.726        291.333        43.0289
           1569           1569        288.894          291.5        43.0286
           1570           1570        289.064        291.667         43.027
           1571           1571         289.23        291.833        43.0222
           1572           1572        289.399            292        43.0183
           1573           1573        289.567        292.167        43.0153
           1574           1574        289.728        292.333        43.0121
           1575           1575        289.912          292.5        43.0061
           1576           1576         290.07        292.667        43.0025
           1577           1577        290.234        292.833        42.9983
           1578           1578        290.396            293        42.9933
           1579           1579        290.571        293.167        42.9757
           1580           1580        290.737        293.333        42.9661
           1581           1581          290.9          293.5        42.9594
           1582           1582        291.073        293.667        42.9519
           1583           1583        291.239        293.833        42.9424
           1584           1584        291.409            294        42.9333
           1585           1585        291.576        294.167        42.9205
           1586           1586        291.741        294.333         42.909
           1587           1587        291.908          294.5        42.8973
           1588           1588        292.072        294.667         42.882
           1589           1589        292.245        294.833        42.8663
           1590           1590         292.42            295        42.8506
           1591           1591        292.578        295.167        42.8361
           1592           1592        292.752        295.333        42.8147
           1593           1593        292.914          295.5        42.7973
           1594           1594        293.077        295.667        42.7788
           1595           1595        293.247        295.833          42.76
           1596           1596        293.419            296        42.7399
           1597           1597        293.586        296.167        42.7214
           1598           1598        293.746        296.333        42.7062
           1599           1599        293.919          296.5        42.6915
           1600           1600        294.081        296.667        42.6711
           1601           1601        294.251        296.833        42.6516
           1602           1602        294.417            297        42.6307
           1603           1603        294.577        297.167        42.6093
           1604           1604        294.749        297.333        42.5926
           1605           1605        294.916          297.5        42.5787
           1606           1606        295.088        297.667        42.5639
           1607           1607        295.263        297.833        42.5461
           1608           1608         295.42            298        42.5258
           1609           1609        295.589        298.167        42.5073
           1610           1610        295.752        298.333        42.4921
           1611           1611        295.919          298.5        42.4776
           1612           1612        296.086        298.667        42.4599
           1613           1613        296.263        298.833        42.4415
           1614           1614         296.43            299        42.4217
           1615           1615        296.598        299.167        42.4028
           1616           1616        296.753        299.333         42.384
           1617           1617        296.921          299.5        42.3649
           1618           1618        297.101        299.667        42.3458
           1619           1619        297.269        299.833        42.3267
           1620           1620        297.432            300        42.3074
           1621           1621        297.596        300.167        42.2902
           1622           1622        297.761        300.333        42.2746
           1623           1623        297.929          300.5        42.2615
           1624           1624        298.098        300.667        42.2503
           1625           1625        298.269        300.833        42.2409
           1626           1626        298.433            301        42.2307
           1627           1627        298.599        301.167        42.2203
           1628           1628        298.765        301.333        42.2097
           1629           1629        298.935          301.5        42.2031
           1630           1630        299.103        301.667        42.1957
           1631           1631        299.276        301.833        42.1873
           1632           1632        299.443            302        42.1772
           1633           1633        299.614        302.167         42.173
           1634           1634        299.775        302.333         42.164
           1635           1635        299.949          302.5        42.1558
           1636           1636        300.116        302.667        42.1489
           1637           1637        300.276        302.833        42.1364
           1638           1638        300.445            303         42.128
           1639           1639        300.621        303.167          42.12
           1640           1640        300.781        303.333        42.1117
           1641           1641        300.952          303.5         42.101
           1642           1642        301.117        303.667        42.0896
           1643           1643        301.284        303.833        42.0799
           1644           1644         301.46            304        42.0688
           1645           1645        301.624        304.167        42.0588
           1646           1646        301.785        304.333        42.0473
           1647           1647        301.961          304.5        42.0383
           1648           1648        302.122        304.667        42.0326
           1649           1649        302.297        304.833        42.0274
           1650           1650        302.453            305        42.0143
           1651           1651        302.629        305.167        42.0045
           1652           1652        302.797        305.333        41.9954
           1653           1653        302.959          305.5        41.9861
           1654           1654        303.126        305.667        41.9827
           1655           1655        303.295        305.833        41.9758
           1656           1656        303.472            306        41.9708
           1657           1657        303.639        306.167        41.9661
           1658           1658        303.807        306.333        41.9607
           1659           1659        303.964          306.5        41.9527
           1660           1660        304.139        306.667        41.9437
           1661           1661        304.303        306.833        41.9343
           1662           1662        304.476            307        41.9243
           1663           1663        304.642        307.167        41.9196
           1664           1664        304.809        307.333        41.9131
           1665           1665        304.981          307.5        41.9043
           1666           1666        305.143        307.667        41.8961
           1667           1667        305.312        307.833         41.889
           1668           1668        305.477            308          41.88
           1669           1669        305.644        308.167        41.8702
           1670           1670        305.806        308.333        41.8572
           1671           1671        305.988          308.5        41.8462
           1672           1672        306.152        308.667         41.837
           1673           1673        306.315        308.833         41.828
           1674           1674        306.485            309         41.811
           1675           1675        306.656        309.167        41.7953
           1676           1676        306.822        309.333         41.782
           1677           1677        306.992          309.5        41.7702
           1678           1678        307.153        309.667        41.7554
           1679           1679         307.32        309.833        41.7457
           1680           1680         307.49            310        41.7387
           1681           1681        307.665        310.167         41.732
           1682           1682        307.823        310.333        41.7252
           1683           1683         307.99          310.5        41.7193
           1684           1684        308.157        310.667        41.7137
           1685           1685        308.326        310.833        41.7081
           1686           1686        308.491            311        41.7054
           1687           1687        308.666        311.167        41.7109
           1688           1688        308.835        311.333        41.7083
           1689           1689        309.003          311.5        41.7027
           1690           1690        309.176        311.667        41.6978
           1691           1691        309.338        311.833        41.6901
           1692           1692        309.512            312        41.6841
           1693           1693        309.671        312.167        41.6812
           1694           1694        309.844        312.333        41.6787
           1695           1695        310.009          312.5        41.6714
           1696           1696        310.176        312.667         41.666
           1697           1697        310.339        312.833        41.6628
           1698           1698        310.509            313        41.6585
           1699           1699        310.678        313.167         41.651
           1700           1700        310.837        313.333        41.6461
           1701           1701        311.008          313.5        41.6447
           1702           1702        311.182        313.667        41.6439
           1703           1703        311.348        313.833         41.649
           1704           1704        311.509            314        41.6511
           1705           1705        311.686        314.167        41.6507
           1706           1706        311.851        314.333        41.6494
           1707           1707        312.016          314.5        41.6489
           1708           1708        312.185        314.667        41.6458
           1709           1709        312.354        314.833        41.6448
           1710           1710        312.531            315        41.6441
           1711           1711        312.695        315.167        41.6429
           1712           1712        312.864        315.333        41.6383
           1713           1713         313.03          315.5        41.6318
           1714           1714        313.195        315.667        41.6233
           1715           1715        313.358        315.833        41.6125
           1716           1716        313.526            316        41.5931
           1717           1717        313.691        316.167        41.5832
           1718           1718        313.867        316.333        41.5739
           1719           1719         314.03          316.5        41.5656
           1720           1720        314.194        316.667        41.5512
           1721           1721         314.36        316.833         41.539
           1722           1722        314.533            317        41.5258
           1723           1723        314.694        317.167        41.5133
           1724           1724        314.862        317.333        41.5034
           1725           1725        315.036          317.5        41.4929
           1726           1726        315.205        317.667        41.4827
           1727           1727        315.369        317.833        41.4739
           1728           1728        315.539            318        41.4644
           1729           1729        315.709        318.167        41.4536
           1730           1730        315.871        318.333        41.4458
           1731           1731        316.037          318.5        41.4413
           1732           1732         316.21        318.667        41.4357
           1733           1733        316.377        318.833        41.4304
           1734           1734        316.545            319        41.4266
           1735           1735        316.712        319.167        41.4229
           1736           1736        316.885        319.333        41.4217
           1737           1737        317.046          319.5        41.4176
           1738           1738        317.214        319.667        41.4125
           1739           1739         317.39        319.833        41.4069
           1740           1740        317.559            320        41.4073
           1741           1741        317.719        320.167        41.4025
           1742           1742        317.893        320.333        41.3963
           1743           1743        318.058          320.5        41.3879
           1744           1744        318.229        320.667        41.3693
           1745           1745        318.389        320.833        41.3582
           1746           1746        318.561            321        41.3488
           1747           1747        318.731        321.167        41.3373
           1748           1748        318.897        321.333        41.3248
           1749           1749        319.064          321.5        41.3051
           1750           1750        319.231        321.667        41.2941
           1751           1751          319.4        321.833         41.286
           1752           1752        319.561            322        41.2782
           1753           1753        319.732        322.167        41.2686
           1754           1754        319.906        322.333        41.2621
           1755           1755        320.071          322.5        41.2559
           1756           1756        320.236        322.667        41.2494
           1757           1757          320.4        322.833        41.2508
           1758           1758        320.573            323        41.2453
           1759           1759        320.748        323.167        41.2373
           1760           1760        320.917        323.333        41.2271
           1761           1761        321.079          323.5        41.2219
           1762           1762        321.253        323.667        41.2151
           1763           1763        321.418        323.833        41.2084
           1764           1764        321.588            324        41.2001
           1765           1765        321.758        324.167        41.1912
           1766           1766        321.926        324.333        41.1856
           1767           1767        322.086          324.5        41.1794
           1768           1768        322.256        324.667        41.1744
           1769           1769        322.417        324.833        41.1653
           1770           1770        322.584            325        41.1577
           1771           1771        322.757        325.167        41.1526
           1772           1772        322.923        325.333        41.1493
           1773           1773        323.091          325.5        41.1554
           1774           1774        323.264        325.667        41.1589
           1775           1775        323.428        325.833        41.1612
           1776           1776        323.595            326         41.163
           1777           1777        323.766        326.167        41.1648
           1778           1778         323.93        326.333        41.1627
           1779           1779          324.1          326.5        41.1589
           1780           1780        324.272        326.667        41.1549
           1781           1781        324.434        326.833        41.1517
           1782           1782        324.612            327        41.1553
           1783           1783        324.781        327.167        41.1542
           1784           1784        324.945        327.333        41.1517
           1785           1785        325.111          327.5        41.1496
           1786           1786        325.279        327.667        41.1365
           1787           1787        325.439        327.833        41.1296
           1788           1788        325.608            328        41.1243
           1789           1789        325.779        328.167        41.1203
           1790           1790        325.948        328.333        41.1206
           1791           1791        326.118          328.5        41.1186
           1792           1792        326.288        328.667        41.1142
           1793           1793        326.454        328.833        41.1073
           1794           1794        326.622            329        41.0981
           1795           1795        326.789        329.167        41.0874
           1796           1796        326.954        329.333        41.0785
           1797           1797        327.125          329.5        41.0681
           1798           1798        327.295        329.667        41.0546
           1799           1799        327.462        329.833        41.0413
           1800           1800        327.634            330         41.028
           1801           1801        327.797        330.167        41.0156
           1802           1802        327.963        330.333        40.9988
           1803           1803        328.125          330.5        40.9914
           1804           1804        328.297        330.667        40.9857
           1805           1805        328.465        330.833        40.9799
           1806           1806        328.629            331        40.9716
           1807           1807        328.795        331.167        40.9593
           1808           1808        328.961        331.333        40.9486
           1809           1809        329.133          331.5        40.9409
           1810           1810        329.304        331.667        40.9442
           1811           1811        329.474        331.833        40.9386
           1812           1812        329.649            332        40.9318
           1813           1813        329.811        332.167        40.9282
           1814           1814        329.981        332.333        40.9262
           1815           1815        330.135          332.5        40.9104
           1816           1816        330.308        332.667        40.8996
           1817           1817        330.485        332.833         40.893
           1818           1818         330.65            333          40.89
           1819           1819        330.817        333.167        40.8915
           1820           1820        330.988        333.333        40.8874
           1821           1821        331.153          333.5        40.8787
           1822           1822        331.329        333.667          40.87
           1823           1823        331.494        333.833        40.8653
           1824           1824        331.659            334        40.8619
           1825           1825        331.822        334.167        40.8583
           1826           1826        331.999        334.333        40.8513
           1827           1827         332.17          334.5        40.8455
           1828           1828        332.334        334.667        40.8405
           1829           1829        332.498        334.833        40.8348
           1830           1830        332.662            335        40.8284
           1831           1831        332.835        335.167         40.821
           1832           1832        333.008        335.333        40.8145
           1833           1833        333.175          335.5        40.8065
           1834           1834        333.347        335.667        40.7993
           1835           1835        333.504        335.833        40.7905
           1836           1836         333.68            336         40.783
           1837           1837        333.848        336.167        40.7793
           1838           1838        334.016        336.333        40.7772
           1839           1839        334.179          336.5        40.7763
           1840           1840        334.353        336.667        40.7766
           1841           1841        334.516        336.833        40.7771
           1842           1842        334.684            337        40.7758
           1843           1843        334.855        337.167        40.7782
           1844           1844        335.019        337.333        40.7775
           1845           1845        335.187          337.5         40.776
           1846           1846        335.362        337.667        40.7759
           1847           1847         335.53        337.833         40.777
           1848           1848        335.698            338        40.7852
           1849           1849        335.871        338.167         40.792
           1850           1850        336.037        338.333        40.7972
           1851           1851          336.2          338.5        40.7985
           1852           1852        336.374        338.667        40.7927
           1853           1853        336.542        338.833        40.7886
           1854           1854         336.71            339        40.7863
           1855           1855        336.879        339.167        40.7854
           1856           1856        337.055        339.333        40.7921
           1857           1857         337.22          339.5        40.7952
           1858           1858        337.397        339.667        40.7933
           1859           1859         337.56        339.833         40.788
           1860           1860         337.72            340        40.7708
           1861           1861        337.888        340.167        40.7604
           1862           1862        338.056        340.333         40.751
           1863           1863        338.227          340.5        40.7443
           1864           1864          338.4        340.667        40.7486
           1865           1865        338.572        340.833        40.7485
           1866           1866        338.737            341         40.746
           1867           1867        338.901        341.167        40.7421
           1868           1868        339.066        341.333        40.7314
           1869           1869        339.243          341.5        40.7255
           1870           1870          339.4        341.667        40.7211
           1871           1871        339.569        341.833        40.7181
           1872           1872        339.745            342         40.723
           1873           1873        339.914        342.167        40.7204
           1874           1874        340.082        342.333        40.7146
           1875           1875        340.249          342.5        40.7075
           1876           1876        340.419        342.667        40.7043
           1877           1877        340.586        342.833        40.7062
           1878           1878        340.755            343        40.7081
           1879           1879        340.926        343.167        40.7078
           1880           1880        341.091        343.333        40.7066
           1881           1881        341.259          343.5        40.7028
           1882           1882        341.429        343.667        40.6995
           1883           1883        341.592        343.833        40.6983
           1884           1884        341.765            344        40.6988
           1885           1885        341.936        344.167        40.7153
           1886           1886        342.113        344.333        40.7233
           1887           1887        342.276          344.5        40.7274
           1888           1888        342.436        344.667        40.7314
           1889           1889        342.606        344.833        40.7309
           1890           1890        342.773            345        40.7387
           1891           1891        342.941        345.167        40.7513
           1892           1892        343.113        345.333        40.7644
           1893           1893        343.282          345.5         40.789
           1894           1894        343.458        345.667        40.8079
           1895           1895        343.618        345.833        40.8232
           1896           1896        343.789            346        40.8354
           1897           1897        343.958        346.167        40.8476
           1898           1898         344.13        346.333        40.8581
           1899           1899        344.303          346.5        40.8701
           1900           1900        344.473        346.667        40.8801
           1901           1901        344.639        346.833        40.8941
           1902           1902        344.813            347        40.9087
           1903           1903        344.981        347.167        40.9209
           1904           1904        345.145        347.333        40.9304
           1905           1905        345.309          347.5        40.9242
           1906           1906        345.475        347.667        40.9238
           1907           1907        345.653        347.833         40.926
           1908           1908        345.818            348        40.9296
           1909           1909        345.985        348.167        40.9369
           1910           1910        346.163        348.333        40.9424
           1911           1911        346.326          348.5        40.9481
           1912           1912        346.495        348.667        40.9504
           1913           1913        346.656        348.833         40.951
           1914           1914        346.825            349        40.9389
           1915           1915        346.988        349.167        40.9361
           1916           1916        347.162        349.333        40.9368
           1917           1917        347.334          349.5        40.9391
           1918           1918        347.499        349.667        40.9456
           1919           1919        347.674        349.833        40.9488
           1920           1920        347.836            350        40.9498
           1921           1921        348.006        350.167        40.9496
           1922           1922        348.167        350.333          40.94
           1923           1923        348.344          350.5        40.9357
           1924           1924        348.511        350.667        40.9341
           1925           1925        348.684        350.833        40.9327
           1926           1926        348.853            351        40.9364
           1927           1927        349.019        351.167        40.9377
           1928           1928        349.192        351.333        40.9403
           1929           1929        349.357          351.5        40.9442
           1930           1930         349.52        351.667        40.9465
           1931           1931        349.687        351.833         40.952
           1932           1932        349.859            352        40.9543
           1933           1933        350.023        352.167        40.9554
           1934           1934          350.2        352.333        40.9613
           1935           1935        350.364          352.5        40.9625
           1936           1936        350.532        352.667        40.9589
           1937           1937        350.706        352.833        40.9518
           1938           1938        350.875            353         40.949
           1939           1939        351.051        353.167        40.9492
           1940           1940        351.211        353.333        40.9486
           1941           1941        351.373          353.5         40.947
           1942           1942        351.541        353.667        40.9306
           1943           1943        351.707        353.833        40.9266
           1944           1944        351.877            354        40.9232
           1945           1945        352.042        354.167        40.9176
           1946           1946        352.206        354.333        40.9123
           1947           1947        352.378          354.5        40.9253
           1948           1948        352.556        354.667        40.9308
           1949           1949        352.719        354.833        40.9296
           1950           1950        352.892            355         40.926
           1951           1951         353.06        355.167        40.9291
           1952           1952        353.232        355.333        40.9295
           1953           1953        353.391          355.5        40.9291
           1954           1954        353.559        355.667        40.9295
           1955           1955        353.733        355.833        40.9308
           1956           1956        353.915            356        40.9336
           1957           1957        354.073        356.167        40.9388
           1958           1958         354.24        356.333        40.9437
           1959           1959         354.41          356.5        40.9401
           1960           1960        354.579        356.667        40.9422
           1961           1961        354.749        356.833        40.9481
           1962           1962        354.915            357         40.954
           1963           1963        355.086        357.167        40.9606
           1964           1964        355.251        357.333        40.9647
           1965           1965         355.43          357.5        40.9686
           1966           1966        355.599        357.667        40.9717
           1967           1967        355.758        357.833        40.9733
           1968           1968        355.933            358        40.9744
           1969           1969        356.103        358.167        40.9775
           1970           1970        356.276        358.333        40.9803
           1971           1971        356.435          358.5        40.9779
           1972           1972        356.604        358.667        40.9791
           1973           1973        356.769        358.833        40.9815
           1974           1974        356.948            359        40.9831
           1975           1975        357.113        359.167        40.9828
           1976           1976        357.277        359.333        40.9832
           1977           1977        357.449          359.5         40.984
           1978           1978        357.617        359.667        40.9832
           1979           1979        357.783        359.833        40.9812
           1980           1980        357.955            360        40.9825
           1981           1981        358.127        360.167        40.9852
           1982           1982        358.291        360.333        40.9884
           1983           1983        358.465          360.5         40.994
           1984           1984        358.631        360.667        40.9931
           1985           1985        358.801        360.833        40.9901
           1986           1986        358.972            361        40.9887
           1987           1987         359.14        361.167          40.99
           1988           1988        359.306        361.333        40.9949
           1989           1989         359.48          361.5        41.0015
           1990           1990        359.651        361.667        41.0092
           1991           1991        359.819        361.833        41.0162
           1992           1992        359.991            362        41.0263
           1993           1993        360.149        362.167        41.0309
           1994           1994        360.317        362.333        41.0342
           1995           1995        360.494          362.5        41.0382
           1996           1996        360.666        362.667        41.0548
           1997           1997        360.835        362.833        41.0655
           1998           1998        361.006            363         41.074
           1999           1999        361.174        363.167        41.0795
           2000           2000        361.343        363.333        41.0784
           2001           2001         361.51          363.5        41.0804
           2002           2002        361.675        363.667        41.0831
           2003           2003        361.843        363.833        41.0849
           2004           2004        362.018            364         41.087
           2005           2005         362.19        364.167        41.0901
           2006           2006        362.358        364.333        41.0913
           2007           2007        362.524          364.5         41.091
           2008           2008        362.686        364.667         41.087
           2009           2009        362.856        364.833        41.0891
           2010           2010        363.028            365        41.0901
           2011           2011        363.196        365.167        41.0897
           2012           2012        363.367        365.333        41.0883
           2013           2013        363.533          365.5        41.0861
           2014           2014        363.705        365.667         41.082
           2015           2015        363.864        365.833        41.0776
           2016           2016        364.044            366        41.0741
           2017           2017        364.214        366.167        41.0725
           2018           2018        364.381        366.333        41.0704
           2019           2019         364.55          366.5        41.0671
           2020           2020        364.714        366.667        41.0627
           2021           2021        364.878        366.833        41.0446
           2022           2022         365.05            367        41.0372
           2023           2023        365.213        367.167        41.0322
           2024           2024         365.38        367.333        41.0256
           2025           2025        365.554          367.5         41.027
           2026           2026        365.722        367.667        41.0258
           2027           2027         365.89        367.833        41.0242
           2028           2028        366.058            368        41.0217
           2029           2029        366.216        368.167        41.0102
           2030           2030        366.392        368.333        41.0022
           2031           2031        366.565          368.5        40.9934
           2032           2032        366.729        368.667        40.9823
           2033           2033        366.895        368.833        40.9764
           2034           2034        367.067            369         40.974
           2035           2035        367.235        369.167        40.9704
           2036           2036        367.408        369.333        40.9642
           2037           2037        367.571          369.5        40.9516
           2038           2038        367.738        369.667        40.9443
           2039           2039         367.91        369.833          40.94
           2040           2040         368.07            370        40.9374
           2041           2041        368.239        370.167        40.9343
           2042           2042        368.414        370.333        40.9304
           2043           2043        368.587          370.5        40.9248
           2044           2044        368.748        370.667        40.9188
           2045           2045        368.911        370.833        40.9168
           2046           2046        369.084            371        40.9213
           2047           2047        369.257        371.167        40.9256
           2048           2048        369.423        371.333        40.9278
           2049           2049        369.594          371.5        40.9273
           2050           2050        369.761        371.667        40.9261
           2051           2051        369.926        371.833        40.9253
           2052           2052        370.089            372        40.9243
           2053           2053        370.262        372.167         40.921
           2054           2054        370.437        372.333        40.9246
           2055           2055        370.605          372.5        40.9216
           2056           2056        370.781        372.667        40.9153
           2057           2057        370.939        372.833        40.9073
           2058           2058        371.107            373        40.8888
           2059           2059        371.273        373.167        40.8797
           2060           2060        371.446        373.333        40.8727
           2061           2061        371.614          373.5        40.8672
           2062           2062        371.777        373.667        40.8568
           2063           2063        371.951        373.833         40.851
           2064           2064        372.113            374        40.8444
           2065           2065         372.29        374.167        40.8354
           2066           2066        372.451        374.333        40.8295
           2067           2067        372.627          374.5        40.8225
           2068           2068        372.793        374.667        40.8179
           2069           2069        372.959        374.833        40.8151
           2070           2070        373.129            375        40.8132
           2071           2071        373.295        375.167        40.8056
           2072           2072        373.467        375.333        40.7948
           2073           2073        373.631          375.5        40.7842
           2074           2074          373.8        375.667        40.7685
           2075           2075        373.967        375.833        40.7581
           2076           2076        374.136            376        40.7509
           2077           2077        374.308        376.167        40.7444
           2078           2078        374.472        376.333        40.7359
           2079           2079        374.638          376.5        40.7179
           2080           2080          374.8        376.667        40.7069
           2081           2081        374.969        376.833        40.6978
           2082           2082        375.138            377        40.6904
           2083           2083        375.308        377.167        40.6851
           2084           2084        375.482        377.333        40.6764
           2085           2085        375.649          377.5          40.67
           2086           2086        375.816        377.667        40.6669
           2087           2087        375.976        377.833        40.6601
           2088           2088        376.152            378        40.6557
           2089           2089        376.317        378.167        40.6579
           2090           2090        376.481        378.333        40.6631
           2091           2091        376.658          378.5        40.6711
           2092           2092        376.818        378.667        40.6719
           2093           2093        376.989        378.833        40.6718
           2094           2094        377.159            379         40.671
           2095           2095        377.331        379.167        40.6723
           2096           2096        377.494        379.333        40.6683
           2097           2097        377.664          379.5         40.666
           2098           2098        377.844        379.667        40.6636
           2099           2099        378.008        379.833        40.6558
           2100           2100        378.171            380        40.6464
           2101           2101        378.339        380.167        40.6359
           2102           2102        378.506        380.333        40.6261
           2103           2103        378.671          380.5        40.6081
           2104           2104        378.831        380.667        40.5977
           2105           2105        379.012        380.833        40.5901
           2106           2106        379.177            381        40.5826
           2107           2107        379.344        381.167        40.5769
           2108           2108        379.512        381.333        40.5685
           2109           2109        379.676          381.5        40.5616
           2110           2110        379.843        381.667        40.5563
           2111           2111        380.015        381.833        40.5604
           2112           2112        380.189            382        40.5622
           2113           2113        380.351        382.167         40.563
           2114           2114         380.52        382.333        40.5632
           2115           2115        380.689          382.5         40.568
           2116           2116        380.861        382.667        40.5669
           2117           2117        381.019        382.833        40.5652
           2118           2118        381.198            383        40.5664
           2119           2119        381.364        383.167        40.5722
           2120           2120        381.536        383.333        40.5743
           2121           2121        381.702          383.5         40.576
           2122           2122         381.87        383.667        40.5769
           2123           2123        382.039        383.833        40.5741
           2124           2124        382.207            384        40.5753
           2125           2125         382.37        384.167        40.5791
           2126           2126        382.545        384.333        40.5847
           2127           2127        382.709          384.5        40.5919
           2128           2128        382.875        384.667        40.5982
           2129           2129        383.045        384.833        40.6027
           2130           2130        383.218            385         40.606
           2131           2131        383.383        385.167        40.6143
           2132           2132        383.555        385.333        40.6183
           2133           2133        383.724          385.5        40.6199
           2134           2134        383.895        385.667        40.6197
           2135           2135        384.064        385.833        40.6187
           2136           2136        384.229            386        40.6157
           2137           2137        384.399        386.167        40.6106
           2138           2138        384.569        386.333        40.6075
           2139           2139        384.736          386.5        40.5914
           2140           2140        384.904        386.667        40.5784
           2141           2141        385.071        386.833        40.5684
           2142           2142        385.239            387        40.5581
           2143           2143        385.401        387.167        40.5396
           2144           2144        385.573        387.333        40.5264
           2145           2145        385.737          387.5        40.5148
           2146           2146        385.906        387.667        40.5063
           2147           2147        386.082        387.833        40.5005
           2148           2148        386.241            388        40.4902
           2149           2149        386.407        388.167        40.4771
           2150           2150        386.584        388.333        40.4647
           2151           2151        386.745          388.5        40.4567
           2152           2152         386.92        388.667        40.4477
           2153           2153        387.081        388.833        40.4407
           2154           2154        387.253            389        40.4358
           2155           2155        387.431        389.167        40.4374
           2156           2156        387.594        389.333        40.4397
           2157           2157        387.757          389.5        40.4432
           2158           2158        387.922        389.667        40.4466
           2159           2159        388.095        389.833         40.452
           2160           2160        388.263            390        40.4585
           2161           2161        388.434        390.167        40.4666
           2162           2162        388.602        390.333        40.4746
           2163           2163         388.77          390.5        40.4963
           2164           2164        388.943        390.667        40.5075
           2165           2165        389.115        390.833        40.5151
           2166           2166        389.284            391        40.5247
           2167           2167        389.452        391.167        40.5437
           2168           2168        389.618        391.333        40.5611
           2169           2169        389.791          391.5        40.5739
           2170           2170        389.959        391.667         40.583
           2171           2171        390.121        391.833        40.5876
           2172           2172        390.297            392        40.5939
           2173           2173         390.46        392.167        40.6014
           2174           2174        390.628        392.333        40.6096
           2175           2175        390.804          392.5        40.6185
           2176           2176        390.977        392.667         40.622
           2177           2177        391.146        392.833         40.619
           2178           2178        391.305            393        40.6116
           2179           2179        391.473        393.167        40.5864
           2180           2180         391.64        393.333        40.5752
           2181           2181        391.812          393.5        40.5708
           2182           2182         391.98        393.667         40.572
           2183           2183        392.153        393.833         40.568
           2184           2184        392.317            394        40.5609
           2185           2185         392.48        394.167        40.5526
           2186           2186        392.646        394.333        40.5449
           2187           2187         392.81          394.5        40.5314
           2188           2188        392.984        394.667        40.5273
           2189           2189        393.149        394.833        40.5268
           2190           2190         393.33            395        40.5266
           2191           2191        393.501        395.167        40.5369
           2192           2192         393.66        395.333        40.5366
           2193           2193        393.826          395.5        40.5327
           2194           2194        393.996        395.667        40.5275
           2195           2195        394.162        395.833        40.5176
           2196           2196        394.334            396        40.5117
           2197           2197         394.51        396.167        40.5061
           2198           2198        394.673        396.333           40.5
           2199           2199        394.839          396.5        40.4936
           2200           2200        395.007        396.667        40.4904
           2201           2201        395.174        396.833        40.4877
           2202           2202        395.342            397        40.4861
           2203           2203         395.51        397.167        40.4779
           2204           2204        395.677        397.333         40.472
           2205           2205        395.848          397.5        40.4648
           2206           2206         396.01        397.667        40.4585
           2207           2207        396.183        397.833        40.4528
           2208           2208        396.355            398        40.4459
           2209           2209         396.52        398.167        40.4373
           2210           2210        396.688        398.333        40.4319
           2211           2211        396.858          398.5        40.4281
           2212           2212        397.024        398.667        40.4189
           2213           2213        397.186        398.833        40.4096
           2214           2214        397.358            399        40.4031
           2215           2215        397.519        399.167        40.4001
           2216           2216        397.698        399.333        40.3943
           2217           2217        397.859          399.5        40.3905
           2218           2218        398.032        399.667         40.387
           2219           2219        398.203        399.833        40.3814
           2220           2220        398.376            400        40.3862
           2221           2221        398.537        400.167         40.388
           2222           2222        398.701        400.333        40.3901
           2223           2223        398.876          400.5        40.3919
           2224           2224        399.046        400.667        40.3947
           2225           2225        399.209        400.833        40.3995
           2226           2226        399.386            401        40.4078
           2227           2227        399.546        401.167        40.4163
           2228           2228        399.718        401.333        40.4262
           2229           2229        399.886          401.5        40.4356
           2230           2230        400.054        401.667        40.4445
           2231           2231        400.229        401.833        40.4544
           2232           2232        400.393            402        40.4698
           2233           2233        400.561        402.167        40.4798
           2234           2234        400.735        402.333          40.49
           2235           2235        400.903          402.5        40.4977
           2236           2236        401.071        402.667        40.5077
           2237           2237        401.242        402.833        40.5155
           2238           2238        401.411            403        40.5232
           2239           2239        401.578        403.167        40.5299
           2240           2240        401.746        403.333         40.536
           2241           2241        401.911          403.5        40.5425
           2242           2242        402.083        403.667        40.5506
           2243           2243        402.255        403.833        40.5596
           2244           2244        402.418            404        40.5682
           2245           2245         402.59        404.167        40.5729
           2246           2246        402.758        404.333        40.5769
           2247           2247        402.927          404.5        40.5803
           2248           2248        403.096        404.667        40.5845
           2249           2249        403.263        404.833        40.5864
           2250           2250        403.431            405        40.5894
           2251           2251        403.601        405.167        40.5965
           2252           2252        403.771        405.333        40.6057
           2253           2253        403.939          405.5         40.608
           2254           2254        404.104        405.667        40.6135
           2255           2255        404.274        405.833        40.6187
           2256           2256        404.436            406        40.6233
           2257           2257        404.608        406.167        40.6343
           2258           2258        404.772        406.333        40.6491
           2259           2259        404.944          406.5        40.6619
           2260           2260        405.118        406.667        40.6736
           2261           2261        405.289        406.833        40.7016
           2262           2262        405.457            407        40.7215
           2263           2263         405.62        407.167        40.7352
           2264           2264        405.786        407.333         40.745
           2265           2265        405.952          407.5        40.7587
           2266           2266        406.136        407.667        40.7727
           2267           2267        406.297        407.833        40.7833
           2268           2268        406.465            408        40.7919
           2269           2269        406.635        408.167        40.7988
           2270           2270         406.81        408.333        40.8013
           2271           2271        406.978          408.5        40.8014
           2272           2272        407.136        408.667        40.8015
           2273           2273        407.304        408.833        40.7843
           2274           2274        407.482            409        40.7763
           2275           2275        407.646        409.167          40.77
           2276           2276        407.812        409.333        40.7635
           2277           2277        407.983          409.5        40.7544
           2278           2278        408.151        409.667        40.7382
           2279           2279        408.314        409.833        40.7285
           2280           2280        408.482            410        40.7202
           2281           2281        408.648        410.167        40.7133
           2282           2282        408.816        410.333        40.7081
           2283           2283        408.982          410.5        40.7038
           2284           2284        409.155        410.667        40.6987
           2285           2285        409.316        410.833        40.6927
           2286           2286        409.492            411        40.6913
           2287           2287        409.656        411.167        40.6908
           2288           2288        409.825        411.333        40.6929
           2289           2289        409.995          411.5        40.6967
           2290           2290        410.165        411.667        40.7112
           2291           2291        410.337        411.833          40.72
           2292           2292          410.5            412        40.7294
           2293           2293        410.665        412.167          40.74
           2294           2294        410.831        412.333        40.7524
           2295           2295        411.005          412.5        40.7629
           2296           2296        411.176        412.667        40.7728
           2297           2297        411.349        412.833        40.7801
           2298           2298        411.517            413        40.7981
           2299           2299        411.689        413.167        40.8104
           2300           2300         411.85        413.333        40.8198
           2301           2301        412.029          413.5        40.8277
           2302           2302        412.194        413.667        40.8292
           2303           2303        412.361        413.833        40.8291
           2304           2304        412.525            414        40.8288
           2305           2305        412.698        414.167        40.8276
           2306           2306        412.858        414.333        40.8111
           2307           2307        413.029          414.5        40.8059
           2308           2308        413.206        414.667        40.8028
           2309           2309        413.367        414.833        40.7975
           2310           2310        413.539            415        40.7927
           2311           2311        413.701        415.167        40.7815
           2312           2312        413.865        415.333        40.7776
           2313           2313        414.035          415.5        40.7732
           2314           2314        414.199        415.667        40.7659
           2315           2315        414.367        415.833         40.764
           2316           2316        414.543            416        40.7639
           2317           2317        414.707        416.167        40.7642
           2318           2318        414.875        416.333        40.7656
           2319           2319        415.049          416.5        40.7743
           2320           2320        415.214        416.667        40.7765
           2321           2321        415.384        416.833        40.7772
           2322           2322         415.55            417        40.7752
           2323           2323        415.718        417.167        40.7704
           2324           2324        415.894        417.333         40.765
           2325           2325        416.063          417.5        40.7602
           2326           2326         416.23        417.667        40.7549
           2327           2327          416.4        417.833        40.7511
           2328           2328        416.563            418        40.7498
           2329           2329        416.735        418.167        40.7505
           2330           2330        416.898        418.333        40.7526
           2331           2331        417.067          418.5        40.7357
           2332           2332         417.23        418.667        40.7277
           2333           2333        417.403        418.833        40.7225
           2334           2334        417.568            419        40.7173
           2335           2335        417.735        419.167        40.7179
           2336           2336        417.909        419.333        40.7163
           2337           2337        418.077          419.5        40.7171
           2338           2338        418.248        419.667        40.7177
           2339           2339        418.413        419.833        40.7161
           2340           2340        418.574            420        40.7163
           2341           2341        418.752        420.167        40.7173
           2342           2342        418.919        420.333        40.7198
           2343           2343        419.084          420.5        40.7221
           2344           2344        419.252        420.667        40.7309
           2345           2345        419.429        420.833        40.7321
           2346           2346        419.596            421        40.7315
           2347           2347        419.768        421.167        40.7352
           2348           2348        419.929        421.333        40.7424
           2349           2349        420.102          421.5        40.7449
           2350           2350        420.269        421.667         40.743
           2351           2351        420.438        421.833        40.7395
           2352           2352        420.606            422        40.7316
           2353           2353        420.773        422.167        40.7266
           2354           2354        420.932        422.333        40.7213
           2355           2355        421.108          422.5        40.7155
           2356           2356        421.283        422.667        40.7026
           2357           2357        421.447        422.833        40.6923
           2358           2358        421.609            423        40.6802
           2359           2359        421.779        423.167        40.6653
           2360           2360        421.938        423.333        40.6367
           2361           2361        422.117          423.5        40.6237
           2362           2362         422.28        423.667        40.6183
           2363           2363        422.446        423.833        40.6143
           2364           2364         422.61            424        40.5999
           2365           2365        422.776        424.167        40.5868
           2366           2366        422.949        424.333        40.5776
           2367           2367        423.109          424.5        40.5727
           2368           2368        423.274        424.667        40.5682
           2369           2369        423.449        424.833        40.5588
           2370           2370        423.626            425        40.5474
           2371           2371         423.79        425.167        40.5336
           2372           2372        423.962        425.333        40.5246
           2373           2373        424.112          425.5        40.5143
           2374           2374        424.287        425.667        40.5066
           2375           2375        424.462        425.833        40.5017
           2376           2376        424.631            426        40.4972
           2377           2377        424.786        426.167        40.4844
           2378           2378        424.957        426.333        40.4761
           2379           2379        425.116          426.5        40.4674
           2380           2380        425.287        426.667        40.4602
           2381           2381        425.452        426.833        40.4673
           2382           2382        425.625            427        40.4716
           2383           2383        425.797        427.167        40.4735
           2384           2384        425.964        427.333        40.4763
           2385           2385        426.132          427.5        40.4942
           2386           2386        426.298        427.667        40.5012
           2387           2387        426.462        427.833        40.5041
           2388           2388         426.63            428        40.5076
           2389           2389        426.804        428.167        40.5192
           2390           2390        426.974        428.333        40.5266
           2391           2391        427.142          428.5        40.5327
           2392           2392        427.306        428.667        40.5397
           2393           2393        427.483        428.833        40.5463
           2394           2394        427.648            429        40.5541
           2395           2395        427.812        429.167        40.5607
           2396           2396         427.98        429.333        40.5662
           2397           2397         428.15          429.5        40.5691
           2398           2398        428.315        429.667        40.5741
           2399           2399        428.486        429.833        40.5793
           2400           2400        428.654            430        40.5856
           2401           2401        428.824        430.167        40.5934
           2402           2402        428.992        430.333        40.5968
           2403           2403        429.161          430.5        40.5976
           2404           2404        429.326        430.667        40.5968
           2405           2405        429.494        430.833        40.5908
           2406           2406        429.664            431        40.5892
           2407           2407        429.828        431.167        40.5897
           2408           2408        429.997        431.333        40.5902
           2409           2409        430.172          431.5        40.5918
           2410           2410        430.335        431.667        40.5867
           2411           2411          430.5        431.833        40.5854
           2412           2412        430.672            432        40.5858
           2413           2413        430.836        432.167        40.5822
           2414           2414        431.004        432.333        40.5779
           2415           2415        431.175          432.5        40.5745
           2416           2416        431.341        432.667        40.5721
           2417           2417        431.507        432.833        40.5692
           2418           2418        431.684            433        40.5634
           2419           2419        431.845        433.167        40.5567
           2420           2420         432.02        433.333        40.5498
           2421           2421        432.184          433.5        40.5441
           2422           2422        432.345        433.667        40.5337
           2423           2423        432.514        433.833        40.5307
           2424           2424        432.686            434        40.5284
           2425           2425        432.858        434.167        40.5257
           2426           2426        433.016        434.333        40.5254
           2427           2427        433.189          434.5        40.5244
           2428           2428        433.357        434.667        40.5225
           2429           2429        433.524        434.833        40.5198
           2430           2430        433.697            435        40.5208
           2431           2431        433.866        435.167        40.5142
           2432           2432        434.037        435.333         40.507
           2433           2433        434.198          435.5         40.499
           2434           2434        434.366        435.667        40.4824
           2435           2435        434.535        435.833        40.4737
           2436           2436        434.702            436         40.467
           2437           2437        434.873        436.167        40.4583
           2438           2438        435.037        436.333        40.4438
           2439           2439        435.201          436.5        40.4366
           2440           2440        435.368        436.667        40.4302
           2441           2441        435.541        436.833        40.4244
           2442           2442        435.704            437          40.42
           2443           2443        435.875        437.167        40.4199
           2444           2444        436.045        437.333        40.4136
           2445           2445        436.208          437.5        40.4081
           2446           2446        436.379        437.667        40.4042
           2447           2447        436.545        437.833        40.4048
           2448           2448        436.718            438        40.4032
           2449           2449        436.882        438.167        40.4045
           2450           2450        437.053        438.333        40.4058
           2451           2451        437.221          438.5        40.4065
           2452           2452        437.384        438.667         40.409
           2453           2453        437.551        438.833          40.41
           2454           2454        437.725            439        40.4083
           2455           2455        437.891        439.167        40.4172
           2456           2456        438.059        439.333        40.4217
           2457           2457        438.226          439.5        40.4243
           2458           2458        438.403        439.667         40.426
           2459           2459        438.565        439.833        40.4296
           2460           2460        438.735            440        40.4331
           2461           2461        438.904        440.167        40.4379
           2462           2462        439.069        440.333        40.4462
           2463           2463        439.236          440.5        40.4515
           2464           2464        439.408        440.667        40.4574
           2465           2465        439.576        440.833         40.459
           2466           2466         439.74            441        40.4571
           2467           2467        439.907        441.167        40.4594
           2468           2468        440.078        441.333        40.4607
           2469           2469        440.243          441.5        40.4607
           2470           2470        440.416        441.667        40.4597
           2471           2471        440.588        441.833         40.462
           2472           2472        440.751            442        40.4586
           2473           2473         440.92        442.167        40.4515
           2474           2474        441.079        442.333         40.439
           2475           2475        441.247          442.5        40.4227
           2476           2476        441.419        442.667        40.3961
           2477           2477        441.584        442.833        40.3814
           2478           2478        441.754            443        40.3733
           2479           2479        441.917        443.167          40.37
           2480           2480        442.092        443.333        40.3627
           2481           2481        442.251          443.5        40.3613
           2482           2482        442.418        443.667        40.3589
           2483           2483        442.581        443.833        40.3561
           2484           2484        442.746            444        40.3567
           2485           2485        442.918        444.167        40.3568
           2486           2486         443.09        444.333         40.357
           2487           2487        443.259          444.5        40.3609
           2488           2488        443.432        444.667        40.3896
           2489           2489        443.603        444.833        40.3999
           2490           2490        443.767            445        40.4071
           2491           2491         443.93        445.167        40.4169
           2492           2492        444.102        445.333        40.4183
           2493           2493        444.268          445.5        40.4213
           2494           2494        444.432        445.667        40.4258
           2495           2495        444.603        445.833        40.4339
           2496           2496         444.77            446        40.4476
           2497           2497        444.943        446.167        40.4577
           2498           2498        445.106        446.333        40.4703
           2499           2499        445.279          446.5        40.4847
           2500           2500        445.449        446.667         40.494
           2501           2501        445.608        446.833        40.5004
           2502           2502         445.78            447        40.5038
           2503           2503        445.947        447.167        40.5077
           2504           2504        446.121        447.333        40.5127
           2505           2505        446.287          447.5        40.5184
           2506           2506        446.456        447.667        40.5251
           2507           2507         446.63        447.833        40.5317
           2508           2508        446.797            448        40.5394
           2509           2509        446.963        448.167        40.5272
           2510           2510        447.125        448.333        40.5248
           2511           2511        447.295          448.5         40.527
           2512           2512         447.46        448.667        40.5317
           2513           2513        447.633        448.833        40.5333
           2514           2514        447.799            449        40.5332
           2515           2515         447.97        449.167        40.5329
           2516           2516        448.136        449.333        40.5338
           2517           2517        448.304          449.5        40.5305
           2518           2518        448.465        449.667        40.5321
           2519           2519        448.637        449.833        40.5355
           2520           2520        448.807            450         40.541
           2521           2521        448.973        450.167        40.5436
           2522           2522        449.139        450.333        40.5421
           2523           2523        449.304          450.5        40.5344
           2524           2524        449.472        450.667        40.5246
           2525           2525        449.637        450.833        40.5155
           2526           2526        449.809            451         40.503
           2527           2527        449.981        451.167        40.4887
           2528           2528        450.147        451.333        40.4735
           2529           2529        450.318          451.5        40.4563
           2530           2530         450.48        451.667        40.4445
           2531           2531        450.643        451.833        40.4345
           2532           2532        450.805            452        40.4264
           2533           2533        450.976        452.167         40.401
           2534           2534        451.142        452.333        40.3849
           2535           2535        451.304          452.5        40.3729
           2536           2536        451.471        452.667        40.3656
           2537           2537        451.644        452.833        40.3732
           2538           2538        451.815            453        40.3687
           2539           2539        451.983        453.167        40.3619
           2540           2540        452.149        453.333        40.3519
           2541           2541        452.319          453.5        40.3409
           2542           2542        452.481        453.667        40.3352
           2543           2543        452.645        453.833         40.326
           2544           2544        452.817            454        40.3177
           2545           2545        452.992        454.167        40.3095
           2546           2546        453.157        454.333        40.3025
           2547           2547        453.321          454.5         40.297
           2548           2548        453.489        454.667        40.2934
           2549           2549        453.648        454.833        40.2899
           2550           2550        453.825            455        40.2772
           2551           2551        453.985        455.167         40.266
           2552           2552        454.155        455.333        40.2593
           2553           2553        454.324          455.5        40.2535
           2554           2554        454.488        455.667        40.2583
           2555           2555         454.66        455.833        40.2585
           2556           2556        454.827            456        40.2564
           2557           2557        454.999        456.167        40.2519
           2558           2558        455.168        456.333         40.252
           2559           2559        455.324          456.5        40.2531
           2560           2560        455.496        456.667          40.26
           2561           2561        455.664        456.833        40.2703
           2562           2562        455.832            457        40.2801
           2563           2563        456.008        457.167        40.2872
           2564           2564        456.168        457.333         40.291
           2565           2565        456.331          457.5         40.294
           2566           2566          456.5        457.667        40.2997
           2567           2567        456.672        457.833        40.3062
           2568           2568        456.839            458        40.3146
           2569           2569        457.013        458.167        40.3233
           2570           2570        457.173        458.333        40.3367
           2571           2571        457.342          458.5        40.3473
           2572           2572        457.509        458.667        40.3553
           2573           2573        457.676        458.833         40.362
           2574           2574        457.833            459        40.3638
           2575           2575        458.008        459.167        40.3563
           2576           2576         458.18        459.333        40.3523
           2577           2577         458.35          459.5        40.3497
           2578           2578        458.513        459.667        40.3488
           2579           2579        458.686        459.833        40.3571
           2580           2580        458.847            460        40.3671
           2581           2581        459.021        460.167        40.3766
           2582           2582        459.177        460.333        40.3855
           2583           2583        459.343          460.5        40.3838
           2584           2584        459.512        460.667        40.3924
           2585           2585        459.675        460.833        40.3989
           2586           2586        459.846            461        40.4046
           2587           2587        460.024        461.167         40.438
           2588           2588        460.196        461.333        40.4531
           2589           2589        460.363          461.5        40.4648
           2590           2590        460.527        461.667        40.4749
           2591           2591        460.693        461.833        40.4844
           2592           2592        460.867            462        40.5015
           2593           2593        461.029        462.167        40.5173
           2594           2594        461.191        462.333        40.5281
           2595           2595        461.363          462.5        40.5302
           2596           2596        461.529        462.667        40.5348
           2597           2597        461.703        462.833        40.5401
           2598           2598        461.867            463        40.5445
           2599           2599        462.033        463.167        40.5531
           2600           2600        462.211        463.333        40.5567
           2601           2601        462.382          463.5        40.5616
           2602           2602        462.543        463.667        40.5657
           2603           2603        462.705        463.833        40.5468
           2604           2604        462.875            464        40.5434
           2605           2605        463.039        464.167        40.5413
           2606           2606        463.213        464.333        40.5367
           2607           2607         463.38          464.5        40.5325
           2608           2608        463.545        464.667        40.5398
           2609           2609        463.716        464.833        40.5421
           2610           2610        463.887            465        40.5431
           2611           2611        464.047        465.167        40.5452
           2612           2612        464.219        465.333        40.5401
           2613           2613        464.391          465.5        40.5374
           2614           2614        464.553        465.667        40.5366
           2615           2615        464.719        465.833        40.5357
           2616           2616        464.894            466        40.5362
           2617           2617        465.065        466.167        40.5309
           2618           2618        465.227        466.333        40.5243
           2619           2619        465.399          466.5        40.5189
           2620           2620        465.567        466.667        40.5115
           2621           2621        465.728        466.833        40.5094
           2622           2622        465.901            467        40.5057
           2623           2623        466.067        467.167        40.5012
           2624           2624        466.231        467.333         40.495
           2625           2625        466.399          467.5        40.4918
           2626           2626        466.563        467.667        40.4887
           2627           2627        466.731        467.833        40.4851
           2628           2628        466.903            468        40.4935
           2629           2629        467.076        468.167        40.4947
           2630           2630         467.24        468.333        40.4947
           2631           2631        467.404          468.5         40.496
           2632           2632        467.572        468.667        40.4914
           2633           2633        467.743        468.833        40.4868
           2634           2634        467.909            469        40.4839
           2635           2635        468.076        469.167        40.4851
           2636           2636        468.245        469.333        40.4836
           2637           2637        468.415          469.5        40.4838
           2638           2638         468.58        469.667        40.4833
           2639           2639        468.751        469.833        40.4829
           2640           2640        468.912            470        40.4838
           2641           2641        469.079        470.167          40.48
           2642           2642        469.247        470.333        40.4791
           2643           2643        469.415          470.5        40.4803
           2644           2644        469.583        470.667        40.4814
           2645           2645        469.749        470.833        40.4861
           2646           2646         469.92            471        40.4878
           2647           2647        470.087        471.167        40.4845
           2648           2648        470.256        471.333        40.4773
           2649           2649        470.428          471.5        40.4717
           2650           2650        470.587        471.667        40.4641
           2651           2651        470.764        471.833        40.4551
           2652           2652        470.931            472        40.4452
           2653           2653        471.092        472.167        40.4316
           2654           2654        471.263        472.333        40.4227
           2655           2655        471.428          472.5        40.4151
           2656           2656        471.588        472.667        40.4093
           2657           2657        471.759        472.833        40.3917
           2658           2658        471.927            473        40.3795
           2659           2659        472.096        473.167        40.3713
           2660           2660         472.26        473.333        40.3654
           2661           2661         472.43          473.5        40.3689
           2662           2662        472.598        473.667        40.3666
           2663           2663        472.764        473.833        40.3591
           2664           2664        472.934            474        40.3523
           2665           2665        473.102        474.167        40.3549
           2666           2666        473.266        474.333        40.3563
           2667           2667        473.433          474.5        40.3565
           2668           2668        473.607        474.667        40.3544
           2669           2669        473.774        474.833         40.363
           2670           2670        473.944            475        40.3673
           2671           2671        474.107        475.167        40.3664
           2672           2672        474.269        475.333        40.3626
           2673           2673        474.443          475.5        40.3604
           2674           2674        474.611        475.667        40.3586
           2675           2675        474.782        475.833        40.3547
           2676           2676        474.943            476        40.3542
           2677           2677        475.115        476.167        40.3543
           2678           2678        475.284        476.333        40.3559
           2679           2679        475.452          476.5         40.361
           2680           2680         475.61        476.667        40.3656
           2681           2681        475.784        476.833         40.372
           2682           2682         475.95            477        40.3765
           2683           2683        476.109        477.167        40.3821
           2684           2684        476.284        477.333        40.3856
           2685           2685        476.452          477.5        40.3888
           2686           2686         476.62        477.667        40.4077
           2687           2687        476.792        477.833        40.4186
           2688           2688        476.959            478        40.4294
           2689           2689        477.126        478.167          40.44
           2690           2690        477.292        478.333        40.4348
           2691           2691         477.46          478.5        40.4354
           2692           2692        477.627        478.667        40.4424
           2693           2693        477.787        478.833        40.4525
           2694           2694        477.955            479         40.451
           2695           2695        478.123        479.167        40.4534
           2696           2696        478.293        479.333        40.4606
           2697           2697        478.467          479.5        40.4684
           2698           2698        478.625        479.667        40.4754
           2699           2699        478.788        479.833        40.4852
           2700           2700         478.96            480        40.4953
           2701           2701        479.135        480.167        40.5053
           2702           2702        479.299        480.333        40.5227
           2703           2703        479.461          480.5        40.5325
           2704           2704        479.634        480.667        40.5408
           2705           2705        479.803        480.833        40.5486
           2706           2706        479.966            481        40.5536
           2707           2707        480.139        481.167        40.5555
           2708           2708        480.304        481.333        40.5536
           2709           2709        480.477          481.5        40.5518
           2710           2710        480.637        481.667        40.5493
           2711           2711        480.809        481.833        40.5378
           2712           2712        480.966            482        40.5299
           2713           2713        481.143        482.167        40.5192
           2714           2714         481.31        482.333        40.5032
           2715           2715        481.473          482.5        40.4706
           2716           2716        481.634        482.667         40.452
           2717           2717        481.805        482.833        40.4398
           2718           2718        481.973            483        40.4267
           2719           2719        482.144        483.167        40.4135
           2720           2720        482.306        483.333        40.4017
           2721           2721        482.473          483.5        40.3822
           2722           2722        482.639        483.667        40.3604
           2723           2723          482.8        483.833        40.3324
           2724           2724        482.969            484        40.3089
           2725           2725        483.143        484.167        40.2921
           2726           2726        483.312        484.333        40.2787
           2727           2727        483.469          484.5         40.275
           2728           2728        483.652        484.667        40.2627
           2729           2729        483.808        484.833        40.2471
           2730           2730        483.971            485        40.2346
           2731           2731         484.14        485.167        40.2178
           2732           2732        484.308        485.333        40.1992
           2733           2733        484.474          485.5        40.1783
           2734           2734        484.649        485.667         40.161
           2735           2735        484.819        485.833        40.1668
           2736           2736        484.984            486        40.1616
           2737           2737        485.147        486.167        40.1521
           2738           2738        485.314        486.333        40.1412
           2739           2739        485.489          486.5        40.1257
           2740           2740        485.651        486.667        40.1133
           2741           2741         485.81        486.833        40.1011
           2742           2742        485.978            487        40.0863
           2743           2743        486.152        487.167        40.0752
           2744           2744        486.325        487.333        40.0741
           2745           2745        486.486          487.5        40.0665
           2746           2746        486.655        487.667        40.0539
           2747           2747        486.824        487.833        40.0442
           2748           2748        486.984            488        40.0309
           2749           2749         487.16        488.167        40.0237
           2750           2750        487.318        488.333        40.0163
           2751           2751        487.487          488.5        40.0063
           2752           2752        487.656        488.667        39.9987
           2753           2753        487.828        488.833        39.9867
           2754           2754        487.992            489        39.9724
           2755           2755        488.155        489.167        39.9572
           2756           2756        488.331        489.333        39.9462
           2757           2757        488.499          489.5        39.9318
           2758           2758        488.668        489.667        39.9194
           2759           2759         488.83        489.833        39.9092
           2760           2760        488.993            490        39.8827
           2761           2761        489.162        490.167        39.8655
           2762           2762        489.333        490.333        39.8522
           2763           2763         489.49          490.5        39.8393
           2764           2764        489.669        490.667        39.8382
           2765           2765        489.827        490.833        39.8336
           2766           2766        489.999            491        39.8266
           2767           2767        490.166        491.167         39.821
           2768           2768        490.339        491.333        39.8284
           2769           2769        490.498          491.5        39.8268
           2770           2770        490.667        491.667        39.8194
           2771           2771        490.838        491.833        39.8129
           2772           2772        491.006            492        39.8065
           2773           2773        491.177        492.167         39.812
           2774           2774        491.343        492.333        39.8118
           2775           2775        491.505          492.5        39.8111
           2776           2776        491.679        492.667        39.8122
           2777           2777         491.85        492.833         39.809
           2778           2778        492.006            493        39.8121
           2779           2779         492.18        493.167        39.8152
           2780           2780        492.344        493.333        39.8159
           2781           2781        492.513          493.5         39.819
           2782           2782        492.682        493.667         39.826
           2783           2783         492.85        493.833        39.8333
           2784           2784         493.02            494        39.8404
           2785           2785         493.18        494.167        39.8503
           2786           2786         493.35        494.333         39.857
           2787           2787         493.52          494.5        39.8636
           2788           2788        493.686        494.667        39.8718
           2789           2789        493.851        494.833        39.8759
           2790           2790        494.022            495        39.8747
           2791           2791        494.194        495.167        39.8713
           2792           2792        494.359        495.333        39.8667
           2793           2793        494.525          495.5         39.858
           2794           2794        494.688        495.667        39.8513
           2795           2795        494.863        495.833        39.8454
           2796           2796        495.025            496         39.837
           2797           2797          495.2        496.167         39.817
           2798           2798        495.359        496.333        39.8027
           2799           2799        495.523          496.5          39.79
           2800           2800         495.69        496.667        39.7793
           2801           2801        495.858        496.833        39.7525
           2802           2802        496.023            497        39.7347
           2803           2803        496.194        497.167        39.7228
           2804           2804        496.359        497.333        39.7122
           2805           2805        496.523          497.5        39.6974
           2806           2806         496.69        497.667        39.6874
           2807           2807        496.855        497.833        39.6793
           2808           2808        497.026            498        39.6712
           2809           2809        497.193        498.167        39.6629
           2810           2810        497.358        498.333        39.6581
           2811           2811        497.526          498.5        39.6524
           2812           2812        497.699        498.667        39.6424
           2813           2813        497.861        498.833        39.6288
           2814           2814        498.025            499         39.615
           2815           2815        498.201        499.167        39.5972
           2816           2816        498.362        499.333         39.583
           2817           2817         498.53          499.5        39.5692
           2818           2818        498.698        499.667        39.5469
           2819           2819        498.867        499.833        39.5307
           2820           2820        499.034            500        39.5166
           2821           2821        499.197        500.167        39.5004
           2822           2822        499.364        500.333        39.4781
           2823           2823        499.525          500.5        39.4674
           2824           2824        499.695        500.667        39.4617
           2825           2825        499.866        500.833        39.4569
           2826           2826        500.029            501        39.4671
           2827           2827        500.197        501.167         39.466
           2828           2828         500.37        501.333        39.4635
           2829           2829        500.532          501.5        39.4601
           2830           2830        500.704        501.667        39.4741
           2831           2831        500.876        501.833        39.4817
           2832           2832         501.04            502        39.4906
           2833           2833         501.21        502.167        39.5014
           2834           2834         501.38        502.333          39.51
           2835           2835        501.547          502.5        39.5094
           2836           2836        501.715        502.667        39.5036
           2837           2837        501.881        502.833         39.499
           2838           2838        502.048            503        39.4965
           2839           2839        502.221        503.167        39.4939
           2840           2840        502.388        503.333        39.4924
           2841           2841        502.562          503.5        39.4935
           2842           2842         502.73        503.667        39.4921
           2843           2843        502.889        503.833        39.4641
           2844           2844        503.056            504         39.448
           2845           2845        503.217        504.167        39.4356
           2846           2846        503.392        504.333        39.4258
           2847           2847         503.56          504.5        39.4291
           2848           2848        503.725        504.667        39.4255
           2849           2849        503.897        504.833        39.4206
           2850           2850        504.067            505        39.4171
           2851           2851        504.227        505.167        39.4033
           2852           2852        504.396        505.333        39.3937
           2853           2853        504.557          505.5        39.3893
           2854           2854        504.729        505.667        39.3882
           2855           2855        504.901        505.833        39.4007
           2856           2856        505.071            506        39.3987
           2857           2857        505.235        506.167         39.392
           2858           2858        505.401        506.333        39.3837
           2859           2859        505.571          506.5        39.3782
           2860           2860        505.733        506.667        39.3747
           2861           2861          505.9        506.833        39.3688
           2862           2862        506.076            507        39.3621
           2863           2863        506.241        507.167        39.3555
           2864           2864        506.408        507.333        39.3476
           2865           2865        506.568          507.5         39.342
           2866           2866        506.739        507.667        39.3387
           2867           2867        506.903        507.833        39.3197
           2868           2868        507.079            508        39.3115
           2869           2869        507.246        508.167        39.3111
           2870           2870        507.408        508.333        39.3097
           2871           2871        507.573          508.5        39.3033
           2872           2872        507.743        508.667        39.3005
           2873           2873        507.911        508.833        39.2976
           2874           2874        508.082            509         39.297
           2875           2875        508.246        509.167        39.2968
           2876           2876         508.41        509.333        39.3058
           2877           2877        508.582          509.5         39.313
           2878           2878        508.755        509.667        39.3208
           2879           2879        508.915        509.833        39.3261
           2880           2880        509.082            510        39.3368
           2881           2881        509.246        510.167        39.3449
           2882           2882        509.419        510.333        39.3483
           2883           2883        509.585          510.5         39.348
           2884           2884        509.757        510.667        39.3723
           2885           2885        509.921        510.833        39.3892
           2886           2886        510.094            511        39.4008
           2887           2887        510.261        511.167        39.4105
           2888           2888        510.428        511.333        39.4167
           2889           2889        510.594          511.5        39.4222
           2890           2890        510.764        511.667        39.4267
           2891           2891        510.916        511.833        39.4305
           2892           2892        511.093            512        39.4386
           2893           2893        511.268        512.167         39.446
           2894           2894        511.437        512.333         39.445
           2895           2895        511.596          512.5         39.439
           2896           2896         511.77        512.667         39.428
           2897           2897        511.932        512.833        39.4159
           2898           2898        512.099            513        39.3963
           2899           2899        512.264        513.167        39.3768
           2900           2900        512.432        513.333        39.3491
           2901           2901        512.605          513.5        39.3258
           2902           2902        512.769        513.667         39.305
           2903           2903        512.926        513.833         39.289
           2904           2904        513.098            514        39.2735
           2905           2905        513.266        514.167        39.2342
           2906           2906        513.428        514.333        39.2125
           2907           2907        513.588          514.5        39.1965
           2908           2908        513.761        514.667        39.1843
           2909           2909        513.928        514.833        39.1824
           2910           2910         514.09            515        39.1706
           2911           2911        514.261        515.167         39.157
           2912           2912        514.434        515.333        39.1478
           2913           2913        514.596          515.5        39.1542
           2914           2914         514.76        515.667        39.1507
           2915           2915        514.933        515.833        39.1443
           2916           2916        515.098            516        39.1398
           2917           2917        515.272        516.167        39.1435
           2918           2918        515.435        516.333        39.1453
           2919           2919        515.596          516.5        39.1475
           2920           2920        515.765        516.667        39.1519
           2921           2921        515.939        516.833        39.1575
           2922           2922        516.103            517        39.1627
           2923           2923        516.268        517.167        39.1677
           2924           2924        516.433        517.333        39.1699
           2925           2925        516.602          517.5        39.1795
           2926           2926        516.772        517.667        39.1893
           2927           2927         516.94        517.833        39.1975
           2928           2928        517.108            518        39.1997
           2929           2929        517.277        518.167        39.2053
           2930           2930         517.44        518.333         39.207
           2931           2931        517.613          518.5        39.2066
           2932           2932         517.78        518.667         39.205
           2933           2933        517.943        518.833        39.2019
           2934           2934        518.116            519        39.1992
           2935           2935        518.286        519.167        39.1907
           2936           2936         518.45        519.333        39.1779
           2937           2937        518.613          519.5        39.1658
           2938           2938        518.785        519.667        39.1366
           2939           2939        518.952        519.833        39.1166
           2940           2940        519.116            520        39.1008
           2941           2941        519.286        520.167        39.0855
           2942           2942        519.456        520.333        39.0663
           2943           2943        519.618          520.5        39.0522
           2944           2944        519.784        520.667        39.0387
           2945           2945        519.952        520.833         39.025
           2946           2946        520.117            521        39.0114
           2947           2947        520.279        521.167        38.9996
           2948           2948        520.453        521.333        38.9869
           2949           2949        520.617          521.5         38.976
           2950           2950        520.789        521.667        38.9844
           2951           2951        520.958        521.833        38.9821
           2952           2952         521.12            522        38.9767
           2953           2953        521.289        522.167        38.9704
           2954           2954        521.457        522.333        38.9544
           2955           2955         521.63          522.5         38.933
           2956           2956        521.788        522.667         38.911
           2957           2957        521.953        522.833         38.891
           2958           2958        522.128            523        38.8729
           2959           2959        522.296        523.167        38.8579
           2960           2960        522.465        523.333        38.8456
           2961           2961        522.631          523.5        38.8333
           2962           2962        522.791        523.667        38.7914
           2963           2963        522.955        523.833        38.7647
           2964           2964        523.118            524        38.7464
           2965           2965        523.288        524.167        38.7297
           2966           2966        523.459        524.333        38.7247
           2967           2967        523.624          524.5        38.7175
           2968           2968        523.797        524.667        38.7144
           2969           2969        523.961        524.833        38.7121
           2970           2970        524.125            525        38.7065
           2971           2971        524.287        525.167        38.7002
           2972           2972         524.46        525.333        38.6957
           2973           2973        524.634          525.5        38.6892
           2974           2974        524.792        525.667        38.6956
           2975           2975        524.965        525.833        38.6911
           2976           2976        525.133            526        38.6845
           2977           2977        525.312        526.167        38.6792
           2978           2978        525.468        526.333        38.6685
           2979           2979        525.635          526.5        38.6624
           2980           2980        525.807        526.667        38.6606
           2981           2981        525.971        526.833         38.657
           2982           2982        526.137            527        38.6353
           2983           2983        526.301        527.167        38.6253
           2984           2984        526.473        527.333        38.6178
           2985           2985        526.637          527.5        38.6073
           2986           2986        526.804        527.667        38.5938
           2987           2987        526.972        527.833        38.5794
           2988           2988        527.144            528        38.5676
           2989           2989        527.314        528.167         38.558
           2990           2990        527.472        528.333        38.5365
           2991           2991        527.641          528.5        38.5195
           2992           2992        527.811        528.667        38.5054
           2993           2993         527.98        528.833        38.4912
           2994           2994        528.141            529        38.4669
           2995           2995        528.307        529.167        38.4484
           2996           2996        528.481        529.333        38.4309
           2997           2997        528.653          529.5        38.4136
           2998           2998        528.816        529.667        38.4084
           2999           2999        528.983        529.833        38.3994
           3000           3000        529.149            530        38.3865
           3001           3001        529.316        530.167        38.3727
           3002           3002        529.485        530.333        38.3634
           3003           3003        529.646          530.5        38.3572
           3004           3004        529.822        530.667        38.3525
           3005           3005        529.982        530.833        38.3499
           3006           3006        530.155            531        38.3474
           3007           3007        530.324        531.167        38.3356
           3008           3008        530.488        531.333        38.3199
           3009           3009        530.658          531.5        38.3024
           3010           3010        530.822        531.667        38.2894
           3011           3011        530.999        531.833        38.2747
           3012           3012         531.16            532        38.2608
           3013           3013        531.331        532.167        38.2461
           3014           3014        531.499        532.333        38.2192
           3015           3015         531.66          532.5        38.2001
           3016           3016        531.826        532.667         38.179
           3017           3017        531.994        532.833        38.1569
           3018           3018         532.16            533        38.1352
           3019           3019        532.334        533.167        38.1151
           3020           3020        532.496        533.333        38.0946
           3021           3021         532.67          533.5        38.0737
           3022           3022        532.828        533.667        38.0564
           3023           3023        533.002        533.833        38.0362
           3024           3024        533.168            534        38.0167
           3025           3025        533.331        534.167        37.9998
           3026           3026        533.506        534.333        37.9815
           3027           3027        533.675          534.5        37.9722
           3028           3028        533.835        534.667         37.968
           3029           3029        534.005        534.833        37.9599
           3030           3030        534.173            535        37.9535
           3031           3031        534.341        535.167        37.9479
           3032           3032        534.505        535.333        37.9417
           3033           3033        534.672          535.5         37.935
           3034           3034        534.843        535.667         37.941
           3035           3035        535.005        535.833         37.935
           3036           3036        535.188            536        37.9252
           3037           3037        535.346        536.167        37.9139
           3038           3038         535.51        536.333        37.9052
           3039           3039        535.677          536.5        37.8936
           3040           3040         535.85        536.667        37.8773
           3041           3041        536.011        536.833        37.8592
           3042           3042        536.182            537        37.8391
           3043           3043        536.349        537.167        37.8194
           3044           3044        536.515        537.333        37.7969
           3045           3045        536.683          537.5        37.7754
           3046           3046        536.854        537.667        37.7418
           3047           3047         537.02        537.833        37.7079
           3048           3048        537.182            538         37.676
           3049           3049        537.349        538.167        37.6489
           3050           3050        537.519        538.333        37.6071
           3051           3051         537.69          538.5        37.5736
           3052           3052        537.848        538.667         37.544
           3053           3053        538.022        538.833        37.5149
           3054           3054        538.183            539        37.4784
           3055           3055         538.35        539.167         37.449
           3056           3056        538.511        539.333        37.4257
           3057           3057        538.687          539.5        37.4061
           3058           3058        538.854        539.667        37.4048
           3059           3059        539.015        539.833        37.3946
           3060           3060        539.185            540        37.3808
           3061           3061        539.357        540.167        37.3636
           3062           3062        539.518        540.333        37.3564
           3063           3063         539.69          540.5        37.3444
           3064           3064        539.858        540.667        37.3296
           3065           3065        540.023        540.833        37.3115
           3066           3066          540.2            541        37.3042
           3067           3067        540.367        541.167         37.288
           3068           3068         540.53        541.333        37.2657
           3069           3069        540.695          541.5        37.2412
           3070           3070         540.86        541.667        37.2158
           3071           3071        541.028        541.833        37.1727
           3072           3072        541.202            542          37.15
           3073           3073        541.364        542.167        37.1358
           3074           3074        541.527        542.333        37.1258
           3075           3075        541.696          542.5        37.1108
           3076           3076        541.864        542.667        37.0979
           3077           3077        542.027        542.833        37.0883
           3078           3078        542.198            543        37.0795
           3079           3079        542.359        543.167        37.0936
           3080           3080        542.533        543.333        37.1002
           3081           3081        542.704          543.5        37.1059
           3082           3082        542.875        543.667        37.1115
           3083           3083        543.044        543.833        37.1409
           3084           3084        543.206            544        37.1568
           3085           3085        543.379        544.167        37.1671
           3086           3086        543.545        544.333        37.1764
           3087           3087        543.714          544.5        37.1906
           3088           3088        543.883        544.667        37.2008
           3089           3089        544.049        544.833        37.2123
           3090           3090        544.219            545        37.2288
           3091           3091        544.384        545.167        37.2418
           3092           3092        544.555        545.333        37.2572
           3093           3093        544.719          545.5        37.2714
           3094           3094        544.882        545.667        37.2843
           3095           3095        545.054        545.833        37.3008
           3096           3096        545.218            546        37.3136
           3097           3097        545.383        546.167        37.3195
           3098           3098        545.558        546.333        37.3204
           3099           3099        545.722          546.5        37.3238
           3100           3100        545.891        546.667        37.3291
           3101           3101        546.062        546.833        37.3359
           3102           3102        546.223            547        37.3411
           3103           3103        546.396        547.167        37.3448
           3104           3104        546.562        547.333        37.3314
           3105           3105        546.728          547.5        37.3303
           3106           3106        546.893        547.667        37.3291
           3107           3107        547.054        547.833        37.3243
           3108           3108        547.223            548        37.3148
           3109           3109        547.402        548.167        37.3143
           3110           3110        547.562        548.333        37.3165
           3111           3111        547.735          548.5        37.3159
           3112           3112        547.897        548.667        37.3238
           3113           3113        548.068        548.833        37.3291
           3114           3114        548.238            549        37.3385
           3115           3115        548.399        549.167        37.3481
           3116           3116        548.568        549.333        37.3527
           3117           3117        548.735          549.5        37.3478
           3118           3118        548.912        549.667        37.3358
           3119           3119        549.074        549.833        37.3242
           3120           3120        549.242            550        37.3284
           3121           3121        549.412        550.167        37.3306
           3122           3122        549.584        550.333        37.3319
           3123           3123        549.752          550.5        37.3344
           3124           3124        549.919        550.667        37.3195
           3125           3125        550.082        550.833        37.3127
           3126           3126        550.238            551        37.3053
           3127           3127        550.407        551.167        37.2996
           3128           3128        550.581        551.333        37.3059
           3129           3129         550.75          551.5        37.3158
           3130           3130        550.918        551.667        37.3266
           3131           3131        551.087        551.833        37.3342
           3132           3132        551.251            552        37.3412
           3133           3133        551.422        552.167        37.3424
           3134           3134        551.587        552.333        37.3429
           3135           3135         551.75          552.5        37.3411
           3136           3136        551.926        552.667        37.3409
           3137           3137        552.099        552.833        37.3524
           3138           3138        552.267            553        37.3561
           3139           3139        552.432        553.167         37.362
           3140           3140        552.597        553.333        37.3674
           3141           3141        552.759          553.5          37.35
           3142           3142        552.933        553.667        37.3508
           3143           3143        553.098        553.833        37.3535
           3144           3144        553.263            554        37.3532
           3145           3145        553.435        554.167        37.3582
           3146           3146        553.601        554.333        37.3586
           3147           3147        553.773          554.5        37.3562
           3148           3148        553.943        554.667        37.3521
           3149           3149        554.107        554.833        37.3599
           3150           3150        554.275            555         37.363
           3151           3151        554.448        555.167        37.3612
           3152           3152        554.607        555.333        37.3524
           3153           3153        554.777          555.5        37.3356
           3154           3154        554.939        555.667        37.3378
           3155           3155        555.114        555.833        37.3458
           3156           3156        555.277            556        37.3544
           3157           3157        555.447        556.167        37.3534
           3158           3158        555.619        556.333        37.3419
           3159           3159        555.786          556.5        37.3293
           3160           3160        555.947        556.667        37.3156
           3161           3161        556.109        556.833        37.2879
           3162           3162        556.289            557        37.2647
           3163           3163        556.462        557.167        37.2442
           3164           3164        556.631        557.333        37.2232
           3165           3165        556.795          557.5        37.1787
           3166           3166         556.95        557.667        37.1442
           3167           3167        557.119        557.833         37.115
           3168           3168        557.286            558          37.09
           3169           3169         557.45        558.167        37.0676
           3170           3170        557.615        558.333        37.0231
           3171           3171        557.786          558.5        36.9892
           3172           3172         557.95        558.667        36.9597
           3173           3173        558.118        558.833        36.9303
           3174           3174         558.28            559        36.9056
           3175           3175         558.45        559.167          36.88
           3176           3176         558.62        559.333        36.8536
           3177           3177         558.79          559.5        36.8264
           3178           3178        558.963        559.667        36.8142
           3179           3179        559.122        559.833        36.7917
           3180           3180        559.293            560        36.7652
           3181           3181        559.458        560.167        36.7403
           3182           3182        559.626        560.333         36.714
           3183           3183        559.794          560.5        36.6927
           3184           3184        559.964        560.667         36.668
           3185           3185        560.127        560.833        36.6398
           3186           3186        560.297            561        36.6119
           3187           3187        560.466        561.167         36.582
           3188           3188        560.635        561.333        36.5522
           3189           3189        560.798          561.5        36.5247
           3190           3190        560.967        561.667         36.503
           3191           3191        561.137        561.833        36.4867
           3192           3192        561.302            562        36.4756
           3193           3193        561.465        562.167        36.4678
           3194           3194         561.63        562.333        36.4469
           3195           3195        561.799          562.5        36.4259
           3196           3196        561.962        562.667        36.4037
           3197           3197        562.133        562.833        36.3806
           3198           3198        562.302            563        36.3866
           3199           3199        562.471        563.167          36.38
           3200           3200        562.642        563.333        36.3754
           3201           3201        562.811          563.5        36.3702
           3202           3202        562.981        563.667        36.3643
           3203           3203        563.142        563.833        36.3346
           3204           3204        563.306            564        36.3192
           3205           3205        563.473        564.167        36.3113
           3206           3206         563.64        564.333         36.302
           3207           3207        563.815          564.5        36.3013
           3208           3208        563.985        564.667        36.2881
           3209           3209        564.158        564.833        36.2725
           3210           3210        564.323            565        36.2585
           3211           3211        564.485        565.167        36.2399
           3212           3212        564.649        565.333        36.2272
           3213           3213        564.826          565.5        36.2141
           3214           3214         564.99        565.667        36.2028
           3215           3215        565.158        565.833         36.186
           3216           3216        565.323            566        36.1712
           3217           3217        565.482        566.167        36.1573
           3218           3218        565.657        566.333        36.1459
           3219           3219        565.822          566.5        36.1344
           3220           3220        565.994        566.667        36.1178
           3221           3221        566.157        566.833        36.0996
           3222           3222        566.327            567        36.0808
           3223           3223        566.491        567.167        36.0606
           3224           3224        566.662        567.333        36.0469
           3225           3225        566.829          567.5        36.0362
           3226           3226        566.998        567.667        36.0232
           3227           3227        567.165        567.833        36.0112
           3228           3228        567.325            568        35.9991
           3229           3229        567.494        568.167        35.9809
           3230           3230        567.661        568.333        35.9611
           3231           3231        567.829          568.5        35.9568
           3232           3232        567.995        568.667        35.9457
           3233           3233        568.169        568.833        35.9277
           3234           3234        568.334            569        35.9113
           3235           3235        568.498        569.167        35.8973
           3236           3236        568.667        569.333        35.8844
           3237           3237        568.833          569.5        35.8664
           3238           3238        568.993        569.667        35.8419
           3239           3239        569.166        569.833        35.8181
           3240           3240        569.338            570        35.7919
           3241           3241        569.497        570.167        35.7713
           3242           3242        569.662        570.333        35.7529
           3243           3243        569.835          570.5        35.7322
           3244           3244        570.001        570.667        35.7046
           3245           3245         570.17        570.833        35.6843
           3246           3246        570.333            571        35.6661
           3247           3247        570.494        571.167        35.6505
           3248           3248        570.668        571.333        35.6401
           3249           3249        570.833          571.5        35.6281
           3250           3250        571.005        571.667        35.6125
           3251           3251        571.172        571.833        35.5959
           3252           3252        571.337            572        35.5804
           3253           3253        571.504        572.167        35.5581
           3254           3254        571.677        572.333        35.5365
           3255           3255        571.841          572.5        35.5145
           3256           3256        572.013        572.667         35.482
           3257           3257        572.179        572.833        35.4486
           3258           3258        572.342            573        35.4231
           3259           3259        572.511        573.167        35.4041
           3260           3260        572.675        573.333        35.3616
           3261           3261        572.836          573.5        35.3319
           3262           3262        573.007        573.667         35.304
           3263           3263        573.178        573.833        35.2759
           3264           3264        573.342            574        35.2536
           3265           3265        573.502        574.167        35.2358
           3266           3266        573.673        574.333        35.2207
           3267           3267        573.846          574.5        35.2017
           3268           3268        574.016        574.667        35.1789
           3269           3269         574.18        574.833        35.1601
           3270           3270        574.346            575        35.1315
           3271           3271        574.511        575.167        35.0987
           3272           3272        574.684        575.333        35.0621
           3273           3273        574.852          575.5        35.0165
           3274           3274        575.022        575.667        34.9784
           3275           3275        575.188        575.833        34.9487
           3276           3276        575.358            576        34.9229
           3277           3277        575.511        576.167        34.8689
           3278           3278        575.678        576.333        34.8354
           3279           3279        575.847          576.5         34.802
           3280           3280        576.013        576.667         34.766
           3281           3281        576.175        576.833        34.7297
           3282           3282        576.339            577        34.6939
           3283           3283        576.516        577.167        34.6586
           3284           3284        576.688        577.333         34.618
           3285           3285        576.856          577.5        34.5913
           3286           3286        577.021        577.667        34.5575
           3287           3287        577.186        577.833        34.5226
           3288           3288        577.349            578        34.4874
           3289           3289        577.516        578.167        34.4201
           3290           3290        577.677        578.333        34.3716
           3291           3291        577.853          578.5         34.327
           3292           3292        578.013        578.667        34.2775
           3293           3293        578.174        578.833        34.2221
           3294           3294        578.344            579        34.1696
           3295           3295        578.514        579.167        34.1199
           3296           3296        578.685        579.333        34.0703
           3297           3297        578.845          579.5        34.0188
           3298           3298        579.008        579.667        33.9665
           3299           3299        579.185        579.833        33.9142
           3300           3300        579.343            580        33.8617
           3301           3301        579.509        580.167        33.8089
           3302           3302        579.676        580.333        33.7503
           3303           3303        579.843          580.5        33.7073
           3304           3304        580.012        580.667        33.6698
           3305           3305        580.176        580.833        33.6305
           3306           3306        580.347            581        33.6108
           3307           3307        580.512        581.167        33.5831
           3308           3308         580.68        581.333        33.5499
           3309           3309        580.844          581.5        33.5152
           3310           3310         581.01        581.667        33.4896
           3311           3311        581.182        581.833        33.4515
           3312           3312        581.356            582        33.4116
           3313           3313        581.519        582.167        33.3738
           3314           3314        581.687        582.333        33.3409
           3315           3315        581.863          582.5        33.3021
           3316           3316        582.024        582.667        33.2598
           3317           3317        582.189        582.833        33.2155
           3318           3318        582.354            583        33.1452
           3319           3319        582.518        583.167        33.0923
           3320           3320        582.683        583.333        33.0463
           3321           3321        582.855          583.5        33.0018
           3322           3322        583.022        583.667        32.9605
           3323           3323        583.189        583.833        32.9214
           3324           3324        583.358            584        32.8823
           3325           3325        583.521        584.167        32.8427
           3326           3326        583.691        584.333        32.7934
           3327           3327        583.857          584.5         32.745
           3328           3328        584.026        584.667        32.7054
           3329           3329        584.194        584.833        32.6706
           3330           3330        584.359            585        32.6499
           3331           3331        584.529        585.167        32.6222
           3332           3332        584.701        585.333        32.5957
           3333           3333        584.863          585.5        32.5673
           3334           3334         585.03        585.667        32.5354
           3335           3335        585.191        585.833        32.5074
           3336           3336        585.361            586        32.4821
           3337           3337        585.533        586.167        32.4555
           3338           3338        585.699        586.333        32.4311
           3339           3339         585.87          586.5        32.4289
           3340           3340        586.037        586.667        32.4083
           3341           3341        586.205        586.833        32.3739
           3342           3342         586.37            587        32.3386
           3343           3343        586.537        587.167         32.291
           3344           3344        586.709        587.333        32.2561
           3345           3345        586.875          587.5        32.2218
           3346           3346        587.039        587.667        32.1783
           3347           3347        587.209        587.833        32.1231
           3348           3348        587.385            588        32.0749
           3349           3349        587.538        588.167        32.0266
           3350           3350        587.701        588.333        31.9772
           3351           3351        587.872          588.5         31.901
           3352           3352        588.034        588.667         31.843
           3353           3353        588.214        588.833        31.7921
           3354           3354        588.372            589        31.7479
           3355           3355        588.535        589.167        31.7061
           3356           3356        588.708        589.333        31.6689
           3357           3357        588.873          589.5        31.6339
           3358           3358         589.04        589.667        31.5962
           3359           3359        589.204        589.833         31.559
           3360           3360        589.371            590        31.5056
           3361           3361        589.539        590.167        31.4506
           3362           3362        589.711        590.333        31.3983
           3363           3363        589.884          590.5        31.3658
           3364           3364         590.05        590.667        31.3172
           3365           3365        590.215        590.833        31.2722
           3366           3366        590.388            591        31.2325
           3367           3367        590.547        591.167        31.1969
           3368           3368        590.707        591.333        31.1138
           3369           3369        590.871          591.5        31.0591
           3370           3370        591.042        591.667        31.0135
           3371           3371         591.21        591.833        30.9728
           3372           3372        591.376            592        30.9566
           3373           3373        591.539        592.167        30.9187
           3374           3374        591.716        592.333        30.8769
           3375           3375        591.883          592.5        30.8372
           3376           3376        592.053        592.667         30.824
           3377           3377        592.212        592.833         30.793
           3378           3378         592.38            593        30.7573
           3379           3379         592.55        593.167        30.7182
           3380           3380        592.718        593.333        30.6748
           3381           3381        592.879          593.5        30.6376
           3382           3382        593.048        593.667        30.5998
           3383           3383        593.211        593.833        30.5591
           3384           3384        593.391            594        30.5234
           3385           3385        593.554        594.167        30.4852
           3386           3386        593.717        594.333        30.4392
           3387           3387        593.885          594.5        30.3915
           3388           3388        594.043        594.667        30.3336
           3389           3389        594.213        594.833        30.2857
           3390           3390        594.383            595        30.2421
           3391           3391        594.546        595.167        30.1968
           3392           3392        594.711        595.333        30.1569
           3393           3393        594.883          595.5        30.1241
           3394           3394        595.047        595.667        30.0963
           3395           3395        595.208        595.833        30.0698
           3396           3396        595.384            596        30.0305
           3397           3397        595.541        596.167        29.9895
           3398           3398        595.714        596.333        29.9597
           3399           3399        595.881          596.5        29.9407
           3400           3400        596.044        596.667        29.9206
           3401           3401        596.216        596.833           29.9
           3402           3402        596.388            597        29.8775
           3403           3403        596.556        597.167        29.8493
           3404           3404        596.716        597.333        29.8162
           3405           3405        596.877          597.5         29.784
           3406           3406        597.045        597.667        29.7544
           3407           3407        597.226        597.833         29.725
           3408           3408        597.396            598        29.7019
           3409           3409        597.556        598.167        29.6806
           3410           3410        597.725        598.333        29.6567
           3411           3411        597.888          598.5        29.6245
           3412           3412        598.053        598.667        29.5868
           3413           3413        598.215        598.833        29.5458
           3414           3414        598.385            599        29.5103
           3415           3415        598.552        599.167         29.488
           3416           3416        598.717        599.333        29.4679
           3417           3417        598.891          599.5        29.4389
           3418           3418        599.057        599.667        29.4016
           3419           3419         599.22        599.833        29.3676
           3420           3420        599.386            600        29.3357


Results:
Texts:

  $D60-TN200-V90-TB60
  Heatflow
  D60-TN200-V90-TB60, 1.8600 mg

Sample:
  D60-TN200-V90-TB60, 1.8600 mg
Evaluation:
  


Curve Name:
  !$D60-TN200-V90-TB60
  Sample Weight
Curve Values:
          Index              t             Ts             Tr          Value
                           [s]           [°C]           [°C]            [%]
              0              0         36.872             30        99.9715
              1              1        36.8847        30.1667        99.9587
              2              2        36.8973        30.3333        99.9511
              3              3        36.9399           30.5        99.9471
              4              4         37.002        30.6667        99.9458
              5              5        37.0966        30.8333        99.9502
              6              6        37.1951             31        99.9583
              7              7        37.3092        31.1667        99.9679
              8              8        37.4324        31.3333         99.991
              9              9         37.553           31.5        100.005
             10             10        37.6853        31.6667        100.015
             11             11        37.8241        31.8333        100.023
             12             12        37.9759             32        100.025
             13             13        38.1277        32.1667        100.027
             14             14        38.2925        32.3333        100.028
             15             15        38.4468           32.5        100.028
             16             16        38.6116        32.6667        100.022
             17             17        38.7777        32.8333        100.018
             18             18        38.9346             33        100.014
             19             19        39.1019        33.1667        100.009
             20             20        39.2588        33.3333        100.003
             21             21        39.4457           33.5        99.9981
             22             22        39.6129        33.6667        99.9931
             23             23        39.7946        33.8333         99.988
             24             24        39.9775             34        99.9833
             25             25        40.1434        34.1667        99.9784
             26             26         40.325        34.3333        99.9736
             27             27        40.4935           34.5        99.9687
             28             28        40.6816        34.6667        99.9642
             29             29        40.8605        34.8333        99.9598
             30             30        41.0291             35        99.9554
             31             31        41.2132        35.1667        99.9511
             32             32         41.396        35.3333        99.9476
             33             33        41.5684           35.5        99.9441
             34             34        41.7486        35.6667        99.9405
             35             35        41.9275        35.8333        99.9368
             36             36        42.1051             36        99.9338
             37             37        42.2865        36.1667        99.9306
             38             38         42.455        36.3333        99.9272
             39             39        42.6364           36.5        99.9238
             40             40        42.8127        36.6667        99.9204
             41             41        42.9824        36.8333        99.9172
             42             42        43.1508             37        99.9141
             43             43        43.3349        37.1667        99.9109
             44             44        43.5059        37.3333        99.9079
             45             45        43.6847           37.5        99.9046
             46             46        43.8583        37.6667        99.9013
             47             47        44.0305        37.8333         99.898
             48             48        44.1963             38        99.8945
             49             49        44.3699        38.1667        99.8911
             50             50        44.5461        38.3333        99.8874
             51             51        44.7157           38.5        99.8837
             52             52        44.8853        38.6667        99.8804
             53             53        45.0537        38.8333        99.8771
             54             54        45.2233             39         99.874
             55             55         45.389        39.1667         99.871
             56             56        45.5625        39.3333        99.8683
             57             57        45.7322           39.5        99.8652
             58             58         45.894        39.6667         99.862
             59             59        46.0583        39.8333        99.8587
             60             60        46.2305             40        99.8556
             61             61        46.3962        40.1667        99.8527
             62             62        46.5697        40.3333          99.85
             63             63        46.7354           40.5        99.8474
             64             64        46.9011        40.6667        99.8455
             65             65         47.055        40.8333        99.8432
             66             66        47.2193             41        99.8409
             67             67        47.3785        41.1667        99.8387
             68             68        47.5467        41.3333        99.8367
             69             69        47.7111           41.5        99.8347
             70             70        47.8702        41.6667        99.8327
             71             71        48.0475        41.8333        99.8306
             72             72        48.2184             42        99.8285
             73             73        48.3644        42.1667        99.8261
             74             74        48.5261        42.3333        99.8236
             75             75        48.6957           42.5        99.8212
             76             76        48.8443        42.6667        99.8185
             77             77        49.0216        42.8333        99.8159
             78             78        49.1872             43        99.8135
             79             79        49.3463        43.1667        99.8111
             80             80        49.5145        43.3333         99.809
             81             81         49.671           43.5        99.8067
             82             82        49.8352        43.6667         99.804
             83             83        50.0047        43.8333        99.8012
             84             84        50.1716             44        99.7982
             85             85        50.3423        44.1667        99.7954
             86             86        50.5092        44.3333        99.7927
             87             87        50.6539           44.5        99.7901
             88             88         50.826        44.6667        99.7875
             89             89        50.9941        44.8333        99.7849
             90             90        51.1545             45        99.7823
             91             91        51.3239        45.1667        99.7796
             92             92        51.4816        45.3333        99.7771
             93             93        51.6511           45.5        99.7744
             94             94        51.8101        45.6667        99.7718
             95             95        51.9678        45.8333        99.7693
             96             96        52.1333             46        99.7666
             97             97        52.3027        46.1667        99.7635
             98             98         52.463        46.3333        99.7604
             99             99        52.6194           46.5        99.7575
            100            100        52.7745        46.6667        99.7545
            101            101        52.9439        46.8333        99.7513
            102            102        53.1042             47         99.748
            103            103        53.2645        47.1667        99.7448
            104            104        53.4313        47.3333        99.7416
            105            105        53.5955           47.5        99.7388
            106            106        53.7557        47.6667        99.7361
            107            107        53.9212        47.8333        99.7336
            108            108        54.0815             48        99.7312
            109            109        54.2417        48.1667        99.7292
            110            110        54.4059        48.3333        99.7268
            111            111        54.5649           48.5        99.7242
            112            112        54.7238        48.6667        99.7213
            113            113        54.9023        48.8333         99.718
            114            114        55.0456             49        99.7149
            115            115        55.2176        49.1667         99.712
            116            116        55.3817        49.3333        99.7092
            117            117         55.529           49.5        99.7062
            118            118        55.6944        49.6667        99.7033
            119            119        55.8507        49.8333        99.7004
            120            120        56.0097             50        99.6975
            121            121        56.1751        50.1667        99.6945
            122            122        56.3327        50.3333        99.6911
            123            123        56.4943           50.5        99.6876
            124            124        56.6649        50.6667        99.6843
            125            125        56.8173        50.8333        99.6806
            126            126        56.9762             51        99.6772
            127            127        57.1443        51.1667         99.674
            128            128        57.3032        51.3333        99.6711
            129            129        57.4686           51.5        99.6683
            130            130        57.6301        51.6667         99.666
            131            131        57.7773        51.8333        99.6634
            132            132        57.9375             52        99.6607
            133            133         58.099        52.1667        99.6581
            134            134        58.2566        52.3333        99.6554
            135            135        58.4155           52.5        99.6526
            136            136        58.5809        52.6667        99.6495
            137            137        58.7333        52.8333        99.6464
            138            138        58.8948             53         99.643
            139            139        59.0459        53.1667          99.64
            140            140        59.2086        53.3333        99.6371
            141            141        59.3662           53.5        99.6342
            142            142        59.5277        53.6667        99.6314
            143            143        59.6879        53.8333        99.6287
            144            144        59.8364             54        99.6263
            145            145        59.9952        54.1667         99.624
            146            146        60.1502        54.3333        99.6221
            147            147        60.3234           54.5        99.6201
            148            148        60.4614        54.6667        99.6181
            149            149        60.6229        54.8333        99.6163
            150            150        60.7883             55        99.6144
            151            151        60.9459        55.1667        99.6121
            152            152        61.0982        55.3333        99.6098
            153            153        61.2493           55.5        99.6076
            154            154        61.4055        55.6667        99.6049
            155            155        61.5631        55.8333        99.6022
            156            156         61.722             56        99.5999
            157            157         61.873        56.1667        99.5985
            158            158        62.0384        56.3333        99.5989
            159            159        62.1998           56.5        99.5992
            160            160        62.3391        56.6667        99.5992
            161            161        62.4928        56.8333         99.599
            162            162        62.6543             57        99.5985
            163            163        62.8066        57.1667        99.5982
            164            164        62.9576        57.3333        99.5971
            165            165        63.1152           57.5        99.5955
            166            166         63.274        57.6667        99.5937
            167            167        63.4303        57.8333        99.5899
            168            168          63.58             58        99.5867
            169            169        63.7492        58.1667        99.5837
            170            170        63.9003        58.3333        99.5806
            171            171          64.05           58.5        99.5775
            172            172        64.2062        58.6667        99.5747
            173            173        64.3677        58.8333        99.5722
            174            174        64.5109             59        99.5699
            175            175        64.6671        59.1667        99.5684
            176            176        64.8194        59.3333        99.5664
            177            177        64.9692           59.5        99.5642
            178            178        65.1319        59.6667        99.5617
            179            179        65.2907        59.8333        99.5588
            180            180        65.4339             60        99.5559
            181            181        65.5902        60.1667        99.5529
            182            182        65.7425        60.3333          99.55
            183            183        65.8909           60.5        99.5465
            184            184        66.0445        60.6667        99.5434
            185            185        66.2059        60.8333        99.5405
            186            186         66.353             61        99.5378
            187            187        66.5028        61.1667        99.5353
            188            188        66.6616        61.3333        99.5325
            189            189        66.8113           61.5        99.5299
            190            190        66.9597        61.6667        99.5273
            191            191         67.112        61.8333        99.5253
            192            192        67.2708             62        99.5236
            193            193        67.4114        62.1667        99.5221
            194            194        67.5728        62.3333        99.5206
            195            195        67.7342           62.5        99.5192
            196            196        67.8813        62.6667        99.5186
            197            197        68.0284        62.8333        99.5173
            198            198        68.1872             63        99.5156
            199            199        68.3421        63.1667        99.5137
            200            200        68.4996        63.3333         99.511
            201            201        68.6389           63.5        99.5084
            202            202        68.7951        63.6667        99.5057
            203            203         68.954        63.8333        99.5029
            204            204        69.0958             64        99.4996
            205            205        69.2468        64.1667        99.4967
            206            206        69.4056        64.3333        99.4941
            207            207        69.5462           64.5        99.4915
            208            208        69.7102        64.6667        99.4888
            209            209        69.8573        64.8333         99.486
            210            210        70.0096             65        99.4832
            211            211         70.154        65.1667        99.4804
            212            212        70.3141        65.3333        99.4774
            213            213        70.4703           65.5        99.4746
            214            214        70.6148        65.6667        99.4719
            215            215        70.7658        65.8333        99.4692
            216            216        70.9103             66        99.4669
            217            217        71.0547        66.1667        99.4645
            218            218        71.2122        66.3333        99.4623
            219            219        71.3658           66.5        99.4605
            220            220        71.5168        66.6667        99.4592
            221            221        71.6652        66.8333        99.4573
            222            222        71.8149             67         99.455
            223            223         71.975        67.1667        99.4521
            224            224        72.1169        67.3333        99.4473
            225            225         72.273           67.5        99.4418
            226            226        72.4227        67.6667        99.4358
            227            227        72.5854        67.8333        99.4293
            228            228        72.7273             68        99.4223
            229            229        72.8783        68.1667        99.4129
            230            230         73.024        68.3333        99.4053
            231            231         73.188           68.5        99.3983
            232            232        73.3325        68.6667        99.3915
            233            233        73.4834        68.8333        99.3865
            234            234        73.6331             69        99.3815
            235            235        73.7802        69.1667        99.3767
            236            236        73.9246        69.3333        99.3723
            237            237        74.0756           69.5        99.3697
            238            238        74.2292        69.6667        99.3666
            239            239        74.3776        69.8333        99.3635
            240            240        74.5233             70        99.3604
            241            241        74.6717        70.1667        99.3582
            242            242         74.811        70.3333        99.3554
            243            243        74.9711           70.5        99.3525
            244            244        75.1181        70.6667        99.3497
            245            245        75.2704        70.8333        99.3472
            246            246        75.4136             71        99.3451
            247            247        75.5736        71.1667        99.3434
            248            248        75.7181        71.3333        99.3418
            249            249          75.86           71.5         99.341
            250            250        76.0122        71.6667        99.3396
            251            251        76.1697        71.8333        99.3378
            252            252        76.3037             72        99.3358
            253            253        76.4677        72.1667        99.3332
            254            254        76.6096        72.3333        99.3307
            255            255         76.754           72.5        99.3284
            256            256         76.918        72.6667        99.3262
            257            257        77.0651        72.8333        99.3235
            258            258        77.2043             73        99.3208
            259            259        77.3618        73.1667        99.3182
            260            260        77.5206        73.3333        99.3158
            261            261        77.6481           73.5        99.3134
            262            262        77.7978        73.6667        99.3106
            263            263        77.9552        73.8333        99.3077
            264            264        78.1049             74        99.3049
            265            265        78.2702        74.1667        99.3022
            266            266        78.4016        74.3333        99.2996
            267            267        78.5604           74.5        99.2972
            268            268        78.7009        74.6667        99.2949
            269            269        78.8571        74.8333        99.2926
            270            270        79.0094             75        99.2905
            271            271         79.159        75.1667        99.2879
            272            272        79.3061        75.3333        99.2851
            273            273        79.4571           75.5        99.2824
            274            274        79.6015        75.6667         99.279
            275            275        79.7447        75.8333        99.2761
            276            276        79.9073             76        99.2735
            277            277         80.057        76.1667         99.271
            278            278        80.2002        76.3333        99.2692
            279            279         80.355           76.5        99.2676
            280            280        80.5099        76.6667        99.2662
            281            281        80.6518        76.8333        99.2648
            282            282        80.7962             77        99.2632
            283            283        80.9407        77.1667        99.2609
            284            284        81.0942        77.3333        99.2583
            285            285         81.253           77.5        99.2557
            286            286        81.4118        77.6667        99.2517
            287            287        81.5588        77.8333        99.2488
            288            288        81.7098             78        99.2462
            289            289         81.866        78.1667        99.2439
            290            290         82.013        78.3333         99.242
            291            291        82.1601           78.5        99.2397
            292            292        82.2993        78.6667        99.2373
            293            293        82.4581        78.8333        99.2348
            294            294        82.5973             79        99.2324
            295            295         82.747        79.1667        99.2296
            296            296        82.8888        79.3333        99.2269
            297            297        83.0528           79.5        99.2243
            298            298        83.2064        79.6667        99.2218
            299            299        83.3638        79.8333        99.2194
            300            300        83.5083             80        99.2171
            301            301        83.6567        80.1667        99.2152
            302            302        83.7972        80.3333        99.2135
            303            303        83.9638           80.5        99.2121
            304            304        84.1017        80.6667        99.2105
            305            305        84.2579        80.8333        99.2087
            306            306        84.4036             81        99.2067
            307            307        84.5572        81.1667        99.2045
            308            308         84.703        81.3333        99.2023
            309            309        84.8617           81.5        99.2005
            310            310        85.0127        81.6667         99.199
            311            311        85.1688        81.8333        99.1969
            312            312        85.3094             82        99.1945
            313            313        85.4642        82.1667        99.1922
            314            314        85.6165        82.3333          99.19
            315            315        85.7636           82.5         99.188
            316            316        85.9106        82.6667        99.1857
            317            317        86.0603        82.8333        99.1832
            318            318        86.2177             83        99.1806
            319            319          86.37        83.1667        99.1781
            320            320        86.5197        83.3333         99.175
            321            321        86.6745           83.5        99.1715
            322            322        86.8242        83.6667        99.1678
            323            323        86.9647        83.8333        99.1631
            324            324        87.1143             84        99.1587
            325            325        87.2731        84.1667        99.1543
            326            326        87.4202        84.3333          99.15
            327            327         87.562           84.5        99.1458
            328            328        87.7286        84.6667        99.1415
            329            329        87.8756        84.8333        99.1376
            330            330        88.0331             85        99.1343
            331            331        88.1802        85.1667        99.1316
            332            332        88.3285        85.3333        99.1307
            333            333         88.473           85.5        99.1296
            334            334        88.6291        85.6667        99.1287
            335            335        88.7827        85.8333        99.1281
            336            336        88.9363             86        99.1293
            337            337         89.082        86.1667        99.1299
            338            338        89.2382        86.3333        99.1303
            339            339        89.3878           86.5        99.1306
            340            340        89.5427        86.6667         99.131
            341            341        89.6963        86.8333        99.1311
            342            342         89.842             87        99.1309
            343            343        89.9942        87.1667        99.1305
            344            344        90.1517        87.3333        99.1296
            345            345        90.3027           87.5        99.1287
            346            346         90.451        87.6667        99.1277
            347            347        90.6046        87.8333        99.1267
            348            348        90.7516             88        99.1254
            349            349           90.9        88.1667        99.1241
            350            350        91.0561        88.3333        99.1229
            351            351        91.2084           88.5        99.1216
            352            352        91.3646        88.6667        99.1199
            353            353        91.5155        88.8333        99.1181
            354            354        91.6626             89        99.1166
            355            355        91.8174        89.1667        99.1153
            356            356        91.9723        89.3333        99.1139
            357            357        92.1206           89.5        99.1126
            358            358        92.2807        89.6667        99.1113
            359            359        92.4291        89.8333        99.1102
            360            360        92.5787             90        99.1092
            361            361        92.7349        90.1667        99.1084
            362            362        92.8871        90.3333        99.1074
            363            363        93.0342           90.5        99.1065
            364            364        93.1747        90.6667        99.1058
            365            365        93.3309        90.8333        99.1054
            366            366        93.4949             91         99.105
            367            367        93.6445        91.1667        99.1046
            368            368        93.7916        91.3333        99.1041
            369            369         93.949           91.5        99.1042
            370            370        94.0987        91.6667        99.1039
            371            371        94.2483        91.8333        99.1032
            372            372        94.4058             92        99.1023
            373            373        94.5515        92.1667        99.1012
            374            374         94.709        92.3333           99.1
            375            375        94.8626           92.5        99.0984
            376            376        95.0109        92.6667        99.0966
            377            377        95.1619        92.8333        99.0944
            378            378         95.318             93        99.0925
            379            379        95.4729        93.1667        99.0908
            380            380        95.6226        93.3333        99.0892
            381            381        95.7813           93.5        99.0877
            382            382         95.927        93.6667        99.0861
            383            383         96.078        93.8333        99.0845
            384            384        96.2276             94        99.0828
            385            385        96.3773        94.1667        99.0808
            386            386        96.5321        94.3333        99.0788
            387            387        96.6896           94.5         99.077
            388            388        96.8353        94.6667        99.0753
            389            389        96.9863        94.8333         99.073
            390            390        97.1372             95         99.071
            391            391        97.2934        95.1667        99.0694
            392            392        97.4418        95.3333        99.0678
            393            393         97.594           95.5        99.0667
            394            394        97.7436        95.6667        99.0654
            395            395        97.9102        95.8333        99.0643
            396            396        98.0612             96        99.0634
            397            397        98.2095        96.1667        99.0628
            398            398        98.3566        96.3333        99.0619
            399            399        98.5102           96.5        99.0608
            400            400        98.6598        96.6667        99.0594
            401            401        98.8147        96.8333        99.0567
            402            402        98.9734             97         99.053
            403            403        99.1348        97.1667        99.0478
            404            404        99.2792        97.3333        99.0412
            405            405         99.425           97.5        99.0296
            406            406        99.5824        97.6667        99.0191
            407            407        99.7334        97.8333        99.0087
            408            408        99.8895             98        98.9982
            409            409        100.035        98.1667        98.9858
            410            410        100.197        98.3333        98.9761
            411            411        100.338           98.5        98.9681
            412            412        100.497        98.6667        98.9614
            413            413        100.656        98.8333        98.9605
            414            414        100.807             99        98.9587
            415            415        100.963        99.1667        98.9576
            416            416        101.119        99.3333        98.9569
            417            417        101.277           99.5        98.9604
            418            418         101.42        99.6667        98.9618
            419            419        101.573        99.8333         98.963
            420            420         101.72            100        98.9642
            421            421        101.877        100.167        98.9658
            422            422        102.033        100.333        98.9675
            423            423        102.184          100.5        98.9694
            424            424        102.337        100.667        98.9714
            425            425        102.487        100.833        98.9743
            426            426        102.638            101        98.9769
            427            427        102.802        101.167        98.9793
            428            428        102.954        101.333        98.9818
            429            429        103.106          101.5        98.9845
            430            430        103.269        101.667        98.9868
            431            431        103.406        101.833        98.9889
            432            432        103.564            102        98.9909
            433            433        103.725        102.167        98.9919
            434            434        103.869        102.333         98.993
            435            435         104.03          102.5        98.9942
            436            436        104.181        102.667        98.9952
            437            437        104.341        102.833        98.9948
            438            438        104.505            103        98.9945
            439            439        104.642        103.167        98.9942
            440            440         104.81        103.333        98.9936
            441            441        104.949          103.5        98.9921
            442            442        105.101        103.667        98.9911
            443            443        105.246        103.833        98.9903
            444            444        105.412            104        98.9896
            445            445        105.575        104.167        98.9892
            446            446        105.723        104.333         98.989
            447            447        105.873          104.5        98.9888
            448            448        106.027        104.667        98.9885
            449            449        106.193        104.833        98.9884
            450            450         106.34            105        98.9878
            451            451        106.492        105.167        98.9869
            452            452        106.641        105.333        98.9859
            453            453        106.798          105.5         98.984
            454            454        106.956        105.667        98.9826
            455            455        107.109        105.833        98.9815
            456            456        107.264            106        98.9805
            457            457        107.403        106.167        98.9795
            458            458        107.562        106.333        98.9784
            459            459        107.718          106.5        98.9772
            460            460        107.868        106.667        98.9759
            461            461        108.028        106.833        98.9743
            462            462        108.189            107        98.9727
            463            463         108.34        107.167        98.9708
            464            464        108.498        107.333        98.9688
            465            465        108.651          107.5        98.9662
            466            466        108.796        107.667        98.9641
            467            467        108.956        107.833        98.9622
            468            468        109.113            108        98.9604
            469            469        109.263        108.167        98.9587
            470            470        109.414        108.333        98.9571
            471            471        109.577          108.5        98.9559
            472            472        109.731        108.667        98.9552
            473            473        109.886        108.833        98.9561
            474            474        110.035            109        98.9567
            475            475        110.195        109.167        98.9571
            476            476        110.351        109.333        98.9574
            477            477        110.499          109.5        98.9586
            478            478        110.658        109.667        98.9588
            479            479        110.818        109.833        98.9585
            480            480        110.977            110        98.9577
            481            481        111.127        110.167        98.9552
            482            482         111.28        110.333        98.9531
            483            483        111.436          110.5        98.9511
            484            484        111.585        110.667         98.949
            485            485        111.747        110.833        98.9464
            486            486        111.896            111        98.9443
            487            487        112.048        111.167        98.9425
            488            488        112.209        111.333        98.9406
            489            489        112.367          111.5        98.9392
            490            490        112.515        111.667        98.9376
            491            491        112.678        111.833        98.9359
            492            492        112.829            112        98.9343
            493            493        112.989        112.167        98.9327
            494            494        113.141        112.333        98.9315
            495            495        113.306          112.5        98.9303
            496            496        113.455        112.667        98.9292
            497            497        113.612        112.833         98.928
            498            498        113.764            113        98.9272
            499            499        113.922        113.167         98.926
            500            500        114.078        113.333        98.9243
            501            501         114.23          113.5        98.9223
            502            502        114.385        113.667         98.919
            503            503         114.55        113.833        98.9154
            504            504        114.696            114        98.9116
            505            505        114.852        114.167        98.9077
            506            506        115.005        114.333        98.9022
            507            507        115.157          114.5        98.8978
            508            508        115.329        114.667        98.8937
            509            509        115.478        114.833          98.89
            510            510        115.628            115        98.8873
            511            511        115.788        115.167        98.8849
            512            512        115.947        115.333        98.8831
            513            513        116.095          115.5        98.8818
            514            514         116.26        115.667        98.8826
            515            515        116.417        115.833        98.8829
            516            516         116.57            116        98.8834
            517            517        116.733        116.167        98.8841
            518            518        116.886        116.333        98.8856
            519            519         117.04          116.5        98.8865
            520            520        117.186        116.667        98.8876
            521            521        117.357        116.833        98.8888
            522            522        117.505            117        98.8899
            523            523        117.665        117.167        98.8908
            524            524        117.818        117.333        98.8915
            525            525        117.965          117.5         98.892
            526            526        118.116        117.667        98.8925
            527            527        118.284        117.833        98.8927
            528            528        118.443            118         98.893
            529            529          118.6        118.167        98.8933
            530            530         118.75        118.333        98.8937
            531            531        118.913          118.5        98.8941
            532            532        119.064        118.667        98.8943
            533            533        119.229        118.833        98.8943
            534            534        119.385            119        98.8943
            535            535        119.536        119.167         98.894
            536            536        119.693        119.333        98.8936
            537            537        119.852          119.5        98.8929
            538            538        119.993        119.667        98.8923
            539            539        120.154        119.833        98.8913
            540            540        120.321            120        98.8905
            541            541        120.474        120.167        98.8895
            542            542        120.623        120.333        98.8885
            543            543        120.788          120.5        98.8877
            544            544        120.942        120.667         98.887
            545            545        121.104        120.833         98.886
            546            546        121.258            121        98.8849
            547            547        121.423        121.167        98.8839
            548            548        121.575        121.333        98.8829
            549            549        121.729          121.5        98.8819
            550            550        121.892        121.667        98.8812
            551            551        122.048        121.833        98.8809
            552            552        122.199            122         98.881
            553            553        122.359        122.167        98.8813
            554            554        122.537        122.333        98.8817
            555            555        122.672          122.5        98.8831
            556            556        122.836        122.667         98.884
            557            557        122.982        122.833        98.8848
            558            558         123.14            123        98.8855
            559            559        123.294        123.167         98.886
            560            560        123.447        123.333         98.886
            561            561        123.611          123.5         98.886
            562            562         123.78        123.667        98.8859
            563            563        123.922        123.833        98.8855
            564            564        124.074            124        98.8841
            565            565        124.234        124.167         98.883
            566            566        124.398        124.333        98.8821
            567            567        124.546          124.5        98.8813
            568            568        124.712        124.667        98.8801
            569            569        124.863        124.833         98.879
            570            570        125.023            125        98.8779
            571            571        125.179        125.167         98.877
            572            572        125.335        125.333        98.8763
            573            573        125.496          125.5        98.8757
            574            574        125.645        125.667        98.8753
            575            575        125.798        125.833        98.8751
            576            576        125.961            126        98.8751
            577            577        126.113        126.167        98.8749
            578            578        126.275        126.333        98.8745
            579            579        126.435          126.5        98.8739
            580            580        126.591        126.667         98.873
            581            581        126.752        126.833         98.872
            582            582        126.906            127        98.8706
            583            583        127.061        127.167        98.8689
            584            584        127.217        127.333        98.8663
            585            585        127.374          127.5        98.8642
            586            586        127.533        127.667        98.8622
            587            587        127.692        127.833        98.8604
            588            588        127.837            128        98.8587
            589            589        128.001        128.167        98.8573
            590            590        128.155        128.333        98.8561
            591            591         128.32          128.5        98.8548
            592            592        128.474        128.667        98.8534
            593            593        128.635        128.833        98.8528
            594            594        128.788            129        98.8518
            595            595        128.941        129.167        98.8507
            596            596        129.096        129.333        98.8495
            597            597        129.264          129.5        98.8484
            598            598        129.416        129.667        98.8473
            599            599        129.575        129.833        98.8464
            600            600        129.734            130        98.8457
            601            601        129.887        130.167        98.8453
            602            602        130.047        130.333        98.8447
            603            603        130.209          130.5         98.844
            604            604        130.366        130.667        98.8433
            605            605        130.528        130.833        98.8427
            606            606         130.68            131         98.842
            607            607        130.842        131.167        98.8414
            608            608        130.999        131.333        98.8408
            609            609        131.157          131.5        98.8396
            610            610        131.312        131.667        98.8383
            611            611        131.468        131.833        98.8369
            612            612        131.631            132        98.8354
            613            613        131.789        132.167        98.8328
            614            614        131.941        132.333        98.8306
            615            615        132.105          132.5        98.8287
            616            616         132.26        132.667        98.8269
            617            617        132.413        132.833        98.8251
            618            618        132.582            133        98.8235
            619            619         132.74        133.167        98.8219
            620            620        132.896        133.333        98.8202
            621            621        133.046          133.5        98.8187
            622            622        133.214        133.667        98.8172
            623            623        133.372        133.833        98.8158
            624            624        133.535            134        98.8146
            625            625        133.695        134.167        98.8133
            626            626        133.843        134.333        98.8124
            627            627        133.997          134.5        98.8116
            628            628        134.161        134.667         98.811
            629            629        134.325        134.833        98.8104
            630            630         134.48            135        98.8101
            631            631        134.645        135.167        98.8096
            632            632        134.809        135.333        98.8091
            633            633        134.968          135.5        98.8086
            634            634        135.116        135.667        98.8083
            635            635        135.273        135.833        98.8078
            636            636        135.433            136        98.8072
            637            637        135.591        136.167        98.8067
            638            638        135.745        136.333        98.8063
            639            639        135.909          136.5        98.8059
            640            640        136.059        136.667        98.8053
            641            641        136.224        136.833        98.8047
            642            642        136.387            137        98.8039
            643            643        136.534        137.167         98.803
            644            644          136.7        137.333        98.8019
            645            645        136.858          137.5        98.8008
            646            646        137.013        137.667        98.7993
            647            647        137.183        137.833         98.798
            648            648        137.334            138        98.7967
            649            649        137.494        138.167        98.7954
            650            650        137.658        138.333        98.7944
            651            651        137.806          138.5        98.7936
            652            652        137.974        138.667        98.7929
            653            653        138.134        138.833        98.7922
            654            654        138.283            139        98.7919
            655            655        138.456        139.167        98.7912
            656            656        138.608        139.333        98.7904
            657            657        138.767          139.5        98.7894
            658            658        138.931        139.667        98.7884
            659            659        139.082        139.833         98.787
            660            660        139.243            140         98.786
            661            661        139.402        140.167         98.785
            662            662        139.566        140.333        98.7838
            663            663        139.725          140.5        98.7823
            664            664        139.877        140.667        98.7807
            665            665        140.033        140.833        98.7791
            666            666        140.205            141        98.7776
            667            667        140.362        141.167         98.776
            668            668         140.52        141.333        98.7748
            669            669        140.681          141.5        98.7736
            670            670        140.837        141.667        98.7723
            671            671        141.001        141.833        98.7715
            672            672        141.152            142        98.7704
            673            673        141.318        142.167        98.7692
            674            674        141.473        142.333         98.768
            675            675        141.637          142.5        98.7662
            676            676        141.794        142.667        98.7649
            677            677        141.948        142.833        98.7638
            678            678         142.11            143        98.7627
            679            679        142.269        143.167        98.7618
            680            680        142.432        143.333        98.7609
            681            681        142.597          143.5        98.7602
            682            682        142.749        143.667        98.7593
            683            683        142.915        143.833        98.7587
            684            684        143.069            144        98.7581
            685            685         143.23        144.167        98.7576
            686            686        143.391        144.333        98.7571
            687            687        143.547          144.5        98.7568
            688            688        143.703        144.667        98.7562
            689            689        143.872        144.833        98.7553
            690            690        144.034            145        98.7543
            691            691         144.19        145.167        98.7533
            692            692        144.347        145.333        98.7518
            693            693        144.505          145.5        98.7507
            694            694         144.67        145.667        98.7496
            695            695        144.826        145.833        98.7485
            696            696        144.986            146        98.7475
            697            697        145.145        146.167        98.7468
            698            698          145.3        146.333        98.7463
            699            699        145.463          146.5         98.746
            700            700        145.625        146.667         98.746
            701            701        145.786        146.833        98.7457
            702            702        145.935            147        98.7452
            703            703          146.1        147.167        98.7446
            704            704        146.259        147.333        98.7443
            705            705        146.421          147.5         98.744
            706            706        146.586        147.667        98.7438
            707            707        146.742        147.833        98.7437
            708            708        146.905            148        98.7434
            709            709        147.061        148.167        98.7427
            710            710        147.225        148.333        98.7418
            711            711        147.375          148.5        98.7408
            712            712        147.533        148.667        98.7395
            713            713          147.7        148.833        98.7389
            714            714        147.858            149        98.7386
            715            715        148.014        149.167        98.7383
            716            716         148.18        149.333        98.7385
            717            717        148.339          149.5        98.7382
            718            718        148.502        149.667        98.7374
            719            719        148.655        149.833        98.7364
            720            720        148.824            150        98.7351
            721            721        148.981        150.167        98.7342
            722            722        149.134        150.333        98.7336
            723            723          149.3          150.5         98.733
            724            724        149.454        150.667        98.7323
            725            725        149.621        150.833        98.7315
            726            726        149.776            151        98.7303
            727            727        149.935        151.167        98.7291
            728            728        150.096        151.333        98.7281
            729            729        150.256          151.5        98.7269
            730            730        150.412        151.667        98.7262
            731            731        150.579        151.833        98.7254
            732            732         150.74            152        98.7244
            733            733        150.908        152.167         98.724
            734            734        151.068        152.333         98.723
            735            735        151.224          152.5        98.7218
            736            736        151.384        152.667        98.7207
            737            737        151.548        152.833        98.7192
            738            738        151.706            153        98.7181
            739            739        151.865        153.167        98.7171
            740            740        152.025        153.333        98.7159
            741            741        152.184          153.5        98.7147
            742            742        152.341        153.667         98.713
            743            743        152.502        153.833        98.7112
            744            744        152.662            154        98.7096
            745            745        152.817        154.167        98.7075
            746            746        152.977        154.333        98.7059
            747            747        153.152          154.5        98.7041
            748            748        153.298        154.667        98.7021
            749            749        153.462        154.833        98.7005
            750            750         153.62            155        98.6988
            751            751         153.78        155.167        98.6972
            752            752        153.939        155.333        98.6959
            753            753        154.094          155.5        98.6946
            754            754        154.255        155.667        98.6935
            755            755        154.426        155.833        98.6923
            756            756        154.589            156        98.6907
            757            757        154.741        156.167        98.6889
            758            758        154.904        156.333        98.6873
            759            759        155.069          156.5        98.6858
            760            760        155.229        156.667        98.6845
            761            761        155.388        156.833        98.6832
            762            762        155.553            157        98.6821
            763            763        155.713        157.167         98.681
            764            764        155.881        157.333        98.6798
            765            765        156.038          157.5        98.6785
            766            766        156.195        157.667        98.6777
            767            767        156.363        157.833        98.6772
            768            768        156.517            158         98.677
            769            769        156.672        158.167        98.6768
            770            770        156.826        158.333        98.6766
            771            771        156.991          158.5        98.6757
            772            772        157.158        158.667        98.6746
            773            773         157.32        158.833        98.6735
            774            774         157.48            159        98.6722
            775            775        157.639        159.167        98.6716
            776            776        157.805        159.333        98.6713
            777            777        157.959          159.5        98.6708
            778            778        158.134        159.667        98.6708
            779            779        158.293        159.833        98.6699
            780            780        158.445            160        98.6686
            781            781        158.608        160.167        98.6672
            782            782        158.769        160.333        98.6652
            783            783        158.925          160.5         98.664
            784            784        159.084        160.667         98.663
            785            785        159.247        160.833        98.6621
            786            786        159.407            161        98.6615
            787            787        159.572        161.167        98.6602
            788            788        159.735        161.333        98.6587
            789            789        159.896          161.5        98.6572
            790            790        160.052        161.667        98.6559
            791            791        160.219        161.833         98.654
            792            792        160.374            162        98.6527
            793            793         160.53        162.167        98.6514
            794            794        160.699        162.333          98.65
            795            795        160.863          162.5        98.6492
            796            796         161.01        162.667        98.6481
            797            797        161.182        162.833        98.6473
            798            798        161.347            163        98.6466
            799            799        161.501        163.167        98.6462
            800            800        161.658        163.333         98.646
            801            801         161.82          163.5        98.6454
            802            802         161.98        163.667        98.6444
            803            803        162.148        163.833         98.643
            804            804        162.306            164        98.6409
            805            805        162.468        164.167        98.6387
            806            806        162.632        164.333        98.6368
            807            807        162.797          164.5        98.6338
            808            808        162.953        164.667        98.6319
            809            809        163.108        164.833        98.6303
            810            810        163.268            165        98.6289
            811            811        163.432        165.167        98.6289
            812            812        163.601        165.333        98.6282
            813            813        163.763          165.5        98.6273
            814            814        163.916        165.667        98.6264
            815            815        164.079        165.833        98.6251
            816            816        164.239            166        98.6238
            817            817        164.399        166.167        98.6223
            818            818        164.559        166.333        98.6207
            819            819        164.719          166.5         98.619
            820            820        164.894        166.667        98.6177
            821            821        165.047        166.833        98.6167
            822            822         165.21            167        98.6157
            823            823        165.371        167.167        98.6147
            824            824        165.538        167.333        98.6141
            825            825        165.689          167.5        98.6132
            826            826        165.857        167.667        98.6124
            827            827         166.02        167.833        98.6116
            828            828        166.168            168        98.6109
            829            829        166.333        168.167        98.6106
            830            830          166.5        168.333        98.6103
            831            831        166.655          168.5        98.6101
            832            832        166.823        168.667        98.6107
            833            833        166.983        168.833        98.6111
            834            834        167.142            169        98.6116
            835            835        167.303        169.167         98.612
            836            836        167.476        169.333        98.6125
            837            837        167.634          169.5        98.6129
            838            838        167.796        169.667        98.6131
            839            839        167.959        169.833         98.613
            840            840        168.115            170        98.6119
            841            841        168.274        170.167        98.6105
            842            842        168.437        170.333        98.6089
            843            843        168.594          170.5        98.6072
            844            844        168.755        170.667        98.6044
            845            845        168.926        170.833        98.6026
            846            846        169.085            171        98.6012
            847            847         169.25        171.167        98.5999
            848            848        169.417        171.333        98.5994
            849            849        169.575          171.5        98.5986
            850            850        169.742        171.667        98.5978
            851            851        169.897        171.833        98.5969
            852            852        170.063            172        98.5963
            853            853        170.224        172.167        98.5956
            854            854        170.381        172.333        98.5949
            855            855        170.549          172.5        98.5943
            856            856        170.705        172.667        98.5936
            857            857        170.869        172.833         98.593
            858            858        171.027            173        98.5923
            859            859        171.197        173.167        98.5917
            860            860        171.347        173.333         98.591
            861            861        171.515          173.5        98.5903
            862            862        171.679        173.667        98.5895
            863            863        171.839        173.833        98.5884
            864            864        171.999            174        98.5873
            865            865         172.16        174.167        98.5862
            866            866        172.336        174.333        98.5853
            867            867        172.495          174.5        98.5847
            868            868         172.65        174.667        98.5843
            869            869        172.819        174.833        98.5844
            870            870        172.985            175        98.5846
            871            871        173.143        175.167        98.5849
            872            872        173.302        175.333        98.5852
            873            873        173.471          175.5        98.5857
            874            874        173.636        175.667        98.5858
            875            875        173.795        175.833        98.5856
            876            876        173.958            176        98.5852
            877            877        174.115        176.167         98.584
            878            878        174.283        176.333        98.5829
            879            879        174.446          176.5        98.5818
            880            880         174.61        176.667        98.5807
            881            881        174.766        176.833        98.5793
            882            882        174.927            177         98.578
            883            883        175.095        177.167        98.5769
            884            884        175.255        177.333        98.5757
            885            885        175.417          177.5        98.5747
            886            886        175.585        177.667        98.5736
            887            887        175.746        177.833        98.5726
            888            888        175.906            178        98.5716
            889            889        176.071        178.167        98.5707
            890            890        176.235        178.333        98.5699
            891            891        176.401          178.5        98.5689
            892            892        176.558        178.667        98.5677
            893            893        176.722        178.833        98.5665
            894            894        176.877            179        98.5653
            895            895        177.044        179.167        98.5642
            896            896        177.205        179.333        98.5632
            897            897        177.373          179.5        98.5623
            898            898        177.533        179.667        98.5615
            899            899          177.7        179.833        98.5604
            900            900        177.865            180        98.5589
            901            901        178.026        180.167        98.5571
            902            902        178.193        180.333         98.555
            903            903        178.343          180.5        98.5529
            904            904        178.517        180.667        98.5508
            905            905        178.685        180.833        98.5487
            906            906        178.838            181        98.5464
            907            907        179.006        181.167        98.5445
            908            908        179.157        181.333        98.5428
            909            909        179.327          181.5        98.5413
            910            910        179.487        181.667        98.5402
            911            911        179.644        181.833        98.5389
            912            912        179.817            182        98.5377
            913            913        179.986        182.167        98.5367
            914            914        180.145        182.333        98.5363
            915            915        180.309          182.5         98.536
            916            916        180.472        182.667        98.5359
            917            917        180.636        182.833        98.5358
            918            918        180.796            183         98.536
            919            919        180.953        183.167        98.5356
            920            920        181.115        183.333        98.5349
            921            921        181.284          183.5         98.534
            922            922        181.452        183.667        98.5328
            923            923         181.62        183.833        98.5307
            924            924        181.779            184        98.5294
            925            925        181.943        184.167        98.5283
            926            926        182.113        184.333        98.5273
            927            927        182.264          184.5        98.5266
            928            928        182.432        184.667        98.5258
            929            929        182.589        184.833        98.5247
            930            930        182.746            185        98.5237
            931            931        182.912        185.167        98.5228
            932            932        183.079        185.333        98.5217
            933            933        183.248          185.5        98.5206
            934            934        183.407        185.667        98.5194
            935            935        183.563        185.833        98.5177
            936            936        183.726            186        98.5159
            937            937        183.892        186.167        98.5141
            938            938        184.051        186.333        98.5123
            939            939        184.214          186.5          98.51
            940            940        184.379        186.667        98.5083
            941            941        184.546        186.833        98.5069
            942            942        184.714            187        98.5057
            943            943        184.871        187.167        98.5051
            944            944        185.044        187.333        98.5042
            945            945        185.209          187.5        98.5033
            946            946        185.367        187.667        98.5025
            947            947        185.536        187.833        98.5021
            948            948        185.697            188        98.5019
            949            949        185.855        188.167        98.5016
            950            950        186.027        188.333        98.5013
            951            951        186.189          188.5        98.5011
            952            952        186.355        188.667        98.5003
            953            953        186.519        188.833        98.4992
            954            954        186.681            189         98.498
            955            955        186.848        189.167        98.4967
            956            956        187.012        189.333        98.4946
            957            957        187.171          189.5        98.4932
            958            958        187.336        189.667        98.4922
            959            959        187.501        189.833        98.4915
            960            960        187.659            190        98.4917
            961            961        187.828        190.167        98.4917
            962            962         187.99        190.333        98.4914
            963            963        188.154          190.5        98.4912
            964            964        188.314        190.667        98.4914
            965            965        188.471        190.833        98.4913
            966            966        188.642            191        98.4912
            967            967        188.811        191.167         98.491
            968            968        188.974        191.333        98.4905
            969            969        189.127          191.5        98.4904
            970            970         189.29        191.667        98.4907
            971            971        189.456        191.833        98.4913
            972            972        189.626            192        98.4927
            973            973        189.786        192.167         98.494
            974            974        189.951        192.333        98.4952
            975            975        190.114          192.5        98.4961
            976            976        190.284        192.667        98.4971
            977            977        190.443        192.833        98.4974
            978            978        190.606            193        98.4973
            979            979         190.77        193.167        98.4971
            980            980        190.934        193.333        98.4953
            981            981        191.102          193.5        98.4944
            982            982        191.264        193.667        98.4935
            983            983        191.434        193.833        98.4927
            984            984        191.591            194         98.492
            985            985         191.76        194.167        98.4912
            986            986        191.927        194.333        98.4906
            987            987        192.086          194.5        98.4899
            988            988        192.256        194.667        98.4894
            989            989        192.414        194.833         98.489
            990            990        192.583            195        98.4886
            991            991        192.737        195.167        98.4881
            992            992        192.914        195.333        98.4876
            993            993        193.071          195.5        98.4873
            994            994         193.24        195.667         98.487
            995            995        193.399        195.833        98.4865
            996            996        193.568            196        98.4861
            997            997         193.73        196.167        98.4862
            998            998        193.899        196.333        98.4862
            999            999        194.055          196.5        98.4862
           1000           1000        194.218        196.667        98.4862
           1001           1001        194.388        196.833        98.4866
           1002           1002        194.556            197        98.4866
           1003           1003        194.721        197.167        98.4864
           1004           1004        194.875        197.333         98.486
           1005           1005        195.039          197.5         98.485
           1006           1006        195.203        197.667         98.484
           1007           1007        195.366        197.833        98.4829
           1008           1008        195.534            198        98.4819
           1009           1009        195.692        198.167        98.4803
           1010           1010         195.86        198.333         98.479
           1011           1011        196.027          198.5        98.4777
           1012           1012        196.192        198.667        98.4765
           1013           1013        196.359        198.833        98.4755
           1014           1014        196.515            199        98.4745
           1015           1015        196.688        199.167        98.4736
           1016           1016        196.847        199.333        98.4728
           1017           1017        197.007          199.5        98.4723
           1018           1018        197.174        199.667         98.472
           1019           1019        197.339        199.833        98.4717
           1020           1020        197.498            200        98.4716
           1021           1021         197.66        200.167        98.4716
           1022           1022        197.832        200.333        98.4721
           1023           1023        197.996          200.5        98.4723
           1024           1024        198.159        200.667        98.4724
           1025           1025        198.322        200.833        98.4725
           1026           1026        198.477            201        98.4725
           1027           1027        198.644        201.167        98.4726
           1028           1028        198.818        201.333        98.4725
           1029           1029        198.987          201.5        98.4724
           1030           1030        199.149        201.667        98.4719
           1031           1031        199.317        201.833        98.4714
           1032           1032        199.476            202        98.4709
           1033           1033         199.64        202.167        98.4702
           1034           1034          199.8        202.333        98.4689
           1035           1035        199.963          202.5        98.4675
           1036           1036        200.126        202.667        98.4662
           1037           1037        200.292        202.833        98.4649
           1038           1038        200.458            203        98.4634
           1039           1039        200.619        203.167         98.462
           1040           1040        200.787        203.333        98.4607
           1041           1041        200.951          203.5        98.4596
           1042           1042        201.116        203.667        98.4595
           1043           1043        201.278        203.833        98.4592
           1044           1044        201.442            204        98.4589
           1045           1045        201.604        204.167        98.4584
           1046           1046         201.77        204.333        98.4579
           1047           1047        201.936          204.5         98.457
           1048           1048        202.101        204.667        98.4562
           1049           1049        202.263        204.833        98.4555
           1050           1050        202.424            205        98.4542
           1051           1051        202.596        205.167        98.4533
           1052           1052         202.76        205.333        98.4525
           1053           1053         202.92          205.5        98.4515
           1054           1054        203.088        205.667        98.4504
           1055           1055        203.249        205.833        98.4494
           1056           1056        203.413            206        98.4485
           1057           1057        203.583        206.167        98.4479
           1058           1058        203.747        206.333        98.4475
           1059           1059        203.911          206.5        98.4471
           1060           1060        204.072        206.667        98.4467
           1061           1061        204.247        206.833        98.4464
           1062           1062         204.41            207        98.4459
           1063           1063        204.576        207.167        98.4457
           1064           1064        204.733        207.333        98.4455
           1065           1065        204.892          207.5        98.4454
           1066           1066         205.07        207.667        98.4452
           1067           1067         205.23        207.833        98.4448
           1068           1068        205.388            208        98.4443
           1069           1069        205.557        208.167         98.444
           1070           1070        205.724        208.333        98.4439
           1071           1071        205.889          208.5        98.4432
           1072           1072        206.053        208.667        98.4424
           1073           1073        206.225        208.833        98.4415
           1074           1074        206.385            209        98.4406
           1075           1075        206.542        209.167        98.4395
           1076           1076        206.713        209.333        98.4387
           1077           1077        206.878          209.5        98.4381
           1078           1078        207.046        209.667        98.4375
           1079           1079        207.204        209.833        98.4372
           1080           1080        207.372            210        98.4368
           1081           1081        207.529        210.167        98.4361
           1082           1082        207.698        210.333        98.4353
           1083           1083        207.865          210.5        98.4347
           1084           1084        208.025        210.667         98.434
           1085           1085        208.189        210.833        98.4331
           1086           1086        208.359            211        98.4321
           1087           1087        208.525        211.167        98.4312
           1088           1088         208.69        211.333        98.4303
           1089           1089        208.849          211.5        98.4296
           1090           1090        209.022        211.667        98.4291
           1091           1091        209.187        211.833        98.4286
           1092           1092        209.342            212        98.4288
           1093           1093        209.513        212.167        98.4286
           1094           1094        209.679        212.333        98.4282
           1095           1095        209.843          212.5        98.4276
           1096           1096        210.009        212.667        98.4269
           1097           1097        210.163        212.833        98.4264
           1098           1098        210.327            213        98.4259
           1099           1099        210.495        213.167        98.4255
           1100           1100         210.67        213.333        98.4248
           1101           1101        210.836          213.5         98.424
           1102           1102        210.994        213.667        98.4228
           1103           1103        211.162        213.833        98.4215
           1104           1104        211.323            214        98.4202
           1105           1105        211.491        214.167        98.4194
           1106           1106        211.651        214.333        98.4188
           1107           1107        211.822          214.5        98.4183
           1108           1108        211.981        214.667         98.418
           1109           1109         212.15        214.833        98.4172
           1110           1110        212.312            215         98.416
           1111           1111        212.488        215.167        98.4147
           1112           1112        212.652        215.333        98.4133
           1113           1113         212.82          215.5        98.4122
           1114           1114        212.983        215.667        98.4113
           1115           1115        213.148        215.833        98.4104
           1116           1116        213.312            216        98.4099
           1117           1117        213.468        216.167        98.4092
           1118           1118        213.645        216.333        98.4086
           1119           1119        213.812          216.5        98.4079
           1120           1120        213.977        216.667        98.4072
           1121           1121        214.144        216.833        98.4064
           1122           1122        214.312            217        98.4054
           1123           1123        214.464        217.167        98.4042
           1124           1124        214.638        217.333        98.4028
           1125           1125        214.805          217.5        98.4011
           1126           1126        214.972        217.667        98.3996
           1127           1127        215.137        217.833        98.3983
           1128           1128        215.294            218        98.3971
           1129           1129        215.469        218.167        98.3962
           1130           1130         215.63        218.333        98.3954
           1131           1131        215.797          218.5        98.3945
           1132           1132        215.963        218.667        98.3935
           1133           1133        216.129        218.833        98.3925
           1134           1134        216.302            219        98.3913
           1135           1135        216.469        219.167        98.3901
           1136           1136         216.63        219.333        98.3888
           1137           1137        216.794          219.5        98.3867
           1138           1138        216.958        219.667        98.3849
           1139           1139        217.122        219.833        98.3831
           1140           1140        217.283            220        98.3813
           1141           1141        217.441        220.167        98.3797
           1142           1142        217.617        220.333        98.3783
           1143           1143        217.784          220.5        98.3767
           1144           1144        217.947        220.667        98.3753
           1145           1145        218.114        220.833        98.3744
           1146           1146        218.278            221        98.3734
           1147           1147        218.444        221.167        98.3722
           1148           1148        218.603        221.333         98.371
           1149           1149        218.771          221.5        98.3697
           1150           1150        218.938        221.667        98.3682
           1151           1151        219.103        221.833        98.3667
           1152           1152        219.271            222        98.3651
           1153           1153        219.441        222.167        98.3635
           1154           1154          219.6        222.333        98.3619
           1155           1155        219.759          222.5        98.3605
           1156           1156        219.923        222.667        98.3592
           1157           1157        220.096        222.833        98.3579
           1158           1158        220.267            223        98.3572
           1159           1159        220.429        223.167        98.3561
           1160           1160        220.601        223.333        98.3548
           1161           1161        220.766          223.5        98.3534
           1162           1162        220.921        223.667        98.3529
           1163           1163        221.094        223.833        98.3531
           1164           1164        221.262            224        98.3537
           1165           1165         221.42        224.167        98.3546
           1166           1166        221.592        224.333        98.3567
           1167           1167        221.747          224.5        98.3577
           1168           1168        221.916        224.667        98.3584
           1169           1169        222.089        224.833        98.3589
           1170           1170        222.244            225        98.3586
           1171           1171        222.418        225.167        98.3582
           1172           1172        222.577        225.333        98.3576
           1173           1173        222.741          225.5        98.3568
           1174           1174        222.909        225.667        98.3549
           1175           1175        223.074        225.833        98.3534
           1176           1176        223.245            226         98.352
           1177           1177        223.411        226.167        98.3507
           1178           1178        223.578        226.333         98.349
           1179           1179        223.747          226.5        98.3474
           1180           1180        223.901        226.667        98.3457
           1181           1181        224.065        226.833        98.3439
           1182           1182        224.233            227        98.3419
           1183           1183        224.399        227.167        98.3399
           1184           1184        224.576        227.333        98.3377
           1185           1185        224.733          227.5        98.3353
           1186           1186        224.899        227.667        98.3328
           1187           1187        225.059        227.833        98.3299
           1188           1188        225.231            228        98.3272
           1189           1189        225.398        228.167        98.3249
           1190           1190        225.575        228.333        98.3228
           1191           1191         225.73          228.5        98.3211
           1192           1192        225.897        228.667        98.3194
           1193           1193        226.061        228.833        98.3178
           1194           1194        226.227            229        98.3162
           1195           1195        226.397        229.167        98.3152
           1196           1196        226.557        229.333        98.3137
           1197           1197        226.723          229.5        98.3121
           1198           1198        226.895        229.667        98.3104
           1199           1199        227.057        229.833        98.3083
           1200           1200        227.225            230        98.3065
           1201           1201        227.389        230.167        98.3046
           1202           1202        227.556        230.333        98.3026
           1203           1203        227.721          230.5        98.3005
           1204           1204        227.892        230.667        98.2982
           1205           1205        228.048        230.833        98.2954
           1206           1206        228.224            231        98.2923
           1207           1207        228.384        231.167        98.2884
           1208           1208        228.554        231.333        98.2846
           1209           1209        228.725          231.5        98.2806
           1210           1210        228.885        231.667        98.2767
           1211           1211        229.046        231.833        98.2727
           1212           1212        229.219            232        98.2689
           1213           1213        229.392        232.167        98.2651
           1214           1214        229.553        232.333        98.2615
           1215           1215        229.718          232.5        98.2586
           1216           1216        229.883        232.667        98.2556
           1217           1217        230.045        232.833        98.2527
           1218           1218        230.209            233        98.2499
           1219           1219        230.382        233.167         98.247
           1220           1220        230.543        233.333        98.2443
           1221           1221        230.714          233.5        98.2414
           1222           1222        230.887        233.667        98.2385
           1223           1223        231.046        233.833        98.2356
           1224           1224        231.208            234        98.2324
           1225           1225        231.376        234.167        98.2295
           1226           1226        231.543        234.333        98.2266
           1227           1227        231.709          234.5        98.2238
           1228           1228        231.876        234.667        98.2211
           1229           1229        232.051        234.833        98.2182
           1230           1230        232.207            235        98.2152
           1231           1231        232.377        235.167         98.212
           1232           1232        232.545        235.333        98.2087
           1233           1233        232.714          235.5        98.2055
           1234           1234        232.877        235.667        98.2021
           1235           1235        233.036        235.833        98.1986
           1236           1236        233.213            236        98.1951
           1237           1237        233.374        236.167         98.192
           1238           1238        233.541        236.333        98.1891
           1239           1239        233.701          236.5        98.1862
           1240           1240         233.87        236.667        98.1839
           1241           1241        234.032        236.833        98.1813
           1242           1242        234.205            237        98.1784
           1243           1243        234.369        237.167        98.1754
           1244           1244        234.534        237.333        98.1725
           1245           1245        234.703          237.5        98.1697
           1246           1246        234.875        237.667        98.1668
           1247           1247         235.03        237.833        98.1638
           1248           1248        235.203            238        98.1607
           1249           1249        235.366        238.167        98.1578
           1250           1250        235.529        238.333        98.1549
           1251           1251          235.7          238.5        98.1521
           1252           1252        235.864        238.667        98.1493
           1253           1253         236.03        238.833        98.1467
           1254           1254        236.203            239        98.1441
           1255           1255        236.366        239.167        98.1415
           1256           1256        236.531        239.333        98.1393
           1257           1257        236.698          239.5        98.1369
           1258           1258         236.86        239.667        98.1345
           1259           1259        237.028        239.833        98.1321
           1260           1260        237.196            240        98.1301
           1261           1261        237.359        240.167         98.128
           1262           1262        237.531        240.333        98.1256
           1263           1263        237.692          240.5         98.123
           1264           1264        237.861        240.667          98.12
           1265           1265        238.028        240.833         98.117
           1266           1266        238.194            241        98.1141
           1267           1267        238.364        241.167        98.1112
           1268           1268        238.533        241.333        98.1079
           1269           1269        238.702          241.5        98.1053
           1270           1270        238.865        241.667        98.1028
           1271           1271        239.035        241.833        98.1004
           1272           1272        239.202            242        98.0983
           1273           1273        239.369        242.167        98.0955
           1274           1274        239.531        242.333        98.0925
           1275           1275        239.702          242.5        98.0894
           1276           1276        239.874        242.667        98.0857
           1277           1277        240.031        242.833        98.0827
           1278           1278          240.2            243        98.0803
           1279           1279        240.364        243.167        98.0779
           1280           1280        240.534        243.333         98.076
           1281           1281        240.709          243.5        98.0739
           1282           1282        240.878        243.667        98.0718
           1283           1283         241.04        243.833        98.0697
           1284           1284        241.201            244        98.0676
           1285           1285        241.378        244.167        98.0654
           1286           1286        241.537        244.333        98.0631
           1287           1287          241.7          244.5        98.0607
           1288           1288        241.864        244.667        98.0582
           1289           1289         242.04        244.833        98.0556
           1290           1290        242.204            245        98.0529
           1291           1291        242.373        245.167        98.0502
           1292           1292        242.537        245.333        98.0475
           1293           1293        242.702          245.5        98.0449
           1294           1294        242.869        245.667        98.0422
           1295           1295        243.037        245.833        98.0395
           1296           1296        243.201            246        98.0366
           1297           1297        243.369        246.167        98.0336
           1298           1298        243.544        246.333        98.0306
           1299           1299         243.71          246.5        98.0275
           1300           1300        243.872        246.667         98.024
           1301           1301        244.039        246.833        98.0207
           1302           1302        244.208            247        98.0174
           1303           1303        244.372        247.167        98.0141
           1304           1304        244.543        247.333        98.0106
           1305           1305        244.699          247.5         98.007
           1306           1306        244.867        247.667        98.0033
           1307           1307        245.037        247.833        97.9996
           1308           1308        245.199            248        97.9961
           1309           1309        245.371        248.167        97.9931
           1310           1310        245.536        248.333        97.9902
           1311           1311        245.705          248.5        97.9872
           1312           1312        245.871        248.667        97.9844
           1313           1313        246.049        248.833        97.9812
           1314           1314        246.206            249         97.978
           1315           1315        246.376        249.167        97.9747
           1316           1316        246.541        249.333        97.9703
           1317           1317        246.708          249.5        97.9662
           1318           1318        246.872        249.667        97.9623
           1319           1319        247.049        249.833        97.9584
           1320           1320         247.21            250        97.9543
           1321           1321        247.378        250.167        97.9503
           1322           1322        247.542        250.333        97.9462
           1323           1323        247.706          250.5         97.942
           1324           1324        247.876        250.667        97.9378
           1325           1325        248.047        250.833        97.9335
           1326           1326         248.21            251        97.9292
           1327           1327        248.382        251.167        97.9249
           1328           1328        248.544        251.333        97.9204
           1329           1329        248.716          251.5        97.9163
           1330           1330         248.88        251.667        97.9125
           1331           1331        249.048        251.833        97.9089
           1332           1332        249.217            252        97.9056
           1333           1333         249.38        252.167         97.902
           1334           1334        249.556        252.333         97.898
           1335           1335        249.715          252.5        97.8939
           1336           1336        249.882        252.667        97.8895
           1337           1337        250.036        252.833        97.8853
           1338           1338        250.209            253         97.881
           1339           1339        250.387        253.167        97.8767
           1340           1340        250.551        253.333        97.8721
           1341           1341        250.717          253.5        97.8675
           1342           1342        250.877        253.667        97.8628
           1343           1343        251.047        253.833         97.858
           1344           1344        251.209            254        97.8531
           1345           1345        251.375        254.167        97.8485
           1346           1346        251.549        254.333         97.844
           1347           1347        251.714          254.5        97.8395
           1348           1348        251.877        254.667        97.8352
           1349           1349        252.046        254.833         97.831
           1350           1350        252.216            255        97.8269
           1351           1351         252.38        255.167        97.8228
           1352           1352        252.548        255.333        97.8186
           1353           1353         252.72          255.5        97.8139
           1354           1354        252.884        255.667         97.809
           1355           1355        253.051        255.833        97.8038
           1356           1356        253.224            256        97.7986
           1357           1357        253.389        256.167        97.7921
           1358           1358        253.549        256.333        97.7862
           1359           1359        253.716          256.5        97.7805
           1360           1360        253.881        256.667        97.7748
           1361           1361        254.052        256.833        97.7693
           1362           1362        254.218            257         97.764
           1363           1363        254.391        257.167        97.7591
           1364           1364        254.563        257.333        97.7542
           1365           1365        254.723          257.5        97.7495
           1366           1366        254.897        257.667        97.7446
           1367           1367        255.059        257.833        97.7395
           1368           1368        255.225            258        97.7344
           1369           1369        255.393        258.167        97.7291
           1370           1370        255.559        258.333         97.724
           1371           1371        255.723          258.5        97.7189
           1372           1372        255.895        258.667        97.7137
           1373           1373        256.056        258.833        97.7087
           1374           1374        256.224            259        97.7039
           1375           1375        256.392        259.167        97.6992
           1376           1376        256.561        259.333        97.6943
           1377           1377        256.724          259.5        97.6891
           1378           1378        256.897        259.667        97.6836
           1379           1379        257.065        259.833        97.6777
           1380           1380        257.223            260        97.6718
           1381           1381        257.398        260.167        97.6649
           1382           1382        257.564        260.333        97.6583
           1383           1383         257.73          260.5        97.6518
           1384           1384        257.896        260.667        97.6454
           1385           1385        258.071        260.833        97.6391
           1386           1386        258.229            261        97.6328
           1387           1387        258.403        261.167        97.6263
           1388           1388         258.57        261.333        97.6201
           1389           1389        258.734          261.5        97.6145
           1390           1390        258.915        261.667        97.6099
           1391           1391        259.074        261.833        97.6051
           1392           1392        259.232            262           97.6
           1393           1393        259.404        262.167        97.5947
           1394           1394        259.576        262.333        97.5903
           1395           1395        259.748          262.5        97.5851
           1396           1396        259.915        262.667        97.5794
           1397           1397        260.079        262.833        97.5735
           1398           1398        260.245            263        97.5661
           1399           1399        260.416        263.167        97.5594
           1400           1400        260.578        263.333        97.5528
           1401           1401        260.746          263.5        97.5463
           1402           1402        260.912        263.667        97.5396
           1403           1403        261.078        263.833        97.5332
           1404           1404        261.246            264        97.5268
           1405           1405        261.418        264.167        97.5204
           1406           1406        261.577        264.333        97.5143
           1407           1407        261.746          264.5        97.5081
           1408           1408        261.912        264.667         97.502
           1409           1409        262.086        264.833        97.4958
           1410           1410         262.25            265        97.4893
           1411           1411        262.415        265.167        97.4829
           1412           1412        262.585        265.333        97.4765
           1413           1413        262.753          265.5          97.47
           1414           1414        262.918        265.667        97.4632
           1415           1415        263.083        265.833        97.4566
           1416           1416        263.255            266        97.4499
           1417           1417        263.421        266.167        97.4433
           1418           1418        263.579        266.333        97.4365
           1419           1419         263.75          266.5        97.4294
           1420           1420         263.92        266.667        97.4222
           1421           1421        264.087        266.833        97.4149
           1422           1422        264.252            267        97.4078
           1423           1423        264.419        267.167        97.4002
           1424           1424        264.592        267.333        97.3929
           1425           1425         264.76          267.5        97.3857
           1426           1426        264.927        267.667        97.3786
           1427           1427        265.092        267.833        97.3716
           1428           1428        265.259            268        97.3642
           1429           1429        265.425        268.167        97.3566
           1430           1430        265.588        268.333        97.3491
           1431           1431        265.761          268.5        97.3412
           1432           1432        265.934        268.667        97.3336
           1433           1433        266.093        268.833         97.326
           1434           1434         266.26            269        97.3184
           1435           1435        266.433        269.167         97.311
           1436           1436        266.594        269.333        97.3035
           1437           1437        266.762          269.5        97.2959
           1438           1438         266.93        269.667        97.2882
           1439           1439        267.107        269.833        97.2802
           1440           1440        267.265            270        97.2721
           1441           1441        267.434        270.167        97.2639
           1442           1442        267.605        270.333        97.2555
           1443           1443        267.771          270.5        97.2466
           1444           1444        267.932        270.667        97.2379
           1445           1445        268.111        270.833        97.2294
           1446           1446        268.274            271         97.221
           1447           1447        268.442        271.167        97.2121
           1448           1448        268.607        271.333        97.2031
           1449           1449        268.775          271.5        97.1941
           1450           1450         268.95        271.667        97.1853
           1451           1451        269.114        271.833        97.1765
           1452           1452         269.28            272        97.1678
           1453           1453        269.452        272.167        97.1592
           1454           1454        269.616        272.333        97.1506
           1455           1455        269.787          272.5        97.1418
           1456           1456        269.952        272.667        97.1331
           1457           1457        270.116        272.833        97.1241
           1458           1458        270.289            273         97.115
           1459           1459        270.458        273.167        97.1056
           1460           1460        270.624        273.333        97.0955
           1461           1461        270.799          273.5        97.0857
           1462           1462        270.961        273.667        97.0761
           1463           1463        271.125        273.833        97.0664
           1464           1464        271.293            274        97.0565
           1465           1465        271.462        274.167        97.0465
           1466           1466         271.63        274.333        97.0363
           1467           1467        271.795          274.5        97.0259
           1468           1468        271.965        274.667        97.0148
           1469           1469        272.142        274.833        97.0038
           1470           1470        272.301            275        96.9926
           1471           1471        272.469        275.167        96.9816
           1472           1472        272.621        275.333        96.9701
           1473           1473        272.794          275.5        96.9589
           1474           1474        272.966        275.667        96.9478
           1475           1475        273.138        275.833        96.9368
           1476           1476        273.302            276        96.9259
           1477           1477        273.463        276.167        96.9148
           1478           1478        273.625        276.333        96.9036
           1479           1479        273.804          276.5        96.8923
           1480           1480        273.972        276.667        96.8805
           1481           1481        274.135        276.833        96.8688
           1482           1482        274.307            277        96.8571
           1483           1483        274.476        277.167        96.8456
           1484           1484        274.641        277.333         96.834
           1485           1485        274.814          277.5        96.8223
           1486           1486        274.976        277.667        96.8104
           1487           1487        275.142        277.833        96.7982
           1488           1488        275.313            278        96.7859
           1489           1489         275.48        278.167        96.7731
           1490           1490        275.645        278.333        96.7601
           1491           1491        275.811          278.5        96.7467
           1492           1492        275.985        278.667        96.7331
           1493           1493        276.146        278.833        96.7188
           1494           1494        276.318            279         96.705
           1495           1495         276.49        279.167        96.6911
           1496           1496        276.653        279.333        96.6774
           1497           1497        276.815          279.5        96.6637
           1498           1498        276.983        279.667        96.6499
           1499           1499        277.152        279.833         96.636
           1500           1500        277.318            280        96.6221
           1501           1501        277.494        280.167        96.6083
           1502           1502        277.659        280.333        96.5945
           1503           1503        277.822          280.5        96.5807
           1504           1504        277.984        280.667        96.5669
           1505           1505        278.164        280.833        96.5533
           1506           1506        278.329            281        96.5398
           1507           1507        278.493        281.167        96.5262
           1508           1508        278.668        281.333        96.5123
           1509           1509        278.831          281.5        96.4987
           1510           1510        279.001        281.667        96.4851
           1511           1511        279.172        281.833        96.4716
           1512           1512        279.338            282         96.458
           1513           1513        279.508        282.167        96.4439
           1514           1514        279.672        282.333        96.4296
           1515           1515        279.841          282.5        96.4152
           1516           1516         280.01        282.667        96.4007
           1517           1517        280.185        282.833        96.3863
           1518           1518        280.342            283        96.3715
           1519           1519        280.514        283.167         96.357
           1520           1520        280.682        283.333        96.3423
           1521           1521        280.847          283.5        96.3275
           1522           1522        281.018        283.667        96.3125
           1523           1523        281.181        283.833        96.2972
           1524           1524        281.347            284        96.2816
           1525           1525        281.511        284.167        96.2659
           1526           1526        281.686        284.333        96.2491
           1527           1527        281.846          284.5        96.2326
           1528           1528        282.016        284.667         96.216
           1529           1529        282.183        284.833        96.1993
           1530           1530         282.35            285        96.1822
           1531           1531        282.519        285.167        96.1651
           1532           1532        282.691        285.333        96.1479
           1533           1533        282.849          285.5        96.1308
           1534           1534        283.019        285.667        96.1131
           1535           1535        283.193        285.833        96.0954
           1536           1536        283.355            286        96.0776
           1537           1537        283.525        286.167        96.0596
           1538           1538        283.701        286.333        96.0412
           1539           1539         283.86          286.5        96.0231
           1540           1540        284.024        286.667        96.0051
           1541           1541        284.194        286.833        95.9871
           1542           1542        284.357            287        95.9689
           1543           1543        284.526        287.167        95.9507
           1544           1544        284.697        287.333        95.9321
           1545           1545        284.867          287.5        95.9135
           1546           1546        285.031        287.667        95.8945
           1547           1547        285.202        287.833        95.8757
           1548           1548        285.375            288        95.8568
           1549           1549        285.543        288.167        95.8376
           1550           1550          285.7        288.333        95.8183
           1551           1551        285.876          288.5        95.7989
           1552           1552        286.031        288.667        95.7795
           1553           1553          286.2        288.833        95.7598
           1554           1554        286.385            289        95.7399
           1555           1555        286.549        289.167        95.7192
           1556           1556        286.708        289.333        95.6982
           1557           1557         286.88          289.5        95.6767
           1558           1558        287.049        289.667        95.6551
           1559           1559        287.211        289.833        95.6323
           1560           1560        287.384            290        95.6101
           1561           1561        287.553        290.167        95.5877
           1562           1562         287.72        290.333        95.5651
           1563           1563         287.88          290.5         95.542
           1564           1564        288.053        290.667        95.5188
           1565           1565        288.222        290.833        95.4955
           1566           1566        288.394            291        95.4721
           1567           1567        288.565        291.167         95.448
           1568           1568        288.726        291.333         95.424
           1569           1569        288.894          291.5        95.4001
           1570           1570        289.064        291.667        95.3761
           1571           1571         289.23        291.833        95.3517
           1572           1572        289.399            292        95.3272
           1573           1573        289.567        292.167        95.3024
           1574           1574        289.728        292.333        95.2773
           1575           1575        289.912          292.5        95.2509
           1576           1576         290.07        292.667        95.2244
           1577           1577        290.234        292.833        95.1975
           1578           1578        290.396            293        95.1701
           1579           1579        290.571        293.167         95.141
           1580           1580        290.737        293.333        95.1126
           1581           1581          290.9          293.5        95.0843
           1582           1582        291.073        293.667        95.0558
           1583           1583        291.239        293.833         95.027
           1584           1584        291.409            294        94.9977
           1585           1585        291.576        294.167        94.9682
           1586           1586        291.741        294.333        94.9385
           1587           1587        291.908          294.5        94.9087
           1588           1588        292.072        294.667         94.878
           1589           1589        292.245        294.833        94.8476
           1590           1590         292.42            295        94.8171
           1591           1591        292.578        295.167        94.7863
           1592           1592        292.752        295.333        94.7546
           1593           1593        292.914          295.5        94.7228
           1594           1594        293.077        295.667        94.6907
           1595           1595        293.247        295.833        94.6584
           1596           1596        293.419            296        94.6248
           1597           1597        293.586        296.167        94.5918
           1598           1598        293.746        296.333        94.5589
           1599           1599        293.919          296.5        94.5262
           1600           1600        294.081        296.667        94.4933
           1601           1601        294.251        296.833        94.4605
           1602           1602        294.417            297        94.4274
           1603           1603        294.577        297.167         94.394
           1604           1604        294.749        297.333        94.3601
           1605           1605        294.916          297.5        94.3258
           1606           1606        295.088        297.667        94.2911
           1607           1607        295.263        297.833        94.2561
           1608           1608         295.42            298        94.2197
           1609           1609        295.589        298.167        94.1836
           1610           1610        295.752        298.333        94.1471
           1611           1611        295.919          298.5        94.1102
           1612           1612        296.086        298.667         94.072
           1613           1613        296.263        298.833         94.034
           1614           1614         296.43            299        93.9957
           1615           1615        296.598        299.167        93.9571
           1616           1616        296.753        299.333        93.9184
           1617           1617        296.921          299.5        93.8787
           1618           1618        297.101        299.667        93.8395
           1619           1619        297.269        299.833        93.8002
           1620           1620        297.432            300        93.7607
           1621           1621        297.596        300.167        93.7206
           1622           1622        297.761        300.333          93.68
           1623           1623        297.929          300.5        93.6389
           1624           1624        298.098        300.667        93.5975
           1625           1625        298.269        300.833        93.5543
           1626           1626        298.433            301        93.5113
           1627           1627        298.599        301.167        93.4678
           1628           1628        298.765        301.333         93.424
           1629           1629        298.935          301.5        93.3788
           1630           1630        299.103        301.667        93.3339
           1631           1631        299.276        301.833         93.289
           1632           1632        299.443            302        93.2439
           1633           1633        299.614        302.167        93.1976
           1634           1634        299.775        302.333        93.1512
           1635           1635        299.949          302.5        93.1042
           1636           1636        300.116        302.667        93.0567
           1637           1637        300.276        302.833        93.0074
           1638           1638        300.445            303        92.9583
           1639           1639        300.621        303.167        92.9089
           1640           1640        300.781        303.333        92.8593
           1641           1641        300.952          303.5        92.8077
           1642           1642        301.117        303.667        92.7564
           1643           1643        301.284        303.833        92.7048
           1644           1644         301.46            304         92.653
           1645           1645        301.624        304.167        92.5996
           1646           1646        301.785        304.333        92.5463
           1647           1647        301.961          304.5        92.4926
           1648           1648        302.122        304.667        92.4382
           1649           1649        302.297        304.833        92.3833
           1650           1650        302.453            305         92.326
           1651           1651        302.629        305.167        92.2691
           1652           1652        302.797        305.333        92.2117
           1653           1653        302.959          305.5        92.1538
           1654           1654        303.126        305.667        92.0932
           1655           1655        303.295        305.833        92.0329
           1656           1656        303.472            306         91.972
           1657           1657        303.639        306.167        91.9105
           1658           1658        303.807        306.333        91.8463
           1659           1659        303.964          306.5        91.7825
           1660           1660        304.139        306.667        91.7181
           1661           1661        304.303        306.833        91.6532
           1662           1662        304.476            307         91.586
           1663           1663        304.642        307.167        91.5195
           1664           1664        304.809        307.333        91.4527
           1665           1665        304.981          307.5        91.3856
           1666           1666        305.143        307.667         91.317
           1667           1667        305.312        307.833        91.2485
           1668           1668        305.477            308        91.1796
           1669           1669        305.644        308.167        91.1104
           1670           1670        305.806        308.333        91.0396
           1671           1671        305.988          308.5         90.969
           1672           1672        306.152        308.667        90.8981
           1673           1673        306.315        308.833        90.8269
           1674           1674        306.485            309        90.7537
           1675           1675        306.656        309.167        90.6803
           1676           1676        306.822        309.333        90.6061
           1677           1677        306.992          309.5        90.5315
           1678           1678        307.153        309.667        90.4542
           1679           1679         307.32        309.833        90.3773
           1680           1680         307.49            310        90.2999
           1681           1681        307.665        310.167        90.2217
           1682           1682        307.823        310.333        90.1429
           1683           1683         307.99          310.5        90.0612
           1684           1684        308.157        310.667          89.98
           1685           1685        308.326        310.833        89.8981
           1686           1686        308.491            311        89.8158
           1687           1687        308.666        311.167        89.7314
           1688           1688        308.835        311.333        89.6477
           1689           1689        309.003          311.5        89.5639
           1690           1690        309.176        311.667        89.4797
           1691           1691        309.338        311.833        89.3942
           1692           1692        309.512            312        89.3088
           1693           1693        309.671        312.167        89.2231
           1694           1694        309.844        312.333         89.137
           1695           1695        310.009          312.5         89.049
           1696           1696        310.176        312.667         88.961
           1697           1697        310.339        312.833        88.8727
           1698           1698        310.509            313        88.7841
           1699           1699        310.678        313.167        88.6935
           1700           1700        310.837        313.333        88.6033
           1701           1701        311.008          313.5        88.5124
           1702           1702        311.182        313.667         88.421
           1703           1703        311.348        313.833        88.3275
           1704           1704        311.509            314         88.234
           1705           1705        311.686        314.167          88.14
           1706           1706        311.851        314.333        88.0457
           1707           1707        312.016          314.5        87.9488
           1708           1708        312.185        314.667        87.8527
           1709           1709        312.354        314.833        87.7565
           1710           1710        312.531            315          87.66
           1711           1711        312.695        315.167        87.5618
           1712           1712        312.864        315.333        87.4638
           1713           1713         313.03          315.5        87.3654
           1714           1714        313.195        315.667        87.2666
           1715           1715        313.358        315.833        87.1673
           1716           1716        313.526            316        87.0664
           1717           1717        313.691        316.167         86.966
           1718           1718        313.867        316.333        86.8656
           1719           1719         314.03          316.5         86.765
           1720           1720        314.194        316.667        86.6635
           1721           1721         314.36        316.833        86.5622
           1722           1722        314.533            317         86.461
           1723           1723        314.694        317.167        86.3598
           1724           1724        314.862        317.333        86.2578
           1725           1725        315.036          317.5        86.1557
           1726           1726        315.205        317.667        86.0531
           1727           1727        315.369        317.833        85.9501
           1728           1728        315.539            318        85.8453
           1729           1729        315.709        318.167          85.74
           1730           1730        315.871        318.333         85.634
           1731           1731        316.037          318.5        85.5275
           1732           1732         316.21        318.667        85.4176
           1733           1733        316.377        318.833        85.3083
           1734           1734        316.545            319        85.1984
           1735           1735        316.712        319.167        85.0881
           1736           1736        316.885        319.333        84.9751
           1737           1737        317.046          319.5        84.8627
           1738           1738        317.214        319.667        84.7502
           1739           1739         317.39        319.833        84.6375
           1740           1740        317.559            320        84.5232
           1741           1741        317.719        320.167        84.4093
           1742           1742        317.893        320.333         84.295
           1743           1743        318.058          320.5        84.1806
           1744           1744        318.229        320.667        84.0655
           1745           1745        318.389        320.833        83.9507
           1746           1746        318.561            321        83.8357
           1747           1747        318.731        321.167        83.7201
           1748           1748        318.897        321.333        83.6041
           1749           1749        319.064          321.5        83.4871
           1750           1750        319.231        321.667        83.3699
           1751           1751          319.4        321.833        83.2522
           1752           1752        319.561            322        83.1339
           1753           1753        319.732        322.167        83.0134
           1754           1754        319.906        322.333        82.8934
           1755           1755        320.071          322.5        82.7732
           1756           1756        320.236        322.667        82.6529
           1757           1757          320.4        322.833        82.5308
           1758           1758        320.573            323        82.4091
           1759           1759        320.748        323.167         82.287
           1760           1760        320.917        323.333        82.1646
           1761           1761        321.079          323.5        82.0405
           1762           1762        321.253        323.667        81.9164
           1763           1763        321.418        323.833        81.7917
           1764           1764        321.588            324        81.6665
           1765           1765        321.758        324.167        81.5394
           1766           1766        321.926        324.333        81.4127
           1767           1767        322.086          324.5        81.2858
           1768           1768        322.256        324.667        81.1586
           1769           1769        322.417        324.833        81.0299
           1770           1770        322.584            325        80.9012
           1771           1771        322.757        325.167        80.7717
           1772           1772        322.923        325.333        80.6418
           1773           1773        323.091          325.5        80.5094
           1774           1774        323.264        325.667         80.377
           1775           1775        323.428        325.833         80.244
           1776           1776        323.595            326        80.1105
           1777           1777        323.766        326.167        79.9739
           1778           1778         323.93        326.333        79.8379
           1779           1779          324.1          326.5        79.7015
           1780           1780        324.272        326.667        79.5642
           1781           1781        324.434        326.833        79.4261
           1782           1782        324.612            327        79.2853
           1783           1783        324.781        327.167        79.1448
           1784           1784        324.945        327.333        79.0036
           1785           1785        325.111          327.5        78.8619
           1786           1786        325.279        327.667        78.7179
           1787           1787        325.439        327.833        78.5745
           1788           1788        325.608            328        78.4308
           1789           1789        325.779        328.167        78.2866
           1790           1790        325.948        328.333        78.1403
           1791           1791        326.118          328.5        77.9939
           1792           1792        326.288        328.667        77.8468
           1793           1793        326.454        328.833         77.699
           1794           1794        326.622            329        77.5482
           1795           1795        326.789        329.167        77.3982
           1796           1796        326.954        329.333        77.2478
           1797           1797        327.125          329.5        77.0969
           1798           1798        327.295        329.667        76.9433
           1799           1799        327.462        329.833        76.7896
           1800           1800        327.634            330        76.6352
           1801           1801        327.797        330.167        76.4801
           1802           1802        327.963        330.333        76.3221
           1803           1803        328.125          330.5         76.165
           1804           1804        328.297        330.667        76.0075
           1805           1805        328.465        330.833        75.8496
           1806           1806        328.629            331        75.6901
           1807           1807        328.795        331.167        75.5308
           1808           1808        328.961        331.333        75.3712
           1809           1809        329.133          331.5        75.2113
           1810           1810        329.304        331.667        75.0496
           1811           1811        329.474        331.833        74.8882
           1812           1812        329.649            332        74.7264
           1813           1813        329.811        332.167        74.5638
           1814           1814        329.981        332.333        74.4008
           1815           1815        330.135          332.5         74.236
           1816           1816        330.308        332.667        74.0717
           1817           1817        330.485        332.833        73.9071
           1818           1818         330.65            333        73.7421
           1819           1819        330.817        333.167        73.5756
           1820           1820        330.988        333.333        73.4096
           1821           1821        331.153          333.5        73.2435
           1822           1822        331.329        333.667        73.0775
           1823           1823        331.494        333.833        72.9103
           1824           1824        331.659            334         72.743
           1825           1825        331.822        334.167        72.5754
           1826           1826        331.999        334.333        72.4078
           1827           1827         332.17          334.5        72.2392
           1828           1828        332.334        334.667        72.0708
           1829           1829        332.498        334.833        71.9023
           1830           1830        332.662            335        71.7337
           1831           1831        332.835        335.167        71.5646
           1832           1832        333.008        335.333        71.3959
           1833           1833        333.175          335.5        71.2274
           1834           1834        333.347        335.667        71.0591
           1835           1835        333.504        335.833        70.8908
           1836           1836         333.68            336        70.7227
           1837           1837        333.848        336.167        70.5549
           1838           1838        334.016        336.333        70.3872
           1839           1839        334.179          336.5        70.2198
           1840           1840        334.353        336.667        70.0522
           1841           1841        334.516        336.833        69.8848
           1842           1842        334.684            337        69.7175
           1843           1843        334.855        337.167        69.5504
           1844           1844        335.019        337.333        69.3834
           1845           1845        335.187          337.5        69.2164
           1846           1846        335.362        337.667        69.0494
           1847           1847         335.53        337.833        68.8824
           1848           1848        335.698            338        68.7155
           1849           1849        335.871        338.167        68.5484
           1850           1850        336.037        338.333        68.3809
           1851           1851          336.2          338.5        68.2134
           1852           1852        336.374        338.667        68.0448
           1853           1853        336.542        338.833        67.8763
           1854           1854         336.71            339        67.7077
           1855           1855        336.879        339.167        67.5391
           1856           1856        337.055        339.333        67.3696
           1857           1857         337.22          339.5        67.2005
           1858           1858        337.397        339.667        67.0318
           1859           1859         337.56        339.833        66.8632
           1860           1860         337.72            340        66.6949
           1861           1861        337.888        340.167        66.5268
           1862           1862        338.056        340.333        66.3588
           1863           1863        338.227          340.5        66.1908
           1864           1864          338.4        340.667        66.0232
           1865           1865        338.572        340.833        65.8555
           1866           1866        338.737            341        65.6879
           1867           1867        338.901        341.167        65.5201
           1868           1868        339.066        341.333        65.3522
           1869           1869        339.243          341.5        65.1846
           1870           1870          339.4        341.667        65.0173
           1871           1871        339.569        341.833        64.8499
           1872           1872        339.745            342        64.6831
           1873           1873        339.914        342.167        64.5164
           1874           1874        340.082        342.333        64.3498
           1875           1875        340.249          342.5        64.1832
           1876           1876        340.419        342.667        64.0172
           1877           1877        340.586        342.833        63.8508
           1878           1878        340.755            343        63.6841
           1879           1879        340.926        343.167        63.5173
           1880           1880        341.091        343.333        63.3507
           1881           1881        341.259          343.5         63.184
           1882           1882        341.429        343.667        63.0177
           1883           1883        341.592        343.833        62.8519
           1884           1884        341.765            344        62.6863
           1885           1885        341.936        344.167        62.5212
           1886           1886        342.113        344.333        62.3552
           1887           1887        342.276          344.5        62.1885
           1888           1888        342.436        344.667        62.0216
           1889           1889        342.606        344.833        61.8531
           1890           1890        342.773            345        61.6848
           1891           1891        342.941        345.167        61.5163
           1892           1892        343.113        345.333        61.3478
           1893           1893        343.282          345.5        61.1785
           1894           1894        343.458        345.667        61.0102
           1895           1895        343.618        345.833        60.8426
           1896           1896        343.789            346        60.6754
           1897           1897        343.958        346.167        60.5102
           1898           1898         344.13        346.333        60.3449
           1899           1899        344.303          346.5        60.1803
           1900           1900        344.473        346.667        60.0161
           1901           1901        344.639        346.833        59.8542
           1902           1902        344.813            347        59.6918
           1903           1903        344.981        347.167        59.5298
           1904           1904        345.145        347.333        59.3682
           1905           1905        345.309          347.5        59.2089
           1906           1906        345.475        347.667        59.0497
           1907           1907        345.653        347.833        58.8909
           1908           1908        345.818            348        58.7322
           1909           1909        345.985        348.167        58.5749
           1910           1910        346.163        348.333        58.4166
           1911           1911        346.326          348.5        58.2578
           1912           1912        346.495        348.667        58.0991
           1913           1913        346.656        348.833         57.941
           1914           1914        346.825            349        57.7832
           1915           1915        346.988        349.167        57.6261
           1916           1916        347.162        349.333        57.4695
           1917           1917        347.334          349.5        57.3133
           1918           1918        347.499        349.667        57.1602
           1919           1919        347.674        349.833        57.0065
           1920           1920        347.836            350        56.8534
           1921           1921        348.006        350.167        56.7008
           1922           1922        348.167        350.333        56.5506
           1923           1923        348.344          350.5        56.4004
           1924           1924        348.511        350.667        56.2509
           1925           1925        348.684        350.833         56.102
           1926           1926        348.853            351        55.9555
           1927           1927        349.019        351.167        55.8082
           1928           1928        349.192        351.333         55.661
           1929           1929        349.357          351.5        55.5144
           1930           1930         349.52        351.667        55.3695
           1931           1931        349.687        351.833        55.2245
           1932           1932        349.859            352        55.0802
           1933           1933        350.023        352.167        54.9365
           1934           1934          350.2        352.333        54.7952
           1935           1935        350.364          352.5        54.6538
           1936           1936        350.532        352.667         54.513
           1937           1937        350.706        352.833        54.3729
           1938           1938        350.875            353        54.2361
           1939           1939        351.051        353.167         54.099
           1940           1940        351.211        353.333        53.9625
           1941           1941        351.373          353.5        53.8265
           1942           1942        351.541        353.667        53.6934
           1943           1943        351.707        353.833        53.5594
           1944           1944        351.877            354        53.4257
           1945           1945        352.042        354.167        53.2925
           1946           1946        352.206        354.333        53.1596
           1947           1947        352.378          354.5        53.0284
           1948           1948        352.556        354.667        52.8973
           1949           1949        352.719        354.833        52.7671
           1950           1950        352.892            355        52.6373
           1951           1951         353.06        355.167        52.5104
           1952           1952        353.232        355.333        52.3834
           1953           1953        353.391          355.5        52.2568
           1954           1954        353.559        355.667        52.1305
           1955           1955        353.733        355.833        52.0068
           1956           1956        353.915            356        51.8821
           1957           1957        354.073        356.167        51.7577
           1958           1958         354.24        356.333        51.6338
           1959           1959         354.41          356.5        51.5117
           1960           1960        354.579        356.667        51.3898
           1961           1961        354.749        356.833        51.2683
           1962           1962        354.915            357        51.1471
           1963           1963        355.086        357.167         51.029
           1964           1964        355.251        357.333        50.9105
           1965           1965         355.43          357.5        50.7924
           1966           1966        355.599        357.667        50.6747
           1967           1967        355.758        357.833        50.5592
           1968           1968        355.933            358        50.4433
           1969           1969        356.103        358.167        50.3278
           1970           1970        356.276        358.333        50.2127
           1971           1971        356.435          358.5        50.0996
           1972           1972        356.604        358.667        49.9864
           1973           1973        356.769        358.833        49.8735
           1974           1974        356.948            359        49.7609
           1975           1975        357.113        359.167        49.6507
           1976           1976        357.277        359.333        49.5403
           1977           1977        357.449          359.5        49.4304
           1978           1978        357.617        359.667        49.3212
           1979           1979        357.783        359.833        49.2125
           1980           1980        357.955            360        49.1066
           1981           1981        358.127        360.167        49.0003
           1982           1982        358.291        360.333        48.8943
           1983           1983        358.465          360.5        48.7888
           1984           1984        358.631        360.667        48.6859
           1985           1985        358.801        360.833        48.5822
           1986           1986        358.972            361        48.4786
           1987           1987         359.14        361.167        48.3754
           1988           1988        359.306        361.333        48.2741
           1989           1989         359.48          361.5        48.1725
           1990           1990        359.651        361.667        48.0712
           1991           1991        359.819        361.833        47.9704
           1992           1992        359.991            362        47.8713
           1993           1993        360.149        362.167        47.7719
           1994           1994        360.317        362.333        47.6728
           1995           1995        360.494          362.5         47.574
           1996           1996        360.666        362.667         47.477
           1997           1997        360.835        362.833        47.3797
           1998           1998        361.006            363        47.2826
           1999           1999        361.174        363.167        47.1858
           2000           2000        361.343        363.333        47.0906
           2001           2001         361.51          363.5        46.9949
           2002           2002        361.675        363.667        46.8993
           2003           2003        361.843        363.833        46.8038
           2004           2004        362.018            364         46.709
           2005           2005         362.19        364.167         46.614
           2006           2006        362.358        364.333        46.5194
           2007           2007        362.524          364.5        46.4251
           2008           2008        362.686        364.667        46.3321
           2009           2009        362.856        364.833        46.2392
           2010           2010        363.028            365        46.1466
           2011           2011        363.196        365.167        46.0544
           2012           2012        363.367        365.333        45.9626
           2013           2013        363.533          365.5        45.8733
           2014           2014        363.705        365.667        45.7836
           2015           2015        363.864        365.833        45.6939
           2016           2016        364.044            366        45.6043
           2017           2017        364.214        366.167        45.5157
           2018           2018        364.381        366.333         45.426
           2019           2019         364.55          366.5         45.336
           2020           2020        364.714        366.667        45.2458
           2021           2021        364.878        366.833        45.1547
           2022           2022         365.05            367         45.064
           2023           2023        365.213        367.167        44.9731
           2024           2024         365.38        367.333        44.8819
           2025           2025        365.554          367.5        44.7903
           2026           2026        365.722        367.667        44.6988
           2027           2027         365.89        367.833         44.607
           2028           2028        366.058            368         44.515
           2029           2029        366.216        368.167        44.4222
           2030           2030        366.392        368.333        44.3298
           2031           2031        366.565          368.5        44.2373
           2032           2032        366.729        368.667        44.1447
           2033           2033        366.895        368.833        44.0516
           2034           2034        367.067            369        43.9587
           2035           2035        367.235        369.167        43.8658
           2036           2036        367.408        369.333        43.7727
           2037           2037        367.571          369.5        43.6789
           2038           2038        367.738        369.667        43.5848
           2039           2039         367.91        369.833        43.4906
           2040           2040         368.07            370        43.3962
           2041           2041        368.239        370.167        43.3009
           2042           2042        368.414        370.333        43.2059
           2043           2043        368.587          370.5        43.1108
           2044           2044        368.748        370.667        43.0154
           2045           2045        368.911        370.833        42.9197
           2046           2046        369.084            371        42.8234
           2047           2047        369.257        371.167         42.727
           2048           2048        369.423        371.333        42.6301
           2049           2049        369.594          371.5        42.5328
           2050           2050        369.761        371.667        42.4335
           2051           2051        369.926        371.833        42.3342
           2052           2052        370.089            372        42.2343
           2053           2053        370.262        372.167         42.134
           2054           2054        370.437        372.333        42.0312
           2055           2055        370.605          372.5         41.929
           2056           2056        370.781        372.667        41.8263
           2057           2057        370.939        372.833        41.7232
           2058           2058        371.107            373         41.618
           2059           2059        371.273        373.167        41.5129
           2060           2060        371.446        373.333        41.4074
           2061           2061        371.614          373.5        41.3014
           2062           2062        371.777        373.667        41.1935
           2063           2063        371.951        373.833        41.0862
           2064           2064        372.113            374        40.9786
           2065           2065         372.29        374.167        40.8706
           2066           2066        372.451        374.333        40.7613
           2067           2067        372.627          374.5        40.6521
           2068           2068        372.793        374.667        40.5426
           2069           2069        372.959        374.833        40.4327
           2070           2070        373.129            375        40.3206
           2071           2071        373.295        375.167        40.2089
           2072           2072        373.467        375.333         40.097
           2073           2073        373.631          375.5        39.9847
           2074           2074          373.8        375.667        39.8701
           2075           2075        373.967        375.833        39.7559
           2076           2076        374.136            376        39.6412
           2077           2077        374.308        376.167        39.5257
           2078           2078        374.472        376.333        39.4099
           2079           2079        374.638          376.5        39.2922
           2080           2080          374.8        376.667        39.1749
           2081           2081        374.969        376.833        39.0571
           2082           2082        375.138            377        38.9389
           2083           2083        375.308        377.167        38.8189
           2084           2084        375.482        377.333        38.6988
           2085           2085        375.649          377.5        38.5782
           2086           2086        375.816        377.667        38.4573
           2087           2087        375.976        377.833        38.3337
           2088           2088        376.152            378        38.2106
           2089           2089        376.317        378.167         38.087
           2090           2090        376.481        378.333        37.9628
           2091           2091        376.658          378.5        37.8364
           2092           2092        376.818        378.667        37.7104
           2093           2093        376.989        378.833        37.5841
           2094           2094        377.159            379        37.4574
           2095           2095        377.331        379.167        37.3288
           2096           2096        377.494        379.333        37.2006
           2097           2097        377.664          379.5        37.0723
           2098           2098        377.844        379.667        36.9437
           2099           2099        378.008        379.833        36.8137
           2100           2100        378.171            380        36.6836
           2101           2101        378.339        380.167        36.5531
           2102           2102        378.506        380.333        36.4222
           2103           2103        378.671          380.5        36.2899
           2104           2104        378.831        380.667        36.1576
           2105           2105        379.012        380.833        36.0248
           2106           2106        379.177            381        35.8917
           2107           2107        379.344        381.167        35.7573
           2108           2108        379.512        381.333        35.6232
           2109           2109        379.676          381.5        35.4889
           2110           2110        379.843        381.667        35.3543
           2111           2111        380.015        381.833        35.2184
           2112           2112        380.189            382        35.0826
           2113           2113        380.351        382.167        34.9468
           2114           2114         380.52        382.333        34.8107
           2115           2115        380.689          382.5        34.6729
           2116           2116        380.861        382.667        34.5356
           2117           2117        381.019        382.833        34.3985
           2118           2118        381.198            383        34.2614
           2119           2119        381.364        383.167        34.1236
           2120           2120        381.536        383.333         33.986
           2121           2121        381.702          383.5        33.8483
           2122           2122         381.87        383.667        33.7103
           2123           2123        382.039        383.833        33.5714
           2124           2124        382.207            384        33.4321
           2125           2125         382.37        384.167        33.2924
           2126           2126        382.545        384.333        33.1523
           2127           2127        382.709          384.5        33.0101
           2128           2128        382.875        384.667        32.8686
           2129           2129        383.045        384.833        32.7269
           2130           2130        383.218            385         32.585
           2131           2131        383.383        385.167        32.4418
           2132           2132        383.555        385.333        32.2989
           2133           2133        383.724          385.5        32.1557
           2134           2134        383.895        385.667        32.0121
           2135           2135        384.064        385.833        31.8676
           2136           2136        384.229            386        31.7235
           2137           2137        384.399        386.167        31.5791
           2138           2138        384.569        386.333        31.4347
           2139           2139        384.736          386.5        31.2898
           2140           2140        384.904        386.667         31.145
           2141           2141        385.071        386.833        30.9999
           2142           2142        385.239            387        30.8545
           2143           2143        385.401        387.167        30.7084
           2144           2144        385.573        387.333        30.5625
           2145           2145        385.737          387.5        30.4166
           2146           2146        385.906        387.667        30.2707
           2147           2147        386.082        387.833        30.1242
           2148           2148        386.241            388        29.9779
           2149           2149        386.407        388.167        29.8315
           2150           2150        386.584        388.333        29.6848
           2151           2151        386.745          388.5        29.5379
           2152           2152         386.92        388.667        29.3911
           2153           2153        387.081        388.833        29.2441
           2154           2154        387.253            389        29.0968
           2155           2155        387.431        389.167        28.9488
           2156           2156        387.594        389.333        28.8008
           2157           2157        387.757          389.5        28.6523
           2158           2158        387.922        389.667        28.5036
           2159           2159        388.095        389.833        28.3539
           2160           2160        388.263            390        28.2048
           2161           2161        388.434        390.167        28.0558
           2162           2162        388.602        390.333        27.9069
           2163           2163         388.77          390.5        27.7576
           2164           2164        388.943        390.667        27.6087
           2165           2165        389.115        390.833          27.46
           2166           2166        389.284            391        27.3114
           2167           2167        389.452        391.167        27.1627
           2168           2168        389.618        391.333        27.0135
           2169           2169        389.791          391.5        26.8642
           2170           2170        389.959        391.667        26.7148
           2171           2171        390.121        391.833         26.565
           2172           2172        390.297            392        26.4156
           2173           2173         390.46        392.167        26.2662
           2174           2174        390.628        392.333        26.1167
           2175           2175        390.804          392.5        25.9671
           2176           2176        390.977        392.667        25.8171
           2177           2177        391.146        392.833        25.6669
           2178           2178        391.305            393        25.5169
           2179           2179        391.473        393.167        25.3667
           2180           2180         391.64        393.333        25.2172
           2181           2181        391.812          393.5        25.0676
           2182           2182         391.98        393.667        24.9178
           2183           2183        392.153        393.833         24.769
           2184           2184        392.317            394        24.6199
           2185           2185         392.48        394.167         24.471
           2186           2186        392.646        394.333        24.3225
           2187           2187         392.81          394.5        24.1745
           2188           2188        392.984        394.667        24.0266
           2189           2189        393.149        394.833        23.8788
           2190           2190         393.33            395        23.7311
           2191           2191        393.501        395.167        23.5848
           2192           2192         393.66        395.333        23.4385
           2193           2193        393.826          395.5        23.2929
           2194           2194        393.996        395.667        23.1476
           2195           2195        394.162        395.833        23.0037
           2196           2196        394.334            396        22.8593
           2197           2197         394.51        396.167        22.7147
           2198           2198        394.673        396.333          22.57
           2199           2199        394.839          396.5        22.4262
           2200           2200        395.007        396.667        22.2823
           2201           2201        395.174        396.833        22.1387
           2202           2202        395.342            397        21.9954
           2203           2203         395.51        397.167        21.8522
           2204           2204        395.677        397.333         21.709
           2205           2205        395.848          397.5        21.5659
           2206           2206         396.01        397.667        21.4228
           2207           2207        396.183        397.833        21.2807
           2208           2208        396.355            398        21.1388
           2209           2209         396.52        398.167        20.9974
           2210           2210        396.688        398.333        20.8564
           2211           2211        396.858          398.5        20.7157
           2212           2212        397.024        398.667        20.5763
           2213           2213        397.186        398.833        20.4367
           2214           2214        397.358            399        20.2976
           2215           2215        397.519        399.167         20.159
           2216           2216        397.698        399.333        20.0218
           2217           2217        397.859          399.5        19.8846
           2218           2218        398.032        399.667        19.7478
           2219           2219        398.203        399.833        19.6114
           2220           2220        398.376            400        19.4774
           2221           2221        398.537        400.167        19.3432
           2222           2222        398.701        400.333        19.2098
           2223           2223        398.876          400.5        19.0769
           2224           2224        399.046        400.667        18.9466
           2225           2225        399.209        400.833        18.8159
           2226           2226        399.386            401        18.6857
           2227           2227        399.546        401.167        18.5561
           2228           2228        399.718        401.333        18.4288
           2229           2229        399.886          401.5        18.3012
           2230           2230        400.054        401.667        18.1743
           2231           2231        400.229        401.833        18.0479
           2232           2232        400.393            402        17.9237
           2233           2233        400.561        402.167        17.7991
           2234           2234        400.735        402.333        17.6751
           2235           2235        400.903          402.5        17.5514
           2236           2236        401.071        402.667        17.4303
           2237           2237        401.242        402.833        17.3089
           2238           2238        401.411            403        17.1878
           2239           2239        401.578        403.167        17.0672
           2240           2240        401.746        403.333        16.9493
           2241           2241        401.911          403.5        16.8312
           2242           2242        402.083        403.667         16.714
           2243           2243        402.255        403.833        16.5978
           2244           2244        402.418            404        16.4823
           2245           2245         402.59        404.167          16.37
           2246           2246        402.758        404.333         16.257
           2247           2247        402.927          404.5        16.1445
           2248           2248        403.096        404.667        16.0327
           2249           2249        403.263        404.833        15.9237
           2250           2250        403.431            405        15.8145
           2251           2251        403.601        405.167        15.7058
           2252           2252        403.771        405.333        15.5976
           2253           2253        403.939          405.5        15.4919
           2254           2254        404.104        405.667        15.3853
           2255           2255        404.274        405.833        15.2789
           2256           2256        404.436            406         15.173
           2257           2257        404.608        406.167         15.069
           2258           2258        404.772        406.333        14.9654
           2259           2259        404.944          406.5        14.8628
           2260           2260        405.118        406.667        14.7609
           2261           2261        405.289        406.833        14.6627
           2262           2262        405.457            407        14.5639
           2263           2263         405.62        407.167        14.4659
           2264           2264        405.786        407.333        14.3686
           2265           2265        405.952          407.5        14.2749
           2266           2266        406.136        407.667        14.1805
           2267           2267        406.297        407.833        14.0867
           2268           2268        406.465            408        13.9934
           2269           2269        406.635        408.167        13.9036
           2270           2270         406.81        408.333        13.8136
           2271           2271        406.978          408.5        13.7243
           2272           2272        407.136        408.667        13.6357
           2273           2273        407.304        408.833        13.5505
           2274           2274        407.482            409        13.4645
           2275           2275        407.646        409.167        13.3789
           2276           2276        407.812        409.333        13.2942
           2277           2277        407.983          409.5        13.2102
           2278           2278        408.151        409.667        13.1291
           2279           2279        408.314        409.833        13.0478
           2280           2280        408.482            410        12.9671
           2281           2281        408.648        410.167         12.887
           2282           2282        408.816        410.333        12.8101
           2283           2283        408.982          410.5        12.7326
           2284           2284        409.155        410.667        12.6557
           2285           2285        409.316        410.833        12.5795
           2286           2286        409.492            411        12.5063
           2287           2287        409.656        411.167        12.4328
           2288           2288        409.825        411.333          12.36
           2289           2289        409.995          411.5        12.2877
           2290           2290        410.165        411.667        12.2188
           2291           2291        410.337        411.833        12.1496
           2292           2292          410.5            412         12.081
           2293           2293        410.665        412.167         12.013
           2294           2294        410.831        412.333        11.9477
           2295           2295        411.005          412.5        11.8819
           2296           2296        411.176        412.667        11.8167
           2297           2297        411.349        412.833        11.7522
           2298           2298        411.517            413        11.6903
           2299           2299        411.689        413.167        11.6282
           2300           2300         411.85        413.333        11.5666
           2301           2301        412.029          413.5        11.5054
           2302           2302        412.194        413.667        11.4472
           2303           2303        412.361        413.833        11.3883
           2304           2304        412.525            414          11.33
           2305           2305        412.698        414.167        11.2723
           2306           2306        412.858        414.333        11.2168
           2307           2307        413.029          414.5        11.1611
           2308           2308        413.206        414.667         11.106
           2309           2309        413.367        414.833        11.0517
           2310           2310        413.539            415        10.9978
           2311           2311        413.701        415.167        10.9468
           2312           2312        413.865        415.333        10.8953
           2313           2313        414.035          415.5        10.8443
           2314           2314        414.199        415.667        10.7937
           2315           2315        414.367        415.833        10.7456
           2316           2316        414.543            416         10.697
           2317           2317        414.707        416.167        10.6488
           2318           2318        414.875        416.333         10.601
           2319           2319        415.049          416.5        10.5552
           2320           2320        415.214        416.667         10.509
           2321           2321        415.384        416.833        10.4633
           2322           2322         415.55            417         10.418
           2323           2323        415.718        417.167        10.3744
           2324           2324        415.894        417.333        10.3307
           2325           2325        416.063          417.5        10.2875
           2326           2326         416.23        417.667        10.2447
           2327           2327          416.4        417.833        10.2042
           2328           2328        416.563            418        10.1634
           2329           2329        416.735        418.167        10.1232
           2330           2330        416.898        418.333        10.0834
           2331           2331        417.067          418.5        10.0462
           2332           2332         417.23        418.667        10.0085
           2333           2333        417.403        418.833        9.97099
           2334           2334        417.568            419        9.93366
           2335           2335        417.735        419.167        9.89784
           2336           2336        417.909        419.333        9.86154
           2337           2337        418.077          419.5         9.8254
           2338           2338        418.248        419.667        9.78949
           2339           2339        418.413        419.833         9.7545
           2340           2340        418.574            420        9.71993
           2341           2341        418.752        420.167         9.6861
           2342           2342        418.919        420.333        9.65298
           2343           2343        419.084          420.5        9.62027
           2344           2344        419.252        420.667        9.59004
           2345           2345        419.429        420.833        9.55925
           2346           2346        419.596            421         9.5288
           2347           2347        419.768        421.167        9.49865
           2348           2348        419.929        421.333        9.47008
           2349           2349        420.102          421.5        9.44124
           2350           2350        420.269        421.667        9.41265
           2351           2351        420.438        421.833        9.38427
           2352           2352        420.606            422        9.35698
           2353           2353        420.773        422.167        9.32949
           2354           2354        420.932        422.333        9.30226
           2355           2355        421.108          422.5         9.2753
           2356           2356        421.283        422.667        9.24929
           2357           2357        421.447        422.833        9.22312
           2358           2358        421.609            423        9.19715
           2359           2359        421.779        423.167        9.17138
           2360           2360        421.938        423.333          9.147
           2361           2361        422.117          423.5        9.12257
           2362           2362         422.28        423.667        9.09828
           2363           2363        422.446        423.833        9.07405
           2364           2364         422.61            424        9.05086
           2365           2365        422.776        424.167        9.02727
           2366           2366        422.949        424.333        9.00385
           2367           2367        423.109          424.5        8.98069
           2368           2368        423.274        424.667         8.9583
           2369           2369        423.449        424.833        8.93604
           2370           2370        423.626            425        8.91393
           2371           2371         423.79        425.167        8.89197
           2372           2372        423.962        425.333        8.87136
           2373           2373        424.112          425.5        8.85036
           2374           2374        424.287        425.667        8.82951
           2375           2375        424.462        425.833        8.80895
           2376           2376        424.631            426        8.78861
           2377           2377        424.786        426.167        8.76864
           2378           2378        424.957        426.333        8.74813
           2379           2379        425.116          426.5        8.72741
           2380           2380        425.287        426.667        8.70665
           2381           2381        425.452        426.833        8.68593
           2382           2382        425.625            427        8.66553
           2383           2383        425.797        427.167        8.64534
           2384           2384        425.964        427.333        8.62527
           2385           2385        426.132          427.5        8.60612
           2386           2386        426.298        427.667        8.58708
           2387           2387        426.462        427.833         8.5683
           2388           2388         426.63            428        8.54967
           2389           2389        426.804        428.167        8.53211
           2390           2390        426.974        428.333        8.51423
           2391           2391        427.142          428.5        8.49647
           2392           2392        427.306        428.667        8.47886
           2393           2393        427.483        428.833        8.46207
           2394           2394        427.648            429        8.44537
           2395           2395        427.812        429.167        8.42888
           2396           2396         427.98        429.333        8.41245
           2397           2397         428.15          429.5        8.39656
           2398           2398        428.315        429.667        8.38017
           2399           2399        428.486        429.833        8.36363
           2400           2400        428.654            430        8.34712
           2401           2401        428.824        430.167        8.33019
           2402           2402        428.992        430.333         8.3135
           2403           2403        429.161          430.5        8.29708
           2404           2404        429.326        430.667         8.2809
           2405           2405        429.494        430.833        8.26527
           2406           2406        429.664            431        8.24975
           2407           2407        429.828        431.167        8.23442
           2408           2408        429.997        431.333        8.21915
           2409           2409        430.172          431.5        8.20381
           2410           2410        430.335        431.667        8.18863
           2411           2411          430.5        431.833        8.17308
           2412           2412        430.672            432        8.15759
           2413           2413        430.836        432.167        8.14218
           2414           2414        431.004        432.333        8.12625
           2415           2415        431.175          432.5        8.11087
           2416           2416        431.341        432.667        8.09576
           2417           2417        431.507        432.833         8.0808
           2418           2418        431.684            433        8.06695
           2419           2419        431.845        433.167        8.05294
           2420           2420         432.02        433.333        8.03897
           2421           2421        432.184          433.5        8.02502
           2422           2422        432.345        433.667        8.01146
           2423           2423        432.514        433.833        7.99739
           2424           2424        432.686            434        7.98318
           2425           2425        432.858        434.167        7.96897
           2426           2426        433.016        434.333        7.95433
           2427           2427        433.189          434.5        7.94004
           2428           2428        433.357        434.667        7.92578
           2429           2429        433.524        434.833        7.91145
           2430           2430        433.697            435        7.89736
           2431           2431        433.866        435.167        7.88325
           2432           2432        434.037        435.333        7.86919
           2433           2433        434.198          435.5        7.85515
           2434           2434        434.366        435.667        7.84138
           2435           2435        434.535        435.833        7.82764
           2436           2436        434.702            436         7.8138
           2437           2437        434.873        436.167        7.79986
           2438           2438        435.037        436.333        7.78636
           2439           2439        435.201          436.5        7.77294
           2440           2440        435.368        436.667        7.75959
           2441           2441        435.541        436.833        7.74634
           2442           2442        435.704            437        7.73317
           2443           2443        435.875        437.167        7.72044
           2444           2444        436.045        437.333        7.70747
           2445           2445        436.208          437.5        7.69437
           2446           2446        436.379        437.667        7.68116
           2447           2447        436.545        437.833        7.66794
           2448           2448        436.718            438        7.65489
           2449           2449        436.882        438.167         7.6419
           2450           2450        437.053        438.333        7.62893
           2451           2451        437.221          438.5         7.6161
           2452           2452        437.384        438.667        7.60326
           2453           2453        437.551        438.833        7.59041
           2454           2454        437.725            439        7.57758
           2455           2455        437.891        439.167        7.56494
           2456           2456        438.059        439.333        7.55228
           2457           2457        438.226          439.5        7.53961
           2458           2458        438.403        439.667        7.52688
           2459           2459        438.565        439.833        7.51434
           2460           2460        438.735            440         7.5018
           2461           2461        438.904        440.167        7.48926
           2462           2462        439.069        440.333         7.4767
           2463           2463        439.236          440.5        7.46406
           2464           2464        439.408        440.667        7.45121
           2465           2465        439.576        440.833        7.43829
           2466           2466         439.74            441        7.42543
           2467           2467        439.907        441.167        7.41219
           2468           2468        440.078        441.333        7.39911
           2469           2469        440.243          441.5        7.38622
           2470           2470        440.416        441.667        7.37347
           2471           2471        440.588        441.833        7.36115
           2472           2472        440.751            442        7.34892
           2473           2473         440.92        442.167        7.33681
           2474           2474        441.079        442.333        7.32478
           2475           2475        441.247          442.5        7.31277
           2476           2476        441.419        442.667        7.30125
           2477           2477        441.584        442.833        7.28936
           2478           2478        441.754            443        7.27739
           2479           2479        441.917        443.167        7.26543
           2480           2480        442.092        443.333        7.25318
           2481           2481        442.251          443.5        7.24089
           2482           2482        442.418        443.667        7.22853
           2483           2483        442.581        443.833        7.21619
           2484           2484        442.746            444         7.2037
           2485           2485        442.918        444.167        7.19125
           2486           2486         443.09        444.333        7.17877
           2487           2487        443.259          444.5        7.16629
           2488           2488        443.432        444.667         7.1539
           2489           2489        443.603        444.833        7.14157
           2490           2490        443.767            445        7.12934
           2491           2491         443.93        445.167        7.11721
           2492           2492        444.102        445.333        7.10562
           2493           2493        444.268          445.5        7.09399
           2494           2494        444.432        445.667        7.08242
           2495           2495        444.603        445.833        7.07093
           2496           2496         444.77            446        7.05994
           2497           2497        444.943        446.167         7.0486
           2498           2498        445.106        446.333        7.03711
           2499           2499        445.279          446.5        7.02553
           2500           2500        445.449        446.667        7.01348
           2501           2501        445.608        446.833        7.00156
           2502           2502         445.78            447        6.98977
           2503           2503        445.947        447.167         6.9781
           2504           2504        446.121        447.333        6.96634
           2505           2505        446.287          447.5        6.95487
           2506           2506        446.456        447.667         6.9436
           2507           2507         446.63        447.833         6.9325
           2508           2508        446.797            448        6.92151
           2509           2509        446.963        448.167        6.91097
           2510           2510        447.125        448.333         6.8998
           2511           2511        447.295          448.5        6.88834
           2512           2512         447.46        448.667        6.87684
           2513           2513        447.633        448.833        6.86488
           2514           2514        447.799            449        6.85307
           2515           2515         447.97        449.167        6.84131
           2516           2516        448.136        449.333        6.82958
           2517           2517        448.304          449.5        6.81789
           2518           2518        448.465        449.667        6.80609
           2519           2519        448.637        449.833        6.79417
           2520           2520        448.807            450        6.78228
           2521           2521        448.973        450.167        6.77075
           2522           2522        449.139        450.333        6.75939
           2523           2523        449.304          450.5         6.7482
           2524           2524        449.472        450.667        6.73712
           2525           2525        449.637        450.833        6.72651
           2526           2526        449.809            451        6.71572
           2527           2527        449.981        451.167          6.705
           2528           2528        450.147        451.333        6.69433
           2529           2529        450.318          451.5         6.6839
           2530           2530         450.48        451.667        6.67339
           2531           2531        450.643        451.833        6.66281
           2532           2532        450.805            452         6.6522
           2533           2533        450.976        452.167        6.64162
           2534           2534        451.142        452.333        6.63072
           2535           2535        451.304          452.5         6.6196
           2536           2536        451.471        452.667        6.60845
           2537           2537        451.644        452.833        6.59727
           2538           2538        451.815            453        6.58639
           2539           2539        451.983        453.167        6.57554
           2540           2540        452.149        453.333        6.56471
           2541           2541        452.319          453.5        6.55394
           2542           2542        452.481        453.667        6.54366
           2543           2543        452.645        453.833        6.53316
           2544           2544        452.817            454        6.52274
           2545           2545        452.992        454.167        6.51236
           2546           2546        453.157        454.333        6.50196
           2547           2547        453.321          454.5        6.49165
           2548           2548        453.489        454.667        6.48142
           2549           2549        453.648        454.833        6.47126
           2550           2550        453.825            455        6.46148
           2551           2551        453.985        455.167        6.45183
           2552           2552        454.155        455.333        6.44239
           2553           2553        454.324          455.5        6.43312
           2554           2554        454.488        455.667        6.42433
           2555           2555         454.66        455.833        6.41541
           2556           2556        454.827            456        6.40657
           2557           2557        454.999        456.167        6.39761
           2558           2558        455.168        456.333         6.3886
           2559           2559        455.324          456.5        6.37958
           2560           2560        455.496        456.667        6.37036
           2561           2561        455.664        456.833        6.36107
           2562           2562        455.832            457        6.35155
           2563           2563        456.008        457.167        6.34198
           2564           2564        456.168        457.333        6.33235
           2565           2565        456.331          457.5        6.32275
           2566           2566          456.5        457.667        6.31286
           2567           2567        456.672        457.833        6.30296
           2568           2568        456.839            458        6.29297
           2569           2569        457.013        458.167        6.28292
           2570           2570        457.173        458.333        6.27261
           2571           2571        457.342          458.5        6.26248
           2572           2572        457.509        458.667        6.25249
           2573           2573        457.676        458.833        6.24257
           2574           2574        457.833            459        6.23263
           2575           2575        458.008        459.167        6.22268
           2576           2576         458.18        459.333        6.21253
           2577           2577         458.35          459.5         6.2022
           2578           2578        458.513        459.667        6.19178
           2579           2579        458.686        459.833        6.18112
           2580           2580        458.847            460        6.17063
           2581           2581        459.021        460.167        6.16019
           2582           2582        459.177        460.333        6.14982
           2583           2583        459.343          460.5        6.13931
           2584           2584        459.512        460.667        6.12879
           2585           2585        459.675        460.833        6.11839
           2586           2586        459.846            461        6.10805
           2587           2587        460.024        461.167        6.09753
           2588           2588        460.196        461.333        6.08708
           2589           2589        460.363          461.5        6.07681
           2590           2590        460.527        461.667        6.06663
           2591           2591        460.693        461.833        6.05646
           2592           2592        460.867            462        6.04626
           2593           2593        461.029        462.167        6.03605
           2594           2594        461.191        462.333         6.0258
           2595           2595        461.363          462.5        6.01561
           2596           2596        461.529        462.667        6.00545
           2597           2597        461.703        462.833        5.99533
           2598           2598        461.867            463        5.98522
           2599           2599        462.033        463.167        5.97506
           2600           2600        462.211        463.333        5.96478
           2601           2601        462.382          463.5        5.95433
           2602           2602        462.543        463.667        5.94376
           2603           2603        462.705        463.833        5.93279
           2604           2604        462.875            464        5.92189
           2605           2605        463.039        464.167        5.91099
           2606           2606        463.213        464.333        5.90016
           2607           2607         463.38          464.5        5.88937
           2608           2608        463.545        464.667        5.87854
           2609           2609        463.716        464.833        5.86789
           2610           2610        463.887            465        5.85738
           2611           2611        464.047        465.167         5.8469
           2612           2612        464.219        465.333        5.83678
           2613           2613        464.391          465.5        5.82662
           2614           2614        464.553        465.667        5.81645
           2615           2615        464.719        465.833        5.80632
           2616           2616        464.894            466        5.79637
           2617           2617        465.065        466.167        5.78619
           2618           2618        465.227        466.333        5.77602
           2619           2619        465.399          466.5          5.766
           2620           2620        465.567        466.667        5.75615
           2621           2621        465.728        466.833        5.74615
           2622           2622        465.901            467        5.73601
           2623           2623        466.067        467.167        5.72591
           2624           2624        466.231        467.333         5.7163
           2625           2625        466.399          467.5        5.70642
           2626           2626        466.563        467.667        5.69646
           2627           2627        466.731        467.833        5.68656
           2628           2628        466.903            468        5.67704
           2629           2629        467.076        468.167        5.66761
           2630           2630         467.24        468.333        5.65825
           2631           2631        467.404          468.5        5.64886
           2632           2632        467.572        468.667        5.63979
           2633           2633        467.743        468.833        5.63056
           2634           2634        467.909            469        5.62123
           2635           2635        468.076        469.167        5.61189
           2636           2636        468.245        469.333        5.60274
           2637           2637        468.415          469.5        5.59362
           2638           2638         468.58        469.667         5.5844
           2639           2639        468.751        469.833        5.57507
           2640           2640        468.912            470        5.56568
           2641           2641        469.079        470.167        5.55616
           2642           2642        469.247        470.333         5.5466
           2643           2643        469.415          470.5        5.53709
           2644           2644        469.583        470.667        5.52763
           2645           2645        469.749        470.833        5.51793
           2646           2646         469.92            471        5.50833
           2647           2647        470.087        471.167        5.49864
           2648           2648        470.256        471.333        5.48887
           2649           2649        470.428          471.5        5.47959
           2650           2650        470.587        471.667        5.47049
           2651           2651        470.764        471.833        5.46147
           2652           2652        470.931            472        5.45247
           2653           2653        471.092        472.167          5.444
           2654           2654        471.263        472.333        5.43496
           2655           2655        471.428          472.5        5.42545
           2656           2656        471.588        472.667        5.41573
           2657           2657        471.759        472.833        5.40544
           2658           2658        471.927            473        5.39535
           2659           2659        472.096        473.167        5.38534
           2660           2660         472.26        473.333        5.37537
           2661           2661         472.43          473.5        5.36509
           2662           2662        472.598        473.667        5.35515
           2663           2663        472.764        473.833        5.34557
           2664           2664        472.934            474        5.33627
           2665           2665        473.102        474.167        5.32759
           2666           2666        473.266        474.333        5.31862
           2667           2667        473.433          474.5        5.30953
           2668           2668        473.607        474.667        5.30038
           2669           2669        473.774        474.833        5.29148
           2670           2670        473.944            475        5.28255
           2671           2671        474.107        475.167        5.27376
           2672           2672        474.269        475.333        5.26521
           2673           2673        474.443          475.5        5.25689
           2674           2674        474.611        475.667        5.24888
           2675           2675        474.782        475.833        5.24068
           2676           2676        474.943            476        5.23252
           2677           2677        475.115        476.167        5.22442
           2678           2678        475.284        476.333        5.21644
           2679           2679        475.452          476.5        5.20833
           2680           2680         475.61        476.667        5.20027
           2681           2681        475.784        476.833        5.19226
           2682           2682         475.95            477        5.18407
           2683           2683        476.109        477.167        5.17589
           2684           2684        476.284        477.333        5.16761
           2685           2685        476.452          477.5        5.15922
           2686           2686         476.62        477.667         5.1505
           2687           2687        476.792        477.833        5.14163
           2688           2688        476.959            478        5.13267
           2689           2689        477.126        478.167        5.12374
           2690           2690        477.292        478.333        5.11422
           2691           2691         477.46          478.5        5.10516
           2692           2692        477.627        478.667        5.09634
           2693           2693        477.787        478.833        5.08756
           2694           2694        477.955            479        5.07923
           2695           2695        478.123        479.167        5.07098
           2696           2696        478.293        479.333        5.06279
           2697           2697        478.467          479.5        5.05459
           2698           2698        478.625        479.667        5.04671
           2699           2699        478.788        479.833        5.03841
           2700           2700         478.96            480        5.02982
           2701           2701        479.135        480.167        5.02115
           2702           2702        479.299        480.333        5.01234
           2703           2703        479.461          480.5        5.00376
           2704           2704        479.634        480.667        4.99506
           2705           2705        479.803        480.833        4.98601
           2706           2706        479.966            481        4.97671
           2707           2707        480.139        481.167        4.96735
           2708           2708        480.304        481.333        4.95824
           2709           2709        480.477          481.5        4.94935
           2710           2710        480.637        481.667        4.94056
           2711           2711        480.809        481.833        4.93188
           2712           2712        480.966            482        4.92345
           2713           2713        481.143        482.167        4.91525
           2714           2714         481.31        482.333        4.90719
           2715           2715        481.473          482.5        4.89963
           2716           2716        481.634        482.667        4.89142
           2717           2717        481.805        482.833        4.88299
           2718           2718        481.973            483        4.87462
           2719           2719        482.144        483.167        4.86636
           2720           2720        482.306        483.333        4.85842
           2721           2721        482.473          483.5         4.8507
           2722           2722        482.639        483.667        4.84308
           2723           2723          482.8        483.833        4.83562
           2724           2724        482.969            484         4.8275
           2725           2725        483.143        484.167         4.8192
           2726           2726        483.312        484.333        4.81089
           2727           2727        483.469          484.5        4.80198
           2728           2728        483.652        484.667        4.79352
           2729           2729        483.808        484.833        4.78506
           2730           2730        483.971            485        4.77658
           2731           2731         484.14        485.167        4.76841
           2732           2732        484.308        485.333        4.75999
           2733           2733        484.474          485.5        4.75161
           2734           2734        484.649        485.667        4.74335
           2735           2735        484.819        485.833        4.73522
           2736           2736        484.984            486        4.72723
           2737           2737        485.147        486.167        4.71925
           2738           2738        485.314        486.333        4.71105
           2739           2739        485.489          486.5        4.70266
           2740           2740        485.651        486.667        4.69463
           2741           2741         485.81        486.833        4.68654
           2742           2742        485.978            487        4.67838
           2743           2743        486.152        487.167        4.67027
           2744           2744        486.325        487.333        4.66281
           2745           2745        486.486          487.5        4.65562
           2746           2746        486.655        487.667        4.64853
           2747           2747        486.824        487.833        4.64145
           2748           2748        486.984            488        4.63538
           2749           2749         487.16        488.167         4.6288
           2750           2750        487.318        488.333         4.6223
           2751           2751        487.487          488.5        4.61603
           2752           2752        487.656        488.667        4.60963
           2753           2753        487.828        488.833        4.60284
           2754           2754        487.992            489        4.59556
           2755           2755        488.155        489.167        4.58796
           2756           2756        488.331        489.333        4.57958
           2757           2757        488.499          489.5        4.57144
           2758           2758        488.668        489.667         4.5637
           2759           2759         488.83        489.833        4.55627
           2760           2760        488.993            490        4.54851
           2761           2761        489.162        490.167        4.54083
           2762           2762        489.333        490.333        4.53279
           2763           2763         489.49          490.5        4.52445
           2764           2764        489.669        490.667         4.5162
           2765           2765        489.827        490.833        4.50805
           2766           2766        489.999            491        4.50043
           2767           2767        490.166        491.167        4.49313
           2768           2768        490.339        491.333         4.4853
           2769           2769        490.498          491.5        4.47738
           2770           2770        490.667        491.667         4.4693
           2771           2771        490.838        491.833        4.46126
           2772           2772        491.006            492        4.45333
           2773           2773        491.177        492.167        4.44557
           2774           2774        491.343        492.333        4.43824
           2775           2775        491.505          492.5        4.43102
           2776           2776        491.679        492.667        4.42375
           2777           2777         491.85        492.833        4.41646
           2778           2778        492.006            493        4.40844
           2779           2779         492.18        493.167        4.40043
           2780           2780        492.344        493.333         4.3926
           2781           2781        492.513          493.5        4.38413
           2782           2782        492.682        493.667         4.3764
           2783           2783         492.85        493.833        4.36881
           2784           2784         493.02            494        4.36129
           2785           2785         493.18        494.167        4.35459
           2786           2786         493.35        494.333        4.34725
           2787           2787         493.52          494.5        4.34003
           2788           2788        493.686        494.667        4.33304
           2789           2789        493.851        494.833        4.32603
           2790           2790        494.022            495        4.31913
           2791           2791        494.194        495.167        4.31223
           2792           2792        494.359        495.333        4.30537
           2793           2793        494.525          495.5         4.2986
           2794           2794        494.688        495.667        4.29142
           2795           2795        494.863        495.833        4.28439
           2796           2796        495.025            496        4.27754
           2797           2797          495.2        496.167         4.2703
           2798           2798        495.359        496.333        4.26351
           2799           2799        495.523          496.5        4.25681
           2800           2800         495.69        496.667         4.2501
           2801           2801        495.858        496.833        4.24398
           2802           2802        496.023            497        4.23757
           2803           2803        496.194        497.167        4.23117
           2804           2804        496.359        497.333        4.22461
           2805           2805        496.523          497.5        4.21788
           2806           2806         496.69        497.667        4.21087
           2807           2807        496.855        497.833        4.20401
           2808           2808        497.026            498        4.19724
           2809           2809        497.193        498.167        4.19053
           2810           2810        497.358        498.333        4.18384
           2811           2811        497.526          498.5        4.17712
           2812           2812        497.699        498.667        4.17013
           2813           2813        497.861        498.833        4.16297
           2814           2814        498.025            499        4.15585
           2815           2815        498.201        499.167        4.14871
           2816           2816        498.362        499.333        4.14157
           2817           2817         498.53          499.5        4.13443
           2818           2818        498.698        499.667        4.12724
           2819           2819        498.867        499.833        4.12021
           2820           2820        499.034            500        4.11319
           2821           2821        499.197        500.167        4.10624
           2822           2822        499.364        500.333        4.09968
           2823           2823        499.525          500.5        4.09266
           2824           2824        499.695        500.667        4.08547
           2825           2825        499.866        500.833        4.07831
           2826           2826        500.029            501        4.07115
           2827           2827        500.197        501.167        4.06413
           2828           2828         500.37        501.333        4.05719
           2829           2829        500.532          501.5        4.05023
           2830           2830        500.704        501.667        4.04334
           2831           2831        500.876        501.833        4.03635
           2832           2832         501.04            502        4.02935
           2833           2833         501.21        502.167        4.02234
           2834           2834         501.38        502.333        4.01518
           2835           2835        501.547          502.5        4.00819
           2836           2836        501.715        502.667         4.0012
           2837           2837        501.881        502.833        3.99421
           2838           2838        502.048            503        3.98725
           2839           2839        502.221        503.167        3.98073
           2840           2840        502.388        503.333        3.97426
           2841           2841        502.562          503.5        3.96775
           2842           2842         502.73        503.667        3.96109
           2843           2843        502.889        503.833        3.95483
           2844           2844        503.056            504        3.94866
           2845           2845        503.217        504.167        3.94264
           2846           2846        503.392        504.333        3.93671
           2847           2847         503.56          504.5        3.93091
           2848           2848        503.725        504.667        3.92477
           2849           2849        503.897        504.833        3.91848
           2850           2850        504.067            505        3.91225
           2851           2851        504.227        505.167         3.9062
           2852           2852        504.396        505.333        3.90024
           2853           2853        504.557          505.5        3.89441
           2854           2854        504.729        505.667        3.88872
           2855           2855        504.901        505.833        3.88355
           2856           2856        505.071            506        3.87823
           2857           2857        505.235        506.167        3.87303
           2858           2858        505.401        506.333        3.86798
           2859           2859        505.571          506.5        3.86314
           2860           2860        505.733        506.667        3.85786
           2861           2861          505.9        506.833        3.85234
           2862           2862        506.076            507        3.84679
           2863           2863        506.241        507.167        3.84117
           2864           2864        506.408        507.333        3.83574
           2865           2865        506.568          507.5        3.83037
           2866           2866        506.739        507.667          3.825
           2867           2867        506.903        507.833        3.81953
           2868           2868        507.079            508        3.81379
           2869           2869        507.246        508.167        3.80791
           2870           2870        507.408        508.333          3.802
           2871           2871        507.573          508.5        3.79618
           2872           2872        507.743        508.667        3.79038
           2873           2873        507.911        508.833        3.78468
           2874           2874        508.082            509        3.77879
           2875           2875        508.246        509.167        3.77285
           2876           2876         508.41        509.333        3.76761
           2877           2877        508.582          509.5        3.76236
           2878           2878        508.755        509.667        3.75741
           2879           2879        508.915        509.833         3.7526
           2880           2880        509.082            510          3.748
           2881           2881        509.246        510.167        3.74325
           2882           2882        509.419        510.333         3.7383
           2883           2883        509.585          510.5        3.73325
           2884           2884        509.757        510.667        3.72827
           2885           2885        509.921        510.833        3.72328
           2886           2886        510.094            511        3.71844
           2887           2887        510.261        511.167        3.71381
           2888           2888        510.428        511.333        3.70924
           2889           2889        510.594          511.5        3.70441
           2890           2890        510.764        511.667        3.69941
           2891           2891        510.916        511.833        3.69439
           2892           2892        511.093            512        3.68944
           2893           2893        511.268        512.167        3.68454
           2894           2894        511.437        512.333        3.67978
           2895           2895        511.596          512.5        3.67512
           2896           2896         511.77        512.667        3.67048
           2897           2897        511.932        512.833        3.66571
           2898           2898        512.099            513        3.66071
           2899           2899        512.264        513.167        3.65554
           2900           2900        512.432        513.333        3.65033
           2901           2901        512.605          513.5        3.64542
           2902           2902        512.769        513.667        3.64082
           2903           2903        512.926        513.833        3.63615
           2904           2904        513.098            514        3.63124
           2905           2905        513.266        514.167        3.62639
           2906           2906        513.428        514.333        3.62133
           2907           2907        513.588          514.5        3.61629
           2908           2908        513.761        514.667        3.61136
           2909           2909        513.928        514.833        3.60657
           2910           2910         514.09            515        3.60221
           2911           2911        514.261        515.167         3.5978
           2912           2912        514.434        515.333        3.59327
           2913           2913        514.596          515.5        3.58931
           2914           2914         514.76        515.667        3.58457
           2915           2915        514.933        515.833        3.57954
           2916           2916        515.098            516        3.57445
           2917           2917        515.272        516.167        3.56867
           2918           2918        515.435        516.333        3.56344
           2919           2919        515.596          516.5        3.55825
           2920           2920        515.765        516.667        3.55303
           2921           2921        515.939        516.833        3.54816
           2922           2922        516.103            517        3.54312
           2923           2923        516.268        517.167        3.53834
           2924           2924        516.433        517.333        3.53381
           2925           2925        516.602          517.5        3.52908
           2926           2926        516.772        517.667        3.52437
           2927           2927         516.94        517.833        3.51995
           2928           2928        517.108            518        3.51579
           2929           2929        517.277        518.167        3.51235
           2930           2930         517.44        518.333        3.50909
           2931           2931        517.613          518.5        3.50634
           2932           2932         517.78        518.667        3.50394
           2933           2933        517.943        518.833        3.50227
           2934           2934        518.116            519        3.49958
           2935           2935        518.286        519.167        3.49636
           2936           2936         518.45        519.333        3.49289
           2937           2937        518.613          519.5        3.48941
           2938           2938        518.785        519.667        3.48507
           2939           2939        518.952        519.833        3.48144
           2940           2940        519.116            520        3.47762
           2941           2941        519.286        520.167        3.47347
           2942           2942        519.456        520.333        3.46935
           2943           2943        519.618          520.5        3.46481
           2944           2944        519.784        520.667        3.46013
           2945           2945        519.952        520.833        3.45554
           2946           2946        520.117            521        3.45073
           2947           2947        520.279        521.167        3.44673
           2948           2948        520.453        521.333        3.44286
           2949           2949        520.617          521.5        3.43893
           2950           2950        520.789        521.667        3.43587
           2951           2951        520.958        521.833         3.4319
           2952           2952         521.12            522        3.42764
           2953           2953        521.289        522.167        3.42341
           2954           2954        521.457        522.333        3.41879
           2955           2955         521.63          522.5        3.41461
           2956           2956        521.788        522.667        3.41034
           2957           2957        521.953        522.833        3.40595
           2958           2958        522.128            523        3.40177
           2959           2959        522.296        523.167        3.39711
           2960           2960        522.465        523.333        3.39243
           2961           2961        522.631          523.5        3.38791
           2962           2962        522.791        523.667        3.38307
           2963           2963        522.955        523.833        3.37866
           2964           2964        523.118            524        3.37429
           2965           2965        523.288        524.167        3.36988
           2966           2966        523.459        524.333        3.36582
           2967           2967        523.624          524.5        3.36135
           2968           2968        523.797        524.667        3.35703
           2969           2969        523.961        524.833        3.35294
           2970           2970        524.125            525        3.34874
           2971           2971        524.287        525.167        3.34474
           2972           2972         524.46        525.333        3.34058
           2973           2973        524.634          525.5        3.33624
           2974           2974        524.792        525.667          3.332
           2975           2975        524.965        525.833        3.32753
           2976           2976        525.133            526        3.32321
           2977           2977        525.312        526.167          3.319
           2978           2978        525.468        526.333         3.3144
           2979           2979        525.635          526.5        3.31018
           2980           2980        525.807        526.667        3.30584
           2981           2981        525.971        526.833        3.30131
           2982           2982        526.137            527        3.29721
           2983           2983        526.301        527.167        3.29307
           2984           2984        526.473        527.333          3.289
           2985           2985        526.637          527.5        3.28491
           2986           2986        526.804        527.667        3.28046
           2987           2987        526.972        527.833        3.27619
           2988           2988        527.144            528         3.2722
           2989           2989        527.314        528.167        3.26848
           2990           2990        527.472        528.333        3.26514
           2991           2991        527.641          528.5        3.26175
           2992           2992        527.811        528.667        3.25843
           2993           2993         527.98        528.833        3.25513
           2994           2994        528.141            529         3.2524
           2995           2995        528.307        529.167        3.24947
           2996           2996        528.481        529.333        3.24654
           2997           2997        528.653          529.5        3.24364
           2998           2998        528.816        529.667        3.24066
           2999           2999        528.983        529.833        3.23756
           3000           3000        529.149            530        3.23441
           3001           3001        529.316        530.167        3.23123
           3002           3002        529.485        530.333        3.22767
           3003           3003        529.646          530.5        3.22398
           3004           3004        529.822        530.667        3.22013
           3005           3005        529.982        530.833        3.21622
           3006           3006        530.155            531        3.21181
           3007           3007        530.324        531.167        3.20766
           3008           3008        530.488        531.333        3.20375
           3009           3009        530.658          531.5        3.19996
           3010           3010        530.822        531.667        3.19603
           3011           3011        530.999        531.833        3.19189
           3012           3012         531.16            532         3.1877
           3013           3013        531.331        532.167        3.18362
           3014           3014        531.499        532.333        3.17962
           3015           3015         531.66          532.5        3.17569
           3016           3016        531.826        532.667        3.17176
           3017           3017        531.994        532.833        3.16784
           3018           3018         532.16            533         3.1642
           3019           3019        532.334        533.167         3.1604
           3020           3020        532.496        533.333        3.15642
           3021           3021         532.67          533.5        3.15221
           3022           3022        532.828        533.667        3.14779
           3023           3023        533.002        533.833        3.14363
           3024           3024        533.168            534        3.13956
           3025           3025        533.331        534.167        3.13548
           3026           3026        533.506        534.333        3.13164
           3027           3027        533.675          534.5        3.12792
           3028           3028        533.835        534.667        3.12413
           3029           3029        534.005        534.833        3.12025
           3030           3030        534.173            535        3.11687
           3031           3031        534.341        535.167        3.11329
           3032           3032        534.505        535.333        3.10954
           3033           3033        534.672          535.5         3.1057
           3034           3034        534.843        535.667        3.10183
           3035           3035        535.005        535.833        3.09801
           3036           3036        535.188            536        3.09416
           3037           3037        535.346        536.167        3.09033
           3038           3038         535.51        536.333        3.08649
           3039           3039        535.677          536.5        3.08291
           3040           3040         535.85        536.667        3.07966
           3041           3041        536.011        536.833        3.07655
           3042           3042        536.182            537        3.07348
           3043           3043        536.349        537.167        3.07018
           3044           3044        536.515        537.333          3.067
           3045           3045        536.683          537.5        3.06397
           3046           3046        536.854        537.667        3.06069
           3047           3047         537.02        537.833        3.05731
           3048           3048        537.182            538        3.05385
           3049           3049        537.349        538.167        3.05038
           3050           3050        537.519        538.333        3.04727
           3051           3051         537.69          538.5        3.04449
           3052           3052        537.848        538.667        3.04191
           3053           3053        538.022        538.833         3.0394
           3054           3054        538.183            539         3.0374
           3055           3055         538.35        539.167        3.03506
           3056           3056        538.511        539.333        3.03275
           3057           3057        538.687          539.5        3.03039
           3058           3058        538.854        539.667        3.02746
           3059           3059        539.015        539.833        3.02464
           3060           3060        539.185            540        3.02182
           3061           3061        539.357        540.167        3.01892
           3062           3062        539.518        540.333        3.01542
           3063           3063         539.69          540.5        3.01205
           3064           3064        539.858        540.667        3.00872
           3065           3065        540.023        540.833        3.00542
           3066           3066          540.2            541        3.00218
           3067           3067        540.367        541.167        2.99918
           3068           3068         540.53        541.333        2.99625
           3069           3069        540.695          541.5        2.99331
           3070           3070         540.86        541.667        2.99033
           3071           3071        541.028        541.833        2.98762
           3072           3072        541.202            542        2.98469
           3073           3073        541.364        542.167        2.98178
           3074           3074        541.527        542.333        2.97887
           3075           3075        541.696          542.5        2.97567
           3076           3076        541.864        542.667        2.97271
           3077           3077        542.027        542.833        2.96994
           3078           3078        542.198            543        2.96728
           3079           3079        542.359        543.167        2.96493
           3080           3080        542.533        543.333        2.96269
           3081           3081        542.704          543.5        2.96088
           3082           3082        542.875        543.667        2.95944
           3083           3083        543.044        543.833        2.95883
           3084           3084        543.206            544        2.95792
           3085           3085        543.379        544.167        2.95701
           3086           3086        543.545        544.333        2.95616
           3087           3087        543.714          544.5        2.95584
           3088           3088        543.883        544.667        2.95533
           3089           3089        544.049        544.833        2.95496
           3090           3090        544.219            545        2.95464
           3091           3091        544.384        545.167        2.95399
           3092           3092        544.555        545.333        2.95317
           3093           3093        544.719          545.5          2.952
           3094           3094        544.882        545.667        2.95049
           3095           3095        545.054        545.833        2.94792
           3096           3096        545.218            546        2.94532
           3097           3097        545.383        546.167        2.94227
           3098           3098        545.558        546.333        2.93886
           3099           3099        545.722          546.5        2.93396
           3100           3100        545.891        546.667        2.92964
           3101           3101        546.062        546.833        2.92537
           3102           3102        546.223            547        2.92109
           3103           3103        546.396        547.167        2.91686
           3104           3104        546.562        547.333        2.91263
           3105           3105        546.728          547.5        2.90849
           3106           3106        546.893        547.667        2.90431
           3107           3107        547.054        547.833        2.90003
           3108           3108        547.223            548        2.89589
           3109           3109        547.402        548.167        2.89199
           3110           3110        547.562        548.333        2.88847
           3111           3111        547.735          548.5        2.88508
           3112           3112        547.897        548.667        2.88175
           3113           3113        548.068        548.833        2.87844
           3114           3114        548.238            549        2.87529
           3115           3115        548.399        549.167         2.8723
           3116           3116        548.568        549.333        2.86968
           3117           3117        548.735          549.5        2.86681
           3118           3118        548.912        549.667        2.86387
           3119           3119        549.074        549.833         2.8609
           3120           3120        549.242            550        2.85755
           3121           3121        549.412        550.167        2.85392
           3122           3122        549.584        550.333        2.85018
           3123           3123        549.752          550.5        2.84643
           3124           3124        549.919        550.667        2.84208
           3125           3125        550.082        550.833        2.83836
           3126           3126        550.238            551        2.83481
           3127           3127        550.407        551.167        2.83129
           3128           3128        550.581        551.333        2.82828
           3129           3129         550.75          551.5        2.82493
           3130           3130        550.918        551.667        2.82147
           3131           3131        551.087        551.833        2.81804
           3132           3132        551.251            552        2.81499
           3133           3133        551.422        552.167        2.81216
           3134           3134        551.587        552.333        2.80931
           3135           3135         551.75          552.5         2.8063
           3136           3136        551.926        552.667         2.8032
           3137           3137        552.099        552.833        2.80066
           3138           3138        552.267            553        2.79791
           3139           3139        552.432        553.167        2.79508
           3140           3140        552.597        553.333        2.79218
           3141           3141        552.759          553.5        2.78898
           3142           3142        552.933        553.667        2.78578
           3143           3143        553.098        553.833        2.78257
           3144           3144        553.263            554        2.77935
           3145           3145        553.435        554.167        2.77573
           3146           3146        553.601        554.333        2.77239
           3147           3147        553.773          554.5        2.76924
           3148           3148        553.943        554.667         2.7662
           3149           3149        554.107        554.833        2.76339
           3150           3150        554.275            555        2.76074
           3151           3151        554.448        555.167         2.7583
           3152           3152        554.607        555.333        2.75595
           3153           3153        554.777          555.5        2.75402
           3154           3154        554.939        555.667        2.75168
           3155           3155        555.114        555.833        2.74918
           3156           3156        555.277            556        2.74665
           3157           3157        555.447        556.167        2.74415
           3158           3158        555.619        556.333        2.74185
           3159           3159        555.786          556.5        2.73964
           3160           3160        555.947        556.667        2.73747
           3161           3161        556.109        556.833        2.73533
           3162           3162        556.289            557         2.7329
           3163           3163        556.462        557.167        2.73038
           3164           3164        556.631        557.333        2.72788
           3165           3165        556.795          557.5        2.72497
           3166           3166         556.95        557.667        2.72219
           3167           3167        557.119        557.833        2.71949
           3168           3168        557.286            558        2.71687
           3169           3169         557.45        558.167         2.7143
           3170           3170        557.615        558.333        2.71222
           3171           3171        557.786          558.5        2.71025
           3172           3172         557.95        558.667        2.70825
           3173           3173        558.118        558.833        2.70618
           3174           3174         558.28            559        2.70427
           3175           3175         558.45        559.167        2.70199
           3176           3176         558.62        559.333        2.69973
           3177           3177         558.79          559.5        2.69746
           3178           3178        558.963        559.667        2.69442
           3179           3179        559.122        559.833        2.69171
           3180           3180        559.293            560        2.68915
           3181           3181        559.458        560.167        2.68675
           3182           3182        559.626        560.333        2.68436
           3183           3183        559.794          560.5        2.68161
           3184           3184        559.964        560.667         2.6786
           3185           3185        560.127        560.833        2.67553
           3186           3186        560.297            561        2.67232
           3187           3187        560.466        561.167        2.66929
           3188           3188        560.635        561.333        2.66638
           3189           3189        560.798          561.5        2.66355
           3190           3190        560.967        561.667        2.66102
           3191           3191        561.137        561.833        2.65855
           3192           3192        561.302            562        2.65616
           3193           3193        561.465        562.167        2.65377
           3194           3194         561.63        562.333        2.65185
           3195           3195        561.799          562.5        2.64984
           3196           3196        561.962        562.667        2.64766
           3197           3197        562.133        562.833         2.6453
           3198           3198        562.302            563        2.64277
           3199           3199        562.471        563.167        2.64013
           3200           3200        562.642        563.333        2.63742
           3201           3201        562.811          563.5        2.63471
           3202           3202        562.981        563.667        2.63197
           3203           3203        563.142        563.833        2.62871
           3204           3204        563.306            564        2.62584
           3205           3205        563.473        564.167        2.62324
           3206           3206         563.64        564.333        2.62073
           3207           3207        563.815          564.5        2.61851
           3208           3208        563.985        564.667        2.61629
           3209           3209        564.158        564.833        2.61406
           3210           3210        564.323            565        2.61179
           3211           3211        564.485        565.167        2.60961
           3212           3212        564.649        565.333        2.60732
           3213           3213        564.826          565.5        2.60509
           3214           3214         564.99        565.667        2.60287
           3215           3215        565.158        565.833        2.60032
           3216           3216        565.323            566        2.59801
           3217           3217        565.482        566.167        2.59592
           3218           3218        565.657        566.333        2.59393
           3219           3219        565.822          566.5        2.59223
           3220           3220        565.994        566.667        2.59046
           3221           3221        566.157        566.833         2.5886
           3222           3222        566.327            567        2.58661
           3223           3223        566.491        567.167        2.58463
           3224           3224        566.662        567.333        2.58258
           3225           3225        566.829          567.5        2.58038
           3226           3226        566.998        567.667        2.57804
           3227           3227        567.165        567.833        2.57541
           3228           3228        567.325            568        2.57321
           3229           3229        567.494        568.167        2.57138
           3230           3230        567.661        568.333        2.56976
           3231           3231        567.829          568.5        2.56895
           3232           3232        567.995        568.667        2.56823
           3233           3233        568.169        568.833        2.56759
           3234           3234        568.334            569        2.56687
           3235           3235        568.498        569.167          2.566
           3236           3236        568.667        569.333        2.56544
           3237           3237        568.833          569.5        2.56438
           3238           3238        568.993        569.667         2.5631
           3239           3239        569.166        569.833        2.56172
           3240           3240        569.338            570        2.55941
           3241           3241        569.497        570.167        2.55766
           3242           3242        569.662        570.333        2.55606
           3243           3243        569.835          570.5        2.55435
           3244           3244        570.001        570.667        2.55245
           3245           3245         570.17        570.833        2.55074
           3246           3246        570.333            571        2.54934
           3247           3247        570.494        571.167        2.54816
           3248           3248        570.668        571.333        2.54729
           3249           3249        570.833          571.5        2.54662
           3250           3250        571.005        571.667        2.54612
           3251           3251        571.172        571.833        2.54567
           3252           3252        571.337            572        2.54593
           3253           3253        571.504        572.167        2.54582
           3254           3254        571.677        572.333        2.54561
           3255           3255        571.841          572.5        2.54527
           3256           3256        572.013        572.667        2.54419
           3257           3257        572.179        572.833        2.54313
           3258           3258        572.342            573        2.54206
           3259           3259        572.511        573.167        2.54095
           3260           3260        572.675        573.333        2.53908
           3261           3261        572.836          573.5        2.53763
           3262           3262        573.007        573.667        2.53631
           3263           3263        573.178        573.833        2.53497
           3264           3264        573.342            574        2.53356
           3265           3265        573.502        574.167        2.53209
           3266           3266        573.673        574.333        2.53057
           3267           3267        573.846          574.5        2.52903
           3268           3268        574.016        574.667        2.52756
           3269           3269         574.18        574.833        2.52601
           3270           3270        574.346            575        2.52452
           3271           3271        574.511        575.167        2.52306
           3272           3272        574.684        575.333        2.52158
           3273           3273        574.852          575.5        2.52018
           3274           3274        575.022        575.667        2.51868
           3275           3275        575.188        575.833        2.51723
           3276           3276        575.358            576        2.51593
           3277           3277        575.511        576.167        2.51475
           3278           3278        575.678        576.333        2.51355
           3279           3279        575.847          576.5        2.51231
           3280           3280        576.013        576.667        2.51109
           3281           3281        576.175        576.833        2.51023
           3282           3282        576.339            577        2.50913
           3283           3283        576.516        577.167         2.5079
           3284           3284        576.688        577.333        2.50664
           3285           3285        576.856          577.5        2.50585
           3286           3286        577.021        577.667        2.50536
           3287           3287        577.186        577.833        2.50493
           3288           3288        577.349            578        2.50451
           3289           3289        577.516        578.167        2.50466
           3290           3290        577.677        578.333         2.5043
           3291           3291        577.853          578.5        2.50368
           3292           3292        578.013        578.667        2.50293
           3293           3293        578.174        578.833         2.5015
           3294           3294        578.344            579        2.50032
           3295           3295        578.514        579.167         2.4993
           3296           3296        578.685        579.333        2.49838
           3297           3297        578.845          579.5        2.49715
           3298           3298        579.008        579.667        2.49572
           3299           3299        579.185        579.833        2.49406
           3300           3300        579.343            580        2.49226
           3301           3301        579.509        580.167        2.49038
           3302           3302        579.676        580.333         2.4879
           3303           3303        579.843          580.5        2.48554
           3304           3304        580.012        580.667        2.48313
           3305           3305        580.176        580.833        2.48081
           3306           3306        580.347            581        2.47891
           3307           3307        580.512        581.167         2.4774
           3308           3308         580.68        581.333        2.47613
           3309           3309        580.844          581.5        2.47506
           3310           3310         581.01        581.667         2.4755
           3311           3311        581.182        581.833        2.47544
           3312           3312        581.356            582        2.47518
           3313           3313        581.519        582.167        2.47485
           3314           3314        581.687        582.333        2.47485
           3315           3315        581.863          582.5        2.47431
           3316           3316        582.024        582.667         2.4735
           3317           3317        582.189        582.833        2.47257
           3318           3318        582.354            583        2.47038
           3319           3319        582.518        583.167        2.46849
           3320           3320        582.683        583.333         2.4668
           3321           3321        582.855          583.5        2.46524
           3322           3322        583.022        583.667        2.46364
           3323           3323        583.189        583.833        2.46252
           3324           3324        583.358            584        2.46151
           3325           3325        583.521        584.167        2.46047
           3326           3326        583.691        584.333         2.4601
           3327           3327        583.857          584.5        2.45903
           3328           3328        584.026        584.667        2.45774
           3329           3329        584.194        584.833        2.45646
           3330           3330        584.359            585        2.45401
           3331           3331        584.529        585.167        2.45171
           3332           3332        584.701        585.333        2.44954
           3333           3333        584.863          585.5        2.44752
           3334           3334         585.03        585.667        2.44561
           3335           3335        585.191        585.833         2.4441
           3336           3336        585.361            586        2.44314
           3337           3337        585.533        586.167         2.4423
           3338           3338        585.699        586.333        2.44144
           3339           3339         585.87          586.5        2.44194
           3340           3340        586.037        586.667        2.44182
           3341           3341        586.205        586.833        2.44165
           3342           3342         586.37            587        2.44149
           3343           3343        586.537        587.167        2.44095
           3344           3344        586.709        587.333        2.44043
           3345           3345        586.875          587.5        2.43977
           3346           3346        587.039        587.667          2.439
           3347           3347        587.209        587.833        2.43808
           3348           3348        587.385            588        2.43744
           3349           3349        587.538        588.167        2.43687
           3350           3350        587.701        588.333        2.43624
           3351           3351        587.872          588.5        2.43554
           3352           3352        588.034        588.667        2.43475
           3353           3353        588.214        588.833        2.43392
           3354           3354        588.372            589        2.43302
           3355           3355        588.535        589.167        2.43142
           3356           3356        588.708        589.333        2.43014
           3357           3357        588.873          589.5        2.42929
           3358           3358         589.04        589.667         2.4287
           3359           3359        589.204        589.833        2.42814
           3360           3360        589.371            590        2.42762
           3361           3361        589.539        590.167        2.42704
           3362           3362        589.711        590.333        2.42633
           3363           3363        589.884          590.5        2.42573
           3364           3364         590.05        590.667         2.4247
           3365           3365        590.215        590.833        2.42324
           3366           3366        590.388            591        2.42152
           3367           3367        590.547        591.167        2.41976
           3368           3368        590.707        591.333        2.41736
           3369           3369        590.871          591.5        2.41546
           3370           3370        591.042        591.667        2.41375
           3371           3371         591.21        591.833        2.41227
           3372           3372        591.376            592        2.41151
           3373           3373        591.539        592.167        2.41054
           3374           3374        591.716        592.333        2.40953
           3375           3375        591.883          592.5        2.40842
           3376           3376        592.053        592.667         2.4073
           3377           3377        592.212        592.833        2.40591
           3378           3378         592.38            593        2.40468
           3379           3379         592.55        593.167        2.40363
           3380           3380        592.718        593.333        2.40185
           3381           3381        592.879          593.5        2.40038
           3382           3382        593.048        593.667        2.39911
           3383           3383        593.211        593.833         2.3979
           3384           3384        593.391            594        2.39671
           3385           3385        593.554        594.167        2.39528
           3386           3386        593.717        594.333        2.39371
           3387           3387        593.885          594.5        2.39215
           3388           3388        594.043        594.667        2.39052
           3389           3389        594.213        594.833        2.38905
           3390           3390        594.383            595         2.3875
           3391           3391        594.546        595.167        2.38587
           3392           3392        594.711        595.333        2.38422
           3393           3393        594.883          595.5        2.38214
           3394           3394        595.047        595.667        2.37983
           3395           3395        595.208        595.833        2.37754
           3396           3396        595.384            596        2.37504
           3397           3397        595.541        596.167        2.37309
           3398           3398        595.714        596.333        2.37138
           3399           3399        595.881          596.5        2.36974
           3400           3400        596.044        596.667        2.36822
           3401           3401        596.216        596.833        2.36711
           3402           3402        596.388            597        2.36653
           3403           3403        596.556        597.167         2.3662
           3404           3404        596.716        597.333        2.36592
           3405           3405        596.877          597.5        2.36558
           3406           3406        597.045        597.667        2.36497
           3407           3407        597.226        597.833        2.36423
           3408           3408        597.396            598        2.36375
           3409           3409        597.556        598.167        2.36328
           3410           3410        597.725        598.333        2.36247
           3411           3411        597.888          598.5        2.36142
           3412           3412        598.053        598.667        2.35977
           3413           3413        598.215        598.833        2.35753
           3414           3414        598.385            599        2.35566
           3415           3415        598.552        599.167        2.35418
           3416           3416        598.717        599.333        2.35243
           3417           3417        598.891          599.5        2.35052
           3418           3418        599.057        599.667        2.34866
           3419           3419         599.22        599.833        2.34696
           3420           3420        599.386            600        2.34526


Results:
Texts:

  !$D60-TN200-V90-TB60
  Sample Weight
  D60-TN200-V90-TB60, 1.8600 mg

Sample:
  D60-TN200-V90-TB60, 1.8600 mg
Evaluation:
  


________________________________________________________________________________
Not signed                                                         STARe SW 9.20