Title                                                           12.02.2026 15:55
________________________________________________________________________________

Title


Curve Name:
  $D60-TN200-V80-TB60
  Sample Weight
Curve Values:
          Index              t             Ts             Tr          Value
                           [s]           [°C]           [°C]           [mg]
              0              0        36.9753             30        1.97948
              1              1        36.9763        30.1667        1.97926
              2              2        37.0045        30.3333        1.97915
              3              3        37.0289           30.5        1.97912
              4              4        37.0936        30.6667        1.97919
              5              5        37.1674        30.8333        1.97935
              6              6        37.2724             31        1.97959
              7              7        37.3969        31.1667        1.97986
              8              8        37.5097        31.3333         1.9804
              9              9        37.6264           31.5        1.98075
             10             10        37.7652        31.6667        1.98102
             11             11        37.9053        31.8333        1.98125
             12             12        38.0545             32        1.98133
             13             13        38.2076        32.1667        1.98143
             14             14         38.358        32.3333         1.9815
             15             15        38.5098           32.5        1.98155
             16             16        38.6733        32.6667        1.98147
             17             17        38.8276        32.8333        1.98144
             18             18        38.9962             33        1.98141
             19             19        39.1532        33.1667        1.98138
             20             20        39.3231        33.3333        1.98133
             21             21        39.4995           33.5        1.98129
             22             22        39.6707        33.6667        1.98125
             23             23        39.8484        33.8333         1.9812
             24             24        40.0027             34        1.98116
             25             25        40.1842        34.1667        1.98112
             26             26        40.3567        34.3333        1.98108
             27             27        40.5331           34.5        1.98104
             28             28        40.7055        34.6667        1.98101
             29             29        40.8806        34.8333        1.98098
             30             30        41.0491             35        1.98095
             31             31         41.228        35.1667        1.98092
             32             32        41.3939        35.3333        1.98092
             33             33        41.5702           35.5         1.9809
             34             34        41.7439        35.6667        1.98088
             35             35        41.9176        35.8333        1.98087
             36             36        42.0912             36        1.98086
             37             37         42.274        36.1667        1.98085
             38             38        42.4411        36.3333        1.98084
             39             39        42.6122           36.5        1.98083
             40             40        42.7845        36.6667        1.98082
             41             41        42.9568        36.8333         1.9808
             42             42        43.1279             37        1.98078
             43             43        43.3015        37.1667        1.98076
             44             44        43.4764        37.3333        1.98074
             45             45        43.6409           37.5        1.98071
             46             46        43.8106        37.6667        1.98068
             47             47        43.9815        37.8333        1.98066
             48             48        44.1486             38        1.98062
             49             49        44.3261        38.1667         1.9806
             50             50        44.4918        38.3333        1.98057
             51             51        44.6602           38.5        1.98055
             52             52        44.8207        38.6667        1.98053
             53             53        44.9851        38.8333        1.98052
             54             54          45.16             39         1.9805
             55             55        45.3296        39.1667        1.98049
             56             56        45.4784        39.3333        1.98048
             57             57        45.6519           39.5        1.98046
             58             58        45.8124        39.6667        1.98045
             59             59         45.982        39.8333        1.98044
             60             60        46.1425             40        1.98042
             61             61         46.316        40.1667        1.98041
             62             62        46.4647        40.3333         1.9804
             63             63        46.6369           40.5        1.98039
             64             64        46.7974        40.6667        1.98036
             65             65        46.9643        40.8333        1.98033
             66             66         47.113             41        1.98031
             67             67        47.2774        41.1667        1.98029
             68             68        47.4417        41.3333        1.98026
             69             69        47.6087           41.5        1.98024
             70             70        47.7626        41.6667        1.98024
             71             71        47.9269        41.8333        1.98023
             72             72        48.0821             42        1.98025
             73             73        48.2542        42.1667        1.98024
             74             74         48.412        42.3333        1.98022
             75             75        48.5764           42.5        1.98021
             76             76        48.7367        42.6667         1.9802
             77             77        48.8945        42.8333        1.98019
             78             78        49.0614             43        1.98019
             79             79        49.2205        43.1667        1.98019
             80             80        49.3887        43.3333         1.9802
             81             81        49.5425           43.5         1.9802
             82             82        49.7133        43.6667        1.98019
             83             83        49.8698        43.8333        1.98018
             84             84        50.0406             44        1.98016
             85             85        50.1905        44.1667        1.98015
             86             86         50.356        44.3333        1.98013
             87             87        50.5216           44.5        1.98011
             88             88        50.6911        44.6667        1.98009
             89             89        50.8475        44.8333        1.98007
             90             90        51.0169             45        1.98006
             91             91        51.1799        45.1667        1.98006
             92             92        51.3311        45.3333        1.98005
             93             93        51.5005           45.5        1.98004
             94             94        51.6556        45.6667        1.98003
             95             95        51.8159        45.8333        1.98001
             96             96        51.9827             46        1.97999
             97             97        52.1404        46.1667        1.97999
             98             98        52.2981        46.3333        1.97999
             99             99        52.4584           46.5        1.97999
            100            100        52.6252        46.6667           1.98
            101            101        52.7894        46.8333        1.98004
            102            102        52.9471             47        1.98005
            103            103        53.1048        47.1667        1.98005
            104            104        53.2573        47.3333        1.98005
            105            105        53.4123           47.5        1.98003
            106            106        53.5909        47.6667        1.98001
            107            107        53.7446        47.8333        1.97999
            108            108        53.9166             48        1.97996
            109            109         54.086        48.1667        1.97992
            110            110        54.2345        48.3333        1.97988
            111            111        54.3948           48.5        1.97984
            112            112        54.5589        48.6667        1.97979
            113            113        54.7179        48.8333        1.97974
            114            114        54.8742             49        1.97969
            115            115         55.028        49.1667        1.97964
            116            116        55.1778        49.3333        1.97959
            117            117        55.3602           49.5        1.97956
            118            118        55.5217        49.6667        1.97952
            119            119        55.6794        49.8333         1.9795
            120            120        55.8448             50        1.97947
            121            121        56.0063        50.1667        1.97945
            122            122        56.1679        50.3333        1.97943
            123            123        56.3333           50.5        1.97939
            124            124        56.4779        50.6667        1.97936
            125            125        56.6368        50.8333        1.97931
            126            126        56.8022             51        1.97927
            127            127        56.9612        51.1667        1.97924
            128            128        57.1175        51.3333         1.9792
            129            129        57.2699           51.5        1.97915
            130            130        57.4379        51.6667        1.97912
            131            131        57.5968        51.8333        1.97909
            132            132        57.7609             52        1.97906
            133            133        57.9094        52.1667        1.97903
            134            134        58.0657        52.3333        1.97901
            135            135        58.2246           52.5        1.97898
            136            136        58.3913        52.6667        1.97894
            137            137        58.5502        52.8333        1.97891
            138            138        58.6987             53        1.97886
            139            139        58.8667        53.1667        1.97881
            140            140        59.0138        53.3333        1.97877
            141            141        59.1753           53.5        1.97874
            142            142        59.3225        53.6667         1.9787
            143            143         59.484        53.8333        1.97866
            144            144        59.6494             54        1.97862
            145            145        59.8082        54.1667        1.97859
            146            146        59.9684        54.3333        1.97856
            147            147        60.1234           54.5        1.97854
            148            148        60.2692        54.6667        1.97851
            149            149        60.4255        54.8333        1.97849
            150            150        60.5948             55        1.97846
            151            151        60.7497        55.1667        1.97843
            152            152        60.8891        55.3333         1.9784
            153            153        61.0479           55.5        1.97836
            154            154        61.2107        55.6667        1.97833
            155            155         61.367        55.8333         1.9783
            156            156        61.5167             56        1.97828
            157            157        61.6717        56.1667        1.97826
            158            158        61.8292        56.3333        1.97825
            159            159        61.9738           56.5        1.97823
            160            160        62.1326        56.6667        1.97822
            161            161        62.2941        56.8333         1.9782
            162            162        62.4425             57        1.97818
            163            163        62.5935        57.1667        1.97815
            164            164        62.7654        57.3333        1.97812
            165            165         62.919           57.5        1.97808
            166            166        63.0662        57.6667        1.97804
            167            167        63.2198        57.8333        1.97799
            168            168        63.3865             58        1.97794
            169            169        63.5349        58.1667         1.9779
            170            170        63.6898        58.3333        1.97785
            171            171          63.85           58.5        1.97779
            172            172        63.9984        58.6667        1.97774
            173            173        64.1533        58.8333        1.97768
            174            174        64.3109             59        1.97762
            175            175        64.4658        59.1667        1.97756
            176            176        64.6207        59.3333        1.97751
            177            177        64.7717           59.5        1.97745
            178            178        64.9202        59.6667         1.9774
            179            179         65.079        59.8333        1.97735
            180            180        65.2261             60        1.97731
            181            181        65.3875        60.1667        1.97726
            182            182        65.5333        60.3333        1.97721
            183            183         65.687           60.5        1.97716
            184            184        65.8445        60.6667         1.9771
            185            185        65.9929        60.8333        1.97702
            186            186         66.153             61        1.97694
            187            187        66.3014        61.1667        1.97684
            188            188        66.4537        61.3333        1.97677
            189            189          66.61           61.5         1.9767
            190            190        66.7532        61.6667        1.97664
            191            191        66.8989        61.8333         1.9766
            192            192        67.0487             62        1.97656
            193            193         67.201        62.1667        1.97652
            194            194        67.3624        62.3333        1.97649
            195            195        67.5056           62.5        1.97646
            196            196        67.6722        62.6667        1.97645
            197            197        67.8089        62.8333        1.97644
            198            198        67.9716             63        1.97643
            199            199        68.1278        63.1667        1.97643
            200            200        68.2788        63.3333        1.97644
            201            201        68.4246           63.5        1.97644
            202            202        68.5873        63.6667        1.97642
            203            203        68.7331        63.8333         1.9764
            204            204        68.8828             64        1.97637
            205            205        69.0377        64.1667        1.97633
            206            206        69.1861        64.3333        1.97629
            207            207        69.3383           64.5        1.97625
            208            208        69.5024        64.6667        1.97619
            209            209        69.6325        64.8333        1.97614
            210            210        69.7848             65        1.97609
            211            211        69.9501        65.1667        1.97604
            212            212        70.0946        65.3333        1.97599
            213            213        70.2417           65.5        1.97593
            214            214        70.3992        65.6667        1.97588
            215            215        70.5528        65.8333        1.97583
            216            216        70.7012             66        1.97579
            217            217        70.8573        66.1667        1.97575
            218            218        71.0057        66.3333        1.97572
            219            219        71.1502           66.5        1.97568
            220            220        71.3038        66.6667        1.97565
            221            221        71.4639        66.8333        1.97562
            222            222        71.6201             67        1.97558
            223            223        71.7658        67.1667        1.97554
            224            224        71.9194        67.3333         1.9755
            225            225        72.0574           67.5        1.97546
            226            226         72.211        67.6667        1.97541
            227            227        72.3711        67.8333        1.97537
            228            228        72.5208             68        1.97533
            229            229        72.6717        68.1667        1.97529
            230            230        72.8097        68.3333        1.97525
            231            231        72.9685           68.5        1.97521
            232            232        73.1181        68.6667        1.97517
            233            233        73.2652        68.8333        1.97514
            234            234        73.4201             69        1.97511
            235            235        73.5841        69.1667        1.97507
            236            236        73.7338        69.3333        1.97504
            237            237        73.8756           69.5          1.975
            238            238         74.037        69.6667        1.97495
            239            239        74.1802        69.8333        1.97491
            240            240        74.3311             70        1.97487
            241            241        74.4821        70.1667        1.97481
            242            242        74.6383        70.3333        1.97476
            243            243        74.7737           70.5        1.97471
            244            244        74.9311        70.6667        1.97467
            245            245        75.0873        70.8333        1.97462
            246            246         75.237             71        1.97458
            247            247        75.3866        71.1667        1.97453
            248            248        75.5311        71.3333        1.97448
            249            249        75.6886           71.5        1.97443
            250            250        75.8369        71.6667         1.9744
            251            251        75.9879        71.8333        1.97437
            252            252         76.148             72        1.97434
            253            253        76.2859        72.1667        1.97432
            254            254        76.4382        72.3333        1.97428
            255            255        76.5788           72.5        1.97423
            256            256        76.7389        72.6667        1.97419
            257            257        76.9055        72.8333        1.97414
            258            258        77.0421             73         1.9741
            259            259        77.1917        73.1667        1.97406
            260            260        77.3466        73.3333        1.97402
            261            261        77.5015           73.5        1.97397
            262            262        77.6434        73.6667        1.97394
            263            263         77.793        73.8333         1.9739
            264            264        77.9583             74        1.97387
            265            265        78.0976        74.1667        1.97384
            266            266        78.2538        74.3333         1.9738
            267            267        78.4034           74.5        1.97376
            268            268        78.5492        74.6667        1.97371
            269            269        78.7001        74.8333        1.97366
            270            270        78.8407             75        1.97361
            271            271        78.9969        75.1667        1.97357
            272            272        79.1452        75.3333        1.97353
            273            273        79.2949           75.5        1.97349
            274            274        79.4537        75.6667        1.97347
            275            275         79.602        75.8333        1.97343
            276            276        79.7504             76        1.97339
            277            277        79.8935        76.1667        1.97336
            278            278        80.0666        76.3333        1.97331
            279            279         80.215           76.5        1.97327
            280            280        80.3543        76.6667        1.97322
            281            281        80.4974        76.8333        1.97318
            282            282        80.6575             77        1.97313
            283            283        80.8123        77.1667        1.97309
            284            284        80.9464        77.3333        1.97305
            285            285        81.1078           77.5        1.97301
            286            286        81.2626        77.6667        1.97297
            287            287        81.4136        77.8333        1.97294
            288            288        81.5606             78         1.9729
            289            289        81.7116        78.1667        1.97285
            290            290        81.8613        78.3333        1.97281
            291            291        82.0266           78.5        1.97277
            292            292         82.171        78.6667        1.97273
            293            293        82.3194        78.8333         1.9727
            294            294        82.4755             79        1.97266
            295            295        82.6252        79.1667        1.97262
            296            296        82.7722        79.3333        1.97258
            297            297        82.9167           79.5        1.97254
            298            298         83.065        79.6667         1.9725
            299            299        83.2225        79.8333        1.97246
            300            300        83.3748             80        1.97242
            301            301        83.5205        80.1667        1.97238
            302            302        83.6806        80.3333        1.97234
            303            303        83.8341           80.5         1.9723
            304            304        83.9747        80.6667        1.97227
            305            305          84.14        80.8333        1.97223
            306            306        84.2831             81        1.97219
            307            307        84.4406        81.1667        1.97215
            308            308         84.585        81.3333        1.97211
            309            309        84.7334           81.5        1.97207
            310            310        84.8895        81.6667        1.97203
            311            311        85.0379        81.8333        1.97198
            312            312         85.198             82        1.97194
            313            313        85.3437        82.1667        1.97189
            314            314        85.4908        82.3333        1.97184
            315            315        85.6574           82.5        1.97179
            316            316        85.8031        82.6667        1.97174
            317            317        85.9424        82.8333        1.97168
            318            318        86.0933             83        1.97163
            319            319         86.243        83.1667        1.97157
            320            320        86.3887        83.3333        1.97151
            321            321        86.5409           83.5        1.97144
            322            322        86.6919        83.6667        1.97137
            323            323        86.8494        83.8333        1.97128
            324            324        87.0094             84        1.97118
            325            325        87.1513        84.1667        1.97109
            326            326        87.3061        84.3333        1.97099
            327            327        87.4571           84.5        1.97088
            328            328        87.6068        84.6667        1.97076
            329            329        87.7616        84.8333        1.97066
            330            330        87.9061             85        1.97058
            331            331        88.0583        85.1667        1.97052
            332            332        88.2105        85.3333        1.97049
            333            333         88.368           85.5        1.97047
            334            334        88.5163        85.6667        1.97044
            335            335        88.6686        85.8333        1.97042
            336            336        88.8365             86        1.97044
            337            337        88.9783        86.1667        1.97043
            338            338         89.141        86.3333        1.97043
            339            339        89.2828           86.5        1.97043
            340            340        89.4377        86.6667        1.97043
            341            341        89.5795        86.8333        1.97042
            342            342        89.7292             87        1.97042
            343            343        89.8762        87.1667        1.97041
            344            344        90.0376        87.3333        1.97039
            345            345        90.1911           87.5        1.97037
            346            346        90.3395        87.6667        1.97034
            347            347        90.4917        87.8333        1.97031
            348            348        90.6453             88        1.97026
            349            349        90.7949        88.1667        1.97021
            350            350        90.9524        88.3333        1.97017
            351            351        91.1034           88.5        1.97013
            352            352        91.2582        88.6667        1.97008
            353            353        91.4079        88.8333        1.97004
            354            354        91.5653             89           1.97
            355            355        91.7124        89.1667        1.96997
            356            356        91.8529        89.3333        1.96995
            357            357        92.0013           89.5        1.96992
            358            358        92.1587        89.6667         1.9699
            359            359        92.3188        89.8333        1.96988
            360            360        92.4815             90        1.96985
            361            361        92.6194        90.1667        1.96983
            362            362        92.7743        90.3333         1.9698
            363            363        92.9304           90.5        1.96978
            364            364        93.0788        90.6667        1.96975
            365            365        93.2375        90.8333        1.96971
            366            366        93.3833             91        1.96967
            367            367        93.5329        91.1667        1.96964
            368            368        93.6956        91.3333         1.9696
            369            369        93.8505           91.5        1.96957
            370            370        94.0027        91.6667        1.96953
            371            371         94.155        91.8333         1.9695
            372            372        94.3111             92        1.96946
            373            373        94.4634        92.1667        1.96944
            374            374        94.6039        92.3333        1.96943
            375            375        94.7536           92.5        1.96942
            376            376        94.9123        92.6667        1.96941
            377            377         95.075        92.8333        1.96941
            378            378        95.2234             93         1.9694
            379            379        95.3639        93.1667        1.96939
            380            380        95.5226        93.3333        1.96937
            381            381        95.6801           93.5        1.96934
            382            382        95.8298        93.6667        1.96931
            383            383        95.9898        93.8333        1.96928
            384            384        96.1421             94        1.96925
            385            385        96.2852        94.1667        1.96921
            386            386        96.4335        94.3333        1.96918
            387            387        96.5936           94.5        1.96914
            388            388        96.7458        94.6667        1.96911
            389            389        96.8903        94.8333        1.96907
            390            390        97.0621             95        1.96905
            391            391        97.2169        95.1667        1.96904
            392            392        97.3653        95.3333        1.96902
            393            393        97.5149           95.5          1.969
            394            394        97.6633        95.6667        1.96899
            395            395        97.8181        95.8333        1.96897
            396            396        97.9704             96        1.96894
            397            397        98.1174        96.1667        1.96892
            398            398        98.2801        96.3333        1.96889
            399            399        98.4206           96.5        1.96886
            400            400        98.5807        96.6667        1.96884
            401            401        98.7382        96.8333        1.96881
            402            402        98.8943             97        1.96876
            403            403        99.0401        97.1667        1.96869
            404            404        99.1871        97.3333        1.96859
            405            405        99.3381           97.5        1.96847
            406            406         99.489        97.6667        1.96826
            407            407        99.6504        97.8333        1.96809
            408            408        99.8026             98        1.96792
            409            409        99.9549        98.1667        1.96776
            410            410        100.102        98.3333        1.96758
            411            411        100.254           98.5        1.96744
            412            412        100.412        98.6667        1.96734
            413            413        100.576        98.8333        1.96726
            414            414        100.729             99        1.96727
            415            415        100.874        99.1667        1.96727
            416            416        101.029        99.3333        1.96728
            417            417        101.182           99.5        1.96729
            418            418        101.337        99.6667        1.96738
            419            419         101.47        99.8333        1.96743
            420            420        101.636            100        1.96747
            421            421         101.79        100.167        1.96752
            422            422        101.942        100.333        1.96758
            423            423         102.11          100.5        1.96763
            424            424         102.25        100.667        1.96769
            425            425        102.409        100.833        1.96775
            426            426        102.572            101        1.96781
            427            427        102.727        101.167        1.96786
            428            428        102.882        101.333        1.96791
            429            429        103.025          101.5        1.96795
            430            430        103.178        101.667        1.96799
            431            431        103.329        101.833        1.96801
            432            432        103.483            102        1.96804
            433            433        103.642        102.167        1.96806
            434            434        103.798        102.333        1.96808
            435            435        103.941          102.5        1.96809
            436            436          104.1        102.667         1.9681
            437            437        104.247        102.833        1.96812
            438            438        104.409            103        1.96813
            439            439        104.559        103.167        1.96813
            440            440        104.719        103.333        1.96813
            441            441        104.875          103.5        1.96814
            442            442        105.029        103.667        1.96814
            443            443        105.177        103.833        1.96815
            444            444        105.329            104        1.96816
            445            445        105.482        104.167        1.96816
            446            446        105.639        104.333        1.96816
            447            447        105.793          104.5        1.96816
            448            448        105.946        104.667        1.96817
            449            449        106.098        104.833        1.96817
            450            450        106.255            105        1.96817
            451            451        106.411        105.167        1.96817
            452            452        106.559        105.333        1.96816
            453            453        106.715          105.5        1.96816
            454            454         106.87        105.667        1.96815
            455            455        107.028        105.833        1.96813
            456            456        107.173            106        1.96811
            457            457        107.341        106.167        1.96809
            458            458        107.492        106.333        1.96808
            459            459        107.646          106.5        1.96807
            460            460        107.801        106.667        1.96805
            461            461        107.946        106.833        1.96803
            462            462        108.099            107        1.96802
            463            463        108.253        107.167        1.96801
            464            464        108.416        107.333          1.968
            465            465        108.571          107.5        1.96799
            466            466        108.727        107.667        1.96797
            467            467        108.879        107.833        1.96796
            468            468        109.034            108        1.96795
            469            469        109.188        108.167        1.96794
            470            470        109.339        108.333        1.96793
            471            471        109.499          108.5        1.96792
            472            472        109.654        108.667        1.96792
            473            473         109.81        108.833        1.96792
            474            474        109.965            109        1.96792
            475            475         110.12        109.167        1.96792
            476            476        110.273        109.333        1.96792
            477            477        110.432          109.5        1.96791
            478            478        110.587        109.667         1.9679
            479            479        110.743        109.833        1.96789
            480            480        110.893            110        1.96786
            481            481        111.055        110.167        1.96783
            482            482         111.21        110.333         1.9678
            483            483        111.357          110.5        1.96776
            484            484        111.515        110.667        1.96771
            485            485        111.671        110.833        1.96766
            486            486         111.83            111        1.96761
            487            487        111.977        111.167        1.96757
            488            488        112.131        111.333        1.96753
            489            489        112.299          111.5        1.96751
            490            490        112.444        111.667        1.96749
            491            491        112.599        111.833        1.96749
            492            492        112.755            112        1.96749
            493            493        112.908        112.167        1.96752
            494            494        113.067        112.333        1.96752
            495            495        113.225          112.5         1.9675
            496            496        113.378        112.667        1.96748
            497            497        113.537        112.833        1.96745
            498            498        113.692            113        1.96743
            499            499        113.856        113.167        1.96742
            500            500        113.999        113.333         1.9674
            501            501        114.151          113.5        1.96738
            502            502        114.302        113.667        1.96735
            503            503        114.458        113.833        1.96731
            504            504        114.624            114        1.96727
            505            505        114.772        114.167         1.9672
            506            506        114.932        114.333        1.96714
            507            507        115.082          114.5        1.96709
            508            508        115.242        114.667        1.96703
            509            509        115.411        114.833        1.96698
            510            510        115.558            115        1.96694
            511            511        115.718        115.167         1.9669
            512            512        115.868        115.333        1.96688
            513            513        116.029          115.5         1.9669
            514            514        116.183        115.667        1.96691
            515            515        116.339        115.833        1.96693
            516            516        116.499            116        1.96696
            517            517        116.658        116.167        1.96701
            518            518        116.815        116.333        1.96705
            519            519        116.967          116.5        1.96709
            520            520        117.125        116.667        1.96713
            521            521        117.293        116.833        1.96716
            522            522        117.444            117        1.96719
            523            523        117.589        117.167        1.96722
            524            524        117.746        117.333        1.96725
            525            525        117.893          117.5        1.96728
            526            526        118.066        117.667         1.9673
            527            527        118.204        117.833        1.96731
            528            528        118.378            118        1.96733
            529            529        118.535        118.167        1.96735
            530            530        118.689        118.333        1.96735
            531            531        118.841          118.5        1.96736
            532            532        118.999        118.667        1.96736
            533            533        119.152        118.833        1.96736
            534            534        119.303            119        1.96737
            535            535        119.467        119.167        1.96737
            536            536        119.614        119.333        1.96738
            537            537        119.764          119.5        1.96739
            538            538        119.928        119.667        1.96738
            539            539        120.084        119.833        1.96737
            540            540        120.221            120        1.96735
            541            541        120.394        120.167        1.96732
            542            542        120.566        120.333        1.96728
            543            543        120.711          120.5        1.96725
            544            544        120.871        120.667        1.96722
            545            545        121.017        120.833         1.9672
            546            546        121.175            121        1.96719
            547            547        121.332        121.167        1.96718
            548            548        121.495        121.333        1.96718
            549            549        121.644          121.5        1.96717
            550            550        121.814        121.667        1.96718
            551            551        121.974        121.833        1.96719
            552            552        122.126            122         1.9672
            553            553        122.283        122.167        1.96721
            554            554         122.44        122.333        1.96724
            555            555        122.594          122.5        1.96725
            556            556        122.745        122.667        1.96726
            557            557        122.915        122.833        1.96727
            558            558        123.063            123        1.96728
            559            559         123.22        123.167        1.96727
            560            560        123.377        123.333        1.96727
            561            561        123.533          123.5        1.96727
            562            562        123.691        123.667        1.96726
            563            563        123.849        123.833        1.96726
            564            564        124.008            124        1.96727
            565            565        124.173        124.167        1.96727
            566            566        124.313        124.333        1.96727
            567            567        124.483          124.5        1.96727
            568            568        124.641        124.667        1.96727
            569            569        124.792        124.833        1.96727
            570            570        124.934            125        1.96727
            571            571          125.1        125.167        1.96726
            572            572        125.274        125.333        1.96725
            573            573        125.425          125.5        1.96725
            574            574        125.577        125.667        1.96726
            575            575        125.739        125.833        1.96726
            576            576        125.899            126        1.96726
            577            577        126.056        126.167        1.96726
            578            578        126.204        126.333        1.96726
            579            579        126.363          126.5        1.96725
            580            580        126.521        126.667        1.96725
            581            581        126.686        126.833        1.96725
            582            582        126.832            127        1.96724
            583            583        126.993        127.167        1.96724
            584            584        127.154        127.333        1.96724
            585            585        127.324          127.5        1.96725
            586            586         127.48        127.667        1.96724
            587            587        127.635        127.833        1.96724
            588            588         127.78            128        1.96725
            589            589        127.942        128.167        1.96725
            590            590        128.106        128.333        1.96726
            591            591        128.268          128.5        1.96726
            592            592        128.425        128.667        1.96727
            593            593        128.578        128.833        1.96726
            594            594        128.716            129        1.96725
            595            595        128.891        129.167        1.96723
            596            596        129.044        129.333         1.9672
            597            597        129.211          129.5        1.96718
            598            598        129.353        129.667        1.96716
            599            599        129.528        129.833        1.96715
            600            600        129.683            130        1.96714
            601            601        129.852        130.167        1.96712
            602            602        130.002        130.333        1.96709
            603            603         130.15          130.5        1.96707
            604            604        130.314        130.667        1.96705
            605            605        130.465        130.833        1.96703
            606            606        130.627            131        1.96701
            607            607        130.785        131.167        1.96698
            608            608        130.943        131.333        1.96696
            609            609        131.106          131.5        1.96695
            610            610        131.257        131.667        1.96693
            611            611        131.415        131.833        1.96691
            612            612        131.591            132         1.9669
            613            613        131.722        132.167        1.96689
            614            614        131.877        132.333        1.96688
            615            615         132.04          132.5        1.96688
            616            616        132.206        132.667        1.96688
            617            617        132.343        132.833        1.96687
            618            618         132.51            133        1.96686
            619            619        132.679        133.167        1.96686
            620            620         132.83        133.333        1.96685
            621            621        132.986          133.5        1.96684
            622            622        133.134        133.667        1.96683
            623            623        133.301        133.833        1.96683
            624            624        133.471            134        1.96682
            625            625        133.632        134.167        1.96681
            626            626        133.781        134.333        1.96681
            627            627        133.935          134.5        1.96681
            628            628        134.084        134.667         1.9668
            629            629        134.246        134.833        1.96679
            630            630        134.411            135        1.96679
            631            631        134.554        135.167        1.96678
            632            632        134.729        135.333        1.96678
            633            633        134.886          135.5        1.96677
            634            634        135.051        135.667        1.96677
            635            635        135.213        135.833        1.96677
            636            636        135.358            136        1.96678
            637            637        135.528        136.167        1.96678
            638            638        135.694        136.333        1.96679
            639            639        135.835          136.5        1.96679
            640            640        135.984        136.667         1.9668
            641            641        136.156        136.833         1.9668
            642            642        136.328            137         1.9668
            643            643        136.471        137.167         1.9668
            644            644        136.621        137.333         1.9668
            645            645        136.794          137.5         1.9668
            646            646        136.941        137.667        1.96679
            647            647        137.121        137.833        1.96679
            648            648        137.264            138        1.96679
            649            649        137.424        138.167        1.96678
            650            650        137.589        138.333        1.96678
            651            651        137.747          138.5        1.96677
            652            652        137.907        138.667        1.96676
            653            653        138.076        138.833        1.96675
            654            654        138.228            139        1.96674
            655            655        138.388        139.167        1.96673
            656            656        138.548        139.333        1.96671
            657            657        138.699          139.5        1.96669
            658            658        138.855        139.667        1.96666
            659            659        139.019        139.833        1.96665
            660            660        139.182            140        1.96663
            661            661        139.341        140.167        1.96661
            662            662        139.506        140.333         1.9666
            663            663        139.666          140.5        1.96658
            664            664        139.805        140.667        1.96656
            665            665        139.969        140.833        1.96655
            666            666        140.141            141        1.96655
            667            667        140.294        141.167        1.96655
            668            668        140.443        141.333        1.96655
            669            669        140.615          141.5        1.96654
            670            670        140.767        141.667        1.96655
            671            671        140.923        141.833        1.96654
            672            672         141.08            142        1.96653
            673            673        141.247        142.167        1.96652
            674            674        141.414        142.333        1.96649
            675            675        141.564          142.5        1.96648
            676            676        141.715        142.667        1.96647
            677            677        141.875        142.833        1.96646
            678            678        142.048            143        1.96645
            679            679        142.204        143.167        1.96644
            680            680        142.365        143.333        1.96643
            681            681        142.528          143.5        1.96642
            682            682        142.679        143.667        1.96641
            683            683        142.838        143.833         1.9664
            684            684        142.998            144         1.9664
            685            685        143.148        144.167         1.9664
            686            686        143.312        144.333        1.96639
            687            687        143.459          144.5        1.96638
            688            688        143.624        144.667        1.96636
            689            689        143.785        144.833        1.96634
            690            690        143.952            145        1.96632
            691            691         144.12        145.167        1.96629
            692            692        144.272        145.333        1.96627
            693            693        144.432          145.5        1.96624
            694            694        144.588        145.667        1.96622
            695            695         144.75        145.833        1.96621
            696            696        144.915            146        1.96621
            697            697         145.08        146.167         1.9662
            698            698        145.238        146.333        1.96619
            699            699        145.394          146.5        1.96619
            700            700        145.567        146.667        1.96619
            701            701        145.719        146.833        1.96619
            702            702        145.873            147        1.96618
            703            703        146.033        147.167        1.96617
            704            704        146.193        147.333        1.96616
            705            705        146.354          147.5        1.96615
            706            706        146.521        147.667        1.96613
            707            707        146.672        147.833        1.96613
            708            708        146.821            148        1.96613
            709            709        147.004        148.167        1.96613
            710            710        147.161        148.333        1.96613
            711            711         147.32          148.5        1.96614
            712            712        147.481        148.667        1.96614
            713            713        147.634        148.833        1.96614
            714            714        147.799            149        1.96614
            715            715        147.947        149.167        1.96612
            716            716        148.105        149.333         1.9661
            717            717        148.267          149.5        1.96608
            718            718         148.43        149.667        1.96606
            719            719        148.594        149.833        1.96605
            720            720        148.761            150        1.96605
            721            721        148.906        150.167        1.96605
            722            722        149.064        150.333        1.96603
            723            723        149.229          150.5        1.96601
            724            724        149.389        150.667        1.96601
            725            725        149.549        150.833          1.966
            726            726        149.702            151        1.96599
            727            727         149.87        151.167        1.96599
            728            728        150.028        151.333        1.96596
            729            729        150.187          151.5        1.96593
            730            730        150.352        151.667        1.96591
            731            731         150.51        151.833         1.9659
            732            732        150.667            152        1.96587
            733            733        150.827        152.167        1.96586
            734            734        150.991        152.333        1.96584
            735            735        151.151          152.5        1.96583
            736            736        151.319        152.667        1.96584
            737            737        151.489        152.833        1.96583
            738            738         151.62            153        1.96583
            739            739        151.785        153.167        1.96581
            740            740        151.957        153.333         1.9658
            741            741        152.113          153.5        1.96579
            742            742        152.272        153.667        1.96578
            743            743        152.431        153.833        1.96576
            744            744        152.592            154        1.96574
            745            745        152.757        154.167        1.96572
            746            746        152.907        154.333         1.9657
            747            747        153.079          154.5        1.96567
            748            748        153.235        154.667        1.96564
            749            749        153.393        154.833        1.96563
            750            750         153.55            155        1.96568
            751            751        153.697        155.167        1.96578
            752            752        153.864        155.333          1.966
            753            753        154.042          155.5        1.96619
            754            754        154.202        155.667        1.96637
            755            755        154.354        155.833        1.96653
            756            756        154.518            156        1.96668
            757            757        154.678        156.167        1.96683
            758            758        154.825        156.333        1.96692
            759            759        155.002          156.5        1.96698
            760            760        155.159        156.667        1.96701
            761            761         155.32        156.833         1.9669
            762            762        155.477            157        1.96684
            763            763         155.64        157.167        1.96679
            764            764        155.805        157.333        1.96672
            765            765        155.965          157.5        1.96661
            766            766         156.13        157.667        1.96653
            767            767        156.291        157.833        1.96645
            768            768        156.451            158        1.96638
            769            769        156.605        158.167        1.96633
            770            770        156.767        158.333        1.96628
            771            771        156.929          158.5        1.96623
            772            772        157.098        158.667        1.96619
            773            773        157.255        158.833        1.96617
            774            774        157.419            159        1.96614
            775            775        157.587        159.167        1.96612
            776            776        157.737        159.333        1.96609
            777            777        157.896          159.5        1.96607
            778            778        158.052        159.667        1.96605
            779            779        158.226        159.833        1.96603
            780            780        158.391            160          1.966
            781            781        158.552        160.167        1.96598
            782            782        158.705        160.333        1.96596
            783            783        158.874          160.5        1.96593
            784            784        159.033        160.667        1.96591
            785            785        159.192        160.833        1.96588
            786            786        159.356            161        1.96585
            787            787         159.52        161.167        1.96583
            788            788        159.681        161.333         1.9658
            789            789        159.839          161.5        1.96577
            790            790        160.001        161.667        1.96574
            791            791        160.156        161.833        1.96571
            792            792        160.318            162        1.96568
            793            793        160.478        162.167        1.96565
            794            794         160.64        162.333        1.96564
            795            795        160.803          162.5        1.96563
            796            796        160.957        162.667        1.96563
            797            797        161.114        162.833        1.96564
            798            798        161.278            163        1.96566
            799            799        161.452        163.167        1.96566
            800            800        161.611        163.333        1.96565
            801            801        161.765          163.5        1.96564
            802            802        161.933        163.667        1.96562
            803            803        162.093        163.833         1.9656
            804            804        162.254            164        1.96558
            805            805        162.406        164.167        1.96556
            806            806         162.57        164.333        1.96554
            807            807        162.742          164.5        1.96552
            808            808        162.908        164.667        1.96551
            809            809        163.061        164.833        1.96549
            810            810        163.225            165        1.96547
            811            811        163.386        165.167        1.96547
            812            812        163.548        165.333        1.96547
            813            813        163.707          165.5        1.96547
            814            814        163.867        165.667        1.96547
            815            815        164.026        165.833        1.96546
            816            816        164.192            166        1.96544
            817            817        164.355        166.167        1.96544
            818            818        164.511        166.333        1.96543
            819            819        164.682          166.5        1.96542
            820            820        164.842        166.667        1.96542
            821            821        165.003        166.833        1.96543
            822            822        165.167            167        1.96543
            823            823        165.324        167.167        1.96545
            824            824        165.487        167.333        1.96546
            825            825        165.646          167.5        1.96547
            826            826        165.822        167.667        1.96547
            827            827        165.975        167.833        1.96548
            828            828        166.133            168        1.96548
            829            829        166.299        168.167        1.96548
            830            830        166.458        168.333        1.96548
            831            831        166.621          168.5        1.96548
            832            832         166.78        168.667        1.96547
            833            833        166.941        168.833        1.96548
            834            834        167.106            169        1.96548
            835            835         167.27        169.167        1.96548
            836            836        167.426        169.333        1.96548
            837            837        167.603          169.5        1.96548
            838            838        167.761        169.667        1.96548
            839            839        167.918        169.833        1.96548
            840            840        168.077            170        1.96548
            841            841        168.236        170.167        1.96547
            842            842          168.4        170.333        1.96547
            843            843        168.565          170.5        1.96546
            844            844        168.729        170.667        1.96545
            845            845        168.886        170.833        1.96544
            846            846        169.046            171        1.96543
            847            847        169.206        171.167        1.96542
            848            848        169.366        171.333        1.96541
            849            849        169.532          171.5         1.9654
            850            850        169.698        171.667        1.96539
            851            851        169.858        171.833        1.96538
            852            852        170.017            172        1.96537
            853            853        170.182        172.167        1.96537
            854            854        170.346        172.333        1.96537
            855            855        170.505          172.5        1.96537
            856            856        170.678        172.667        1.96536
            857            857        170.835        172.833        1.96536
            858            858        170.986            173        1.96537
            859            859        171.154        173.167        1.96538
            860            860        171.317        173.333        1.96538
            861            861        171.474          173.5        1.96539
            862            862        171.636        173.667         1.9654
            863            863        171.804        173.833        1.96542
            864            864        171.971            174        1.96543
            865            865        172.124        174.167        1.96545
            866            866        172.297        174.333        1.96546
            867            867        172.461          174.5        1.96547
            868            868        172.618        174.667        1.96548
            869            869         172.78        174.833        1.96548
            870            870        172.945            175        1.96549
            871            871        173.105        175.167        1.96548
            872            872        173.276        175.333        1.96548
            873            873        173.425          175.5        1.96548
            874            874        173.589        175.667        1.96547
            875            875        173.756        175.833        1.96546
            876            876        173.917            176        1.96545
            877            877         174.08        176.167        1.96544
            878            878        174.243        176.333        1.96543
            879            879        174.412          176.5        1.96541
            880            880        174.576        176.667         1.9654
            881            881         174.74        176.833        1.96539
            882            882          174.9            177        1.96539
            883            883        175.056        177.167        1.96539
            884            884        175.225        177.333        1.96539
            885            885        175.379          177.5        1.96539
            886            886        175.549        177.667        1.96538
            887            887        175.716        177.833        1.96538
            888            888        175.875            178        1.96537
            889            889        176.036        178.167        1.96537
            890            890          176.2        178.333        1.96536
            891            891        176.359          178.5        1.96535
            892            892        176.518        178.667        1.96535
            893            893        176.693        178.833        1.96534
            894            894        176.854            179        1.96533
            895            895        177.016        179.167        1.96533
            896            896        177.179        179.333        1.96532
            897            897        177.344          179.5        1.96532
            898            898        177.507        179.667        1.96532
            899            899        177.667        179.833        1.96532
            900            900        177.831            180        1.96532
            901            901        177.992        180.167        1.96532
            902            902        178.155        180.333        1.96533
            903            903        178.315          180.5        1.96532
            904            904        178.488        180.667        1.96531
            905            905        178.646        180.833         1.9653
            906            906        178.802            181        1.96529
            907            907        178.969        181.167        1.96527
            908            908        179.127        181.333        1.96525
            909            909        179.294          181.5        1.96524
            910            910        179.461        181.667        1.96523
            911            911        179.623        181.833        1.96522
            912            912        179.778            182        1.96523
            913            913        179.945        182.167        1.96524
            914            914        180.113        182.333        1.96525
            915            915        180.271          182.5        1.96529
            916            916        180.438        182.667        1.96531
            917            917        180.601        182.833        1.96533
            918            918        180.766            183        1.96534
            919            919        180.922        183.167        1.96534
            920            920        181.087        183.333        1.96534
            921            921        181.253          183.5        1.96534
            922            922         181.41        183.667        1.96534
            923            923        181.579        183.833        1.96533
            924            924        181.745            184        1.96533
            925            925        181.914        184.167        1.96534
            926            926        182.077        184.333        1.96534
            927            927        182.235          184.5        1.96535
            928            928        182.397        184.667        1.96535
            929            929        182.558        184.833        1.96535
            930            930        182.729            185        1.96534
            931            931        182.891        185.167        1.96532
            932            932        183.054        185.333         1.9653
            933            933        183.204          185.5        1.96528
            934            934        183.372        185.667        1.96526
            935            935        183.545        185.833        1.96523
            936            936        183.706            186        1.96521
            937            937        183.871        186.167         1.9652
            938            938        184.033        186.333        1.96519
            939            939        184.194          186.5        1.96517
            940            940         184.35        186.667        1.96516
            941            941        184.513        186.833        1.96514
            942            942        184.685            187        1.96513
            943            943        184.851        187.167        1.96512
            944            944        185.015        187.333        1.96512
            945            945        185.178          187.5        1.96511
            946            946        185.338        187.667        1.96512
            947            947          185.5        187.833        1.96512
            948            948        185.654            188        1.96513
            949            949        185.821        188.167        1.96513
            950            950        185.989        188.333        1.96512
            951            951        186.147          188.5        1.96511
            952            952         186.32        188.667         1.9651
            953            953        186.488        188.833        1.96509
            954            954        186.641            189        1.96508
            955            955        186.802        189.167        1.96506
            956            956        186.969        189.333        1.96504
            957            957        187.125          189.5        1.96503
            958            958        187.291        189.667        1.96502
            959            959        187.464        189.833        1.96501
            960            960        187.628            190        1.96501
            961            961        187.786        190.167        1.96501
            962            962         187.95        190.333        1.96503
            963            963        188.116          190.5        1.96505
            964            964        188.276        190.667        1.96508
            965            965        188.439        190.833         1.9651
            966            966        188.612            191        1.96513
            967            967        188.776        191.167        1.96514
            968            968        188.928        191.333        1.96516
            969            969        189.109          191.5        1.96517
            970            970        189.261        191.667        1.96518
            971            971        189.428        191.833        1.96519
            972            972         189.58            192        1.96519
            973            973        189.751        192.167         1.9652
            974            974        189.917        192.333         1.9652
            975            975        190.085          192.5        1.96521
            976            976        190.241        192.667        1.96524
            977            977        190.407        192.833        1.96526
            978            978        190.569            193        1.96527
            979            979        190.734        193.167        1.96527
            980            980        190.906        193.333        1.96527
            981            981        191.066          193.5        1.96527
            982            982        191.233        193.667        1.96527
            983            983        191.396        193.833        1.96528
            984            984        191.553            194        1.96527
            985            985         191.72        194.167        1.96526
            986            986        191.881        194.333        1.96526
            987            987        192.059          194.5        1.96526
            988            988        192.217        194.667        1.96526
            989            989        192.382        194.833        1.96526
            990            990        192.541            195        1.96526
            991            991        192.708        195.167        1.96527
            992            992        192.869        195.333        1.96527
            993            993        193.038          195.5        1.96529
            994            994        193.198        195.667        1.96531
            995            995        193.357        195.833        1.96533
            996            996        193.522            196        1.96535
            997            997        193.688        196.167        1.96537
            998            998         193.86        196.333        1.96538
            999            999        194.018          196.5        1.96538
           1000           1000        194.189        196.667        1.96538
           1001           1001        194.346        196.833        1.96537
           1002           1002        194.513            197        1.96538
           1003           1003        194.669        197.167        1.96538
           1004           1004        194.834        197.333        1.96539
           1005           1005        195.006          197.5        1.96541
           1006           1006        195.168        197.667        1.96542
           1007           1007        195.326        197.833        1.96543
           1008           1008        195.494            198        1.96544
           1009           1009        195.648        198.167        1.96544
           1010           1010        195.822        198.333        1.96544
           1011           1011        195.982          198.5        1.96545
           1012           1012        196.148        198.667        1.96545
           1013           1013        196.321        198.833        1.96545
           1014           1014        196.477            199        1.96545
           1015           1015        196.641        199.167        1.96545
           1016           1016        196.806        199.333        1.96545
           1017           1017        196.979          199.5        1.96546
           1018           1018        197.138        199.667        1.96547
           1019           1019        197.294        199.833        1.96549
           1020           1020        197.465            200         1.9655
           1021           1021        197.626        200.167        1.96552
           1022           1022         197.79        200.333        1.96554
           1023           1023        197.949          200.5        1.96555
           1024           1024        198.113        200.667        1.96556
           1025           1025        198.286        200.833        1.96556
           1026           1026        198.446            201        1.96556
           1027           1027        198.606        201.167        1.96557
           1028           1028        198.776        201.333        1.96557
           1029           1029        198.941          201.5        1.96558
           1030           1030        199.097        201.667        1.96559
           1031           1031        199.274        201.833         1.9656
           1032           1032        199.436            202         1.9656
           1033           1033        199.597        202.167         1.9656
           1034           1034        199.758        202.333        1.96559
           1035           1035        199.924          202.5        1.96558
           1036           1036        200.089        202.667        1.96558
           1037           1037        200.262        202.833        1.96557
           1038           1038        200.419            203        1.96556
           1039           1039        200.582        203.167        1.96555
           1040           1040        200.744        203.333        1.96555
           1041           1041          200.9          203.5        1.96555
           1042           1042        201.074        203.667        1.96556
           1043           1043        201.238        203.833        1.96557
           1044           1044        201.402            204        1.96558
           1045           1045        201.571        204.167        1.96559
           1046           1046        201.739        204.333        1.96561
           1047           1047        201.903          204.5        1.96562
           1048           1048         202.07        204.667        1.96562
           1049           1049        202.229        204.833        1.96562
           1050           1050        202.391            205         1.9656
           1051           1051        202.554        205.167         1.9656
           1052           1052        202.721        205.333         1.9656
           1053           1053         202.89          205.5        1.96559
           1054           1054         203.05        205.667        1.96559
           1055           1055        203.218        205.833        1.96559
           1056           1056        203.382            206        1.96558
           1057           1057        203.554        206.167        1.96557
           1058           1058        203.719        206.333        1.96557
           1059           1059        203.884          206.5        1.96556
           1060           1060        204.046        206.667        1.96555
           1061           1061        204.208        206.833        1.96555
           1062           1062        204.375            207        1.96554
           1063           1063        204.542        207.167        1.96555
           1064           1064        204.702        207.333        1.96556
           1065           1065        204.868          207.5        1.96557
           1066           1066        205.035        207.667        1.96558
           1067           1067        205.195        207.833         1.9656
           1068           1068         205.36            208         1.9656
           1069           1069        205.532        208.167        1.96561
           1070           1070        205.701        208.333        1.96562
           1071           1071         205.86          208.5        1.96561
           1072           1072        206.019        208.667        1.96561
           1073           1073        206.189        208.833        1.96561
           1074           1074        206.359            209        1.96561
           1075           1075        206.515        209.167        1.96561
           1076           1076        206.679        209.333        1.96561
           1077           1077        206.851          209.5        1.96561
           1078           1078        207.011        209.667        1.96561
           1079           1079        207.189        209.833         1.9656
           1080           1080        207.347            210         1.9656
           1081           1081        207.513        210.167         1.9656
           1082           1082        207.683        210.333         1.9656
           1083           1083        207.848          210.5        1.96559
           1084           1084            208        210.667        1.96559
           1085           1085        208.175        210.833        1.96558
           1086           1086        208.341            211        1.96557
           1087           1087        208.503        211.167        1.96556
           1088           1088        208.677        211.333        1.96555
           1089           1089         208.84          211.5        1.96554
           1090           1090        209.006        211.667        1.96553
           1091           1091        209.166        211.833        1.96553
           1092           1092        209.333            212        1.96553
           1093           1093        209.492        212.167        1.96553
           1094           1094        209.664        212.333        1.96554
           1095           1095        209.835          212.5        1.96554
           1096           1096        209.986        212.667        1.96555
           1097           1097        210.149        212.833        1.96554
           1098           1098        210.327            213        1.96554
           1099           1099        210.491        213.167        1.96553
           1100           1100        210.657        213.333         1.9655
           1101           1101        210.819          213.5        1.96548
           1102           1102        210.994        213.667        1.96546
           1103           1103        211.147        213.833        1.96544
           1104           1104        211.313            214        1.96542
           1105           1105        211.478        214.167         1.9654
           1106           1106        211.649        214.333        1.96538
           1107           1107        211.819          214.5        1.96536
           1108           1108        211.977        214.667        1.96535
           1109           1109        212.138        214.833        1.96534
           1110           1110        212.303            215        1.96533
           1111           1111        212.467        215.167        1.96532
           1112           1112        212.637        215.333        1.96531
           1113           1113        212.797          215.5        1.96531
           1114           1114        212.957        215.667         1.9653
           1115           1115        213.127        215.833         1.9653
           1116           1116        213.294            216        1.96529
           1117           1117        213.464        216.167        1.96528
           1118           1118        213.627        216.333        1.96527
           1119           1119        213.791          216.5        1.96526
           1120           1120        213.954        216.667        1.96524
           1121           1121        214.111        216.833        1.96522
           1122           1122        214.295            217        1.96519
           1123           1123        214.455        217.167        1.96517
           1124           1124        214.619        217.333        1.96514
           1125           1125        214.785          217.5        1.96511
           1126           1126         214.94        217.667        1.96507
           1127           1127        215.115        217.833        1.96503
           1128           1128        215.281            218        1.96499
           1129           1129        215.456        218.167        1.96496
           1130           1130        215.621        218.333        1.96492
           1131           1131        215.788          218.5         1.9649
           1132           1132        215.943        218.667        1.96487
           1133           1133        216.103        218.833        1.96486
           1134           1134        216.275            219        1.96485
           1135           1135        216.445        219.167        1.96483
           1136           1136        216.608        219.333         1.9648
           1137           1137        216.772          219.5        1.96478
           1138           1138        216.942        219.667        1.96477
           1139           1139        217.101        219.833        1.96476
           1140           1140        217.273            220        1.96474
           1141           1141        217.438        220.167        1.96471
           1142           1142        217.594        220.333        1.96469
           1143           1143        217.764          220.5        1.96467
           1144           1144        217.932        220.667        1.96465
           1145           1145        218.098        220.833        1.96462
           1146           1146        218.258            221        1.96461
           1147           1147        218.428        221.167        1.96459
           1148           1148        218.591        221.333        1.96458
           1149           1149        218.757          221.5        1.96458
           1150           1150        218.922        221.667        1.96458
           1151           1151        219.085        221.833        1.96458
           1152           1152        219.259            222        1.96458
           1153           1153        219.423        222.167        1.96458
           1154           1154        219.592        222.333        1.96458
           1155           1155        219.749          222.5        1.96457
           1156           1156        219.915        222.667        1.96457
           1157           1157        220.086        222.833        1.96456
           1158           1158        220.241            223        1.96456
           1159           1159        220.414        223.167        1.96456
           1160           1160        220.578        223.333        1.96456
           1161           1161        220.753          223.5        1.96456
           1162           1162        220.917        223.667        1.96456
           1163           1163        221.083        223.833        1.96455
           1164           1164        221.249            224        1.96454
           1165           1165        221.415        224.167        1.96453
           1166           1166        221.575        224.333         1.9645
           1167           1167        221.747          224.5        1.96449
           1168           1168        221.913        224.667        1.96449
           1169           1169        222.081        224.833        1.96448
           1170           1170         222.24            225        1.96449
           1171           1171        222.409        225.167        1.96448
           1172           1172        222.573        225.333        1.96447
           1173           1173        222.745          225.5        1.96447
           1174           1174        222.908        225.667        1.96446
           1175           1175        223.069        225.833        1.96444
           1176           1176        223.238            226        1.96442
           1177           1177        223.413        226.167         1.9644
           1178           1178        223.572        226.333        1.96437
           1179           1179        223.739          226.5        1.96435
           1180           1180        223.903        226.667        1.96433
           1181           1181        224.069        226.833        1.96431
           1182           1182        224.229            227        1.96429
           1183           1183        224.402        227.167        1.96427
           1184           1184        224.562        227.333        1.96425
           1185           1185        224.724          227.5        1.96422
           1186           1186        224.903        227.667        1.96419
           1187           1187        225.072        227.833        1.96416
           1188           1188        225.239            228        1.96413
           1189           1189        225.404        228.167        1.96411
           1190           1190        225.566        228.333        1.96409
           1191           1191         225.74          228.5        1.96408
           1192           1192        225.907        228.667        1.96407
           1193           1193        226.064        228.833        1.96407
           1194           1194        226.228            229        1.96406
           1195           1195        226.399        229.167        1.96407
           1196           1196        226.565        229.333        1.96408
           1197           1197        226.729          229.5        1.96407
           1198           1198        226.896        229.667        1.96407
           1199           1199        227.063        229.833        1.96406
           1200           1200        227.228            230        1.96405
           1201           1201        227.401        230.167        1.96404
           1202           1202        227.565        230.333        1.96403
           1203           1203        227.729          230.5        1.96401
           1204           1204        227.893        230.667          1.964
           1205           1205        228.067        230.833        1.96399
           1206           1206        228.231            231        1.96397
           1207           1207        228.405        231.167        1.96394
           1208           1208        228.565        231.333         1.9639
           1209           1209        228.729          231.5        1.96385
           1210           1210        228.889        231.667        1.96381
           1211           1211        229.058        231.833        1.96374
           1212           1212         229.23            232        1.96368
           1213           1213        229.393        232.167        1.96362
           1214           1214        229.566        232.333        1.96356
           1215           1215        229.723          232.5        1.96352
           1216           1216        229.886        232.667        1.96347
           1217           1217        230.064        232.833        1.96342
           1218           1218        230.235            233        1.96337
           1219           1219        230.387        233.167        1.96333
           1220           1220        230.543        233.333        1.96329
           1221           1221        230.728          233.5        1.96326
           1222           1222        230.887        233.667        1.96324
           1223           1223         231.06        233.833        1.96321
           1224           1224        231.224            234         1.9632
           1225           1225        231.384        234.167        1.96318
           1226           1226        231.553        234.333        1.96315
           1227           1227        231.725          234.5        1.96313
           1228           1228         231.89        234.667         1.9631
           1229           1229        232.055        234.833        1.96305
           1230           1230        232.222            235        1.96299
           1231           1231        232.379        235.167        1.96294
           1232           1232        232.552        235.333        1.96289
           1233           1233        232.713          235.5        1.96286
           1234           1234        232.886        235.667        1.96284
           1235           1235         233.05        235.833        1.96282
           1236           1236        233.208            236        1.96283
           1237           1237        233.382        236.167        1.96282
           1238           1238         233.55        236.333        1.96282
           1239           1239        233.717          236.5        1.96281
           1240           1240        233.874        236.667        1.96279
           1241           1241        234.047        236.833        1.96279
           1242           1242        234.226            237        1.96277
           1243           1243        234.386        237.167        1.96276
           1244           1244        234.547        237.333        1.96275
           1245           1245        234.713          237.5        1.96274
           1246           1246        234.879        237.667        1.96273
           1247           1247        235.038        237.833        1.96272
           1248           1248        235.212            238        1.96271
           1249           1249        235.376        238.167         1.9627
           1250           1250         235.54        238.333        1.96268
           1251           1251        235.704          238.5        1.96266
           1252           1252        235.872        238.667        1.96263
           1253           1253        236.043        238.833        1.96259
           1254           1254          236.2            239        1.96255
           1255           1255        236.374        239.167        1.96252
           1256           1256        236.535        239.333         1.9625
           1257           1257        236.709          239.5        1.96249
           1258           1258        236.867        239.667        1.96249
           1259           1259        237.033        239.833         1.9625
           1260           1260        237.196            240         1.9625
           1261           1261        237.368        240.167        1.96254
           1262           1262        237.542        240.333        1.96254
           1263           1263        237.696          240.5        1.96254
           1264           1264        237.872        240.667        1.96252
           1265           1265        238.038        240.833        1.96248
           1266           1266        238.202            241        1.96245
           1267           1267        238.373        241.167        1.96242
           1268           1268        238.533        241.333        1.96239
           1269           1269        238.697          241.5        1.96236
           1270           1270        238.861        241.667        1.96233
           1271           1271        239.031        241.833         1.9623
           1272           1272        239.203            242        1.96227
           1273           1273        239.363        242.167        1.96224
           1274           1274        239.525        242.333        1.96222
           1275           1275        239.695          242.5        1.96219
           1276           1276        239.869        242.667        1.96217
           1277           1277        240.036        242.833        1.96214
           1278           1278         240.19            243        1.96212
           1279           1279        240.366        243.167        1.96209
           1280           1280         240.53        243.333        1.96207
           1281           1281        240.698          243.5        1.96204
           1282           1282        240.864        243.667        1.96202
           1283           1283        241.028        243.833        1.96199
           1284           1284        241.201            244        1.96197
           1285           1285        241.369        244.167        1.96195
           1286           1286        241.536        244.333        1.96191
           1287           1287        241.703          244.5        1.96187
           1288           1288        241.872        244.667        1.96184
           1289           1289        242.036        244.833        1.96179
           1290           1290        242.199            245        1.96174
           1291           1291        242.364        245.167         1.9617
           1292           1292        242.527        245.333        1.96166
           1293           1293        242.694          245.5        1.96162
           1294           1294        242.866        245.667        1.96159
           1295           1295        243.028        245.833        1.96156
           1296           1296        243.198            246        1.96154
           1297           1297        243.362        246.167        1.96151
           1298           1298        243.533        246.333        1.96149
           1299           1299        243.705          246.5        1.96146
           1300           1300        243.862        246.667        1.96143
           1301           1301        244.026        246.833        1.96141
           1302           1302        244.193            247        1.96137
           1303           1303        244.359        247.167        1.96134
           1304           1304        244.526        247.333         1.9613
           1305           1305        244.693          247.5        1.96126
           1306           1306        244.859        247.667        1.96121
           1307           1307        245.026        247.833        1.96116
           1308           1308         245.19            248        1.96111
           1309           1309        245.366        248.167        1.96107
           1310           1310        245.526        248.333        1.96102
           1311           1311        245.701          248.5        1.96098
           1312           1312        245.865        248.667        1.96094
           1313           1313        246.032        248.833        1.96091
           1314           1314        246.193            249        1.96089
           1315           1315        246.364        249.167        1.96087
           1316           1316        246.531        249.333        1.96084
           1317           1317        246.704          249.5        1.96081
           1318           1318        246.865        249.667        1.96078
           1319           1319         247.04        249.833        1.96074
           1320           1320        247.195            250         1.9607
           1321           1321        247.359        250.167        1.96066
           1322           1322        247.537        250.333        1.96062
           1323           1323        247.696          250.5        1.96057
           1324           1324        247.865        250.667        1.96053
           1325           1325         248.03        250.833        1.96048
           1326           1326        248.205            251        1.96043
           1327           1327        248.374        251.167         1.9604
           1328           1328        248.529        251.333        1.96037
           1329           1329        248.704          251.5        1.96035
           1330           1330        248.867        251.667        1.96032
           1331           1331        249.034        251.833         1.9603
           1332           1332        249.202            252        1.96028
           1333           1333        249.364        252.167        1.96024
           1334           1334        249.532        252.333        1.96021
           1335           1335        249.698          252.5        1.96017
           1336           1336        249.862        252.667        1.96014
           1337           1337        250.039        252.833         1.9601
           1338           1338        250.207            253        1.96006
           1339           1339        250.373        253.167        1.96003
           1340           1340        250.532        253.333        1.95999
           1341           1341        250.709          253.5        1.95995
           1342           1342        250.871        253.667        1.95992
           1343           1343         251.04        253.833        1.95988
           1344           1344        251.209            254        1.95984
           1345           1345        251.372        254.167         1.9598
           1346           1346        251.546        254.333        1.95976
           1347           1347        251.714          254.5        1.95971
           1348           1348        251.876        254.667        1.95966
           1349           1349        252.046        254.833         1.9596
           1350           1350        252.213            255        1.95954
           1351           1351        252.377        255.167        1.95949
           1352           1352        252.551        255.333        1.95942
           1353           1353        252.718          255.5        1.95935
           1354           1354         252.88        255.667        1.95929
           1355           1355        253.047        255.833        1.95923
           1356           1356        253.219            256        1.95917
           1357           1357        253.382        256.167        1.95911
           1358           1358        253.552        256.333        1.95906
           1359           1359        253.717          256.5          1.959
           1360           1360         253.88        256.667        1.95894
           1361           1361        254.052        256.833        1.95888
           1362           1362         254.22            257        1.95881
           1363           1363        254.388        257.167        1.95874
           1364           1364        254.554        257.333        1.95865
           1365           1365        254.718          257.5        1.95855
           1366           1366        254.886        257.667        1.95846
           1367           1367        255.057        257.833        1.95838
           1368           1368         255.23            258        1.95829
           1369           1369        255.387        258.167        1.95822
           1370           1370        255.561        258.333        1.95816
           1371           1371        255.729          258.5        1.95811
           1372           1372        255.898        258.667         1.9581
           1373           1373        256.057        258.833        1.95807
           1374           1374        256.223            259        1.95803
           1375           1375        256.391        259.167          1.958
           1376           1376        256.556        259.333        1.95796
           1377           1377        256.731          259.5        1.95791
           1378           1378        256.897        259.667        1.95786
           1379           1379        257.061        259.833        1.95781
           1380           1380        257.232            260        1.95774
           1381           1381        257.403        260.167        1.95767
           1382           1382        257.567        260.333        1.95761
           1383           1383        257.733          260.5        1.95754
           1384           1384        257.905        260.667        1.95748
           1385           1385        258.063        260.833        1.95741
           1386           1386        258.229            261        1.95734
           1387           1387        258.397        261.167        1.95727
           1388           1388        258.566        261.333         1.9572
           1389           1389        258.732          261.5        1.95713
           1390           1390        258.895        261.667        1.95705
           1391           1391        259.065        261.833        1.95698
           1392           1392        259.232            262         1.9569
           1393           1393        259.409        262.167        1.95683
           1394           1394        259.568        262.333        1.95676
           1395           1395        259.743          262.5        1.95669
           1396           1396        259.905        262.667        1.95662
           1397           1397        260.074        262.833        1.95654
           1398           1398        260.244            263        1.95647
           1399           1399        260.414        263.167        1.95641
           1400           1400         260.58        263.333        1.95634
           1401           1401        260.752          263.5        1.95627
           1402           1402        260.917        263.667        1.95621
           1403           1403        261.075        263.833        1.95615
           1404           1404        261.243            264         1.9561
           1405           1405        261.411        264.167        1.95605
           1406           1406        261.585        264.333        1.95599
           1407           1407        261.753          264.5        1.95593
           1408           1408        261.916        264.667        1.95587
           1409           1409        262.085        264.833         1.9558
           1410           1410        262.253            265        1.95574
           1411           1411        262.417        265.167        1.95567
           1412           1412        262.586        265.333        1.95559
           1413           1413         262.75          265.5        1.95551
           1414           1414        262.926        265.667        1.95542
           1415           1415        263.089        265.833        1.95534
           1416           1416        263.255            266        1.95526
           1417           1417        263.418        266.167        1.95518
           1418           1418        263.585        266.333         1.9551
           1419           1419        263.759          266.5        1.95502
           1420           1420        263.922        266.667        1.95494
           1421           1421        264.085        266.833        1.95486
           1422           1422        264.251            267        1.95479
           1423           1423        264.428        267.167        1.95471
           1424           1424          264.6        267.333        1.95463
           1425           1425        264.767          267.5        1.95455
           1426           1426        264.935        267.667        1.95446
           1427           1427        265.104        267.833        1.95438
           1428           1428        265.264            268        1.95429
           1429           1429        265.428        268.167         1.9542
           1430           1430        265.593        268.333        1.95412
           1431           1431        265.764          268.5        1.95403
           1432           1432        265.931        268.667        1.95395
           1433           1433        266.102        268.833        1.95387
           1434           1434        266.266            269        1.95378
           1435           1435         266.43        269.167        1.95369
           1436           1436        266.609        269.333         1.9536
           1437           1437        266.768          269.5        1.95351
           1438           1438        266.941        269.667         1.9534
           1439           1439        267.103        269.833         1.9533
           1440           1440        267.269            270         1.9532
           1441           1441        267.434        270.167         1.9531
           1442           1442        267.596        270.333        1.95299
           1443           1443        267.769          270.5        1.95287
           1444           1444         267.94        270.667        1.95276
           1445           1445        268.099        270.833        1.95265
           1446           1446        268.265            271        1.95253
           1447           1447        268.442        271.167        1.95241
           1448           1448        268.612        271.333        1.95229
           1449           1449        268.771          271.5        1.95218
           1450           1450        268.945        271.667        1.95206
           1451           1451        269.111        271.833        1.95195
           1452           1452        269.279            272        1.95184
           1453           1453        269.439        272.167        1.95172
           1454           1454        269.616        272.333         1.9516
           1455           1455        269.788          272.5        1.95149
           1456           1456        269.951        272.667        1.95137
           1457           1457        270.119        272.833        1.95124
           1458           1458        270.286            273         1.9511
           1459           1459        270.458        273.167        1.95096
           1460           1460        270.616        273.333        1.95082
           1461           1461        270.785          273.5        1.95069
           1462           1462        270.953        273.667        1.95057
           1463           1463        271.119        273.833        1.95044
           1464           1464        271.285            274         1.9503
           1465           1465        271.458        274.167        1.95017
           1466           1466        271.621        274.333        1.95003
           1467           1467        271.787          274.5        1.94989
           1468           1468        271.958        274.667        1.94974
           1469           1469        272.134        274.833         1.9496
           1470           1470        272.294            275        1.94945
           1471           1471        272.466        275.167         1.9493
           1472           1472         272.63        275.333        1.94916
           1473           1473        272.796          275.5        1.94901
           1474           1474        272.963        275.667        1.94886
           1475           1475        273.135        275.833         1.9487
           1476           1476          273.3            276        1.94855
           1477           1477        273.472        276.167        1.94838
           1478           1478        273.641        276.333        1.94822
           1479           1479        273.808          276.5        1.94805
           1480           1480        273.976        276.667        1.94788
           1481           1481        274.142        276.833        1.94771
           1482           1482        274.306            277        1.94754
           1483           1483        274.474        277.167        1.94738
           1484           1484        274.638        277.333         1.9472
           1485           1485        274.802          277.5        1.94703
           1486           1486        274.973        277.667        1.94685
           1487           1487         275.15        277.833        1.94666
           1488           1488        275.318            278        1.94646
           1489           1489        275.477        278.167        1.94627
           1490           1490        275.638        278.333        1.94607
           1491           1491        275.812          278.5        1.94587
           1492           1492        275.984        278.667        1.94567
           1493           1493         276.15        278.833        1.94547
           1494           1494         276.32            279        1.94527
           1495           1495        276.495        279.167        1.94507
           1496           1496        276.656        279.333        1.94487
           1497           1497        276.821          279.5        1.94466
           1498           1498        276.993        279.667        1.94445
           1499           1499        277.159        279.833        1.94425
           1500           1500        277.328            280        1.94405
           1501           1501        277.497        280.167        1.94384
           1502           1502        277.662        280.333        1.94364
           1503           1503        277.825          280.5        1.94342
           1504           1504        278.002        280.667        1.94322
           1505           1505         278.16        280.833        1.94301
           1506           1506        278.335            281         1.9428
           1507           1507        278.501        281.167        1.94259
           1508           1508        278.661        281.333        1.94237
           1509           1509        278.825          281.5        1.94217
           1510           1510        278.998        281.667        1.94196
           1511           1511        279.166        281.833        1.94175
           1512           1512         279.33            282        1.94155
           1513           1513        279.495        282.167        1.94134
           1514           1514        279.659        282.333        1.94114
           1515           1515         279.83          282.5        1.94092
           1516           1516        279.997        282.667         1.9407
           1517           1517        280.165        282.833        1.94048
           1518           1518        280.336            283        1.94027
           1519           1519        280.502        283.167        1.94005
           1520           1520        280.676        283.333        1.93982
           1521           1521        280.845          283.5        1.93959
           1522           1522        280.999        283.667        1.93936
           1523           1523        281.184        283.833        1.93912
           1524           1524        281.345            284        1.93889
           1525           1525        281.508        284.167        1.93864
           1526           1526        281.677        284.333         1.9384
           1527           1527         281.85          284.5        1.93816
           1528           1528        282.012        284.667        1.93791
           1529           1529        282.188        284.833        1.93766
           1530           1530        282.346            285        1.93741
           1531           1531         282.52        285.167        1.93716
           1532           1532         282.69        285.333        1.93689
           1533           1533        282.857          285.5        1.93662
           1534           1534        283.027        285.667        1.93635
           1535           1535        283.193        285.833        1.93607
           1536           1536        283.364            286         1.9358
           1537           1537         283.53        286.167        1.93553
           1538           1538        283.698        286.333        1.93525
           1539           1539        283.864          286.5        1.93498
           1540           1540        284.037        286.667        1.93471
           1541           1541        284.198        286.833        1.93444
           1542           1542        284.371            287        1.93415
           1543           1543        284.535        287.167        1.93387
           1544           1544        284.705        287.333        1.93358
           1545           1545        284.868          287.5        1.93329
           1546           1546        285.033        287.667        1.93299
           1547           1547        285.205        287.833        1.93269
           1548           1548        285.372            288        1.93238
           1549           1549        285.536        288.167        1.93207
           1550           1550          285.7        288.333        1.93173
           1551           1551        285.877          288.5         1.9314
           1552           1552        286.042        288.667        1.93107
           1553           1553        286.215        288.833        1.93074
           1554           1554        286.382            289         1.9304
           1555           1555        286.542        289.167        1.93006
           1556           1556        286.709        289.333        1.92972
           1557           1557        286.888          289.5        1.92938
           1558           1558        287.047        289.667        1.92902
           1559           1559        287.216        289.833        1.92867
           1560           1560        287.383            290        1.92831
           1561           1561        287.556        290.167        1.92795
           1562           1562        287.724        290.333        1.92757
           1563           1563         287.89          290.5         1.9272
           1564           1564        288.054        290.667        1.92682
           1565           1565        288.219        290.833        1.92645
           1566           1566        288.391            291        1.92606
           1567           1567        288.551        291.167        1.92568
           1568           1568        288.727        291.333        1.92529
           1569           1569        288.896          291.5         1.9249
           1570           1570        289.065        291.667         1.9245
           1571           1571        289.232        291.833         1.9241
           1572           1572        289.398            292        1.92369
           1573           1573        289.568        292.167        1.92328
           1574           1574        289.743        292.333        1.92285
           1575           1575        289.905          292.5        1.92242
           1576           1576        290.072        292.667        1.92199
           1577           1577         290.24        292.833        1.92156
           1578           1578        290.414            293         1.9211
           1579           1579        290.579        293.167        1.92064
           1580           1580        290.738        293.333        1.92019
           1581           1581        290.911          293.5        1.91973
           1582           1582        291.079        293.667        1.91927
           1583           1583        291.244        293.833        1.91879
           1584           1584        291.418            294         1.9183
           1585           1585        291.584        294.167        1.91781
           1586           1586        291.744        294.333        1.91731
           1587           1587        291.912          294.5        1.91678
           1588           1588        292.082        294.667        1.91625
           1589           1589        292.247        294.833        1.91571
           1590           1590        292.424            295        1.91517
           1591           1591        292.591        295.167         1.9146
           1592           1592        292.757        295.333        1.91403
           1593           1593        292.924          295.5        1.91346
           1594           1594        293.093        295.667        1.91289
           1595           1595        293.268        295.833        1.91229
           1596           1596        293.433            296         1.9117
           1597           1597        293.605        296.167        1.91111
           1598           1598        293.771        296.333        1.91052
           1599           1599        293.938          296.5        1.90991
           1600           1600        294.115        296.667         1.9093
           1601           1601        294.276        296.833        1.90868
           1602           1602        294.448            297        1.90806
           1603           1603        294.612        297.167        1.90741
           1604           1604        294.784        297.333        1.90676
           1605           1605        294.953          297.5         1.9061
           1606           1606         295.12        297.667        1.90544
           1607           1607        295.287        297.833        1.90475
           1608           1608        295.453            298        1.90407
           1609           1609        295.623        298.167        1.90338
           1610           1610        295.788        298.333         1.9027
           1611           1611        295.956          298.5        1.90199
           1612           1612        296.119        298.667        1.90127
           1613           1613        296.288        298.833        1.90055
           1614           1614        296.458            299        1.89982
           1615           1615        296.622        299.167        1.89909
           1616           1616        296.793        299.333        1.89833
           1617           1617        296.967          299.5        1.89758
           1618           1618        297.139        299.667        1.89684
           1619           1619        297.309        299.833        1.89609
           1620           1620        297.478            300        1.89534
           1621           1621        297.637        300.167        1.89458
           1622           1622        297.808        300.333        1.89382
           1623           1623        297.979          300.5        1.89305
           1624           1624        298.151        300.667        1.89226
           1625           1625        298.323        300.833        1.89146
           1626           1626        298.482            301        1.89066
           1627           1627        298.652        301.167        1.88985
           1628           1628        298.825        301.333          1.889
           1629           1629        298.989          301.5        1.88816
           1630           1630         299.16        301.667        1.88732
           1631           1631        299.328        301.833        1.88648
           1632           1632        299.489            302         1.8856
           1633           1633        299.653        302.167        1.88473
           1634           1634        299.824        302.333        1.88385
           1635           1635        299.992          302.5        1.88296
           1636           1636        300.164        302.667        1.88204
           1637           1637        300.338        302.833        1.88113
           1638           1638        300.502            303        1.88021
           1639           1639        300.666        303.167         1.8793
           1640           1640        300.842        303.333        1.87836
           1641           1641        300.997          303.5        1.87742
           1642           1642        301.163        303.667        1.87648
           1643           1643        301.343        303.833        1.87554
           1644           1644        301.503            304        1.87457
           1645           1645        301.671        304.167        1.87361
           1646           1646        301.838        304.333        1.87264
           1647           1647        302.012          304.5        1.87167
           1648           1648         302.18        304.667         1.8707
           1649           1649        302.348        304.833        1.86971
           1650           1650         302.51            305        1.86873
           1651           1651        302.678        305.167        1.86774
           1652           1652        302.849        305.333        1.86675
           1653           1653         303.02          305.5        1.86574
           1654           1654        303.193        305.667        1.86472
           1655           1655         303.36        305.833         1.8637
           1656           1656        303.524            306        1.86268
           1657           1657        303.697        306.167        1.86164
           1658           1658        303.862        306.333        1.86059
           1659           1659        304.026          306.5        1.85954
           1660           1660        304.198        306.667        1.85849
           1661           1661        304.362        306.833        1.85742
           1662           1662         304.53            307        1.85636
           1663           1663        304.702        307.167         1.8553
           1664           1664        304.865        307.333        1.85424
           1665           1665        305.034          307.5        1.85315
           1666           1666        305.199        307.667        1.85207
           1667           1667        305.366        307.833        1.85098
           1668           1668        305.527            308        1.84988
           1669           1669        305.703        308.167        1.84876
           1670           1670        305.872        308.333        1.84763
           1671           1671        306.044          308.5         1.8465
           1672           1672          306.2        308.667        1.84537
           1673           1673        306.375        308.833        1.84421
           1674           1674        306.545            309        1.84305
           1675           1675        306.715        309.167        1.84189
           1676           1676        306.877        309.333        1.84073
           1677           1677        307.045          309.5        1.83953
           1678           1678        307.212        309.667        1.83834
           1679           1679        307.375        309.833        1.83713
           1680           1680        307.553            310        1.83592
           1681           1681         307.72        310.167        1.83466
           1682           1682        307.881        310.333         1.8334
           1683           1683        308.056          310.5        1.83214
           1684           1684        308.221        310.667        1.83086
           1685           1685        308.386        310.833        1.82954
           1686           1686        308.554            311        1.82823
           1687           1687        308.722        311.167        1.82692
           1688           1688        308.898        311.333         1.8256
           1689           1689        309.058          311.5        1.82427
           1690           1690        309.226        311.667        1.82294
           1691           1691        309.395        311.833        1.82161
           1692           1692        309.567            312        1.82028
           1693           1693        309.734        312.167        1.81895
           1694           1694        309.899        312.333        1.81761
           1695           1695         310.07          312.5        1.81627
           1696           1696        310.237        312.667        1.81493
           1697           1697        310.408        312.833        1.81357
           1698           1698        310.572            313         1.8122
           1699           1699        310.736        313.167        1.81083
           1700           1700        310.903        313.333        1.80945
           1701           1701        311.078          313.5        1.80803
           1702           1702        311.244        313.667        1.80662
           1703           1703        311.419        313.833         1.8052
           1704           1704        311.589            314        1.80377
           1705           1705        311.751        314.167         1.8023
           1706           1706        311.917        314.333        1.80084
           1707           1707        312.087          314.5        1.79937
           1708           1708        312.257        314.667        1.79789
           1709           1709        312.428        314.833        1.79638
           1710           1710        312.589            315        1.79488
           1711           1711         312.76        315.167        1.79338
           1712           1712        312.924        315.333        1.79187
           1713           1713         313.09          315.5        1.79033
           1714           1714        313.257        315.667        1.78879
           1715           1715        313.435        315.833        1.78723
           1716           1716        313.592            316        1.78567
           1717           1717        313.765        316.167        1.78406
           1718           1718        313.929        316.333        1.78246
           1719           1719        314.103          316.5        1.78085
           1720           1720        314.263        316.667        1.77924
           1721           1721        314.431        316.833        1.77761
           1722           1722        314.605            317        1.77597
           1723           1723        314.763        317.167        1.77433
           1724           1724        314.933        317.333        1.77268
           1725           1725        315.101          317.5        1.77101
           1726           1726        315.266        317.667        1.76934
           1727           1727        315.443        317.833        1.76767
           1728           1728        315.612            318        1.76599
           1729           1729        315.775        318.167        1.76428
           1730           1730        315.935        318.333        1.76258
           1731           1731        316.106          318.5        1.76088
           1732           1732        316.274        318.667        1.75917
           1733           1733        316.443        318.833        1.75743
           1734           1734        316.608            319        1.75569
           1735           1735         316.78        319.167        1.75395
           1736           1736        316.944        319.333        1.75221
           1737           1737        317.117          319.5        1.75039
           1738           1738        317.281        319.667        1.74859
           1739           1739        317.445        319.833         1.7468
           1740           1740        317.617            320        1.74501
           1741           1741        317.788        320.167        1.74317
           1742           1742        317.948        320.333        1.74136
           1743           1743        318.125          320.5        1.73955
           1744           1744        318.292        320.667        1.73773
           1745           1745         318.46        320.833        1.73592
           1746           1746        318.634            321        1.73408
           1747           1747        318.792        321.167        1.73223
           1748           1748        318.959        321.333        1.73037
           1749           1749        319.135          321.5        1.72846
           1750           1750        319.302        321.667        1.72658
           1751           1751        319.465        321.833        1.72469
           1752           1752         319.63            322        1.72279
           1753           1753        319.798        322.167        1.72088
           1754           1754        319.967        322.333        1.71898
           1755           1755        320.135          322.5        1.71706
           1756           1756        320.302        322.667        1.71513
           1757           1757        320.475        322.833        1.71318
           1758           1758        320.647            323        1.71122
           1759           1759        320.809        323.167        1.70925
           1760           1760        320.977        323.333        1.70727
           1761           1761        321.148          323.5        1.70524
           1762           1762        321.308        323.667        1.70323
           1763           1763        321.471        323.833        1.70121
           1764           1764         321.65            324        1.69918
           1765           1765        321.822        324.167        1.69713
           1766           1766        321.986        324.333        1.69508
           1767           1767        322.159          324.5        1.69303
           1768           1768        322.321        324.667        1.69097
           1769           1769        322.486        324.833        1.68888
           1770           1770        322.657            325        1.68679
           1771           1771        322.821        325.167         1.6847
           1772           1772        322.984        325.333        1.68259
           1773           1773        323.162          325.5        1.68045
           1774           1774        323.325        325.667        1.67831
           1775           1775        323.494        325.833        1.67615
           1776           1776        323.658            326        1.67399
           1777           1777        323.831        326.167        1.67178
           1778           1778        323.999        326.333        1.66958
           1779           1779        324.168          326.5        1.66738
           1780           1780        324.336        326.667        1.66516
           1781           1781        324.508        326.833        1.66293
           1782           1782        324.668            327        1.66065
           1783           1783        324.835        327.167        1.65838
           1784           1784        325.007        327.333        1.65609
           1785           1785         325.18          327.5         1.6538
           1786           1786        325.348        327.667        1.65146
           1787           1787        325.512        327.833        1.64914
           1788           1788        325.677            328        1.64682
           1789           1789        325.845        328.167         1.6445
           1790           1790        326.013        328.333        1.64215
           1791           1791        326.182          328.5        1.63981
           1792           1792        326.353        328.667        1.63746
           1793           1793        326.521        328.833        1.63512
           1794           1794        326.684            329        1.63275
           1795           1795        326.848        329.167         1.6304
           1796           1796        327.017        329.333        1.62805
           1797           1797        327.184          329.5         1.6257
           1798           1798        327.361        329.667        1.62335
           1799           1799        327.531        329.833        1.62099
           1800           1800        327.699            330        1.61862
           1801           1801        327.866        330.167        1.61624
           1802           1802        328.029        330.333        1.61385
           1803           1803        328.198          330.5        1.61145
           1804           1804        328.367        330.667        1.60904
           1805           1805        328.542        330.833        1.60662
           1806           1806        328.712            331        1.60417
           1807           1807        328.876        331.167        1.60172
           1808           1808        329.038        331.333        1.59926
           1809           1809        329.207          331.5        1.59679
           1810           1810        329.379        331.667        1.59429
           1811           1811        329.545        331.833         1.5918
           1812           1812        329.713            332        1.58931
           1813           1813        329.881        332.167        1.58681
           1814           1814        330.058        332.333         1.5843
           1815           1815        330.217          332.5        1.58177
           1816           1816         330.39        332.667        1.57922
           1817           1817        330.552        332.833        1.57667
           1818           1818        330.715            333         1.5741
           1819           1819        330.889        333.167        1.57149
           1820           1820        331.059        333.333        1.56888
           1821           1821        331.227          333.5        1.56627
           1822           1822        331.385        333.667        1.56365
           1823           1823        331.557        333.833          1.561
           1824           1824        331.726            334        1.55837
           1825           1825        331.897        334.167        1.55573
           1826           1826        332.061        334.333        1.55309
           1827           1827         332.23          334.5        1.55044
           1828           1828        332.395        334.667        1.54778
           1829           1829        332.566        334.833        1.54511
           1830           1830        332.728            335        1.54242
           1831           1831        332.902        335.167        1.53969
           1832           1832         333.07        335.333        1.53696
           1833           1833        333.239          335.5        1.53423
           1834           1834         333.41        335.667        1.53149
           1835           1835        333.576        335.833         1.5287
           1836           1836        333.747            336        1.52592
           1837           1837        333.904        336.167        1.52314
           1838           1838        334.075        336.333        1.52035
           1839           1839        334.241          336.5        1.51753
           1840           1840        334.416        336.667        1.51472
           1841           1841        334.583        336.833         1.5119
           1842           1842        334.752            337        1.50908
           1843           1843        334.921        337.167        1.50623
           1844           1844        335.085        337.333        1.50338
           1845           1845        335.249          337.5        1.50054
           1846           1846        335.421        337.667        1.49769
           1847           1847        335.588        337.833        1.49483
           1848           1848        335.754            338        1.49195
           1849           1849        335.922        338.167        1.48907
           1850           1850        336.088        338.333        1.48619
           1851           1851        336.261          338.5        1.48331
           1852           1852        336.431        338.667         1.4804
           1853           1853        336.591        338.833         1.4775
           1854           1854        336.766            339         1.4746
           1855           1855        336.931        339.167        1.47169
           1856           1856        337.107        339.333        1.46876
           1857           1857        337.272          339.5        1.46582
           1858           1858        337.433        339.667        1.46288
           1859           1859        337.606        339.833        1.45994
           1860           1860         337.77            340        1.45698
           1861           1861        337.938        340.167        1.45402
           1862           1862        338.108        340.333        1.45105
           1863           1863        338.275          340.5        1.44808
           1864           1864        338.446        340.667        1.44509
           1865           1865        338.611        340.833         1.4421
           1866           1866         338.78            341        1.43908
           1867           1867        338.943        341.167        1.43607
           1868           1868        339.115        341.333        1.43301
           1869           1869        339.284          341.5        1.42996
           1870           1870        339.445        341.667        1.42689
           1871           1871        339.621        341.833        1.42381
           1872           1872        339.793            342        1.42069
           1873           1873        339.956        342.167        1.41757
           1874           1874        340.131        342.333        1.41443
           1875           1875        340.289          342.5        1.41127
           1876           1876        340.457        342.667        1.40807
           1877           1877        340.622        342.833        1.40488
           1878           1878        340.801            343         1.4017
           1879           1879        340.962        343.167        1.39853
           1880           1880        341.135        343.333        1.39537
           1881           1881         341.31          343.5        1.39221
           1882           1882        341.475        343.667        1.38907
           1883           1883        341.647        343.833        1.38592
           1884           1884        341.806            344        1.38278
           1885           1885        341.978        344.167        1.37966
           1886           1886        342.155        344.333        1.37651
           1887           1887        342.318          344.5        1.37335
           1888           1888        342.482        344.667        1.37019
           1889           1889        342.656        344.833          1.367
           1890           1890        342.815            345        1.36382
           1891           1891        342.992        345.167        1.36064
           1892           1892        343.153        345.333        1.35747
           1893           1893        343.319          345.5        1.35431
           1894           1894        343.489        345.667        1.35116
           1895           1895        343.661        345.833        1.34803
           1896           1896        343.829            346         1.3449
           1897           1897        343.993        346.167        1.34181
           1898           1898        344.162        346.333        1.33871
           1899           1899        344.332          346.5        1.33562
           1900           1900        344.505        346.667        1.33254
           1901           1901        344.669        346.833        1.32949
           1902           1902        344.836            347        1.32644
           1903           1903        345.009        347.167        1.32338
           1904           1904        345.177        347.333        1.32032
           1905           1905        345.339          347.5        1.31728
           1906           1906        345.506        347.667        1.31423
           1907           1907        345.679        347.833        1.31119
           1908           1908        345.842            348        1.30815
           1909           1909        346.009        348.167        1.30511
           1910           1910        346.185        348.333        1.30208
           1911           1911        346.351          348.5        1.29906
           1912           1912        346.526        348.667        1.29605
           1913           1913        346.691        348.833        1.29305
           1914           1914        346.865            349        1.29007
           1915           1915        347.029        349.167         1.2871
           1916           1916        347.201        349.333        1.28413
           1917           1917        347.361          349.5        1.28116
           1918           1918        347.532        349.667        1.27821
           1919           1919        347.703        349.833        1.27525
           1920           1920        347.873            350         1.2723
           1921           1921        348.045        350.167        1.26935
           1922           1922        348.216        350.333        1.26643
           1923           1923        348.385          350.5         1.2635
           1924           1924         348.55        350.667        1.26059
           1925           1925        348.718        350.833        1.25767
           1926           1926        348.888            351        1.25478
           1927           1927        349.053        351.167        1.25187
           1928           1928        349.222        351.333        1.24896
           1929           1929        349.391          351.5        1.24605
           1930           1930        349.557        351.667        1.24314
           1931           1931         349.73        351.833        1.24025
           1932           1932        349.902            352        1.23736
           1933           1933        350.072        352.167        1.23448
           1934           1934        350.239        352.333        1.23162
           1935           1935        350.408          352.5        1.22875
           1936           1936        350.574        352.667        1.22589
           1937           1937        350.744        352.833        1.22305
           1938           1938        350.912            353        1.22023
           1939           1939         351.08        353.167        1.21741
           1940           1940        351.249        353.333        1.21459
           1941           1941        351.416          353.5        1.21177
           1942           1942        351.585        353.667        1.20899
           1943           1943        351.752        353.833        1.20619
           1944           1944        351.929            354        1.20339
           1945           1945        352.089        354.167        1.20059
           1946           1946        352.256        354.333        1.19781
           1947           1947        352.425          354.5        1.19502
           1948           1948        352.598        354.667        1.19224
           1949           1949        352.769        354.833        1.18945
           1950           1950        352.937            355        1.18666
           1951           1951        353.102        355.167        1.18389
           1952           1952        353.276        355.333        1.18113
           1953           1953        353.441          355.5        1.17837
           1954           1954         353.61        355.667        1.17562
           1955           1955        353.776        355.833         1.1729
           1956           1956        353.947            356        1.17017
           1957           1957        354.111        356.167        1.16744
           1958           1958        354.274        356.333        1.16472
           1959           1959        354.449          356.5        1.16202
           1960           1960        354.624        356.667        1.15932
           1961           1961        354.791        356.833        1.15663
           1962           1962        354.958            357        1.15395
           1963           1963        355.124        357.167        1.15129
           1964           1964        355.295        357.333        1.14863
           1965           1965        355.462          357.5        1.14597
           1966           1966        355.639        357.667        1.14333
           1967           1967        355.804        357.833        1.14071
           1968           1968        355.965            358        1.13809
           1969           1969        356.137        358.167        1.13547
           1970           1970        356.304        358.333        1.13285
           1971           1971         356.48          358.5        1.13026
           1972           1972        356.641        358.667        1.12766
           1973           1973        356.811        358.833        1.12506
           1974           1974        356.976            359        1.12247
           1975           1975        357.144        359.167        1.11989
           1976           1976        357.316        359.333        1.11732
           1977           1977         357.49          359.5        1.11476
           1978           1978        357.657        359.667         1.1122
           1979           1979        357.826        359.833        1.10965
           1980           1980        357.994            360        1.10713
           1981           1981        358.162        360.167         1.1046
           1982           1982        358.333        360.333        1.10208
           1983           1983        358.498          360.5        1.09956
           1984           1984        358.663        360.667        1.09707
           1985           1985        358.833        360.833        1.09457
           1986           1986            359            361        1.09208
           1987           1987        359.165        361.167        1.08959
           1988           1988        359.338        361.333        1.08713
           1989           1989        359.513          361.5        1.08466
           1990           1990        359.678        361.667        1.08219
           1991           1991        359.849        361.833        1.07973
           1992           1992        360.012            362        1.07729
           1993           1993        360.185        362.167        1.07485
           1994           1994        360.353        362.333        1.07242
           1995           1995        360.528          362.5        1.06999
           1996           1996        360.698        362.667         1.0676
           1997           1997        360.861        362.833        1.06519
           1998           1998        361.029            363        1.06278
           1999           1999        361.197        363.167        1.06038
           2000           2000        361.371        363.333          1.058
           2001           2001        361.541          363.5        1.05562
           2002           2002        361.702        363.667        1.05325
           2003           2003        361.874        363.833        1.05088
           2004           2004        362.042            364        1.04853
           2005           2005        362.215        364.167        1.04618
           2006           2006         362.39        364.333        1.04384
           2007           2007        362.552          364.5         1.0415
           2008           2008        362.719        364.667        1.03918
           2009           2009        362.891        364.833        1.03686
           2010           2010         363.06            365        1.03454
           2011           2011        363.225        365.167        1.03222
           2012           2012        363.398        365.333        1.02991
           2013           2013        363.573          365.5        1.02762
           2014           2014        363.736        365.667        1.02533
           2015           2015        363.911        365.833        1.02304
           2016           2016        364.077            366        1.02075
           2017           2017        364.247        366.167        1.01848
           2018           2018        364.419        366.333        1.01621
           2019           2019         364.59          366.5        1.01395
           2020           2020        364.764        366.667        1.01168
           2021           2021         364.93        366.833        1.00944
           2022           2022        365.099            367         1.0072
           2023           2023         365.26        367.167        1.00496
           2024           2024        365.428        367.333        1.00272
           2025           2025        365.596          367.5        1.00051
           2026           2026        365.767        367.667       0.998311
           2027           2027        365.939        367.833        0.99612
           2028           2028        366.112            368       0.993939
           2029           2029        366.275        368.167        0.99179
           2030           2030        366.443        368.333       0.989633
           2031           2031        366.607          368.5       0.987481
           2032           2032        366.779        368.667       0.985333
           2033           2033        366.944        368.833        0.98321
           2034           2034        367.122            369       0.981082
           2035           2035        367.285        369.167       0.978959
           2036           2036        367.449        369.333        0.97684
           2037           2037         367.62          369.5       0.974737
           2038           2038         367.79        369.667       0.972633
           2039           2039        367.962        369.833       0.970534
           2040           2040        368.128            370       0.968442
           2041           2041        368.294        370.167       0.966368
           2042           2042         368.46        370.333       0.964294
           2043           2043         368.63          370.5       0.962226
           2044           2044        368.799        370.667       0.960166
           2045           2045        368.967        370.833       0.958113
           2046           2046        369.143            371       0.956091
           2047           2047        369.315        371.167       0.954068
           2048           2048        369.473        371.333       0.952052
           2049           2049        369.645          371.5       0.950044
           2050           2050        369.812        371.667        0.94807
           2051           2051        369.977        371.833       0.946088
           2052           2052        370.154            372       0.944109
           2053           2053        370.323        372.167       0.942134
           2054           2054        370.491        372.333       0.940189
           2055           2055        370.663          372.5       0.938244
           2056           2056        370.832        372.667       0.936309
           2057           2057        370.992        372.833       0.934381
           2058           2058        371.169            373       0.932485
           2059           2059        371.333        373.167       0.930577
           2060           2060        371.508        373.333       0.928665
           2061           2061        371.669          373.5       0.926754
           2062           2062        371.841        373.667       0.924859
           2063           2063        372.013        373.833       0.922962
           2064           2064        372.174            374        0.92107
           2065           2065        372.341        374.167       0.919182
           2066           2066        372.515        374.333       0.917315
           2067           2067        372.683          374.5       0.915451
           2068           2068        372.857        374.667       0.913595
           2069           2069        373.023        374.833       0.911745
           2070           2070        373.187            375       0.909926
           2071           2071         373.36        375.167       0.908099
           2072           2072        373.523        375.333       0.906278
           2073           2073        373.695          375.5       0.904464
           2074           2074        373.866        375.667       0.902676
           2075           2075        374.035        375.833       0.900886
           2076           2076        374.203            376       0.899102
           2077           2077         374.37        376.167       0.897322
           2078           2078        374.537        376.333       0.895543
           2079           2079        374.718          376.5       0.893777
           2080           2080        374.875        376.667       0.891999
           2081           2081        375.041        376.833       0.890217
           2082           2082        375.209            377        0.88843
           2083           2083        375.377        377.167       0.886624
           2084           2084        375.549        377.333       0.884824
           2085           2085        375.712          377.5       0.883018
           2086           2086        375.886        377.667       0.881206
           2087           2087        376.056        377.833       0.879383
           2088           2088        376.226            378       0.877567
           2089           2089        376.391        378.167       0.875751
           2090           2090        376.558        378.333       0.873932
           2091           2091        376.731          378.5       0.872105
           2092           2092        376.902        378.667       0.870278
           2093           2093        377.066        378.833       0.868447
           2094           2094        377.227            379       0.866612
           2095           2095        377.402        379.167        0.86476
           2096           2096        377.567        379.333       0.862908
           2097           2097         377.74          379.5       0.861049
           2098           2098        377.907        379.667       0.859186
           2099           2099        378.078        379.833         0.8573
           2100           2100        378.242            380       0.855416
           2101           2101        378.411        380.167       0.853522
           2102           2102        378.578        380.333        0.85162
           2103           2103        378.739          380.5       0.849688
           2104           2104        378.909        380.667        0.84776
           2105           2105        379.077        380.833       0.845832
           2106           2106        379.243            381       0.843902
           2107           2107        379.418        381.167       0.841943
           2108           2108        379.586        381.333       0.839993
           2109           2109        379.755          381.5       0.838042
           2110           2110        379.924        381.667       0.836087
           2111           2111        380.088        381.833       0.834129
           2112           2112        380.263            382        0.83215
           2113           2113        380.433        382.167       0.830171
           2114           2114        380.596        382.333       0.828192
           2115           2115         380.76          382.5       0.826212
           2116           2116        380.931        382.667       0.824206
           2117           2117        381.103        382.833       0.822206
           2118           2118         381.26            383       0.820202
           2119           2119        381.429        383.167       0.818193
           2120           2120        381.599        383.333        0.81617
           2121           2121        381.767          383.5       0.814148
           2122           2122        381.939        383.667       0.812119
           2123           2123        382.109        383.833       0.810085
           2124           2124        382.282            384       0.808031
           2125           2125        382.453        384.167       0.805979
           2126           2126        382.616        384.333        0.80392
           2127           2127        382.785          384.5       0.801855
           2128           2128        382.956        384.667       0.799766
           2129           2129        383.121        384.833       0.797683
           2130           2130        383.286            385       0.795596
           2131           2131        383.454        385.167       0.793503
           2132           2132        383.626        385.333       0.791386
           2133           2133        383.785          385.5       0.789274
           2134           2134        383.953        385.667       0.787155
           2135           2135        384.124        385.833       0.785031
           2136           2136        384.289            386       0.782883
           2137           2137        384.463        386.167       0.780741
           2138           2138        384.631        386.333       0.778596
           2139           2139        384.802          386.5       0.776449
           2140           2140        384.961        386.667       0.774282
           2141           2141         385.13        386.833       0.772115
           2142           2142        385.298            387       0.769941
           2143           2143        385.474        387.167       0.767759
           2144           2144        385.638        387.333       0.765573
           2145           2145        385.806          387.5       0.763364
           2146           2146         385.97        387.667       0.761163
           2147           2147        386.139        387.833       0.758962
           2148           2148        386.302            388       0.756759
           2149           2149         386.47        388.167       0.754541
           2150           2150        386.639        388.333       0.752326
           2151           2151        386.806          388.5       0.750108
           2152           2152        386.982        388.667       0.747885
           2153           2153        387.156        388.833        0.74564
           2154           2154        387.325            389       0.743396
           2155           2155        387.493        389.167       0.741148
           2156           2156        387.653        389.333       0.738896
           2157           2157        387.823          389.5       0.736605
           2158           2158        387.989        389.667       0.734315
           2159           2159        388.157        389.833       0.732017
           2160           2160        388.327            390       0.729713
           2161           2161        388.495        390.167       0.727363
           2162           2162        388.664        390.333       0.725018
           2163           2163        388.834          390.5       0.722667
           2164           2164        389.006        390.667       0.720309
           2165           2165        389.168        390.833       0.717917
           2166           2166        389.329            391       0.715535
           2167           2167        389.505        391.167        0.71315
           2168           2168        389.678        391.333       0.710762
           2169           2169        389.849          391.5       0.708362
           2170           2170        390.008        391.667       0.705963
           2171           2171        390.173        391.833       0.703561
           2172           2172        390.345            392       0.701158
           2173           2173        390.515        392.167       0.698753
           2174           2174        390.689        392.333        0.69635
           2175           2175        390.854          392.5       0.693943
           2176           2176        391.021        392.667       0.691531
           2177           2177        391.191        392.833       0.689114
           2178           2178         391.36            393       0.686684
           2179           2179        391.528        393.167       0.684244
           2180           2180        391.698        393.333       0.681791
           2181           2181        391.863          393.5       0.679328
           2182           2182        392.031        393.667       0.676822
           2183           2183        392.196        393.833       0.674322
           2184           2184         392.37            394       0.671813
           2185           2185        392.542        394.167       0.669295
           2186           2186        392.708        394.333       0.666736
           2187           2187        392.868          394.5       0.664183
           2188           2188        393.039        394.667        0.66162
           2189           2189        393.213        394.833       0.659047
           2190           2190        393.381            395       0.656437
           2191           2191        393.547        395.167       0.653835
           2192           2192        393.713        395.333       0.651233
           2193           2193         393.88          395.5       0.648626
           2194           2194        394.052        395.667        0.64599
           2195           2195        394.221        395.833       0.643359
           2196           2196        394.388            396        0.64072
           2197           2197        394.549        396.167       0.638076
           2198           2198        394.725        396.333       0.635405
           2199           2199        394.892          396.5       0.632737
           2200           2200        395.055        396.667       0.630059
           2201           2201        395.221        396.833       0.627375
           2202           2202        395.392            397       0.624661
           2203           2203        395.557        397.167       0.621959
           2204           2204         395.73        397.333       0.619256
           2205           2205        395.901          397.5        0.61655
           2206           2206        396.068        397.667       0.613823
           2207           2207        396.241        397.833       0.611099
           2208           2208        396.401            398       0.608373
           2209           2209        396.577        398.167       0.605636
           2210           2210        396.746        398.333       0.602893
           2211           2211        396.914          398.5       0.600136
           2212           2212        397.068        398.667       0.597386
           2213           2213        397.246        398.833       0.594638
           2214           2214        397.411            399       0.591893
           2215           2215        397.578        399.167       0.589145
           2216           2216        397.747        399.333       0.586382
           2217           2217        397.909          399.5       0.583615
           2218           2218        398.077        399.667       0.580856
           2219           2219        398.254        399.833       0.578112
           2220           2220        398.419            400       0.575375
           2221           2221        398.591        400.167        0.57264
           2222           2222        398.758        400.333       0.569904
           2223           2223        398.926          400.5       0.567184
           2224           2224        399.091        400.667        0.56444
           2225           2225        399.254        400.833       0.561688
           2226           2226        399.427            401       0.558932
           2227           2227        399.599        401.167       0.556149
           2228           2228        399.762        401.333       0.553378
           2229           2229        399.935          401.5       0.550605
           2230           2230        400.105        401.667       0.547832
           2231           2231        400.275        401.833        0.54506
           2232           2232        400.443            402       0.542289
           2233           2233        400.612        402.167       0.539516
           2234           2234         400.78        402.333       0.536743
           2235           2235        400.945          402.5       0.533973
           2236           2236        401.117        402.667       0.531203
           2237           2237        401.285        402.833       0.528437
           2238           2238        401.445            403       0.525674
           2239           2239        401.618        403.167       0.522923
           2240           2240        401.784        403.333       0.520169
           2241           2241        401.952          403.5       0.517413
           2242           2242        402.124        403.667       0.514659
           2243           2243        402.292        403.833       0.511907
           2244           2244        402.454            404       0.509168
           2245           2245        402.634        404.167       0.506432
           2246           2246        402.801        404.333         0.5037
           2247           2247        402.967          404.5       0.500971
           2248           2248        403.134        404.667       0.498254
           2249           2249        403.302        404.833       0.495531
           2250           2250        403.476            405       0.492807
           2251           2251        403.634        405.167       0.490085
           2252           2252        403.808        405.333       0.487367
           2253           2253        403.975          405.5       0.484651
           2254           2254        404.143        405.667        0.48194
           2255           2255        404.313        405.833        0.47923
           2256           2256        404.479            406       0.476534
           2257           2257         404.65        406.167       0.473836
           2258           2258        404.813        406.333       0.471142
           2259           2259        404.979          406.5       0.468453
           2260           2260        405.149        406.667       0.465788
           2261           2261        405.311        406.833       0.463123
           2262           2262        405.486            407       0.460464
           2263           2263        405.649        407.167       0.457812
           2264           2264         405.82        407.333       0.455194
           2265           2265        405.985          407.5       0.452573
           2266           2266        406.158        407.667        0.44996
           2267           2267        406.327        407.833       0.447352
           2268           2268        406.491            408        0.44478
           2269           2269        406.662        408.167       0.442205
           2270           2270        406.828        408.333       0.439637
           2271           2271        406.996          408.5       0.437074
           2272           2272         407.16        408.667       0.434544
           2273           2273         407.33        408.833       0.432011
           2274           2274        407.498            409       0.429487
           2275           2275         407.66        409.167       0.426975
           2276           2276        407.832        409.333       0.424472
           2277           2277        408.001          409.5       0.422008
           2278           2278        408.168        409.667       0.419536
           2279           2279        408.336        409.833       0.417071
           2280           2280        408.505            410       0.414612
           2281           2281        408.671        410.167       0.412194
           2282           2282        408.841        410.333       0.409782
           2283           2283        409.009          410.5       0.407384
           2284           2284        409.171        410.667       0.404993
           2285           2285        409.344        410.833       0.402654
           2286           2286        409.512            411       0.400305
           2287           2287         409.68        411.167       0.397959
           2288           2288        409.847        411.333        0.39562
           2289           2289        410.021          411.5       0.393322
           2290           2290        410.192        411.667       0.391023
           2291           2291        410.357        411.833       0.388735
           2292           2292        410.525            412       0.386454
           2293           2293        410.694        412.167       0.384218
           2294           2294        410.861        412.333       0.381981
           2295           2295        411.026          412.5       0.379759
           2296           2296        411.196        412.667       0.377548
           2297           2297        411.366        412.833       0.375392
           2298           2298        411.534            413       0.373232
           2299           2299        411.698        413.167       0.371092
           2300           2300        411.873        413.333       0.368968
           2301           2301        412.043          413.5       0.366899
           2302           2302        412.211        413.667       0.364815
           2303           2303         412.37        413.833       0.362738
           2304           2304        412.543            414       0.360667
           2305           2305        412.711        414.167       0.358638
           2306           2306        412.882        414.333       0.356607
           2307           2307        413.045          414.5       0.354587
           2308           2308        413.207        414.667       0.352579
           2309           2309        413.378        414.833       0.350582
           2310           2310        413.556            415       0.348645
           2311           2311        413.724        415.167       0.346702
           2312           2312        413.895        415.333       0.344775
           2313           2313        414.054          415.5       0.342858
           2314           2314        414.231        415.667       0.340995
           2315           2315        414.391        415.833        0.33912
           2316           2316        414.564            416       0.337254
           2317           2317        414.731        416.167       0.335395
           2318           2318        414.898        416.333       0.333583
           2319           2319        415.062          416.5       0.331773
           2320           2320        415.239        416.667       0.329977
           2321           2321        415.409        416.833       0.328188
           2322           2322        415.572            417       0.326457
           2323           2323        415.734        417.167       0.324725
           2324           2324        415.909        417.333       0.323007
           2325           2325         416.08          417.5       0.321297
           2326           2326        416.248        417.667       0.319655
           2327           2327        416.409        417.833       0.317999
           2328           2328        416.579            418       0.316349
           2329           2329        416.754        418.167       0.314712
           2330           2330        416.916        418.333       0.313139
           2331           2331        417.084          418.5       0.311553
           2332           2332        417.255        418.667       0.309979
           2333           2333        417.419        418.833       0.308419
           2334           2334        417.585            419       0.306912
           2335           2335        417.752        419.167       0.305395
           2336           2336        417.919        419.333        0.30389
           2337           2337        418.088          419.5       0.302397
           2338           2338        418.259        419.667       0.300953
           2339           2339         418.42        419.833       0.299499
           2340           2340        418.589            420       0.298059
           2341           2341         418.76        420.167       0.296641
           2342           2342        418.921        420.333       0.295236
           2343           2343        419.093          420.5       0.293898
           2344           2344        419.256        420.667       0.292556
           2345           2345        419.429        420.833       0.291227
           2346           2346        419.597            421       0.289909
           2347           2347         419.76        421.167        0.28866
           2348           2348        419.929        421.333       0.287388
           2349           2349          420.1          421.5        0.28612
           2350           2350         420.27        421.667       0.284861
           2351           2351         420.44        421.833        0.28364
           2352           2352        420.613            422       0.282416
           2353           2353         420.78        422.167         0.2812
           2354           2354        420.945        422.333        0.27999
           2355           2355        421.119          422.5       0.278824
           2356           2356         421.28        422.667       0.277653
           2357           2357        421.448        422.833       0.276488
           2358           2358        421.606            423       0.275331
           2359           2359         421.78        423.167       0.274211
           2360           2360        421.957        423.333       0.273086
           2361           2361        422.126          423.5       0.271969
           2362           2362        422.289        423.667       0.270862
           2363           2363        422.458        423.833       0.269792
           2364           2364        422.625            424       0.268714
           2365           2365        422.797        424.167       0.267643
           2366           2366        422.963        424.333       0.266582
           2367           2367        423.139          424.5        0.26556
           2368           2368        423.299        424.667       0.264533
           2369           2369        423.467        424.833       0.263514
           2370           2370         423.63            425       0.262497
           2371           2371        423.802        425.167       0.261495
           2372           2372         423.97        425.333       0.260491
           2373           2373        424.138          425.5       0.259507
           2374           2374        424.307        425.667       0.258538
           2375           2375        424.474        425.833       0.257576
           2376           2376        424.642            426       0.256649
           2377           2377        424.811        426.167       0.255722
           2378           2378        424.978        426.333       0.254803
           2379           2379        425.143          426.5       0.253889
           2380           2380        425.314        426.667       0.253014
           2381           2381        425.477        426.833       0.252132
           2382           2382        425.652            427       0.251254
           2383           2383         425.82        427.167       0.250381
           2384           2384        425.984        427.333       0.249524
           2385           2385        426.154          427.5       0.248666
           2386           2386        426.316        427.667       0.247819
           2387           2387        426.483        427.833       0.246979
           2388           2388        426.655            428       0.246155
           2389           2389        426.815        428.167       0.245332
           2390           2390        426.987        428.333       0.244512
           2391           2391        427.162          428.5       0.243696
           2392           2392         427.33        428.667       0.242919
           2393           2393        427.495        428.833       0.242142
           2394           2394        427.656            429       0.241372
           2395           2395        427.827        429.167       0.240607
           2396           2396        427.998        429.333       0.239871
           2397           2397        428.166          429.5       0.239125
           2398           2398        428.335        429.667       0.238383
           2399           2399          428.5        429.833       0.237641
           2400           2400        428.664            430       0.236905
           2401           2401        428.824        430.167       0.236172
           2402           2402        428.999        430.333       0.235444
           2403           2403        429.166          430.5       0.234717
           2404           2404        429.337        430.667          0.234
           2405           2405        429.508        430.833       0.233288
           2406           2406         429.68            431       0.232586
           2407           2407         429.84        431.167       0.231893
           2408           2408        430.011        431.333       0.231204
           2409           2409        430.181          431.5       0.230542
           2410           2410        430.347        431.667       0.229871
           2411           2411        430.512        431.833       0.229205
           2412           2412        430.684            432       0.228542
           2413           2413        430.855        432.167       0.227897
           2414           2414        431.028        432.333       0.227248
           2415           2415         431.19          432.5       0.226598
           2416           2416        431.355        432.667        0.22595
           2417           2417        431.524        432.833       0.225322
           2418           2418        431.692            433       0.224693
           2419           2419        431.861        433.167       0.224068
           2420           2420        432.029        433.333       0.223445
           2421           2421        432.194          433.5       0.222838
           2422           2422        432.356        433.667       0.222229
           2423           2423        432.528        433.833       0.221625
           2424           2424        432.698            434       0.221026
           2425           2425        432.866        434.167       0.220447
           2426           2426         433.03        434.333       0.219869
           2427           2427        433.208          434.5       0.219298
           2428           2428        433.373        434.667       0.218733
           2429           2429        433.532        434.833       0.218193
           2430           2430        433.706            435       0.217646
           2431           2431        433.874        435.167       0.217101
           2432           2432        434.044        435.333       0.216556
           2433           2433        434.214          435.5       0.216024
           2434           2434        434.378        435.667       0.215491
           2435           2435        434.545        435.833       0.214964
           2436           2436        434.706            436       0.214441
           2437           2437        434.885        436.167       0.213924
           2438           2438        435.045        436.333       0.213404
           2439           2439        435.216          436.5       0.212886
           2440           2440        435.385        436.667       0.212374
           2441           2441        435.552        436.833       0.211864
           2442           2442        435.719            437       0.211358
           2443           2443        435.898        437.167       0.210852
           2444           2444        436.061        437.333        0.21035
           2445           2445        436.229          437.5       0.209852
           2446           2446        436.397        437.667       0.209367
           2447           2447        436.565        437.833       0.208881
           2448           2448         436.73            438       0.208397
           2449           2449        436.895        438.167       0.207916
           2450           2450        437.072        438.333       0.207455
           2451           2451        437.233          438.5       0.206992
           2452           2452        437.399        438.667       0.206531
           2453           2453        437.567        438.833       0.206069
           2454           2454        437.738            439        0.20562
           2455           2455        437.905        439.167        0.20517
           2456           2456         438.08        439.333       0.204726
           2457           2457        438.243          439.5       0.204287
           2458           2458        438.403        439.667       0.203857
           2459           2459        438.578        439.833       0.203426
           2460           2460        438.747            440       0.202996
           2461           2461        438.917        440.167       0.202567
           2462           2462        439.082        440.333       0.202146
           2463           2463        439.246          440.5        0.20172
           2464           2464        439.415        440.667       0.201298
           2465           2465        439.585        440.833       0.200881
           2466           2466        439.754            441       0.200469
           2467           2467        439.918        441.167        0.20006
           2468           2468        440.092        441.333       0.199653
           2469           2469        440.247          441.5        0.19925
           2470           2470        440.417        441.667       0.198862
           2471           2471        440.581        441.833       0.198469
           2472           2472        440.751            442       0.198078
           2473           2473        440.932        442.167       0.197687
           2474           2474         441.09        442.333       0.197297
           2475           2475        441.255          442.5       0.196914
           2476           2476        441.415        442.667       0.196527
           2477           2477        441.587        442.833       0.196139
           2478           2478        441.755            443       0.195753
           2479           2479        441.932        443.167       0.195376
           2480           2480        442.102        443.333       0.194997
           2481           2481        442.263          443.5       0.194616
           2482           2482        442.432        443.667       0.194234
           2483           2483         442.59        443.833       0.193859
           2484           2484        442.754            444       0.193479
           2485           2485         442.93        444.167       0.193098
           2486           2486        443.089        444.333       0.192717
           2487           2487        443.258          444.5       0.192338
           2488           2488        443.427        444.667       0.191966
           2489           2489        443.598        444.833       0.191599
           2490           2490        443.765            445       0.191235
           2491           2491        443.929        445.167       0.190888
           2492           2492        444.097        445.333       0.190539
           2493           2493        444.269          445.5       0.190192
           2494           2494        444.431        445.667       0.189845
           2495           2495        444.598        445.833       0.189508
           2496           2496        444.763            446       0.189171
           2497           2497        444.938        446.167       0.188837
           2498           2498        445.105        446.333       0.188504
           2499           2499        445.274          446.5       0.188179
           2500           2500        445.446        446.667       0.187855
           2501           2501        445.611        446.833       0.187531
           2502           2502        445.771            447       0.187208
           2503           2503        445.938        447.167       0.186893
           2504           2504        446.107        447.333       0.186573
           2505           2505        446.278          447.5       0.186251
           2506           2506        446.442        447.667       0.185923
           2507           2507         446.61        447.833       0.185593
           2508           2508        446.786            448       0.185259
           2509           2509         446.95        448.167        0.18493
           2510           2510        447.122        448.333       0.184606
           2511           2511        447.277          448.5       0.184284
           2512           2512        447.445        448.667       0.183968
           2513           2513        447.611        448.833        0.18365
           2514           2514        447.776            449        0.18333
           2515           2515        447.945        449.167        0.18301
           2516           2516        448.112        449.333       0.182695
           2517           2517        448.285          449.5       0.182377
           2518           2518         448.45        449.667       0.182058
           2519           2519        448.622        449.833       0.181739
           2520           2520        448.786            450       0.181422
           2521           2521        448.949        450.167       0.181111
           2522           2522        449.112        450.333       0.180806
           2523           2523        449.289          450.5       0.180505
           2524           2524        449.454        450.667       0.180219
           2525           2525        449.617        450.833       0.179924
           2526           2526         449.79            451       0.179628
           2527           2527        449.952        451.167       0.179331
           2528           2528        450.118        451.333        0.17904
           2529           2529         450.29          451.5       0.178747
           2530           2530        450.457        451.667       0.178454
           2531           2531        450.623        451.833       0.178159
           2532           2532        450.786            452       0.177863
           2533           2533        450.954        452.167       0.177568
           2534           2534        451.118        452.333       0.177273
           2535           2535        451.293          452.5       0.176978
           2536           2536        451.456        452.667       0.176683
           2537           2537        451.622        452.833       0.176391
           2538           2538        451.788            453       0.176105
           2539           2539        451.954        453.167       0.175824
           2540           2540        452.121        453.333       0.175551
           2541           2541        452.288          453.5       0.175275
           2542           2542        452.458        453.667       0.175001
           2543           2543        452.632        453.833       0.174733
           2544           2544        452.792            454       0.174474
           2545           2545        452.966        454.167       0.174208
           2546           2546         453.13        454.333        0.17394
           2547           2547        453.296          454.5       0.173673
           2548           2548        453.454        454.667       0.173412
           2549           2549        453.628        454.833       0.173153
           2550           2550        453.789            455       0.172898
           2551           2551        453.951        455.167       0.172648
           2552           2552        454.117        455.333       0.172411
           2553           2553        454.289          455.5       0.172168
           2554           2554        454.465        455.667       0.171926
           2555           2555        454.634        455.833       0.171686
           2556           2556        454.797            456       0.171442
           2557           2557        454.965        456.167       0.171184
           2558           2558        455.134        456.333       0.170923
           2559           2559        455.296          456.5       0.170666
           2560           2560        455.468        456.667       0.170412
           2561           2561        455.636        456.833       0.170173
           2562           2562        455.804            457        0.16994
           2563           2563         455.97        457.167       0.169709
           2564           2564        456.138        457.333       0.169515
           2565           2565          456.3          457.5       0.169302
           2566           2566        456.469        457.667        0.16908
           2567           2567        456.637        457.833       0.168856
           2568           2568        456.796            458       0.168631
           2569           2569        456.972        458.167       0.168409
           2570           2570        457.137        458.333       0.168179
           2571           2571        457.303          458.5       0.167942
           2572           2572        457.469        458.667       0.167695
           2573           2573        457.643        458.833       0.167448
           2574           2574        457.805            459       0.167202
           2575           2575        457.983        459.167       0.166957
           2576           2576        458.148        459.333       0.166705
           2577           2577        458.311          459.5       0.166464
           2578           2578        458.484        459.667       0.166229
           2579           2579        458.647        459.833       0.165996
           2580           2580        458.808            460       0.165774
           2581           2581        458.977        460.167       0.165549
           2582           2582        459.145        460.333       0.165335
           2583           2583         459.32          460.5       0.165125
           2584           2584        459.488        460.667       0.164917
           2585           2585        459.651        460.833       0.164712
           2586           2586        459.816            461       0.164507
           2587           2587        459.976        461.167       0.164299
           2588           2588        460.146        461.333       0.164094
           2589           2589        460.314          461.5       0.163886
           2590           2590        460.483        461.667       0.163675
           2591           2591        460.656        461.833       0.163463
           2592           2592        460.821            462       0.163238
           2593           2593        460.987        462.167       0.163016
           2594           2594        461.155        462.333       0.162795
           2595           2595        461.328          462.5       0.162577
           2596           2596        461.492        462.667       0.162363
           2597           2597         461.66        462.833       0.162158
           2598           2598        461.831            463       0.161953
           2599           2599        462.001        463.167       0.161746
           2600           2600        462.168        463.333       0.161551
           2601           2601        462.336          463.5       0.161346
           2602           2602        462.503        463.667       0.161138
           2603           2603        462.669        463.833       0.160928
           2604           2604        462.832            464       0.160706
           2605           2605        463.003        464.167       0.160488
           2606           2606        463.174        464.333       0.160271
           2607           2607        463.336          464.5       0.160056
           2608           2608        463.503        464.667       0.159845
           2609           2609        463.672        464.833       0.159639
           2610           2610        463.836            465       0.159442
           2611           2611        464.004        465.167       0.159252
           2612           2612        464.176        465.333       0.159077
           2613           2613        464.335          465.5        0.15889
           2614           2614        464.503        465.667         0.1587
           2615           2615        464.672        465.833       0.158511
           2616           2616        464.848            466       0.158329
           2617           2617        465.012        466.167       0.158146
           2618           2618        465.184        466.333        0.15796
           2619           2619        465.348          466.5       0.157774
           2620           2620        465.519        466.667       0.157588
           2621           2621         465.68        466.833       0.157402
           2622           2622        465.846            467       0.157219
           2623           2623        466.016        467.167       0.157038
           2624           2624        466.184        467.333       0.156852
           2625           2625        466.353          467.5       0.156665
           2626           2626        466.523        467.667       0.156476
           2627           2627        466.688        467.833       0.156287
           2628           2628        466.862            468       0.156098
           2629           2629        467.021        468.167       0.155911
           2630           2630        467.185        468.333       0.155727
           2631           2631        467.353          468.5       0.155544
           2632           2632        467.523        468.667       0.155366
           2633           2633        467.693        468.833       0.155186
           2634           2634        467.867            469       0.155007
           2635           2635        468.021        469.167       0.154828
           2636           2636        468.202        469.333       0.154647
           2637           2637        468.367          469.5       0.154463
           2638           2638        468.533        469.667        0.15428
           2639           2639        468.693        469.833       0.154096
           2640           2640        468.871            470       0.153912
           2641           2641        469.031        470.167       0.153723
           2642           2642        469.205        470.333       0.153535
           2643           2643        469.376          470.5       0.153344
           2644           2644        469.543        470.667        0.15315
           2645           2645        469.703        470.833       0.152947
           2646           2646        469.872            471       0.152742
           2647           2647        470.041        471.167       0.152542
           2648           2648        470.202        471.333       0.152344
           2649           2649        470.376          471.5       0.152143
           2650           2650        470.539        471.667        0.15195
           2651           2651        470.712        471.833       0.151761
           2652           2652         470.88            472       0.151575
           2653           2653        471.043        472.167       0.151407
           2654           2654         471.21        472.333       0.151233
           2655           2655        471.378          472.5       0.151052
           2656           2656        471.544        472.667       0.150868
           2657           2657        471.715        472.833         0.1507
           2658           2658        471.878            473        0.15053
           2659           2659        472.043        473.167       0.150349
           2660           2660        472.211        473.333       0.150162
           2661           2661        472.379          473.5       0.149989
           2662           2662        472.546        473.667       0.149819
           2663           2663        472.718        473.833       0.149656
           2664           2664        472.882            474       0.149498
           2665           2665        473.048        474.167       0.149346
           2666           2666        473.223        474.333       0.149189
           2667           2667        473.391          474.5       0.149033
           2668           2668        473.562        474.667       0.148877
           2669           2669        473.723        474.833       0.148723
           2670           2670        473.888            475        0.14857
           2671           2671        474.058        475.167       0.148419
           2672           2672        474.221        475.333        0.14827
           2673           2673        474.389          475.5       0.148118
           2674           2674        474.551        475.667        0.14797
           2675           2675        474.715        475.833       0.147824
           2676           2676        474.886            476       0.147679
           2677           2677        475.061        476.167       0.147533
           2678           2678        475.232        476.333       0.147389
           2679           2679         475.39          476.5       0.147243
           2680           2680        475.561        476.667       0.147095
           2681           2681        475.734        476.833       0.146945
           2682           2682        475.902            477       0.146795
           2683           2683         476.07        477.167       0.146648
           2684           2684        476.239        477.333       0.146501
           2685           2685        476.399          477.5       0.146353
           2686           2686        476.569        477.667       0.146206
           2687           2687        476.739        477.833       0.146056
           2688           2688        476.899            478       0.145902
           2689           2689        477.067        478.167       0.145748
           2690           2690        477.241        478.333       0.145592
           2691           2691        477.407          478.5       0.145435
           2692           2692        477.566        478.667       0.145276
           2693           2693        477.739        478.833       0.145116
           2694           2694        477.903            479       0.144952
           2695           2695        478.071        479.167       0.144789
           2696           2696         478.24        479.333       0.144629
           2697           2697        478.406          479.5        0.14447
           2698           2698        478.577        479.667       0.144312
           2699           2699        478.743        479.833       0.144155
           2700           2700        478.914            480       0.143998
           2701           2701        479.077        480.167       0.143842
           2702           2702        479.244        480.333       0.143691
           2703           2703        479.417          480.5       0.143536
           2704           2704        479.584        480.667       0.143379
           2705           2705         479.75        480.833       0.143221
           2706           2706        479.916            481       0.143064
           2707           2707        480.086        481.167       0.142904
           2708           2708        480.249        481.333       0.142746
           2709           2709        480.418          481.5       0.142589
           2710           2710         480.59        481.667       0.142433
           2711           2711        480.757        481.833       0.142283
           2712           2712        480.926            482       0.142137
           2713           2713        481.092        482.167       0.141996
           2714           2714        481.258        482.333       0.141857
           2715           2715        481.417          482.5       0.141724
           2716           2716        481.596        482.667       0.141584
           2717           2717        481.759        482.833       0.141441
           2718           2718        481.927            483       0.141296
           2719           2719        482.094        483.167       0.141138
           2720           2720         482.26        483.333       0.140978
           2721           2721        482.424          483.5       0.140814
           2722           2722        482.587        483.667       0.140648
           2723           2723        482.757        483.833       0.140469
           2724           2724        482.922            484       0.140304
           2725           2725        483.091        484.167       0.140147
           2726           2726        483.263        484.333       0.139994
           2727           2727        483.432          484.5       0.139859
           2728           2728        483.592        484.667       0.139722
           2729           2729        483.764        484.833       0.139585
           2730           2730        483.936            485       0.139449
           2731           2731        484.096        485.167       0.139332
           2732           2732        484.263        485.333       0.139209
           2733           2733        484.435          485.5       0.139088
           2734           2734        484.603        485.667       0.138967
           2735           2735        484.762        485.833       0.138846
           2736           2736        484.926            486       0.138721
           2737           2737        485.098        486.167       0.138592
           2738           2738        485.264        486.333        0.13846
           2739           2739        485.439          486.5       0.138328
           2740           2740        485.602        486.667       0.138182
           2741           2741        485.771        486.833       0.138037
           2742           2742        485.936            487       0.137894
           2743           2743        486.098        487.167       0.137753
           2744           2744        486.267        487.333         0.1376
           2745           2745         486.43          487.5       0.137451
           2746           2746        486.602        487.667       0.137308
           2747           2747         486.77        487.833       0.137168
           2748           2748        486.936            488       0.137021
           2749           2749        487.099        488.167       0.136872
           2750           2750        487.269        488.333       0.136722
           2751           2751        487.434          488.5       0.136573
           2752           2752        487.608        488.667       0.136424
           2753           2753        487.778        488.833       0.136277
           2754           2754        487.943            489       0.136131
           2755           2755        488.109        489.167       0.135984
           2756           2756        488.277        489.333       0.135836
           2757           2757        488.446          489.5       0.135682
           2758           2758         488.61        489.667       0.135523
           2759           2759        488.788        489.833        0.13536
           2760           2760        488.945            490       0.135185
           2761           2761        489.117        490.167       0.135017
           2762           2762        489.279        490.333       0.134849
           2763           2763        489.445          490.5        0.13468
           2764           2764        489.613        490.667       0.134508
           2765           2765        489.781        490.833       0.134339
           2766           2766        489.946            491        0.13417
           2767           2767        490.113        491.167       0.133999
           2768           2768        490.286        491.333       0.133826
           2769           2769        490.453          491.5       0.133655
           2770           2770        490.618        491.667       0.133487
           2771           2771         490.79        491.833       0.133321
           2772           2772        490.961            492       0.133155
           2773           2773        491.117        492.167       0.132992
           2774           2774        491.291        492.333       0.132824
           2775           2775        491.459          492.5       0.132652
           2776           2776         491.62        492.667        0.13248
           2777           2777        491.793        492.833       0.132315
           2778           2778         491.96            493       0.132157
           2779           2779        492.124        493.167       0.132002
           2780           2780        492.294        493.333       0.131848
           2781           2781        492.465          493.5       0.131701
           2782           2782        492.623        493.667       0.131545
           2783           2783        492.793        493.833        0.13139
           2784           2784        492.969            494       0.131238
           2785           2785        493.136        494.167       0.131078
           2786           2786        493.294        494.333       0.130927
           2787           2787        493.464          494.5       0.130778
           2788           2788        493.628        494.667       0.130631
           2789           2789        493.793        494.833       0.130486
           2790           2790        493.966            495       0.130336
           2791           2791        494.141        495.167       0.130187
           2792           2792          494.3        495.333       0.130039
           2793           2793        494.468          495.5       0.129883
           2794           2794         494.64        495.667       0.129727
           2795           2795        494.806        495.833        0.12957
           2796           2796        494.969            496       0.129412
           2797           2797         495.14        496.167       0.129257
           2798           2798        495.308        496.333       0.129104
           2799           2799        495.482          496.5       0.128952
           2800           2800        495.652        496.667       0.128799
           2801           2801        495.824        496.833       0.128648
           2802           2802        495.985            497        0.12849
           2803           2803         496.15        497.167       0.128328
           2804           2804        496.317        497.333       0.128165
           2805           2805        496.489          497.5       0.128002
           2806           2806        496.656        497.667       0.127834
           2807           2807        496.821        497.833       0.127671
           2808           2808        496.989            498       0.127507
           2809           2809        497.148        498.167       0.127345
           2810           2810        497.319        498.333       0.127191
           2811           2811        497.493          498.5       0.127033
           2812           2812        497.651        498.667       0.126872
           2813           2813        497.823        498.833        0.12671
           2814           2814        497.988            499       0.126553
           2815           2815        498.172        499.167       0.126399
           2816           2816        498.332        499.333       0.126244
           2817           2817        498.503          499.5       0.126088
           2818           2818        498.661        499.667       0.125934
           2819           2819        498.828        499.833       0.125775
           2820           2820        498.997            500       0.125619
           2821           2821        499.164        500.167       0.125466
           2822           2822        499.335        500.333       0.125308
           2823           2823        499.503          500.5       0.125152
           2824           2824        499.667        500.667       0.124997
           2825           2825        499.834        500.833       0.124842
           2826           2826            500            501       0.124689
           2827           2827        500.167        501.167       0.124527
           2828           2828        500.344        501.333        0.12436
           2829           2829        500.508          501.5        0.12419
           2830           2830        500.683        501.667        0.12401
           2831           2831        500.844        501.833       0.123837
           2832           2832        501.012            502       0.123663
           2833           2833        501.184        502.167       0.123486
           2834           2834        501.348        502.333       0.123306
           2835           2835        501.511          502.5       0.123129
           2836           2836         501.69        502.667       0.122954
           2837           2837        501.855        502.833       0.122784
           2838           2838        502.024            503       0.122618
           2839           2839        502.192        503.167       0.122461
           2840           2840        502.363        503.333       0.122303
           2841           2841        502.532          503.5       0.122147
           2842           2842        502.695        503.667       0.121993
           2843           2843        502.864        503.833       0.121851
           2844           2844         503.03            504       0.121705
           2845           2845        503.194        504.167       0.121561
           2846           2846        503.362        504.333       0.121418
           2847           2847        503.536          504.5       0.121274
           2848           2848        503.695        504.667       0.121127
           2849           2849        503.861        504.833       0.120977
           2850           2850        504.029            505       0.120825
           2851           2851        504.206        505.167       0.120673
           2852           2852         504.37        505.333       0.120524
           2853           2853        504.539          505.5       0.120375
           2854           2854        504.705        505.667       0.120227
           2855           2855        504.878        505.833       0.120081
           2856           2856        505.043            506       0.119935
           2857           2857        505.213        506.167       0.119793
           2858           2858        505.383        506.333       0.119655
           2859           2859        505.549          506.5       0.119524
           2860           2860         505.71        506.667       0.119394
           2861           2861        505.876        506.833       0.119266
           2862           2862        506.045            507       0.119141
           2863           2863        506.206        507.167       0.119023
           2864           2864        506.384        507.333       0.118897
           2865           2865        506.549          507.5        0.11877
           2866           2866        506.712        507.667       0.118643
           2867           2867        506.878        507.833       0.118507
           2868           2868         507.05            508       0.118374
           2869           2869        507.218        508.167       0.118244
           2870           2870        507.382        508.333       0.118116
           2871           2871        507.553          508.5       0.117992
           2872           2872        507.718        508.667       0.117871
           2873           2873        507.884        508.833       0.117752
           2874           2874        508.047            509       0.117639
           2875           2875        508.213        509.167       0.117529
           2876           2876        508.388        509.333       0.117426
           2877           2877        508.557          509.5       0.117317
           2878           2878        508.717        509.667       0.117212
           2879           2879        508.893        509.833       0.117113
           2880           2880        509.057            510       0.117022
           2881           2881        509.227        510.167       0.116929
           2882           2882        509.392        510.333       0.116834
           2883           2883        509.561          510.5       0.116739
           2884           2884        509.727        510.667       0.116653
           2885           2885        509.893        510.833       0.116559
           2886           2886        510.052            511       0.116461
           2887           2887        510.222        511.167       0.116362
           2888           2888        510.388        511.333       0.116254
           2889           2889        510.564          511.5       0.116148
           2890           2890        510.731        511.667        0.11604
           2891           2891          510.9        511.833        0.11593
           2892           2892        511.066            512       0.115816
           2893           2893        511.228        512.167       0.115704
           2894           2894        511.393        512.333       0.115592
           2895           2895        511.561          512.5        0.11548
           2896           2896        511.729        512.667       0.115368
           2897           2897        511.897        512.833       0.115255
           2898           2898        512.059            513       0.115144
           2899           2899        512.231        513.167       0.115034
           2900           2900        512.394        513.333       0.114927
           2901           2901        512.566          513.5       0.114821
           2902           2902        512.733        513.667       0.114715
           2903           2903        512.902        513.833       0.114609
           2904           2904        513.066            514       0.114506
           2905           2905        513.239        514.167       0.114416
           2906           2906        513.398        514.333       0.114326
           2907           2907        513.566          514.5       0.114235
           2908           2908        513.735        514.667       0.114144
           2909           2909        513.904        514.833       0.114064
           2910           2910        514.076            515        0.11398
           2911           2911        514.239        515.167       0.113897
           2912           2912        514.408        515.333       0.113814
           2913           2913        514.571          515.5       0.113724
           2914           2914         514.74        515.667       0.113634
           2915           2915         514.91        515.833       0.113545
           2916           2916        515.072            516       0.113459
           2917           2917        515.247        516.167        0.11337
           2918           2918        515.409        516.333       0.113278
           2919           2919        515.574          516.5       0.113185
           2920           2920        515.744        516.667       0.113095
           2921           2921        515.914        516.833       0.113013
           2922           2922        516.078            517       0.112931
           2923           2923        516.246        517.167       0.112847
           2924           2924        516.414        517.333        0.11276
           2925           2925         516.58          517.5       0.112673
           2926           2926        516.744        517.667       0.112585
           2927           2927         516.92        517.833       0.112495
           2928           2928        517.086            518       0.112405
           2929           2929        517.254        518.167       0.112309
           2930           2930        517.418        518.333       0.112216
           2931           2931        517.584          518.5       0.112124
           2932           2932        517.759        518.667       0.112035
           2933           2933        517.918        518.833       0.111959
           2934           2934         518.09            519       0.111884
           2935           2935         518.26        519.167       0.111813
           2936           2936        518.431        519.333       0.111742
           2937           2937        518.597          519.5       0.111672
           2938           2938        518.758        519.667       0.111603
           2939           2939         518.93        519.833       0.111523
           2940           2940        519.092            520        0.11144
           2941           2941        519.263        520.167       0.111353
           2942           2942        519.428        520.333        0.11125
           2943           2943        519.601          520.5       0.111155
           2944           2944        519.769        520.667       0.111061
           2945           2945        519.935        520.833       0.110968
           2946           2946        520.108            521       0.110889
           2947           2947        520.275        521.167       0.110812
           2948           2948        520.438        521.333       0.110739
           2949           2949        520.615          521.5       0.110667
           2950           2950         520.78        521.667       0.110618
           2951           2951        520.944        521.833       0.110557
           2952           2952        521.112            522       0.110491
           2953           2953        521.279        522.167       0.110423
           2954           2954        521.442        522.333       0.110356
           2955           2955        521.612          522.5        0.11029
           2956           2956         521.78        522.667       0.110225
           2957           2957        521.946        522.833       0.110159
           2958           2958        522.115            523       0.110091
           2959           2959        522.279        523.167       0.110026
           2960           2960        522.451        523.333       0.109961
           2961           2961        522.619          523.5       0.109894
           2962           2962        522.783        523.667        0.10983
           2963           2963        522.951        523.833       0.109766
           2964           2964         523.12            524       0.109702
           2965           2965        523.279        524.167       0.109638
           2966           2966        523.456        524.333       0.109575
           2967           2967        523.627          524.5       0.109513
           2968           2968        523.787        524.667        0.10945
           2969           2969        523.953        524.833       0.109386
           2970           2970        524.129            525       0.109323
           2971           2971        524.289        525.167       0.109258
           2972           2972        524.454        525.333        0.10919
           2973           2973        524.627          525.5       0.109121
           2974           2974        524.786        525.667       0.109051
           2975           2975        524.955        525.833       0.108979
           2976           2976        525.124            526       0.108909
           2977           2977        525.286        526.167       0.108839
           2978           2978        525.454        526.333       0.108768
           2979           2979        525.629          526.5       0.108702
           2980           2980        525.791        526.667       0.108636
           2981           2981        525.959        526.833       0.108569
           2982           2982        526.124            527       0.108502
           2983           2983        526.297        527.167       0.108438
           2984           2984        526.454        527.333       0.108371
           2985           2985         526.62          527.5       0.108306
           2986           2986        526.783        527.667       0.108245
           2987           2987        526.954        527.833       0.108184
           2988           2988        527.116            528       0.108126
           2989           2989        527.283        528.167       0.108072
           2990           2990        527.459        528.333       0.108017
           2991           2991        527.618          528.5       0.107961
           2992           2992        527.781        528.667       0.107903
           2993           2993        527.948        528.833       0.107841
           2994           2994        528.122            529       0.107775
           2995           2995        528.291        529.167       0.107695
           2996           2996         528.46        529.333       0.107624
           2997           2997        528.628          529.5       0.107558
           2998           2998        528.801        529.667       0.107493
           2999           2999        528.968        529.833       0.107424
           3000           3000        529.131            530       0.107357
           3001           3001        529.293        530.167       0.107291
           3002           3002        529.463        530.333       0.107224
           3003           3003        529.622          530.5       0.107156
           3004           3004        529.788        530.667       0.107091
           3005           3005        529.958        530.833       0.107027
           3006           3006        530.131            531       0.106965
           3007           3007          530.3        531.167       0.106904
           3008           3008        530.461        531.333       0.106849
           3009           3009        530.628          531.5       0.106795
           3010           3010        530.799        531.667       0.106743
           3011           3011        530.963        531.833       0.106691
           3012           3012        531.129            532       0.106636
           3013           3013        531.291        532.167       0.106573
           3014           3014        531.459        532.333       0.106509
           3015           3015        531.632          532.5       0.106448
           3016           3016        531.796        532.667       0.106381
           3017           3017        531.958        532.833       0.106322
           3018           3018        532.129            533       0.106263
           3019           3019        532.296        533.167       0.106205
           3020           3020        532.467        533.333       0.106165
           3021           3021        532.632          533.5       0.106115
           3022           3022        532.797        533.667       0.106057
           3023           3023        532.965        533.833       0.105994
           3024           3024        533.132            534       0.105932
           3025           3025        533.296        534.167       0.105871
           3026           3026         533.46        534.333       0.105807
           3027           3027         533.64          534.5       0.105743
           3028           3028        533.799        534.667       0.105684
           3029           3029        533.968        534.833       0.105626
           3030           3030        534.136            535       0.105562
           3031           3031        534.311        535.167       0.105495
           3032           3032        534.474        535.333       0.105438
           3033           3033        534.643          535.5       0.105382
           3034           3034        534.806        535.667       0.105328
           3035           3035         534.98        535.833       0.105271
           3036           3036        535.145            536       0.105212
           3037           3037        535.312        536.167        0.10515
           3038           3038        535.478        536.333       0.105079
           3039           3039        535.643          536.5       0.105008
           3040           3040        535.811        536.667       0.104941
           3041           3041        535.977        536.833        0.10487
           3042           3042        536.147            537       0.104816
           3043           3043        536.307        537.167        0.10477
           3044           3044        536.484        537.333       0.104727
           3045           3045        536.654          537.5       0.104705
           3046           3046        536.823        537.667       0.104667
           3047           3047        536.995        537.833       0.104628
           3048           3048        537.159            538       0.104587
           3049           3049        537.327        538.167       0.104535
           3050           3050        537.497        538.333       0.104485
           3051           3051        537.667          538.5       0.104433
           3052           3052        537.833        538.667        0.10438
           3053           3053        537.994        538.833        0.10433
           3054           3054        538.159            539       0.104283
           3055           3055        538.328        539.167       0.104235
           3056           3056        538.498        539.333       0.104185
           3057           3057        538.659          539.5        0.10414
           3058           3058         538.83        539.667       0.104093
           3059           3059        539.009        539.833       0.104044
           3060           3060        539.169            540       0.103994
           3061           3061        539.336        540.167       0.103934
           3062           3062        539.499        540.333       0.103875
           3063           3063        539.671          540.5       0.103821
           3064           3064         539.84        540.667       0.103771
           3065           3065         540.01        540.833       0.103726
           3066           3066        540.172            541       0.103689
           3067           3067        540.338        541.167       0.103655
           3068           3068        540.505        541.333       0.103624
           3069           3069        540.674          541.5       0.103595
           3070           3070        540.843        541.667       0.103582
           3071           3071        541.013        541.833       0.103557
           3072           3072        541.176            542       0.103527
           3073           3073        541.342        542.167       0.103492
           3074           3074        541.508        542.333       0.103442
           3075           3075        541.677          542.5       0.103399
           3076           3076        541.852        542.667       0.103363
           3077           3077        542.017        542.833       0.103333
           3078           3078        542.177            543       0.103308
           3079           3079        542.339        543.167       0.103291
           3080           3080        542.509        543.333       0.103278
           3081           3081        542.677          543.5       0.103269
           3082           3082         542.84        543.667       0.103282
           3083           3083        543.004        543.833       0.103284
           3084           3084        543.178            544       0.103286
           3085           3085        543.339        544.167       0.103287
           3086           3086        543.507        544.333       0.103279
           3087           3087        543.671          544.5       0.103273
           3088           3088        543.844        544.667       0.103268
           3089           3089        544.016        544.833       0.103264
           3090           3090        544.183            545       0.103254
           3091           3091         544.35        545.167       0.103242
           3092           3092        544.518        545.333       0.103225
           3093           3093        544.687          545.5       0.103203
           3094           3094         544.85        545.667       0.103176
           3095           3095        545.019        545.833       0.103145
           3096           3096        545.183            546       0.103107
           3097           3097        545.355        546.167       0.103065
           3098           3098        545.524        546.333       0.103004
           3099           3099        545.699          546.5       0.102948
           3100           3100        545.863        546.667        0.10289
           3101           3101        546.023        546.833       0.102828
           3102           3102          546.2            547       0.102765
           3103           3103        546.361        547.167       0.102696
           3104           3104        546.532        547.333       0.102634
           3105           3105        546.693          547.5       0.102575
           3106           3106        546.858        547.667       0.102516
           3107           3107        547.025        547.833       0.102464
           3108           3108        547.195            548       0.102405
           3109           3109        547.363        548.167       0.102342
           3110           3110        547.534        548.333       0.102276
           3111           3111        547.703          548.5       0.102202
           3112           3112        547.868        548.667        0.10213
           3113           3113        548.043        548.833       0.102061
           3114           3114        548.212            549       0.101994
           3115           3115        548.372        549.167       0.101926
           3116           3116         548.54        549.333       0.101862
           3117           3117        548.704          549.5         0.1018
           3118           3118        548.872        549.667       0.101739
           3119           3119         549.04        549.833       0.101691
           3120           3120        549.207            550       0.101638
           3121           3121        549.371        550.167       0.101586
           3122           3122        549.538        550.333       0.101534
           3123           3123        549.708          550.5       0.101483
           3124           3124        549.873        550.667       0.101431
           3125           3125        550.043        550.833       0.101375
           3126           3126        550.211            551       0.101315
           3127           3127        550.373        551.167       0.101248
           3128           3128        550.539        551.333       0.101182
           3129           3129        550.708          551.5       0.101119
           3130           3130        550.878        551.667       0.101059
           3131           3131        551.046        551.833       0.100994
           3132           3132        551.205            552       0.100932
           3133           3133        551.377        552.167       0.100871
           3134           3134        551.543        552.333       0.100811
           3135           3135        551.705          552.5       0.100753
           3136           3136        551.882        552.667       0.100695
           3137           3137         552.05        552.833       0.100635
           3138           3138         552.21            553       0.100577
           3139           3139        552.376        553.167       0.100522
           3140           3140        552.549        553.333       0.100469
           3141           3141        552.714          553.5        0.10042
           3142           3142        552.882        553.667       0.100377
           3143           3143        553.049        553.833       0.100334
           3144           3144         553.22            554       0.100304
           3145           3145        553.381        554.167       0.100268
           3146           3146        553.545        554.333       0.100231
           3147           3147        553.717          554.5       0.100191
           3148           3148        553.886        554.667       0.100148
           3149           3149        554.057        554.833       0.100108
           3150           3150        554.229            555        0.10007
           3151           3151        554.388        555.167       0.100033
           3152           3152        554.555        555.333      0.0999948
           3153           3153        554.723          555.5      0.0999591
           3154           3154        554.883        555.667      0.0999228
           3155           3155         555.05        555.833      0.0998866
           3156           3156        555.224            556        0.09986
           3157           3157        555.397        556.167      0.0998305
           3158           3158        555.562        556.333      0.0997964
           3159           3159        555.726          556.5      0.0997602
           3160           3160        555.896        556.667      0.0997291
           3161           3161        556.071        556.833      0.0996971
           3162           3162        556.239            557       0.099662
           3163           3163        556.405        557.167      0.0996246
           3164           3164        556.569        557.333      0.0995845
           3165           3165         556.74          557.5      0.0995443
           3166           3166        556.897        557.667      0.0995063
           3167           3167        557.078        557.833      0.0994702
           3168           3168        557.251            558      0.0994321
           3169           3169        557.419        558.167      0.0993898
           3170           3170        557.586        558.333      0.0993525
           3171           3171        557.751          558.5       0.099319
           3172           3172        557.918        558.667      0.0992876
           3173           3173        558.092        558.833      0.0992537
           3174           3174        558.252            559      0.0992138
           3175           3175        558.423        559.167      0.0991699
           3176           3176        558.586        559.333      0.0991256
           3177           3177         558.75          559.5       0.099078
           3178           3178        558.915        559.667      0.0990287
           3179           3179        559.078        559.833      0.0989763
           3180           3180         559.25            560      0.0989245
           3181           3181        559.418        560.167      0.0988767
           3182           3182        559.582        560.333      0.0988279
           3183           3183        559.751          560.5      0.0987755
           3184           3184        559.918        560.667      0.0987224
           3185           3185        560.083        560.833      0.0986775
           3186           3186        560.254            561      0.0986347
           3187           3187        560.419        561.167      0.0985952
           3188           3188        560.587        561.333      0.0985568
           3189           3189        560.746          561.5      0.0985269
           3190           3190        560.913        561.667      0.0984967
           3191           3191        561.085        561.833      0.0984655
           3192           3192        561.258            562      0.0984319
           3193           3193        561.416        562.167      0.0984001
           3194           3194         561.59        562.333      0.0983668
           3195           3195        561.759          562.5      0.0983318
           3196           3196        561.922        562.667      0.0982953
           3197           3197        562.094        562.833      0.0982479
           3198           3198        562.261            563      0.0981996
           3199           3199        562.414        563.167      0.0981496
           3200           3200         562.59        563.333      0.0980962
           3201           3201         562.76          563.5      0.0980395
           3202           3202        562.922        563.667      0.0979721
           3203           3203        563.093        563.833      0.0979152
           3204           3204         563.26            564      0.0978665
           3205           3205        563.433        564.167       0.097823
           3206           3206        563.593        564.333      0.0977903
           3207           3207        563.763          564.5      0.0977569
           3208           3208        563.922        564.667      0.0977256
           3209           3209        564.088        564.833      0.0976948
           3210           3210        564.261            565      0.0976705
           3211           3211        564.428        565.167       0.097638
           3212           3212          564.6        565.333       0.097603
           3213           3213        564.766          565.5      0.0975676
           3214           3214        564.933        565.667      0.0975284
           3215           3215        565.101        565.833       0.097495
           3216           3216        565.268            566      0.0974616
           3217           3217        565.438        566.167      0.0974266
           3218           3218        565.607        566.333      0.0973913
           3219           3219        565.767          566.5      0.0973517
           3220           3220        565.937        566.667      0.0973111
           3221           3221        566.103        566.833      0.0972697
           3222           3222        566.273            567      0.0972204
           3223           3223        566.444        567.167      0.0971748
           3224           3224        566.608        567.333      0.0971271
           3225           3225        566.771          567.5      0.0970789
           3226           3226        566.943        567.667      0.0970409
           3227           3227        567.108        567.833      0.0970042
           3228           3228         567.27            568      0.0969672
           3229           3229        567.438        568.167      0.0969293
           3230           3230        567.609        568.333      0.0968983
           3231           3231         567.77          568.5      0.0968672
           3232           3232        567.935        568.667      0.0968401
           3233           3233        568.105        568.833      0.0968159
           3234           3234        568.274            569      0.0967918
           3235           3235        568.443        569.167      0.0967718
           3236           3236        568.609        569.333      0.0967468
           3237           3237        568.778          569.5      0.0967169
           3238           3238        568.945        569.667      0.0966844
           3239           3239        569.114        569.833      0.0966492
           3240           3240        569.273            570      0.0966204
           3241           3241        569.437        570.167      0.0965956
           3242           3242        569.606        570.333       0.096572
           3243           3243        569.778          570.5      0.0965491
           3244           3244        569.951        570.667      0.0965231
           3245           3245        570.115        570.833      0.0964982
           3246           3246        570.286            571      0.0964745
           3247           3247        570.455        571.167      0.0964502
           3248           3248        570.613        571.333      0.0964306
           3249           3249        570.777          571.5      0.0964141
           3250           3250        570.948        571.667      0.0963985
           3251           3251        571.116        571.833      0.0963921
           3252           3252        571.288            572      0.0963811
           3253           3253        571.446        572.167      0.0963676
           3254           3254        571.611        572.333      0.0963519
           3255           3255         571.78          572.5      0.0963339
           3256           3256        571.949        572.667      0.0963168
           3257           3257        572.109        572.833      0.0962992
           3258           3258        572.285            573      0.0962793
           3259           3259        572.452        573.167       0.096246
           3260           3260        572.616        573.333      0.0962122
           3261           3261        572.784          573.5      0.0961772
           3262           3262        572.944        573.667      0.0961431
           3263           3263        573.112        573.833       0.096106
           3264           3264        573.281            574      0.0960767
           3265           3265        573.454        574.167      0.0960483
           3266           3266        573.622        574.333      0.0960183
           3267           3267        573.789          574.5      0.0959873
           3268           3268        573.953        574.667      0.0959602
           3269           3269        574.117        574.833      0.0959251
           3270           3270        574.285            575      0.0958895
           3271           3271        574.457        575.167      0.0958559
           3272           3272        574.629        575.333       0.095814
           3273           3273        574.796          575.5      0.0957759
           3274           3274        574.957        575.667      0.0957387
           3275           3275        575.129        575.833      0.0957038
           3276           3276        575.297            576      0.0956769
           3277           3277        575.471        576.167       0.095641
           3278           3278        575.631        576.333      0.0956005
           3279           3279        575.799          576.5      0.0955609
           3280           3280        575.963        576.667      0.0955268
           3281           3281        576.131        576.833      0.0954987
           3282           3282        576.301            577      0.0954762
           3283           3283        576.469        577.167       0.095457
           3284           3284        576.633        577.333      0.0954515
           3285           3285        576.798          577.5      0.0954419
           3286           3286        576.964        577.667      0.0954343
           3287           3287        577.135        577.833       0.095428
           3288           3288        577.298            578      0.0954212
           3289           3289        577.467        578.167      0.0954092
           3290           3290        577.636        578.333      0.0953947
           3291           3291        577.811          578.5      0.0953768
           3292           3292        577.976        578.667      0.0953414
           3293           3293        578.138        578.833      0.0953119
           3294           3294        578.299            579      0.0952845
           3295           3295        578.472        579.167      0.0952566
           3296           3296         578.64        579.333      0.0952185
           3297           3297        578.806          579.5      0.0951862
           3298           3298        578.985        579.667      0.0951564
           3299           3299        579.147        579.833      0.0951281
           3300           3300        579.311            580      0.0950998
           3301           3301        579.476        580.167      0.0950661
           3302           3302        579.643        580.333      0.0950276
           3303           3303        579.811          580.5      0.0949909
           3304           3304        579.987        580.667       0.094957
           3305           3305        580.149        580.833      0.0949225
           3306           3306        580.323            581       0.094898
           3307           3307        580.485        581.167       0.094878
           3308           3308        580.648        581.333      0.0948601
           3309           3309        580.811          581.5      0.0948608
           3310           3310        580.983        581.667      0.0948488
           3311           3311        581.143        581.833      0.0948302
           3312           3312        581.307            582      0.0948056
           3313           3313         581.48        582.167      0.0947658
           3314           3314        581.646        582.333      0.0947319
           3315           3315        581.807          582.5      0.0947011
           3316           3316        581.977        582.667      0.0946727
           3317           3317        582.145        582.833      0.0946395
           3318           3318        582.318            583      0.0946126
           3319           3319        582.483        583.167      0.0945885
           3320           3320        582.651        583.333       0.094567
           3321           3321        582.818          583.5      0.0945575
           3322           3322        582.985        583.667      0.0945416
           3323           3323         583.15        583.833      0.0945273
           3324           3324        583.315            584      0.0945144
           3325           3325        583.477        584.167      0.0944993
           3326           3326        583.638        584.333      0.0944826
           3327           3327        583.808          584.5      0.0944593
           3328           3328        583.976        584.667      0.0944306
           3329           3329        584.145        584.833       0.094399
           3330           3330        584.309            585      0.0943716
           3331           3331        584.484        585.167      0.0943455
           3332           3332        584.644        585.333      0.0943183
           3333           3333        584.816          585.5      0.0942915
           3334           3334        584.979        585.667      0.0942721
           3335           3335        585.147        585.833      0.0942459
           3336           3336        585.319            586      0.0942116
           3337           3337        585.492        586.167       0.094174
           3338           3338        585.664        586.333      0.0941372
           3339           3339        585.827          586.5       0.094101
           3340           3340        585.997        586.667      0.0940601
           3341           3341        586.162        586.833      0.0940155
           3342           3342        586.334            587      0.0939711
           3343           3343        586.488        587.167      0.0939279
           3344           3344        586.653        587.333      0.0938799
           3345           3345        586.815          587.5      0.0938281
           3346           3346        586.986        587.667      0.0937786
           3347           3347        587.154        587.833      0.0937348
           3348           3348        587.318            588       0.093696
           3349           3349        587.487        588.167      0.0936587
           3350           3350        587.653        588.333      0.0936267
           3351           3351        587.822          588.5      0.0935925
           3352           3352         587.99        588.667      0.0935574
           3353           3353         588.16        588.833      0.0935228
           3354           3354        588.325            589      0.0934921
           3355           3355        588.503        589.167      0.0934588
           3356           3356        588.667        589.333      0.0934258
           3357           3357        588.834          589.5      0.0933958
           3358           3358        589.003        589.667      0.0933746
           3359           3359        589.158        589.833      0.0933583
           3360           3360        589.325            590      0.0933509
           3361           3361        589.498        590.167       0.093348
           3362           3362        589.674        590.333      0.0933535
           3363           3363        589.837          590.5      0.0933435
           3364           3364        590.005        590.667      0.0933283
           3365           3365         590.17        590.833      0.0933115
           3366           3366         590.34            591      0.0932936
           3367           3367        590.506        591.167       0.093255
           3368           3368        590.681        591.333      0.0932261
           3369           3369        590.837          591.5      0.0931964
           3370           3370        591.004        591.667      0.0931631
           3371           3371        591.156        591.833      0.0931262
           3372           3372        591.332            592      0.0930889
           3373           3373        591.501        592.167      0.0930515
           3374           3374        591.671        592.333      0.0930157
           3375           3375        591.836          592.5      0.0929786
           3376           3376        591.995        592.667      0.0929451
           3377           3377        592.164        592.833      0.0929123
           3378           3378        592.327            593      0.0928802
           3379           3379        592.495        593.167      0.0928681
           3380           3380        592.658        593.333      0.0928536
           3381           3381        592.828          593.5      0.0928356
           3382           3382        592.999        593.667      0.0928163
           3383           3383        593.167        593.833       0.092812
           3384           3384        593.334            594      0.0928068
           3385           3385        593.497        594.167      0.0928044
           3386           3386        593.663        594.333      0.0928012
           3387           3387        593.829          594.5      0.0927959
           3388           3388        594.001        594.667      0.0927875
           3389           3389        594.169        594.833      0.0927743
           3390           3390        594.338            595       0.092757
           3391           3391        594.509        595.167      0.0927256
           3392           3392        594.674        595.333      0.0926956
           3393           3393        594.841          595.5      0.0926627
           3394           3394        595.019        595.667      0.0926259
           3395           3395        595.185        595.833      0.0925696
           3396           3396        595.351            596      0.0925176
           3397           3397        595.516        596.167      0.0924666
           3398           3398        595.681        596.333      0.0924181
           3399           3399        595.857          596.5      0.0923715
           3400           3400        596.015        596.667      0.0923251
           3401           3401        596.185        596.833      0.0922803
           3402           3402        596.351            597      0.0922384
           3403           3403        596.524        597.167      0.0922013
           3404           3404        596.685        597.333      0.0921715
           3405           3405        596.855          597.5      0.0921493
           3406           3406        597.017        597.667      0.0921331
           3407           3407        597.188        597.833      0.0921198
           3408           3408        597.349            598      0.0921075
           3409           3409        597.509        598.167      0.0920944
           3410           3410        597.684        598.333      0.0920762
           3411           3411        597.846          598.5      0.0920494
           3412           3412         598.01        598.667      0.0920148
           3413           3413        598.178        598.833      0.0919714
           3414           3414        598.353            599      0.0919163
           3415           3415        598.509        599.167      0.0918514
           3416           3416        598.679        599.333      0.0917813
           3417           3417        598.847          599.5      0.0917114
           3418           3418        599.017        599.667      0.0916462
           3419           3419        599.185        599.833      0.0915894
           3420           3420        599.353            600      0.0915399


Results:
Texts:

  $D60-TN200-V80-TB60
  Sample Weight
  D60-TN200-V80-TB60, 1.9800 mg

Sample:
  D60-TN200-V80-TB60, 1.9800 mg
Evaluation:
  


Curve Name:
  $D60-TN200-V80-TB60
  Heatflow
Curve Values:
          Index              t             Ts             Tr          Value
                           [s]           [°C]           [°C]           [mW]
              0              0        36.9753             30        40.3085
              1              1        36.9763        30.1667        40.0788
              2              2        37.0045        30.3333        39.9443
              3              3        37.0289           30.5        39.8303
              4              4        37.0936        30.6667        39.6052
              5              5        37.1674        30.8333        39.5005
              6              6        37.2724             31        39.4269
              7              7        37.3969        31.1667        39.3597
              8              8        37.5097        31.3333        39.3616
              9              9        37.6264           31.5        39.3192
             10             10        37.7652        31.6667        39.2705
             11             11        37.9053        31.8333        39.2241
             12             12        38.0545             32        39.2567
             13             13        38.2076        32.1667        39.2504
             14             14         38.358        32.3333        39.2438
             15             15        38.5098           32.5        39.2394
             16             16        38.6733        32.6667        39.2767
             17             17        38.8276        32.8333        39.2928
             18             18        38.9962             33        39.3053
             19             19        39.1532        33.1667        39.3174
             20             20        39.3231        33.3333        39.3545
             21             21        39.4995           33.5        39.3786
             22             22        39.6707        33.6667        39.3987
             23             23        39.8484        33.8333        39.4184
             24             24        40.0027             34        39.4477
             25             25        40.1842        34.1667        39.4701
             26             26        40.3567        34.3333        39.4903
             27             27        40.5331           34.5          39.51
             28             28        40.7055        34.6667        39.5293
             29             29        40.8806        34.8333        39.5497
             30             30        41.0491             35        39.5679
             31             31         41.228        35.1667        39.5857
             32             32        41.3939        35.3333        39.5957
             33             33        41.5702           35.5        39.6099
             34             34        41.7439        35.6667        39.6244
             35             35        41.9176        35.8333        39.6393
             36             36        42.0912             36        39.6506
             37             37         42.274        36.1667        39.6628
             38             38        42.4411        36.3333        39.6747
             39             39        42.6122           36.5        39.6864
             40             40        42.7845        36.6667         39.695
             41             41        42.9568        36.8333        39.7054
             42             42        43.1279             37        39.7168
             43             43        43.3015        37.1667        39.7277
             44             44        43.4764        37.3333         39.736
             45             45        43.6409           37.5        39.7446
             46             46        43.8106        37.6667        39.7525
             47             47        43.9815        37.8333        39.7588
             48             48        44.1486             38        39.7613
             49             49        44.3261        38.1667        39.7649
             50             50        44.4918        38.3333        39.7681
             51             51        44.6602           38.5        39.7717
             52             52        44.8207        38.6667        39.7693
             53             53        44.9851        38.8333          39.77
             54             54          45.16             39        39.7708
             55             55        45.3296        39.1667        39.7713
             56             56        45.4784        39.3333        39.7654
             57             57        45.6519           39.5        39.7617
             58             58        45.8124        39.6667        39.7563
             59             59         45.982        39.8333        39.7522
             60             60        46.1425             40        39.7471
             61             61         46.316        40.1667        39.7418
             62             62        46.4647        40.3333        39.7359
             63             63        46.6369           40.5        39.7291
             64             64        46.7974        40.6667        39.7171
             65             65        46.9643        40.8333        39.7082
             66             66         47.113             41        39.6997
             67             67        47.2774        41.1667        39.6924
             68             68        47.4417        41.3333        39.6824
             69             69        47.6087           41.5        39.6744
             70             70        47.7626        41.6667        39.6673
             71             71        47.9269        41.8333        39.6607
             72             72        48.0821             42        39.6538
             73             73        48.2542        42.1667        39.6476
             74             74         48.412        42.3333        39.6427
             75             75        48.5764           42.5        39.6376
             76             76        48.7367        42.6667        39.6365
             77             77        48.8945        42.8333        39.6318
             78             78        49.0614             43        39.6284
             79             79        49.2205        43.1667        39.6265
             80             80        49.3887        43.3333         39.627
             81             81        49.5425           43.5        39.6268
             82             82        49.7133        43.6667        39.6281
             83             83        49.8698        43.8333        39.6301
             84             84        50.0406             44        39.6308
             85             85        50.1905        44.1667        39.6314
             86             86         50.356        44.3333        39.6326
             87             87        50.5216           44.5        39.6343
             88             88        50.6911        44.6667        39.6395
             89             89        50.8475        44.8333          39.64
             90             90        51.0169             45        39.6392
             91             91        51.1799        45.1667        39.6375
             92             92        51.3311        45.3333        39.6367
             93             93        51.5005           45.5        39.6369
             94             94        51.6556        45.6667        39.6364
             95             95        51.8159        45.8333        39.6338
             96             96        51.9827             46        39.6283
             97             97        52.1404        46.1667        39.6213
             98             98        52.2981        46.3333        39.6184
             99             99        52.4584           46.5        39.6176
            100            100        52.6252        46.6667        39.6185
            101            101        52.7894        46.8333        39.6203
            102            102        52.9471             47        39.6196
            103            103        53.1048        47.1667        39.6188
            104            104        53.2573        47.3333        39.6185
            105            105        53.4123           47.5        39.6157
            106            106        53.5909        47.6667        39.6129
            107            107        53.7446        47.8333        39.6084
            108            108        53.9166             48        39.6033
            109            109         54.086        48.1667        39.6095
            110            110        54.2345        48.3333        39.6112
            111            111        54.3948           48.5        39.6116
            112            112        54.5589        48.6667        39.6123
            113            113        54.7179        48.8333        39.6107
            114            114        54.8742             49        39.6129
            115            115         55.028        49.1667        39.6151
            116            116        55.1778        49.3333        39.6161
            117            117        55.3602           49.5        39.6202
            118            118        55.5217        49.6667        39.6226
            119            119        55.6794        49.8333        39.6239
            120            120        55.8448             50        39.6248
            121            121        56.0063        50.1667        39.6292
            122            122        56.1679        50.3333        39.6325
            123            123        56.3333           50.5        39.6364
            124            124        56.4779        50.6667        39.6403
            125            125        56.6368        50.8333        39.6357
            126            126        56.8022             51        39.6357
            127            127        56.9612        51.1667        39.6372
            128            128        57.1175        51.3333        39.6395
            129            129        57.2699           51.5        39.6412
            130            130        57.4379        51.6667        39.6464
            131            131        57.5968        51.8333        39.6486
            132            132        57.7609             52        39.6497
            133            133        57.9094        52.1667        39.6498
            134            134        58.0657        52.3333        39.6466
            135            135        58.2246           52.5        39.6485
            136            136        58.3913        52.6667        39.6531
            137            137        58.5502        52.8333        39.6586
            138            138        58.6987             53        39.6654
            139            139        58.8667        53.1667        39.6696
            140            140        59.0138        53.3333         39.672
            141            141        59.1753           53.5        39.6753
            142            142        59.3225        53.6667         39.682
            143            143         59.484        53.8333         39.685
            144            144        59.6494             54        39.6859
            145            145        59.8082        54.1667        39.6874
            146            146        59.9684        54.3333        39.6926
            147            147        60.1234           54.5        39.6937
            148            148        60.2692        54.6667        39.6931
            149            149        60.4255        54.8333        39.6924
            150            150        60.5948             55        39.6847
            151            151        60.7497        55.1667        39.6799
            152            152        60.8891        55.3333        39.6756
            153            153        61.0479           55.5        39.6709
            154            154        61.2107        55.6667        39.6607
            155            155         61.367        55.8333        39.6561
            156            156        61.5167             56         39.653
            157            157        61.6717        56.1667          39.65
            158            158        61.8292        56.3333        39.6447
            159            159        61.9738           56.5        39.6439
            160            160        62.1326        56.6667        39.6445
            161            161        62.2941        56.8333         39.645
            162            162        62.4425             57        39.6462
            163            163        62.5935        57.1667        39.6532
            164            164        62.7654        57.3333        39.6569
            165            165         62.919           57.5        39.6609
            166            166        63.0662        57.6667        39.6651
            167            167        63.2198        57.8333        39.6787
            168            168        63.3865             58        39.6867
            169            169        63.5349        58.1667         39.693
            170            170        63.6898        58.3333         39.699
            171            171          63.85           58.5        39.7065
            172            172        63.9984        58.6667        39.7129
            173            173        64.1533        58.8333        39.7198
            174            174        64.3109             59        39.7269
            175            175        64.4658        59.1667         39.735
            176            176        64.6207        59.3333        39.7415
            177            177        64.7717           59.5        39.7469
            178            178        64.9202        59.6667        39.7528
            179            179         65.079        59.8333        39.7542
            180            180        65.2261             60         39.759
            181            181        65.3875        60.1667        39.7636
            182            182        65.5333        60.3333        39.7663
            183            183         65.687           60.5        39.7656
            184            184        65.8445        60.6667        39.7652
            185            185        65.9929        60.8333        39.7651
            186            186         66.153             61        39.7641
            187            187        66.3014        61.1667        39.7615
            188            188        66.4537        61.3333        39.7609
            189            189          66.61           61.5        39.7608
            190            190        66.7532        61.6667        39.7627
            191            191        66.8989        61.8333         39.759
            192            192        67.0487             62         39.759
            193            193         67.201        62.1667        39.7603
            194            194        67.3624        62.3333         39.762
            195            195        67.5056           62.5        39.7631
            196            196        67.6722        62.6667        39.7717
            197            197        67.8089        62.8333        39.7753
            198            198        67.9716             63        39.7776
            199            199        68.1278        63.1667        39.7808
            200            200        68.2788        63.3333        39.7833
            201            201        68.4246           63.5        39.7842
            202            202        68.5873        63.6667        39.7867
            203            203        68.7331        63.8333         39.789
            204            204        68.8828             64        39.7887
            205            205        69.0377        64.1667        39.7894
            206            206        69.1861        64.3333        39.7906
            207            207        69.3383           64.5        39.7922
            208            208        69.5024        64.6667        39.7948
            209            209        69.6325        64.8333        39.7974
            210            210        69.7848             65        39.7987
            211            211        69.9501        65.1667        39.7991
            212            212        70.0946        65.3333        39.8009
            213            213        70.2417           65.5        39.8052
            214            214        70.3992        65.6667        39.8097
            215            215        70.5528        65.8333        39.8144
            216            216        70.7012             66        39.8187
            217            217        70.8573        66.1667        39.8205
            218            218        71.0057        66.3333        39.8239
            219            219        71.1502           66.5        39.8288
            220            220        71.3038        66.6667        39.8327
            221            221        71.4639        66.8333        39.8342
            222            222        71.6201             67        39.8348
            223            223        71.7658        67.1667        39.8353
            224            224        71.9194        67.3333        39.8344
            225            225        72.0574           67.5        39.8353
            226            226         72.211        67.6667        39.8394
            227            227        72.3711        67.8333        39.8439
            228            228        72.5208             68        39.8468
            229            229        72.6717        68.1667        39.8466
            230            230        72.8097        68.3333        39.8493
            231            231        72.9685           68.5        39.8519
            232            232        73.1181        68.6667        39.8541
            233            233        73.2652        68.8333         39.862
            234            234        73.4201             69        39.8655
            235            235        73.5841        69.1667        39.8681
            236            236        73.7338        69.3333        39.8716
            237            237        73.8756           69.5         39.877
            238            238         74.037        69.6667        39.8803
            239            239        74.1802        69.8333        39.8835
            240            240        74.3311             70        39.8861
            241            241        74.4821        70.1667        39.8866
            242            242        74.6383        70.3333        39.8887
            243            243        74.7737           70.5        39.8918
            244            244        74.9311        70.6667        39.8957
            245            245        75.0873        70.8333         39.897
            246            246         75.237             71        39.8965
            247            247        75.3866        71.1667        39.8966
            248            248        75.5311        71.3333        39.9012
            249            249        75.6886           71.5        39.9018
            250            250        75.8369        71.6667        39.9033
            251            251        75.9879        71.8333        39.9062
            252            252         76.148             72          39.91
            253            253        76.2859        72.1667        39.9162
            254            254        76.4382        72.3333        39.9203
            255            255        76.5788           72.5        39.9255
            256            256        76.7389        72.6667        39.9324
            257            257        76.9055        72.8333        39.9447
            258            258        77.0421             73        39.9524
            259            259        77.1917        73.1667        39.9586
            260            260        77.3466        73.3333        39.9633
            261            261        77.5015           73.5        39.9661
            262            262        77.6434        73.6667        39.9677
            263            263         77.793        73.8333        39.9706
            264            264        77.9583             74        39.9728
            265            265        78.0976        74.1667        39.9755
            266            266        78.2538        74.3333        39.9772
            267            267        78.4034           74.5        39.9795
            268            268        78.5492        74.6667        39.9818
            269            269        78.7001        74.8333        39.9846
            270            270        78.8407             75        39.9865
            271            271        78.9969        75.1667        39.9899
            272            272        79.1452        75.3333        39.9917
            273            273        79.2949           75.5        39.9939
            274            274        79.4537        75.6667        40.0053
            275            275         79.602        75.8333        40.0109
            276            276        79.7504             76        40.0138
            277            277        79.8935        76.1667        40.0187
            278            278        80.0666        76.3333        40.0269
            279            279         80.215           76.5        40.0337
            280            280        80.3543        76.6667        40.0395
            281            281        80.4974        76.8333        40.0448
            282            282        80.6575             77        40.0533
            283            283        80.8123        77.1667        40.0621
            284            284        80.9464        77.3333        40.0697
            285            285        81.1078           77.5        40.0777
            286            286        81.2626        77.6667        40.0911
            287            287        81.4136        77.8333        40.1002
            288            288        81.5606             78        40.1064
            289            289        81.7116        78.1667        40.1117
            290            290        81.8613        78.3333        40.1171
            291            291        82.0266           78.5        40.1219
            292            292         82.171        78.6667        40.1262
            293            293        82.3194        78.8333        40.1324
            294            294        82.4755             79        40.1414
            295            295        82.6252        79.1667        40.1437
            296            296        82.7722        79.3333        40.1504
            297            297        82.9167           79.5        40.1577
            298            298         83.065        79.6667        40.1636
            299            299        83.2225        79.8333        40.1688
            300            300        83.3748             80        40.1738
            301            301        83.5205        80.1667        40.1779
            302            302        83.6806        80.3333        40.1815
            303            303        83.8341           80.5        40.1918
            304            304        83.9747        80.6667        40.1993
            305            305          84.14        80.8333        40.2049
            306            306        84.2831             81        40.2106
            307            307        84.4406        81.1667        40.2129
            308            308         84.585        81.3333         40.216
            309            309        84.7334           81.5        40.2189
            310            310        84.8895        81.6667        40.2213
            311            311        85.0379        81.8333        40.2223
            312            312         85.198             82        40.2214
            313            313        85.3437        82.1667        40.2204
            314            314        85.4908        82.3333        40.2189
            315            315        85.6574           82.5        40.2209
            316            316        85.8031        82.6667        40.2233
            317            317        85.9424        82.8333        40.2256
            318            318        86.0933             83        40.2285
            319            319         86.243        83.1667        40.2249
            320            320        86.3887        83.3333        40.2256
            321            321        86.5409           83.5        40.2277
            322            322        86.6919        83.6667        40.2296
            323            323        86.8494        83.8333        40.2375
            324            324        87.0094             84        40.2413
            325            325        87.1513        84.1667        40.2439
            326            326        87.3061        84.3333         40.246
            327            327        87.4571           84.5        40.2503
            328            328        87.6068        84.6667         40.256
            329            329        87.7616        84.8333        40.2623
            330            330        87.9061             85        40.2697
            331            331        88.0583        85.1667         40.276
            332            332        88.2105        85.3333        40.2803
            333            333         88.368           85.5        40.2816
            334            334        88.5163        85.6667        40.2807
            335            335        88.6686        85.8333          40.28
            336            336        88.8365             86         40.287
            337            337        88.9783        86.1667        40.2901
            338            338         89.141        86.3333        40.2928
            339            339        89.2828           86.5        40.2959
            340            340        89.4377        86.6667        40.2888
            341            341        89.5795        86.8333        40.2889
            342            342        89.7292             87        40.2907
            343            343        89.8762        87.1667        40.2933
            344            344        90.0376        87.3333        40.2976
            345            345        90.1911           87.5        40.3013
            346            346        90.3395        87.6667        40.3041
            347            347        90.4917        87.8333        40.3062
            348            348        90.6453             88        40.3113
            349            349        90.7949        88.1667        40.3133
            350            350        90.9524        88.3333        40.3171
            351            351        91.1034           88.5        40.3238
            352            352        91.2582        88.6667          40.33
            353            353        91.4079        88.8333        40.3357
            354            354        91.5653             89        40.3422
            355            355        91.7124        89.1667        40.3477
            356            356        91.8529        89.3333        40.3537
            357            357        92.0013           89.5        40.3597
            358            358        92.1587        89.6667        40.3642
            359            359        92.3188        89.8333        40.3703
            360            360        92.4815             90        40.3792
            361            361        92.6194        90.1667        40.3906
            362            362        92.7743        90.3333        40.3998
            363            363        92.9304           90.5        40.4086
            364            364        93.0788        90.6667        40.4168
            365            365        93.2375        90.8333        40.4232
            366            366        93.3833             91        40.4283
            367            367        93.5329        91.1667        40.4349
            368            368        93.6956        91.3333        40.4423
            369            369        93.8505           91.5        40.4554
            370            370        94.0027        91.6667        40.4623
            371            371         94.155        91.8333        40.4676
            372            372        94.3111             92        40.4738
            373            373        94.4634        92.1667        40.4772
            374            374        94.6039        92.3333        40.4841
            375            375        94.7536           92.5        40.4913
            376            376        94.9123        92.6667         40.497
            377            377         95.075        92.8333        40.5017
            378            378        95.2234             93        40.5059
            379            379        95.3639        93.1667        40.5085
            380            380        95.5226        93.3333        40.5082
            381            381        95.6801           93.5        40.5119
            382            382        95.8298        93.6667        40.5175
            383            383        95.9898        93.8333        40.5233
            384            384        96.1421             94        40.5294
            385            385        96.2852        94.1667        40.5267
            386            386        96.4335        94.3333        40.5285
            387            387        96.5936           94.5        40.5306
            388            388        96.7458        94.6667        40.5323
            389            389        96.8903        94.8333        40.5364
            390            390        97.0621             95        40.5388
            391            391        97.2169        95.1667        40.5416
            392            392        97.3653        95.3333        40.5452
            393            393        97.5149           95.5        40.5493
            394            394        97.6633        95.6667        40.5526
            395            395        97.8181        95.8333         40.555
            396            396        97.9704             96        40.5564
            397            397        98.1174        96.1667         40.557
            398            398        98.2801        96.3333        40.5597
            399            399        98.4206           96.5         40.562
            400            400        98.5807        96.6667        40.5632
            401            401        98.7382        96.8333        40.5636
            402            402        98.8943             97        40.5647
            403            403        99.0401        97.1667        40.5657
            404            404        99.1871        97.3333         40.569
            405            405        99.3381           97.5        40.5743
            406            406         99.489        97.6667        40.5748
            407            407        99.6504        97.8333        40.5764
            408            408        99.8026             98        40.5788
            409            409        99.9549        98.1667        40.5819
            410            410        100.102        98.3333        40.5844
            411            411        100.254           98.5         40.585
            412            412        100.412        98.6667        40.5864
            413            413        100.576        98.8333        40.5873
            414            414        100.729             99        40.5943
            415            415        100.874        99.1667        40.5986
            416            416        101.029        99.3333        40.6014
            417            417        101.182           99.5        40.6052
            418            418        101.337        99.6667         40.608
            419            419         101.47        99.8333        40.6147
            420            420        101.636            100        40.6209
            421            421         101.79        100.167        40.6255
            422            422        101.942        100.333        40.6351
            423            423         102.11          100.5        40.6405
            424            424         102.25        100.667        40.6454
            425            425        102.409        100.833        40.6505
            426            426        102.572            101        40.6549
            427            427        102.727        101.167        40.6616
            428            428        102.882        101.333        40.6662
            429            429        103.025          101.5         40.671
            430            430        103.178        101.667        40.6762
            431            431        103.329        101.833        40.6748
            432            432        103.483            102        40.6801
            433            433        103.642        102.167        40.6873
            434            434        103.798        102.333        40.6942
            435            435        103.941          102.5        40.6985
            436            436          104.1        102.667        40.7026
            437            437        104.247        102.833        40.7071
            438            438        104.409            103        40.7119
            439            439        104.559        103.167         40.721
            440            440        104.719        103.333        40.7264
            441            441        104.875          103.5        40.7311
            442            442        105.029        103.667        40.7349
            443            443        105.177        103.833        40.7347
            444            444        105.329            104        40.7367
            445            445        105.482        104.167        40.7401
            446            446        105.639        104.333        40.7432
            447            447        105.793          104.5        40.7461
            448            448        105.946        104.667        40.7489
            449            449        106.098        104.833        40.7533
            450            450        106.255            105        40.7581
            451            451        106.411        105.167        40.7609
            452            452        106.559        105.333        40.7628
            453            453        106.715          105.5        40.7633
            454            454         106.87        105.667        40.7628
            455            455        107.028        105.833        40.7662
            456            456        107.173            106        40.7691
            457            457        107.341        106.167        40.7723
            458            458        107.492        106.333        40.7756
            459            459        107.646          106.5        40.7781
            460            460        107.801        106.667        40.7785
            461            461        107.946        106.833        40.7797
            462            462        108.099            107        40.7816
            463            463        108.253        107.167         40.784
            464            464        108.416        107.333        40.7911
            465            465        108.571          107.5        40.7967
            466            466        108.727        107.667        40.8031
            467            467        108.879        107.833         40.809
            468            468        109.034            108        40.8158
            469            469        109.188        108.167        40.8228
            470            470        109.339        108.333        40.8303
            471            471        109.499          108.5        40.8384
            472            472        109.654        108.667         40.852
            473            473         109.81        108.833         40.862
            474            474        109.965            109        40.8703
            475            475         110.12        109.167        40.8784
            476            476        110.273        109.333        40.8878
            477            477        110.432          109.5        40.8959
            478            478        110.587        109.667        40.9019
            479            479        110.743        109.833        40.9065
            480            480        110.893            110         40.914
            481            481        111.055        110.167        40.9201
            482            482         111.21        110.333        40.9241
            483            483        111.357          110.5        40.9265
            484            484        111.515        110.667        40.9248
            485            485        111.671        110.833        40.9274
            486            486         111.83            111         40.931
            487            487        111.977        111.167        40.9349
            488            488        112.131        111.333        40.9356
            489            489        112.299          111.5        40.9389
            490            490        112.444        111.667         40.943
            491            491        112.599        111.833        40.9462
            492            492        112.755            112        40.9474
            493            493        112.908        112.167        40.9472
            494            494        113.067        112.333        40.9462
            495            495        113.225          112.5        40.9457
            496            496        113.378        112.667        40.9465
            497            497        113.537        112.833        40.9457
            498            498        113.692            113        40.9455
            499            499        113.856        113.167        40.9468
            500            500        113.999        113.333        40.9504
            501            501        114.151          113.5        40.9487
            502            502        114.302        113.667        40.9521
            503            503        114.458        113.833        40.9562
            504            504        114.624            114        40.9607
            505            505        114.772        114.167        40.9736
            506            506        114.932        114.333        40.9811
            507            507        115.082          114.5         40.988
            508            508        115.242        114.667         40.996
            509            509        115.411        114.833        41.0103
            510            510        115.558            115        41.0207
            511            511        115.718        115.167        41.0308
            512            512        115.868        115.333        41.0419
            513            513        116.029          115.5         41.051
            514            514        116.183        115.667        41.0597
            515            515        116.339        115.833        41.0657
            516            516        116.499            116         41.069
            517            517        116.658        116.167        41.0794
            518            518        116.815        116.333        41.0862
            519            519        116.967          116.5        41.0921
            520            520        117.125        116.667        41.0997
            521            521        117.293        116.833         41.105
            522            522        117.444            117         41.111
            523            523        117.589        117.167        41.1172
            524            524        117.746        117.333        41.1235
            525            525        117.893          117.5        41.1299
            526            526        118.066        117.667        41.1334
            527            527        118.204        117.833        41.1366
            528            528        118.378            118        41.1382
            529            529        118.535        118.167        41.1405
            530            530        118.689        118.333        41.1423
            531            531        118.841          118.5        41.1413
            532            532        118.999        118.667        41.1412
            533            533        119.152        118.833        41.1443
            534            534        119.303            119        41.1435
            535            535        119.467        119.167        41.1457
            536            536        119.614        119.333         41.147
            537            537        119.764          119.5         41.147
            538            538        119.928        119.667        41.1481
            539            539        120.084        119.833        41.1494
            540            540        120.221            120        41.1506
            541            541        120.394        120.167        41.1516
            542            542        120.566        120.333        41.1635
            543            543        120.711          120.5          41.17
            544            544        120.871        120.667        41.1752
            545            545        121.017        120.833        41.1823
            546            546        121.175            121         41.182
            547            547        121.332        121.167        41.1844
            548            548        121.495        121.333        41.1885
            549            549        121.644          121.5        41.1949
            550            550        121.814        121.667        41.2022
            551            551        121.974        121.833        41.2059
            552            552        122.126            122        41.2082
            553            553        122.283        122.167        41.2101
            554            554         122.44        122.333        41.2107
            555            555        122.594          122.5        41.2136
            556            556        122.745        122.667        41.2179
            557            557        122.915        122.833        41.2222
            558            558        123.063            123        41.2264
            559            559         123.22        123.167        41.2275
            560            560        123.377        123.333        41.2312
            561            561        123.533          123.5        41.2307
            562            562        123.691        123.667        41.2292
            563            563        123.849        123.833        41.2376
            564            564        124.008            124        41.2453
            565            565        124.173        124.167        41.2504
            566            566        124.313        124.333        41.2548
            567            567        124.483          124.5        41.2631
            568            568        124.641        124.667        41.2701
            569            569        124.792        124.833        41.2744
            570            570        124.934            125        41.2779
            571            571          125.1        125.167         41.282
            572            572        125.274        125.333        41.2883
            573            573        125.425          125.5        41.2935
            574            574        125.577        125.667        41.2984
            575            575        125.739        125.833        41.3061
            576            576        125.899            126         41.315
            577            577        126.056        126.167        41.3243
            578            578        126.204        126.333        41.3323
            579            579        126.363          126.5        41.3359
            580            580        126.521        126.667        41.3405
            581            581        126.686        126.833        41.3467
            582            582        126.832            127         41.354
            583            583        126.993        127.167        41.3648
            584            584        127.154        127.333        41.3728
            585            585        127.324          127.5        41.3766
            586            586         127.48        127.667         41.378
            587            587        127.635        127.833        41.3818
            588            588         127.78            128        41.3853
            589            589        127.942        128.167         41.388
            590            590        128.106        128.333        41.3901
            591            591        128.268          128.5        41.3939
            592            592        128.425        128.667        41.4001
            593            593        128.578        128.833        41.4082
            594            594        128.716            129        41.4134
            595            595        128.891        129.167        41.4169
            596            596        129.044        129.333        41.4229
            597            597        129.211          129.5        41.4269
            598            598        129.353        129.667        41.4323
            599            599        129.528        129.833        41.4378
            600            600        129.683            130        41.4478
            601            601        129.852        130.167        41.4531
            602            602        130.002        130.333        41.4568
            603            603         130.15          130.5        41.4619
            604            604        130.314        130.667        41.4586
            605            605        130.465        130.833        41.4558
            606            606        130.627            131        41.4543
            607            607        130.785        131.167        41.4561
            608            608        130.943        131.333        41.4535
            609            609        131.106          131.5        41.4496
            610            610        131.257        131.667        41.4497
            611            611        131.415        131.833        41.4503
            612            612        131.591            132        41.4442
            613            613        131.722        132.167        41.4403
            614            614        131.877        132.333        41.4367
            615            615         132.04          132.5        41.4351
            616            616        132.206        132.667        41.4407
            617            617        132.343        132.833        41.4447
            618            618         132.51            133        41.4449
            619            619        132.679        133.167        41.4441
            620            620         132.83        133.333        41.4447
            621            621        132.986          133.5        41.4437
            622            622        133.134        133.667        41.4431
            623            623        133.301        133.833        41.4437
            624            624        133.471            134        41.4466
            625            625        133.632        134.167        41.4548
            626            626        133.781        134.333        41.4613
            627            627        133.935          134.5        41.4675
            628            628        134.084        134.667        41.4724
            629            629        134.246        134.833        41.4782
            630            630        134.411            135        41.4832
            631            631        134.554        135.167        41.4863
            632            632        134.729        135.333        41.4888
            633            633        134.886          135.5        41.5086
            634            634        135.051        135.667        41.5186
            635            635        135.213        135.833        41.5238
            636            636        135.358            136        41.5264
            637            637        135.528        136.167        41.5285
            638            638        135.694        136.333        41.5323
            639            639        135.835          136.5        41.5383
            640            640        135.984        136.667        41.5422
            641            641        136.156        136.833        41.5449
            642            642        136.328            137         41.552
            643            643        136.471        137.167        41.5607
            644            644        136.621        137.333        41.5713
            645            645        136.794          137.5        41.5822
            646            646        136.941        137.667        41.5934
            647            647        137.121        137.833        41.6048
            648            648        137.264            138        41.6149
            649            649        137.424        138.167        41.6315
            650            650        137.589        138.333        41.6435
            651            651        137.747          138.5        41.6544
            652            652        137.907        138.667        41.6657
            653            653        138.076        138.833        41.6838
            654            654        138.228            139        41.6991
            655            655        138.388        139.167        41.7097
            656            656        138.548        139.333         41.718
            657            657        138.699          139.5        41.7273
            658            658        138.855        139.667         41.729
            659            659        139.019        139.833         41.733
            660            660        139.182            140        41.7389
            661            661        139.341        140.167        41.7468
            662            662        139.506        140.333        41.7512
            663            663        139.666          140.5        41.7545
            664            664        139.805        140.667        41.7574
            665            665        139.969        140.833        41.7617
            666            666        140.141            141        41.7593
            667            667        140.294        141.167        41.7596
            668            668        140.443        141.333        41.7595
            669            669        140.615          141.5        41.7621
            670            670        140.767        141.667        41.7678
            671            671        140.923        141.833        41.7727
            672            672         141.08            142        41.7786
            673            673        141.247        142.167        41.7854
            674            674        141.414        142.333        41.7907
            675            675        141.564          142.5        41.7943
            676            676        141.715        142.667         41.797
            677            677        141.875        142.833        41.7991
            678            678        142.048            143         41.804
            679            679        142.204        143.167        41.8047
            680            680        142.365        143.333        41.8064
            681            681        142.528          143.5        41.8089
            682            682        142.679        143.667        41.8112
            683            683        142.838        143.833        41.8164
            684            684        142.998            144        41.8204
            685            685        143.148        144.167        41.8236
            686            686        143.312        144.333        41.8224
            687            687        143.459          144.5        41.8255
            688            688        143.624        144.667        41.8318
            689            689        143.785        144.833        41.8392
            690            690        143.952            145        41.8465
            691            691         144.12        145.167        41.8669
            692            692        144.272        145.333        41.8801
            693            693        144.432          145.5         41.889
            694            694        144.588        145.667        41.8952
            695            695         144.75        145.833        41.9021
            696            696        144.915            146        41.9109
            697            697         145.08        146.167        41.9196
            698            698        145.238        146.333        41.9287
            699            699        145.394          146.5        41.9358
            700            700        145.567        146.667        41.9443
            701            701        145.719        146.833        41.9533
            702            702        145.873            147        41.9629
            703            703        146.033        147.167        41.9657
            704            704        146.193        147.333         41.972
            705            705        146.354          147.5        41.9792
            706            706        146.521        147.667        41.9858
            707            707        146.672        147.833        41.9902
            708            708        146.821            148        41.9939
            709            709        147.004        148.167        41.9982
            710            710        147.161        148.333         42.003
            711            711         147.32          148.5        42.0115
            712            712        147.481        148.667        42.0155
            713            713        147.634        148.833        42.0155
            714            714        147.799            149        42.0151
            715            715        147.947        149.167        42.0084
            716            716        148.105        149.333        42.0075
            717            717        148.267          149.5        42.0078
            718            718         148.43        149.667        42.0089
            719            719        148.594        149.833        42.0127
            720            720        148.761            150        42.0151
            721            721        148.906        150.167        42.0181
            722            722        149.064        150.333         42.021
            723            723        149.229          150.5        42.0224
            724            724        149.389        150.667        42.0245
            725            725        149.549        150.833        42.0282
            726            726        149.702            151        42.0328
            727            727         149.87        151.167        42.0371
            728            728        150.028        151.333        42.0512
            729            729        150.187          151.5        42.0594
            730            730        150.352        151.667        42.0633
            731            731         150.51        151.833        42.0689
            732            732        150.667            152        42.0764
            733            733        150.827        152.167        42.0826
            734            734        150.991        152.333        42.0878
            735            735        151.151          152.5        42.0921
            736            736        151.319        152.667        42.1024
            737            737        151.489        152.833        42.1094
            738            738         151.62            153        42.1154
            739            739        151.785        153.167        42.1226
            740            740        151.957        153.333        42.1264
            741            741        152.113          153.5        42.1298
            742            742        152.272        153.667        42.1308
            743            743        152.431        153.833        42.1306
            744            744        152.592            154        42.1343
            745            745        152.757        154.167        42.1407
            746            746        152.907        154.333        42.1461
            747            747        153.079          154.5        42.1504
            748            748        153.235        154.667        42.1552
            749            749        153.393        154.833        42.1567
            750            750         153.55            155        42.1591
            751            751        153.697        155.167        42.1642
            752            752        153.864        155.333        42.1666
            753            753        154.042          155.5        42.1687
            754            754        154.202        155.667        42.1721
            755            755        154.354        155.833        42.1774
            756            756        154.518            156        42.1824
            757            757        154.678        156.167        42.1881
            758            758        154.825        156.333        42.1953
            759            759        155.002          156.5        42.2033
            760            760        155.159        156.667        42.2109
            761            761         155.32        156.833        42.2185
            762            762        155.477            157        42.2269
            763            763         155.64        157.167        42.2368
            764            764        155.805        157.333        42.2464
            765            765        155.965          157.5        42.2626
            766            766         156.13        157.667         42.276
            767            767        156.291        157.833        42.2874
            768            768        156.451            158        42.2977
            769            769        156.605        158.167        42.3045
            770            770        156.767        158.333        42.3141
            771            771        156.929          158.5         42.327
            772            772        157.098        158.667        42.3409
            773            773        157.255        158.833        42.3518
            774            774        157.419            159        42.3624
            775            775        157.587        159.167        42.3731
            776            776        157.737        159.333         42.384
            777            777        157.896          159.5        42.3905
            778            778        158.052        159.667         42.401
            779            779        158.226        159.833        42.4122
            780            780        158.391            160        42.4228
            781            781        158.552        160.167        42.4363
            782            782        158.705        160.333        42.4468
            783            783        158.874          160.5        42.4545
            784            784        159.033        160.667        42.4617
            785            785        159.192        160.833        42.4659
            786            786        159.356            161        42.4725
            787            787         159.52        161.167        42.4783
            788            788        159.681        161.333        42.4827
            789            789        159.839          161.5         42.486
            790            790        160.001        161.667          42.49
            791            791        160.156        161.833        42.4978
            792            792        160.318            162        42.5044
            793            793        160.478        162.167         42.511
            794            794         160.64        162.333        42.5163
            795            795        160.803          162.5        42.5231
            796            796        160.957        162.667         42.529
            797            797        161.114        162.833        42.5339
            798            798        161.278            163        42.5445
            799            799        161.452        163.167        42.5546
            800            800        161.611        163.333        42.5639
            801            801        161.765          163.5        42.5734
            802            802        161.933        163.667        42.5838
            803            803        162.093        163.833        42.5941
            804            804        162.254            164        42.6038
            805            805        162.406        164.167        42.6136
            806            806         162.57        164.333        42.6226
            807            807        162.742          164.5        42.6315
            808            808        162.908        164.667        42.6401
            809            809        163.061        164.833        42.6477
            810            810        163.225            165        42.6583
            811            811        163.386        165.167        42.6689
            812            812        163.548        165.333        42.6801
            813            813        163.707          165.5        42.6926
            814            814        163.867        165.667        42.7018
            815            815        164.026        165.833        42.7118
            816            816        164.192            166        42.7213
            817            817        164.355        166.167         42.732
            818            818        164.511        166.333        42.7468
            819            819        164.682          166.5        42.7575
            820            820        164.842        166.667        42.7673
            821            821        165.003        166.833         42.777
            822            822        165.167            167        42.7868
            823            823        165.324        167.167        42.7977
            824            824        165.487        167.333        42.8063
            825            825        165.646          167.5        42.8151
            826            826        165.822        167.667        42.8251
            827            827        165.975        167.833        42.8314
            828            828        166.133            168        42.8416
            829            829        166.299        168.167        42.8534
            830            830        166.458        168.333        42.8645
            831            831        166.621          168.5        42.8716
            832            832         166.78        168.667        42.8785
            833            833        166.941        168.833        42.8839
            834            834        167.106            169         42.889
            835            835         167.27        169.167        42.8979
            836            836        167.426        169.333         42.903
            837            837        167.603          169.5        42.9051
            838            838        167.761        169.667        42.9055
            839            839        167.918        169.833        42.8992
            840            840        168.077            170        42.8996
            841            841        168.236        170.167        42.9022
            842            842          168.4        170.333        42.9042
            843            843        168.565          170.5         42.901
            844            844        168.729        170.667        42.9018
            845            845        168.886        170.833        42.9045
            846            846        169.046            171        42.9089
            847            847        169.206        171.167         42.912
            848            848        169.366        171.333        42.9167
            849            849        169.532          171.5        42.9198
            850            850        169.698        171.667        42.9205
            851            851        169.858        171.833        42.9286
            852            852        170.017            172         42.932
            853            853        170.182        172.167        42.9334
            854            854        170.346        172.333        42.9347
            855            855        170.505          172.5        42.9441
            856            856        170.678        172.667        42.9507
            857            857        170.835        172.833        42.9557
            858            858        170.986            173        42.9616
            859            859        171.154        173.167        42.9617
            860            860        171.317        173.333        42.9656
            861            861        171.474          173.5        42.9714
            862            862        171.636        173.667        42.9778
            863            863        171.804        173.833        42.9916
            864            864        171.971            174        42.9995
            865            865        172.124        174.167        43.0044
            866            866        172.297        174.333        43.0085
            867            867        172.461          174.5        43.0145
            868            868        172.618        174.667          43.02
            869            869         172.78        174.833        43.0249
            870            870        172.945            175        43.0306
            871            871        173.105        175.167        43.0371
            872            872        173.276        175.333        43.0448
            873            873        173.425          175.5        43.0519
            874            874        173.589        175.667        43.0579
            875            875        173.756        175.833        43.0631
            876            876        173.917            176        43.0686
            877            877         174.08        176.167        43.0747
            878            878        174.243        176.333        43.0821
            879            879        174.412          176.5        43.0929
            880            880        174.576        176.667        43.1011
            881            881         174.74        176.833        43.1084
            882            882          174.9            177        43.1154
            883            883        175.056        177.167        43.1175
            884            884        175.225        177.333        43.1237
            885            885        175.379          177.5        43.1312
            886            886        175.549        177.667        43.1377
            887            887        175.716        177.833        43.1462
            888            888        175.875            178         43.154
            889            889        176.036        178.167        43.1612
            890            890          176.2        178.333        43.1681
            891            891        176.359          178.5        43.1702
            892            892        176.518        178.667        43.1751
            893            893        176.693        178.833          43.18
            894            894        176.854            179        43.1836
            895            895        177.016        179.167        43.1879
            896            896        177.179        179.333        43.1919
            897            897        177.344          179.5        43.1943
            898            898        177.507        179.667        43.1962
            899            899        177.667        179.833        43.1959
            900            900        177.831            180        43.1975
            901            901        177.992        180.167        43.2008
            902            902        178.155        180.333        43.2046
            903            903        178.315          180.5        43.2052
            904            904        178.488        180.667        43.2076
            905            905        178.646        180.833         43.212
            906            906        178.802            181        43.2156
            907            907        178.969        181.167         43.222
            908            908        179.127        181.333        43.2277
            909            909        179.294          181.5        43.2333
            910            910        179.461        181.667        43.2389
            911            911        179.623        181.833        43.2464
            912            912        179.778            182        43.2521
            913            913        179.945        182.167        43.2565
            914            914        180.113        182.333        43.2595
            915            915        180.271          182.5        43.2668
            916            916        180.438        182.667        43.2756
            917            917        180.601        182.833        43.2872
            918            918        180.766            183        43.2993
            919            919        180.922        183.167        43.3075
            920            920        181.087        183.333        43.3154
            921            921        181.253          183.5        43.3247
            922            922         181.41        183.667        43.3352
            923            923        181.579        183.833        43.3502
            924            924        181.745            184        43.3592
            925            925        181.914        184.167        43.3662
            926            926        182.077        184.333        43.3746
            927            927        182.235          184.5        43.3846
            928            928        182.397        184.667        43.3922
            929            929        182.558        184.833         43.399
            930            930        182.729            185        43.4041
            931            931        182.891        185.167        43.4023
            932            932        183.054        185.333        43.4016
            933            933        183.204          185.5        43.4021
            934            934        183.372        185.667        43.4035
            935            935        183.545        185.833        43.4042
            936            936        183.706            186        43.4075
            937            937        183.871        186.167        43.4088
            938            938        184.033        186.333        43.4081
            939            939        184.194          186.5        43.3982
            940            940         184.35        186.667        43.3925
            941            941        184.513        186.833         43.389
            942            942        184.685            187        43.3858
            943            943        184.851        187.167        43.3905
            944            944        185.015        187.333        43.3941
            945            945        185.178          187.5        43.3951
            946            946        185.338        187.667        43.3942
            947            947          185.5        187.833        43.3876
            948            948        185.654            188        43.3827
            949            949        185.821        188.167        43.3782
            950            950        185.989        188.333        43.3759
            951            951        186.147          188.5        43.3829
            952            952         186.32        188.667        43.3849
            953            953        186.488        188.833        43.3848
            954            954        186.641            189        43.3843
            955            955        186.802        189.167        43.3846
            956            956        186.969        189.333        43.3788
            957            957        187.125          189.5        43.3783
            958            958        187.291        189.667        43.3806
            959            959        187.464        189.833        43.3814
            960            960        187.628            190        43.3891
            961            961        187.786        190.167        43.3939
            962            962         187.95        190.333        43.3963
            963            963        188.116          190.5         43.398
            964            964        188.276        190.667         43.399
            965            965        188.439        190.833         43.403
            966            966        188.612            191        43.4086
            967            967        188.776        191.167        43.4135
            968            968        188.928        191.333        43.4187
            969            969        189.109          191.5        43.4236
            970            970        189.261        191.667          43.43
            971            971        189.428        191.833        43.4375
            972            972         189.58            192        43.4476
            973            973        189.751        192.167        43.4573
            974            974        189.917        192.333        43.4667
            975            975        190.085          192.5        43.4758
            976            976        190.241        192.667        43.4859
            977            977        190.407        192.833        43.4941
            978            978        190.569            193        43.5037
            979            979        190.734        193.167        43.5153
            980            980        190.906        193.333        43.5308
            981            981        191.066          193.5        43.5414
            982            982        191.233        193.667         43.549
            983            983        191.396        193.833        43.5565
            984            984        191.553            194        43.5582
            985            985         191.72        194.167        43.5623
            986            986        191.881        194.333        43.5633
            987            987        192.059          194.5        43.5631
            988            988        192.217        194.667         43.563
            989            989        192.382        194.833         43.563
            990            990        192.541            195        43.5646
            991            991        192.708        195.167         43.567
            992            992        192.869        195.333        43.5689
            993            993        193.038          195.5        43.5629
            994            994        193.198        195.667        43.5585
            995            995        193.357        195.833        43.5542
            996            996        193.522            196        43.5507
            997            997        193.688        196.167        43.5514
            998            998         193.86        196.333        43.5488
            999            999        194.018          196.5        43.5433
           1000           1000        194.189        196.667        43.5367
           1001           1001        194.346        196.833        43.5268
           1002           1002        194.513            197        43.5205
           1003           1003        194.669        197.167        43.5144
           1004           1004        194.834        197.333        43.5104
           1005           1005        195.006          197.5        43.5031
           1006           1006        195.168        197.667        43.4974
           1007           1007        195.326        197.833        43.4927
           1008           1008        195.494            198        43.4902
           1009           1009        195.648        198.167        43.4869
           1010           1010        195.822        198.333        43.4822
           1011           1011        195.982          198.5        43.4777
           1012           1012        196.148        198.667        43.4743
           1013           1013        196.321        198.833        43.4779
           1014           1014        196.477            199        43.4764
           1015           1015        196.641        199.167         43.472
           1016           1016        196.806        199.333        43.4689
           1017           1017        196.979          199.5        43.4679
           1018           1018        197.138        199.667        43.4656
           1019           1019        197.294        199.833        43.4638
           1020           1020        197.465            200        43.4622
           1021           1021        197.626        200.167        43.4615
           1022           1022         197.79        200.333        43.4595
           1023           1023        197.949          200.5        43.4603
           1024           1024        198.113        200.667        43.4603
           1025           1025        198.286        200.833        43.4597
           1026           1026        198.446            201        43.4594
           1027           1027        198.606        201.167        43.4585
           1028           1028        198.776        201.333        43.4601
           1029           1029        198.941          201.5        43.4629
           1030           1030        199.097        201.667        43.4641
           1031           1031        199.274        201.833        43.4629
           1032           1032        199.436            202        43.4591
           1033           1033        199.597        202.167        43.4544
           1034           1034        199.758        202.333          43.45
           1035           1035        199.924          202.5        43.4476
           1036           1036        200.089        202.667        43.4469
           1037           1037        200.262        202.833        43.4472
           1038           1038        200.419            203        43.4504
           1039           1039        200.582        203.167        43.4537
           1040           1040        200.744        203.333        43.4555
           1041           1041          200.9          203.5        43.4552
           1042           1042        201.074        203.667        43.4524
           1043           1043        201.238        203.833        43.4504
           1044           1044        201.402            204        43.4512
           1045           1045        201.571        204.167        43.4535
           1046           1046        201.739        204.333        43.4612
           1047           1047        201.903          204.5        43.4655
           1048           1048         202.07        204.667        43.4699
           1049           1049        202.229        204.833        43.4748
           1050           1050        202.391            205        43.4727
           1051           1051        202.554        205.167        43.4745
           1052           1052        202.721        205.333        43.4772
           1053           1053         202.89          205.5        43.4813
           1054           1054         203.05        205.667        43.4864
           1055           1055        203.218        205.833        43.4969
           1056           1056        203.382            206        43.5017
           1057           1057        203.554        206.167        43.5054
           1058           1058        203.719        206.333        43.5081
           1059           1059        203.884          206.5        43.5075
           1060           1060        204.046        206.667        43.5104
           1061           1061        204.208        206.833        43.5166
           1062           1062        204.375            207        43.5242
           1063           1063        204.542        207.167        43.5263
           1064           1064        204.702        207.333        43.5278
           1065           1065        204.868          207.5        43.5308
           1066           1066        205.035        207.667        43.5321
           1067           1067        205.195        207.833        43.5304
           1068           1068         205.36            208        43.5298
           1069           1069        205.532        208.167        43.5297
           1070           1070        205.701        208.333        43.5315
           1071           1071         205.86          208.5        43.5359
           1072           1072        206.019        208.667        43.5384
           1073           1073        206.189        208.833        43.5412
           1074           1074        206.359            209        43.5445
           1075           1075        206.515        209.167        43.5425
           1076           1076        206.679        209.333        43.5427
           1077           1077        206.851          209.5        43.5443
           1078           1078        207.011        209.667        43.5467
           1079           1079        207.189        209.833        43.5586
           1080           1080        207.347            210        43.5658
           1081           1081        207.513        210.167        43.5714
           1082           1082        207.683        210.333        43.5748
           1083           1083        207.848          210.5        43.5758
           1084           1084            208        210.667        43.5773
           1085           1085        208.175        210.833        43.5801
           1086           1086        208.341            211        43.5858
           1087           1087        208.503        211.167        43.5904
           1088           1088        208.677        211.333        43.5929
           1089           1089         208.84          211.5        43.5958
           1090           1090        209.006        211.667        43.6007
           1091           1091        209.166        211.833        43.6041
           1092           1092        209.333            212        43.6051
           1093           1093        209.492        212.167        43.6106
           1094           1094        209.664        212.333        43.6155
           1095           1095        209.835          212.5        43.6183
           1096           1096        209.986        212.667        43.6217
           1097           1097        210.149        212.833        43.6264
           1098           1098        210.327            213         43.633
           1099           1099        210.491        213.167        43.6392
           1100           1100        210.657        213.333        43.6436
           1101           1101        210.819          213.5        43.6449
           1102           1102        210.994        213.667         43.645
           1103           1103        211.147        213.833        43.6457
           1104           1104        211.313            214        43.6429
           1105           1105        211.478        214.167        43.6408
           1106           1106        211.649        214.333        43.6398
           1107           1107        211.819          214.5        43.6396
           1108           1108        211.977        214.667        43.6395
           1109           1109        212.138        214.833        43.6413
           1110           1110        212.303            215         43.643
           1111           1111        212.467        215.167        43.6427
           1112           1112        212.637        215.333        43.6404
           1113           1113        212.797          215.5        43.6407
           1114           1114        212.957        215.667        43.6453
           1115           1115        213.127        215.833         43.649
           1116           1116        213.294            216        43.6557
           1117           1117        213.464        216.167        43.6586
           1118           1118        213.627        216.333        43.6595
           1119           1119        213.791          216.5        43.6625
           1120           1120        213.954        216.667        43.6677
           1121           1121        214.111        216.833        43.6745
           1122           1122        214.295            217        43.6829
           1123           1123        214.455        217.167        43.6898
           1124           1124        214.619        217.333        43.6944
           1125           1125        214.785          217.5        43.6992
           1126           1126         214.94        217.667        43.7048
           1127           1127        215.115        217.833        43.7111
           1128           1128        215.281            218        43.7168
           1129           1129        215.456        218.167        43.7288
           1130           1130        215.621        218.333        43.7351
           1131           1131        215.788          218.5        43.7402
           1132           1132        215.943        218.667        43.7453
           1133           1133        216.103        218.833        43.7392
           1134           1134        216.275            219        43.7383
           1135           1135        216.445        219.167        43.7391
           1136           1136        216.608        219.333        43.7406
           1137           1137        216.772          219.5        43.7403
           1138           1138        216.942        219.667        43.7385
           1139           1139        217.101        219.833        43.7364
           1140           1140        217.273            220        43.7345
           1141           1141        217.438        220.167         43.726
           1142           1142        217.594        220.333        43.7205
           1143           1143        217.764          220.5        43.7182
           1144           1144        217.932        220.667        43.7168
           1145           1145        218.098        220.833        43.7135
           1146           1146        218.258            221         43.711
           1147           1147        218.428        221.167        43.7082
           1148           1148        218.591        221.333        43.7059
           1149           1149        218.757          221.5        43.7033
           1150           1150        218.922        221.667        43.6988
           1151           1151        219.085        221.833        43.6962
           1152           1152        219.259            222        43.6977
           1153           1153        219.423        222.167        43.7004
           1154           1154        219.592        222.333        43.7046
           1155           1155        219.749          222.5        43.7077
           1156           1156        219.915        222.667        43.7103
           1157           1157        220.086        222.833        43.7116
           1158           1158        220.241            223         43.709
           1159           1159        220.414        223.167        43.7095
           1160           1160        220.578        223.333        43.7107
           1161           1161        220.753          223.5        43.7111
           1162           1162        220.917        223.667        43.7141
           1163           1163        221.083        223.833        43.7138
           1164           1164        221.249            224        43.7135
           1165           1165        221.415        224.167        43.7122
           1166           1166        221.575        224.333        43.6996
           1167           1167        221.747          224.5        43.6947
           1168           1168        221.913        224.667         43.694
           1169           1169        222.081        224.833        43.6946
           1170           1170         222.24            225        43.6922
           1171           1171        222.409        225.167        43.6902
           1172           1172        222.573        225.333        43.6888
           1173           1173        222.745          225.5        43.6855
           1174           1174        222.908        225.667        43.6838
           1175           1175        223.069        225.833        43.6811
           1176           1176        223.238            226        43.6779
           1177           1177        223.413        226.167        43.6751
           1178           1178        223.572        226.333        43.6792
           1179           1179        223.739          226.5        43.6837
           1180           1180        223.903        226.667        43.6884
           1181           1181        224.069        226.833        43.6923
           1182           1182        224.229            227        43.6951
           1183           1183        224.402        227.167        43.7011
           1184           1184        224.562        227.333        43.7055
           1185           1185        224.724          227.5        43.7078
           1186           1186        224.903        227.667        43.7113
           1187           1187        225.072        227.833        43.7263
           1188           1188        225.239            228        43.7335
           1189           1189        225.404        228.167        43.7375
           1190           1190        225.566        228.333        43.7411
           1191           1191         225.74          228.5        43.7389
           1192           1192        225.907        228.667        43.7413
           1193           1193        226.064        228.833        43.7451
           1194           1194        226.228            229        43.7493
           1195           1195        226.399        229.167        43.7471
           1196           1196        226.565        229.333        43.7486
           1197           1197        226.729          229.5        43.7515
           1198           1198        226.896        229.667        43.7559
           1199           1199        227.063        229.833        43.7599
           1200           1200        227.228            230          43.76
           1201           1201        227.401        230.167        43.7569
           1202           1202        227.565        230.333        43.7518
           1203           1203        227.729          230.5        43.7517
           1204           1204        227.893        230.667        43.7508
           1205           1205        228.067        230.833        43.7489
           1206           1206        228.231            231        43.7456
           1207           1207        228.405        231.167        43.7359
           1208           1208        228.565        231.333        43.7305
           1209           1209        228.729          231.5        43.7291
           1210           1210        228.889        231.667        43.7263
           1211           1211        229.058        231.833        43.7098
           1212           1212         229.23            232        43.7008
           1213           1213        229.393        232.167        43.6956
           1214           1214        229.566        232.333        43.6915
           1215           1215        229.723          232.5        43.6883
           1216           1216        229.886        232.667         43.684
           1217           1217        230.064        232.833        43.6797
           1218           1218        230.235            233        43.6773
           1219           1219        230.387        233.167        43.6756
           1220           1220        230.543        233.333        43.6744
           1221           1221        230.728          233.5        43.6725
           1222           1222        230.887        233.667        43.6699
           1223           1223         231.06        233.833        43.6677
           1224           1224        231.224            234        43.6738
           1225           1225        231.384        234.167        43.6751
           1226           1226        231.553        234.333         43.675
           1227           1227        231.725          234.5         43.674
           1228           1228         231.89        234.667        43.6715
           1229           1229        232.055        234.833        43.6717
           1230           1230        232.222            235         43.673
           1231           1231        232.379        235.167        43.6724
           1232           1232        232.552        235.333        43.6692
           1233           1233        232.713          235.5        43.6728
           1234           1234        232.886        235.667        43.6782
           1235           1235         233.05        235.833        43.6816
           1236           1236        233.208            236        43.6805
           1237           1237        233.382        236.167        43.6797
           1238           1238         233.55        236.333        43.6768
           1239           1239        233.717          236.5        43.6737
           1240           1240        233.874        236.667        43.6749
           1241           1241        234.047        236.833        43.6733
           1242           1242        234.226            237        43.6702
           1243           1243        234.386        237.167        43.6669
           1244           1244        234.547        237.333        43.6598
           1245           1245        234.713          237.5         43.655
           1246           1246        234.879        237.667          43.65
           1247           1247        235.038        237.833        43.6454
           1248           1248        235.212            238        43.6414
           1249           1249        235.376        238.167        43.6388
           1250           1250         235.54        238.333        43.6336
           1251           1251        235.704          238.5        43.6273
           1252           1252        235.872        238.667        43.6196
           1253           1253        236.043        238.833        43.6187
           1254           1254          236.2            239        43.6161
           1255           1255        236.374        239.167        43.6122
           1256           1256        236.535        239.333        43.6107
           1257           1257        236.709          239.5        43.6085
           1258           1258        236.867        239.667        43.6056
           1259           1259        237.033        239.833        43.6009
           1260           1260        237.196            240        43.5949
           1261           1261        237.368        240.167        43.5899
           1262           1262        237.542        240.333         43.586
           1263           1263        237.696          240.5        43.5841
           1264           1264        237.872        240.667        43.5828
           1265           1265        238.038        240.833        43.5758
           1266           1266        238.202            241        43.5691
           1267           1267        238.373        241.167        43.5662
           1268           1268        238.533        241.333        43.5656
           1269           1269        238.697          241.5        43.5556
           1270           1270        238.861        241.667        43.5492
           1271           1271        239.031        241.833        43.5458
           1272           1272        239.203            242        43.5418
           1273           1273        239.363        242.167        43.5393
           1274           1274        239.525        242.333        43.5357
           1275           1275        239.695          242.5        43.5329
           1276           1276        239.869        242.667        43.5316
           1277           1277        240.036        242.833        43.5325
           1278           1278         240.19            243        43.5309
           1279           1279        240.366        243.167        43.5289
           1280           1280         240.53        243.333        43.5268
           1281           1281        240.698          243.5        43.5211
           1282           1282        240.864        243.667        43.5162
           1283           1283        241.028        243.833        43.5105
           1284           1284        241.201            244        43.5058
           1285           1285        241.369        244.167        43.5027
           1286           1286        241.536        244.333        43.4971
           1287           1287        241.703          244.5        43.4923
           1288           1288        241.872        244.667        43.4877
           1289           1289        242.036        244.833        43.4832
           1290           1290        242.199            245        43.4784
           1291           1291        242.364        245.167        43.4751
           1292           1292        242.527        245.333        43.4696
           1293           1293        242.694          245.5        43.4637
           1294           1294        242.866        245.667        43.4598
           1295           1295        243.028        245.833        43.4534
           1296           1296        243.198            246        43.4452
           1297           1297        243.362        246.167        43.4365
           1298           1298        243.533        246.333        43.4256
           1299           1299        243.705          246.5        43.4144
           1300           1300        243.862        246.667        43.4053
           1301           1301        244.026        246.833        43.3978
           1302           1302        244.193            247        43.3839
           1303           1303        244.359        247.167        43.3768
           1304           1304        244.526        247.333        43.3684
           1305           1305        244.693          247.5        43.3573
           1306           1306        244.859        247.667        43.3502
           1307           1307        245.026        247.833        43.3428
           1308           1308         245.19            248        43.3356
           1309           1309        245.366        248.167        43.3311
           1310           1310        245.526        248.333        43.3302
           1311           1311        245.701          248.5        43.3251
           1312           1312        245.865        248.667        43.3174
           1313           1313        246.032        248.833        43.3106
           1314           1314        246.193            249        43.2998
           1315           1315        246.364        249.167        43.2923
           1316           1316        246.531        249.333        43.2851
           1317           1317        246.704          249.5        43.2803
           1318           1318        246.865        249.667        43.2775
           1319           1319         247.04        249.833        43.2738
           1320           1320        247.195            250        43.2682
           1321           1321        247.359        250.167         43.263
           1322           1322        247.537        250.333        43.2566
           1323           1323        247.696          250.5        43.2527
           1324           1324        247.865        250.667        43.2476
           1325           1325         248.03        250.833        43.2404
           1326           1326        248.205            251        43.2342
           1327           1327        248.374        251.167        43.2258
           1328           1328        248.529        251.333        43.2207
           1329           1329        248.704          251.5        43.2183
           1330           1330        248.867        251.667        43.2164
           1331           1331        249.034        251.833        43.2082
           1332           1332        249.202            252        43.2042
           1333           1333        249.364        252.167        43.2026
           1334           1334        249.532        252.333        43.2005
           1335           1335        249.698          252.5        43.2056
           1336           1336        249.862        252.667        43.2076
           1337           1337        250.039        252.833        43.2093
           1338           1338        250.207            253        43.2137
           1339           1339        250.373        253.167        43.2256
           1340           1340        250.532        253.333        43.2314
           1341           1341        250.709          253.5        43.2361
           1342           1342        250.871        253.667        43.2407
           1343           1343         251.04        253.833        43.2492
           1344           1344        251.209            254        43.2569
           1345           1345        251.372        254.167        43.2634
           1346           1346        251.546        254.333        43.2684
           1347           1347        251.714          254.5        43.2767
           1348           1348        251.876        254.667        43.2837
           1349           1349        252.046        254.833        43.2898
           1350           1350        252.213            255        43.2947
           1351           1351        252.377        255.167        43.2979
           1352           1352        252.551        255.333        43.2966
           1353           1353        252.718          255.5        43.2982
           1354           1354         252.88        255.667        43.3015
           1355           1355        253.047        255.833         43.305
           1356           1356        253.219            256         43.305
           1357           1357        253.382        256.167        43.3056
           1358           1358        253.552        256.333        43.3089
           1359           1359        253.717          256.5        43.3151
           1360           1360         253.88        256.667        43.3149
           1361           1361        254.052        256.833        43.3145
           1362           1362         254.22            257        43.3168
           1363           1363        254.388        257.167        43.3194
           1364           1364        254.554        257.333        43.3258
           1365           1365        254.718          257.5        43.3249
           1366           1366        254.886        257.667        43.3224
           1367           1367        255.057        257.833         43.318
           1368           1368         255.23            258         43.317
           1369           1369        255.387        258.167        43.3174
           1370           1370        255.561        258.333        43.3157
           1371           1371        255.729          258.5         43.312
           1372           1372        255.898        258.667         43.304
           1373           1373        256.057        258.833        43.3011
           1374           1374        256.223            259        43.2981
           1375           1375        256.391        259.167        43.2962
           1376           1376        256.556        259.333        43.2891
           1377           1377        256.731          259.5        43.2819
           1378           1378        256.897        259.667        43.2744
           1379           1379        257.061        259.833        43.2667
           1380           1380        257.232            260        43.2587
           1381           1381        257.403        260.167        43.2486
           1382           1382        257.567        260.333        43.2387
           1383           1383        257.733          260.5        43.2308
           1384           1384        257.905        260.667        43.2245
           1385           1385        258.063        260.833        43.2145
           1386           1386        258.229            261        43.2096
           1387           1387        258.397        261.167        43.2054
           1388           1388        258.566        261.333        43.2001
           1389           1389        258.732          261.5        43.1997
           1390           1390        258.895        261.667        43.1981
           1391           1391        259.065        261.833        43.1977
           1392           1392        259.232            262        43.1977
           1393           1393        259.409        262.167          43.21
           1394           1394        259.568        262.333        43.2101
           1395           1395        259.743          262.5        43.2057
           1396           1396        259.905        262.667        43.2003
           1397           1397        260.074        262.833        43.1959
           1398           1398        260.244            263        43.1946
           1399           1399        260.414        263.167        43.1936
           1400           1400         260.58        263.333        43.1925
           1401           1401        260.752          263.5        43.1887
           1402           1402        260.917        263.667        43.1857
           1403           1403        261.075        263.833        43.1824
           1404           1404        261.243            264         43.179
           1405           1405        261.411        264.167        43.1739
           1406           1406        261.585        264.333        43.1724
           1407           1407        261.753          264.5        43.1712
           1408           1408        261.916        264.667        43.1687
           1409           1409        262.085        264.833        43.1677
           1410           1410        262.253            265        43.1659
           1411           1411        262.417        265.167        43.1638
           1412           1412        262.586        265.333        43.1589
           1413           1413         262.75          265.5         43.154
           1414           1414        262.926        265.667        43.1519
           1415           1415        263.089        265.833        43.1534
           1416           1416        263.255            266        43.1558
           1417           1417        263.418        266.167        43.1584
           1418           1418        263.585        266.333        43.1594
           1419           1419        263.759          266.5        43.1614
           1420           1420        263.922        266.667        43.1628
           1421           1421        264.085        266.833         43.163
           1422           1422        264.251            267        43.1647
           1423           1423        264.428        267.167        43.1645
           1424           1424          264.6        267.333        43.1668
           1425           1425        264.767          267.5        43.1696
           1426           1426        264.935        267.667        43.1742
           1427           1427        265.104        267.833        43.1786
           1428           1428        265.264            268        43.1813
           1429           1429        265.428        268.167        43.1835
           1430           1430        265.593        268.333        43.1798
           1431           1431        265.764          268.5        43.1794
           1432           1432        265.931        268.667         43.178
           1433           1433        266.102        268.833        43.1763
           1434           1434        266.266            269        43.1786
           1435           1435         266.43        269.167        43.1787
           1436           1436        266.609        269.333        43.1757
           1437           1437        266.768          269.5        43.1704
           1438           1438        266.941        269.667        43.1612
           1439           1439        267.103        269.833        43.1595
           1440           1440        267.269            270        43.1581
           1441           1441        267.434        270.167        43.1566
           1442           1442        267.596        270.333        43.1521
           1443           1443        267.769          270.5        43.1511
           1444           1444         267.94        270.667        43.1489
           1445           1445        268.099        270.833        43.1464
           1446           1446        268.265            271        43.1546
           1447           1447        268.442        271.167         43.161
           1448           1448        268.612        271.333         43.165
           1449           1449        268.771          271.5        43.1682
           1450           1450        268.945        271.667        43.1738
           1451           1451        269.111        271.833        43.1816
           1452           1452        269.279            272        43.1847
           1453           1453        269.439        272.167        43.1879
           1454           1454        269.616        272.333        43.1911
           1455           1455        269.788          272.5        43.1977
           1456           1456        269.951        272.667         43.203
           1457           1457        270.119        272.833        43.2059
           1458           1458        270.286            273        43.2052
           1459           1459        270.458        273.167           43.2
           1460           1460        270.616        273.333        43.2005
           1461           1461        270.785          273.5        43.2026
           1462           1462        270.953        273.667        43.2034
           1463           1463        271.119        273.833        43.1995
           1464           1464        271.285            274        43.1973
           1465           1465        271.458        274.167        43.1955
           1466           1466        271.621        274.333        43.1947
           1467           1467        271.787          274.5        43.1917
           1468           1468        271.958        274.667        43.1922
           1469           1469        272.134        274.833        43.1936
           1470           1470        272.294            275        43.1952
           1471           1471        272.466        275.167        43.1974
           1472           1472         272.63        275.333        43.1985
           1473           1473        272.796          275.5        43.1993
           1474           1474        272.963        275.667        43.1998
           1475           1475        273.135        275.833        43.2036
           1476           1476          273.3            276        43.2025
           1477           1477        273.472        276.167        43.2015
           1478           1478        273.641        276.333        43.2029
           1479           1479        273.808          276.5        43.2055
           1480           1480        273.976        276.667        43.2056
           1481           1481        274.142        276.833        43.2013
           1482           1482        274.306            277        43.1971
           1483           1483        274.474        277.167        43.1953
           1484           1484        274.638        277.333        43.1931
           1485           1485        274.802          277.5        43.1936
           1486           1486        274.973        277.667        43.1967
           1487           1487         275.15        277.833        43.2014
           1488           1488        275.318            278        43.2026
           1489           1489        275.477        278.167        43.2024
           1490           1490        275.638        278.333         43.203
           1491           1491        275.812          278.5        43.2034
           1492           1492        275.984        278.667        43.2089
           1493           1493         276.15        278.833        43.2113
           1494           1494         276.32            279        43.2118
           1495           1495        276.495        279.167        43.2129
           1496           1496        276.656        279.333        43.2083
           1497           1497        276.821          279.5        43.2054
           1498           1498        276.993        279.667        43.2031
           1499           1499        277.159        279.833        43.1995
           1500           1500        277.328            280        43.1909
           1501           1501        277.497        280.167        43.1837
           1502           1502        277.662        280.333        43.1786
           1503           1503        277.825          280.5        43.1721
           1504           1504        278.002        280.667        43.1589
           1505           1505         278.16        280.833        43.1462
           1506           1506        278.335            281        43.1339
           1507           1507        278.501        281.167        43.1228
           1508           1508        278.661        281.333        43.1059
           1509           1509        278.825          281.5        43.0927
           1510           1510        278.998        281.667        43.0808
           1511           1511        279.166        281.833        43.0705
           1512           1512         279.33            282        43.0596
           1513           1513        279.495        282.167        43.0491
           1514           1514        279.659        282.333        43.0405
           1515           1515         279.83          282.5        43.0347
           1516           1516        279.997        282.667        43.0282
           1517           1517        280.165        282.833        43.0254
           1518           1518        280.336            283        43.0226
           1519           1519        280.502        283.167          43.02
           1520           1520        280.676        283.333        43.0175
           1521           1521        280.845          283.5        43.0212
           1522           1522        280.999        283.667        43.0201
           1523           1523        281.184        283.833        43.0186
           1524           1524        281.345            284        43.0184
           1525           1525        281.508        284.167        43.0223
           1526           1526        281.677        284.333        43.0254
           1527           1527         281.85          284.5        43.0289
           1528           1528        282.012        284.667        43.0335
           1529           1529        282.188        284.833        43.0414
           1530           1530        282.346            285        43.0476
           1531           1531         282.52        285.167        43.0545
           1532           1532         282.69        285.333        43.0615
           1533           1533        282.857          285.5        43.0704
           1534           1534        283.027        285.667        43.0753
           1535           1535        283.193        285.833        43.0801
           1536           1536        283.364            286        43.0845
           1537           1537         283.53        286.167         43.085
           1538           1538        283.698        286.333        43.0849
           1539           1539        283.864          286.5        43.0846
           1540           1540        284.037        286.667        43.0824
           1541           1541        284.198        286.833        43.0712
           1542           1542        284.371            287        43.0657
           1543           1543        284.535        287.167        43.0639
           1544           1544        284.705        287.333        43.0624
           1545           1545        284.868          287.5        43.0556
           1546           1546        285.033        287.667        43.0498
           1547           1547        285.205        287.833        43.0429
           1548           1548        285.372            288        43.0399
           1549           1549        285.536        288.167        43.0374
           1550           1550          285.7        288.333        43.0329
           1551           1551        285.877          288.5        43.0295
           1552           1552        286.042        288.667        43.0277
           1553           1553        286.215        288.833        43.0286
           1554           1554        286.382            289        43.0293
           1555           1555        286.542        289.167        43.0259
           1556           1556        286.709        289.333        43.0213
           1557           1557        286.888          289.5        43.0163
           1558           1558        287.047        289.667        43.0145
           1559           1559        287.216        289.833        43.0116
           1560           1560        287.383            290        43.0114
           1561           1561        287.556        290.167        43.0118
           1562           1562        287.724        290.333        43.0134
           1563           1563         287.89          290.5        43.0156
           1564           1564        288.054        290.667        43.0186
           1565           1565        288.219        290.833         43.023
           1566           1566        288.391            291        43.0279
           1567           1567        288.551        291.167        43.0319
           1568           1568        288.727        291.333         43.035
           1569           1569        288.896          291.5        43.0405
           1570           1570        289.065        291.667        43.0543
           1571           1571        289.232        291.833        43.0606
           1572           1572        289.398            292        43.0635
           1573           1573        289.568        292.167        43.0666
           1574           1574        289.743        292.333        43.0672
           1575           1575        289.905          292.5        43.0686
           1576           1576        290.072        292.667        43.0702
           1577           1577         290.24        292.833        43.0698
           1578           1578        290.414            293        43.0627
           1579           1579        290.579        293.167        43.0575
           1580           1580        290.738        293.333        43.0521
           1581           1581        290.911          293.5         43.048
           1582           1582        291.079        293.667        43.0449
           1583           1583        291.244        293.833        43.0321
           1584           1584        291.418            294        43.0254
           1585           1585        291.584        294.167        43.0207
           1586           1586        291.744        294.333        43.0158
           1587           1587        291.912          294.5        43.0108
           1588           1588        292.082        294.667        43.0081
           1589           1589        292.247        294.833        43.0078
           1590           1590        292.424            295        43.0063
           1591           1591        292.591        295.167        43.0132
           1592           1592        292.757        295.333        43.0159
           1593           1593        292.924          295.5        43.0165
           1594           1594        293.093        295.667        43.0177
           1595           1595        293.268        295.833        43.0225
           1596           1596        293.433            296        43.0258
           1597           1597        293.605        296.167        43.0281
           1598           1598        293.771        296.333        43.0297
           1599           1599        293.938          296.5        43.0285
           1600           1600        294.115        296.667        43.0272
           1601           1601        294.276        296.833        43.0247
           1602           1602        294.448            297        43.0214
           1603           1603        294.612        297.167        43.0112
           1604           1604        294.784        297.333        43.0034
           1605           1605        294.953          297.5         42.996
           1606           1606         295.12        297.667        42.9893
           1607           1607        295.287        297.833        42.9715
           1608           1608        295.453            298        42.9643
           1609           1609        295.623        298.167        42.9622
           1610           1610        295.788        298.333        42.9605
           1611           1611        295.956          298.5        42.9577
           1612           1612        296.119        298.667         42.955
           1613           1613        296.288        298.833        42.9502
           1614           1614        296.458            299        42.9481
           1615           1615        296.622        299.167        42.9476
           1616           1616        296.793        299.333        42.9612
           1617           1617        296.967          299.5        42.9655
           1618           1618        297.139        299.667        42.9661
           1619           1619        297.309        299.833        42.9669
           1620           1620        297.478            300        42.9722
           1621           1621        297.637        300.167        42.9737
           1622           1622        297.808        300.333        42.9752
           1623           1623        297.979          300.5        42.9763
           1624           1624        298.151        300.667        42.9705
           1625           1625        298.323        300.833        42.9654
           1626           1626        298.482            301          42.96
           1627           1627        298.652        301.167        42.9553
           1628           1628        298.825        301.333        42.9476
           1629           1629        298.989          301.5        42.9443
           1630           1630         299.16        301.667        42.9395
           1631           1631        299.328        301.833         42.934
           1632           1632        299.489            302        42.9217
           1633           1633        299.653        302.167        42.9118
           1634           1634        299.824        302.333         42.906
           1635           1635        299.992          302.5        42.9021
           1636           1636        300.164        302.667        42.8976
           1637           1637        300.338        302.833        42.8901
           1638           1638        300.502            303        42.8853
           1639           1639        300.666        303.167        42.8822
           1640           1640        300.842        303.333        42.8744
           1641           1641        300.997          303.5        42.8669
           1642           1642        301.163        303.667        42.8587
           1643           1643        301.343        303.833        42.8502
           1644           1644        301.503            304        42.8462
           1645           1645        301.671        304.167        42.8436
           1646           1646        301.838        304.333        42.8432
           1647           1647        302.012          304.5        42.8412
           1648           1648         302.18        304.667        42.8385
           1649           1649        302.348        304.833        42.8376
           1650           1650         302.51            305        42.8342
           1651           1651        302.678        305.167        42.8308
           1652           1652        302.849        305.333        42.8285
           1653           1653         303.02          305.5        42.8294
           1654           1654        303.193        305.667        42.8273
           1655           1655         303.36        305.833        42.8237
           1656           1656        303.524            306        42.8194
           1657           1657        303.697        306.167        42.8103
           1658           1658        303.862        306.333        42.8025
           1659           1659        304.026          306.5        42.7927
           1660           1660        304.198        306.667        42.7822
           1661           1661        304.362        306.833        42.7714
           1662           1662         304.53            307        42.7661
           1663           1663        304.702        307.167        42.7595
           1664           1664        304.865        307.333        42.7494
           1665           1665        305.034          307.5        42.7395
           1666           1666        305.199        307.667        42.7327
           1667           1667        305.366        307.833        42.7245
           1668           1668        305.527            308        42.7158
           1669           1669        305.703        308.167        42.7105
           1670           1670        305.872        308.333        42.7013
           1671           1671        306.044          308.5        42.6925
           1672           1672          306.2        308.667        42.6864
           1673           1673        306.375        308.833        42.6772
           1674           1674        306.545            309        42.6698
           1675           1675        306.715        309.167        42.6651
           1676           1676        306.877        309.333        42.6592
           1677           1677        307.045          309.5        42.6517
           1678           1678        307.212        309.667        42.6447
           1679           1679        307.375        309.833         42.639
           1680           1680        307.553            310        42.6334
           1681           1681         307.72        310.167        42.6317
           1682           1682        307.881        310.333        42.6269
           1683           1683        308.056          310.5        42.6231
           1684           1684        308.221        310.667        42.6209
           1685           1685        308.386        310.833        42.6137
           1686           1686        308.554            311        42.6084
           1687           1687        308.722        311.167        42.6057
           1688           1688        308.898        311.333         42.605
           1689           1689        309.058          311.5        42.6061
           1690           1690        309.226        311.667        42.6038
           1691           1691        309.395        311.833        42.6008
           1692           1692        309.567            312        42.5974
           1693           1693        309.734        312.167        42.6026
           1694           1694        309.899        312.333        42.6064
           1695           1695         310.07          312.5        42.6121
           1696           1696        310.237        312.667        42.6166
           1697           1697        310.408        312.833         42.623
           1698           1698        310.572            313        42.6272
           1699           1699        310.736        313.167        42.6328
           1700           1700        310.903        313.333        42.6397
           1701           1701        311.078          313.5        42.6493
           1702           1702        311.244        313.667        42.6538
           1703           1703        311.419        313.833        42.6565
           1704           1704        311.589            314        42.6587
           1705           1705        311.751        314.167        42.6574
           1706           1706        311.917        314.333        42.6593
           1707           1707        312.087          314.5        42.6611
           1708           1708        312.257        314.667        42.6626
           1709           1709        312.428        314.833        42.6596
           1710           1710        312.589            315        42.6585
           1711           1711         312.76        315.167        42.6579
           1712           1712        312.924        315.333        42.6553
           1713           1713         313.09          315.5        42.6471
           1714           1714        313.257        315.667        42.6406
           1715           1715        313.435        315.833        42.6343
           1716           1716        313.592            316        42.6288
           1717           1717        313.765        316.167        42.6215
           1718           1718        313.929        316.333         42.615
           1719           1719        314.103          316.5         42.611
           1720           1720        314.263        316.667        42.6072
           1721           1721        314.431        316.833        42.5907
           1722           1722        314.605            317        42.5776
           1723           1723        314.763        317.167        42.5663
           1724           1724        314.933        317.333        42.5549
           1725           1725        315.101          317.5        42.5418
           1726           1726        315.266        317.667        42.5292
           1727           1727        315.443        317.833        42.5177
           1728           1728        315.612            318        42.5061
           1729           1729        315.775        318.167        42.4919
           1730           1730        315.935        318.333        42.4789
           1731           1731        316.106          318.5        42.4671
           1732           1732        316.274        318.667        42.4569
           1733           1733        316.443        318.833        42.4476
           1734           1734        316.608            319        42.4389
           1735           1735         316.78        319.167        42.4317
           1736           1736        316.944        319.333        42.4246
           1737           1737        317.117          319.5        42.4279
           1738           1738        317.281        319.667        42.4244
           1739           1739        317.445        319.833        42.4182
           1740           1740        317.617            320        42.4126
           1741           1741        317.788        320.167        42.4147
           1742           1742        317.948        320.333        42.4117
           1743           1743        318.125          320.5         42.405
           1744           1744        318.292        320.667         42.397
           1745           1745         318.46        320.833        42.3895
           1746           1746        318.634            321        42.3814
           1747           1747        318.792        321.167        42.3721
           1748           1748        318.959        321.333         42.362
           1749           1749        319.135          321.5        42.3503
           1750           1750        319.302        321.667        42.3409
           1751           1751        319.465        321.833        42.3327
           1752           1752         319.63            322        42.3243
           1753           1753        319.798        322.167        42.3071
           1754           1754        319.967        322.333        42.2909
           1755           1755        320.135          322.5        42.2785
           1756           1756        320.302        322.667         42.271
           1757           1757        320.475        322.833        42.2691
           1758           1758        320.647            323        42.2637
           1759           1759        320.809        323.167        42.2563
           1760           1760        320.977        323.333         42.247
           1761           1761        321.148          323.5        42.2385
           1762           1762        321.308        323.667          42.23
           1763           1763        321.471        323.833        42.2207
           1764           1764         321.65            324        42.2128
           1765           1765        321.822        324.167        42.2176
           1766           1766        321.986        324.333        42.2155
           1767           1767        322.159          324.5        42.2122
           1768           1768        322.321        324.667        42.2099
           1769           1769        322.486        324.833        42.2026
           1770           1770        322.657            325        42.2015
           1771           1771        322.821        325.167        42.2025
           1772           1772        322.984        325.333        42.2053
           1773           1773        323.162          325.5        42.2143
           1774           1774        323.325        325.667        42.2139
           1775           1775        323.494        325.833        42.2128
           1776           1776        323.658            326        42.2126
           1777           1777        323.831        326.167        42.2203
           1778           1778        323.999        326.333        42.2234
           1779           1779        324.168          326.5        42.2238
           1780           1780        324.336        326.667        42.2217
           1781           1781        324.508        326.833          42.22
           1782           1782        324.668            327        42.2111
           1783           1783        324.835        327.167        42.2075
           1784           1784        325.007        327.333        42.2041
           1785           1785         325.18          327.5        42.2003
           1786           1786        325.348        327.667        42.1925
           1787           1787        325.512        327.833        42.1842
           1788           1788        325.677            328        42.1741
           1789           1789        325.845        328.167        42.1644
           1790           1790        326.013        328.333        42.1572
           1791           1791        326.182          328.5        42.1537
           1792           1792        326.353        328.667        42.1506
           1793           1793        326.521        328.833        42.1473
           1794           1794        326.684            329        42.1405
           1795           1795        326.848        329.167        42.1355
           1796           1796        327.017        329.333        42.1339
           1797           1797        327.184          329.5        42.1356
           1798           1798        327.361        329.667        42.1471
           1799           1799        327.531        329.833        42.1465
           1800           1800        327.699            330         42.143
           1801           1801        327.866        330.167        42.1398
           1802           1802        328.029        330.333        42.1381
           1803           1803        328.198          330.5        42.1359
           1804           1804        328.367        330.667        42.1345
           1805           1805        328.542        330.833        42.1357
           1806           1806        328.712            331        42.1346
           1807           1807        328.876        331.167        42.1318
           1808           1808        329.038        331.333        42.1271
           1809           1809        329.207          331.5        42.1182
           1810           1810        329.379        331.667        42.1054
           1811           1811        329.545        331.833        42.0973
           1812           1812        329.713            332        42.0902
           1813           1813        329.881        332.167        42.0797
           1814           1814        330.058        332.333        42.0665
           1815           1815        330.217          332.5        42.0499
           1816           1816         330.39        332.667        42.0374
           1817           1817        330.552        332.833        42.0242
           1818           1818        330.715            333        42.0089
           1819           1819        330.889        333.167        41.9924
           1820           1820        331.059        333.333        41.9783
           1821           1821        331.227          333.5         41.965
           1822           1822        331.385        333.667          41.95
           1823           1823        331.557        333.833        41.9349
           1824           1824        331.726            334        41.9234
           1825           1825        331.897        334.167        41.9132
           1826           1826        332.061        334.333        41.9046
           1827           1827         332.23          334.5        41.8997
           1828           1828        332.395        334.667        41.8907
           1829           1829        332.566        334.833        41.8786
           1830           1830        332.728            335        41.8656
           1831           1831        332.902        335.167        41.8641
           1832           1832         333.07        335.333        41.8588
           1833           1833        333.239          335.5        41.8546
           1834           1834         333.41        335.667        41.8519
           1835           1835        333.576        335.833        41.8489
           1836           1836        333.747            336        41.8427
           1837           1837        333.904        336.167        41.8357
           1838           1838        334.075        336.333        41.8295
           1839           1839        334.241          336.5        41.8202
           1840           1840        334.416        336.667        41.8103
           1841           1841        334.583        336.833         41.801
           1842           1842        334.752            337        41.7914
           1843           1843        334.921        337.167        41.7839
           1844           1844        335.085        337.333        41.7747
           1845           1845        335.249          337.5        41.7639
           1846           1846        335.421        337.667        41.7527
           1847           1847        335.588        337.833        41.7423
           1848           1848        335.754            338        41.7296
           1849           1849        335.922        338.167        41.7173
           1850           1850        336.088        338.333        41.7043
           1851           1851        336.261          338.5        41.6907
           1852           1852        336.431        338.667        41.6819
           1853           1853        336.591        338.833        41.6723
           1854           1854        336.766            339        41.6618
           1855           1855        336.931        339.167        41.6507
           1856           1856        337.107        339.333        41.6427
           1857           1857        337.272          339.5        41.6324
           1858           1858        337.433        339.667        41.6191
           1859           1859        337.606        339.833        41.6047
           1860           1860         337.77            340        41.5893
           1861           1861        337.938        340.167         41.574
           1862           1862        338.108        340.333        41.5607
           1863           1863        338.275          340.5         41.549
           1864           1864        338.446        340.667        41.5412
           1865           1865        338.611        340.833         41.534
           1866           1866         338.78            341        41.5237
           1867           1867        338.943        341.167        41.5106
           1868           1868        339.115        341.333        41.4949
           1869           1869        339.284          341.5        41.4838
           1870           1870        339.445        341.667        41.4733
           1871           1871        339.621        341.833        41.4625
           1872           1872        339.793            342        41.4651
           1873           1873        339.956        342.167        41.4619
           1874           1874        340.131        342.333        41.4582
           1875           1875        340.289          342.5        41.4538
           1876           1876        340.457        342.667        41.4419
           1877           1877        340.622        342.833        41.4397
           1878           1878        340.801            343        41.4388
           1879           1879        340.962        343.167        41.4371
           1880           1880        341.135        343.333        41.4366
           1881           1881         341.31          343.5        41.4457
           1882           1882        341.475        343.667        41.4464
           1883           1883        341.647        343.833        41.4434
           1884           1884        341.806            344        41.4378
           1885           1885        341.978        344.167        41.4325
           1886           1886        342.155        344.333        41.4309
           1887           1887        342.318          344.5        41.4311
           1888           1888        342.482        344.667        41.4312
           1889           1889        342.656        344.833        41.4269
           1890           1890        342.815            345        41.4264
           1891           1891        342.992        345.167        41.4265
           1892           1892        343.153        345.333        41.4275
           1893           1893        343.319          345.5        41.4253
           1894           1894        343.489        345.667        41.4251
           1895           1895        343.661        345.833        41.4264
           1896           1896        343.829            346        41.4276
           1897           1897        343.993        346.167        41.4319
           1898           1898        344.162        346.333        41.4327
           1899           1899        344.332          346.5         41.433
           1900           1900        344.505        346.667        41.4311
           1901           1901        344.669        346.833        41.4299
           1902           1902        344.836            347        41.4314
           1903           1903        345.009        347.167        41.4354
           1904           1904        345.177        347.333        41.4413
           1905           1905        345.339          347.5        41.4463
           1906           1906        345.506        347.667         41.454
           1907           1907        345.679        347.833        41.4623
           1908           1908        345.842            348        41.4685
           1909           1909        346.009        348.167        41.4762
           1910           1910        346.185        348.333        41.4827
           1911           1911        346.351          348.5        41.4895
           1912           1912        346.526        348.667        41.4958
           1913           1913        346.691        348.833        41.5028
           1914           1914        346.865            349        41.5172
           1915           1915        347.029        349.167        41.5263
           1916           1916        347.201        349.333        41.5342
           1917           1917        347.361          349.5        41.5409
           1918           1918        347.532        349.667        41.5389
           1919           1919        347.703        349.833        41.5405
           1920           1920        347.873            350        41.5433
           1921           1921        348.045        350.167        41.5457
           1922           1922        348.216        350.333        41.5481
           1923           1923        348.385          350.5        41.5534
           1924           1924         348.55        350.667          41.56
           1925           1925        348.718        350.833        41.5661
           1926           1926        348.888            351         41.568
           1927           1927        349.053        351.167        41.5731
           1928           1928        349.222        351.333        41.5794
           1929           1929        349.391          351.5         41.587
           1930           1930        349.557        351.667        41.5978
           1931           1931         349.73        351.833        41.6055
           1932           1932        349.902            352         41.613
           1933           1933        350.072        352.167        41.6199
           1934           1934        350.239        352.333        41.6313
           1935           1935        350.408          352.5        41.6414
           1936           1936        350.574        352.667        41.6491
           1937           1937        350.744        352.833        41.6539
           1938           1938        350.912            353        41.6561
           1939           1939         351.08        353.167          41.66
           1940           1940        351.249        353.333        41.6661
           1941           1941        351.416          353.5        41.6718
           1942           1942        351.585        353.667        41.6724
           1943           1943        351.752        353.833        41.6762
           1944           1944        351.929            354        41.6805
           1945           1945        352.089        354.167        41.6823
           1946           1946        352.256        354.333         41.681
           1947           1947        352.425          354.5        41.6778
           1948           1948        352.598        354.667         41.675
           1949           1949        352.769        354.833        41.6681
           1950           1950        352.937            355        41.6609
           1951           1951        353.102        355.167        41.6556
           1952           1952        353.276        355.333        41.6545
           1953           1953        353.441          355.5        41.6539
           1954           1954         353.61        355.667        41.6512
           1955           1955        353.776        355.833        41.6383
           1956           1956        353.947            356        41.6329
           1957           1957        354.111        356.167         41.632
           1958           1958        354.274        356.333        41.6345
           1959           1959        354.449          356.5        41.6392
           1960           1960        354.624        356.667        41.6374
           1961           1961        354.791        356.833        41.6356
           1962           1962        354.958            357        41.6346
           1963           1963        355.124        357.167        41.6366
           1964           1964        355.295        357.333        41.6359
           1965           1965        355.462          357.5        41.6321
           1966           1966        355.639        357.667        41.6269
           1967           1967        355.804        357.833         41.628
           1968           1968        355.965            358         41.629
           1969           1969        356.137        358.167        41.6294
           1970           1970        356.304        358.333        41.6305
           1971           1971         356.48          358.5        41.6265
           1972           1972        356.641        358.667        41.6245
           1973           1973        356.811        358.833        41.6242
           1974           1974        356.976            359        41.6249
           1975           1975        357.144        359.167        41.6194
           1976           1976        357.316        359.333        41.6132
           1977           1977         357.49          359.5         41.605
           1978           1978        357.657        359.667        41.5957
           1979           1979        357.826        359.833        41.5869
           1980           1980        357.994            360         41.582
           1981           1981        358.162        360.167        41.5771
           1982           1982        358.333        360.333        41.5726
           1983           1983        358.498          360.5        41.5672
           1984           1984        358.663        360.667        41.5511
           1985           1985        358.833        360.833        41.5442
           1986           1986            359            361        41.5429
           1987           1987        359.165        361.167        41.5438
           1988           1988        359.338        361.333        41.5511
           1989           1989        359.513          361.5        41.5506
           1990           1990        359.678        361.667        41.5498
           1991           1991        359.849        361.833          41.55
           1992           1992        360.012            362        41.5561
           1993           1993        360.185        362.167        41.5579
           1994           1994        360.353        362.333        41.5582
           1995           1995        360.528          362.5        41.5608
           1996           1996        360.698        362.667        41.5691
           1997           1997        360.861        362.833        41.5772
           1998           1998        361.029            363        41.5848
           1999           1999        361.197        363.167        41.5899
           2000           2000        361.371        363.333         41.596
           2001           2001        361.541          363.5        41.6021
           2002           2002        361.702        363.667        41.6065
           2003           2003        361.874        363.833        41.6095
           2004           2004        362.042            364        41.6202
           2005           2005        362.215        364.167        41.6274
           2006           2006         362.39        364.333        41.6354
           2007           2007        362.552          364.5        41.6457
           2008           2008        362.719        364.667        41.6486
           2009           2009        362.891        364.833        41.6564
           2010           2010         363.06            365         41.669
           2011           2011        363.225        365.167        41.6841
           2012           2012        363.398        365.333        41.7007
           2013           2013        363.573          365.5        41.7222
           2014           2014        363.736        365.667        41.7372
           2015           2015        363.911        365.833        41.7485
           2016           2016        364.077            366          41.76
           2017           2017        364.247        366.167        41.7744
           2018           2018        364.419        366.333        41.7874
           2019           2019         364.59          366.5        41.8022
           2020           2020        364.764        366.667        41.8196
           2021           2021         364.93        366.833        41.8311
           2022           2022        365.099            367        41.8391
           2023           2023         365.26        367.167        41.8469
           2024           2024        365.428        367.333        41.8552
           2025           2025        365.596          367.5        41.8563
           2026           2026        365.767        367.667        41.8637
           2027           2027        365.939        367.833        41.8689
           2028           2028        366.112            368        41.8725
           2029           2029        366.275        368.167        41.8748
           2030           2030        366.443        368.333        41.8762
           2031           2031        366.607          368.5        41.8774
           2032           2032        366.779        368.667        41.8776
           2033           2033        366.944        368.833        41.8694
           2034           2034        367.122            369        41.8645
           2035           2035        367.285        369.167        41.8619
           2036           2036        367.449        369.333        41.8605
           2037           2037         367.62          369.5        41.8554
           2038           2038         367.79        369.667         41.857
           2039           2039        367.962        369.833        41.8588
           2040           2040        368.128            370        41.8567
           2041           2041        368.294        370.167        41.8575
           2042           2042         368.46        370.333        41.8556
           2043           2043         368.63          370.5        41.8562
           2044           2044        368.799        370.667        41.8611
           2045           2045        368.967        370.833        41.8678
           2046           2046        369.143            371        41.8839
           2047           2047        369.315        371.167        41.8935
           2048           2048        369.473        371.333        41.8993
           2049           2049        369.645          371.5        41.9017
           2050           2050        369.812        371.667        41.9072
           2051           2051        369.977        371.833        41.9126
           2052           2052        370.154            372        41.9176
           2053           2053        370.323        372.167        41.9201
           2054           2054        370.491        372.333        41.9306
           2055           2055        370.663          372.5        41.9346
           2056           2056        370.832        372.667        41.9339
           2057           2057        370.992        372.833        41.9328
           2058           2058        371.169            373        41.9238
           2059           2059        371.333        373.167        41.9233
           2060           2060        371.508        373.333        41.9245
           2061           2061        371.669          373.5        41.9237
           2062           2062        371.841        373.667        41.9199
           2063           2063        372.013        373.833        41.9174
           2064           2064        372.174            374        41.9149
           2065           2065        372.341        374.167        41.9132
           2066           2066        372.515        374.333        41.9159
           2067           2067        372.683          374.5        41.9189
           2068           2068        372.857        374.667        41.9208
           2069           2069        373.023        374.833        41.9203
           2070           2070        373.187            375        41.9277
           2071           2071         373.36        375.167        41.9322
           2072           2072        373.523        375.333        41.9319
           2073           2073        373.695          375.5        41.9316
           2074           2074        373.866        375.667        41.9395
           2075           2075        374.035        375.833        41.9421
           2076           2076        374.203            376        41.9439
           2077           2077         374.37        376.167        41.9451
           2078           2078        374.537        376.333        41.9471
           2079           2079        374.718          376.5        41.9507
           2080           2080        374.875        376.667        41.9534
           2081           2081        375.041        376.833        41.9557
           2082           2082        375.209            377        41.9588
           2083           2083        375.377        377.167         41.965
           2084           2084        375.549        377.333        41.9708
           2085           2085        375.712          377.5        41.9728
           2086           2086        375.886        377.667        41.9749
           2087           2087        376.056        377.833        41.9818
           2088           2088        376.226            378        41.9863
           2089           2089        376.391        378.167         41.991
           2090           2090        376.558        378.333        41.9951
           2091           2091        376.731          378.5        41.9987
           2092           2092        376.902        378.667             42
           2093           2093        377.066        378.833        41.9993
           2094           2094        377.227            379        41.9973
           2095           2095        377.402        379.167        41.9832
           2096           2096        377.567        379.333        41.9745
           2097           2097         377.74          379.5         41.967
           2098           2098        377.907        379.667        41.9607
           2099           2099        378.078        379.833        41.9558
           2100           2100        378.242            380        41.9531
           2101           2101        378.411        380.167        41.9495
           2102           2102        378.578        380.333        41.9449
           2103           2103        378.739          380.5        41.9337
           2104           2104        378.909        380.667        41.9305
           2105           2105        379.077        380.833        41.9288
           2106           2106        379.243            381         41.927
           2107           2107        379.418        381.167        41.9333
           2108           2108        379.586        381.333        41.9334
           2109           2109        379.755          381.5        41.9285
           2110           2110        379.924        381.667        41.9204
           2111           2111        380.088        381.833        41.9127
           2112           2112        380.263            382        41.9037
           2113           2113        380.433        382.167        41.8998
           2114           2114        380.596        382.333        41.8971
           2115           2115         380.76          382.5        41.8956
           2116           2116        380.931        382.667        41.8932
           2117           2117        381.103        382.833        41.8937
           2118           2118         381.26            383        41.8938
           2119           2119        381.429        383.167        41.8967
           2120           2120        381.599        383.333        41.9051
           2121           2121        381.767          383.5        41.9055
           2122           2122        381.939        383.667        41.9043
           2123           2123        382.109        383.833        41.9038
           2124           2124        382.282            384        41.9116
           2125           2125        382.453        384.167        41.9096
           2126           2126        382.616        384.333        41.9061
           2127           2127        382.785          384.5        41.9014
           2128           2128        382.956        384.667         41.891
           2129           2129        383.121        384.833        41.8868
           2130           2130        383.286            385        41.8827
           2131           2131        383.454        385.167        41.8778
           2132           2132        383.626        385.333        41.8598
           2133           2133        383.785          385.5        41.8474
           2134           2134        383.953        385.667        41.8392
           2135           2135        384.124        385.833        41.8328
           2136           2136        384.289            386        41.8242
           2137           2137        384.463        386.167        41.8124
           2138           2138        384.631        386.333        41.7998
           2139           2139        384.802          386.5         41.788
           2140           2140        384.961        386.667        41.7666
           2141           2141         385.13        386.833        41.7482
           2142           2142        385.298            387        41.7327
           2143           2143        385.474        387.167        41.7206
           2144           2144        385.638        387.333        41.7118
           2145           2145        385.806          387.5        41.7041
           2146           2146         385.97        387.667         41.699
           2147           2147        386.139        387.833        41.6917
           2148           2148        386.302            388        41.6835
           2149           2149         386.47        388.167        41.6742
           2150           2150        386.639        388.333        41.6629
           2151           2151        386.806          388.5        41.6545
           2152           2152        386.982        388.667        41.6463
           2153           2153        387.156        388.833        41.6519
           2154           2154        387.325            389        41.6488
           2155           2155        387.493        389.167        41.6473
           2156           2156        387.653        389.333        41.6439
           2157           2157        387.823          389.5         41.623
           2158           2158        387.989        389.667        41.6118
           2159           2159        388.157        389.833        41.6084
           2160           2160        388.327            390        41.6096
           2161           2161        388.495        390.167        41.6109
           2162           2162        388.664        390.333        41.6056
           2163           2163        388.834          390.5        41.6012
           2164           2164        389.006        390.667        41.5964
           2165           2165        389.168        390.833        41.5999
           2166           2166        389.329            391        41.6038
           2167           2167        389.505        391.167        41.6066
           2168           2168        389.678        391.333         41.607
           2169           2169        389.849          391.5        41.6164
           2170           2170        390.008        391.667        41.6222
           2171           2171        390.173        391.833        41.6268
           2172           2172        390.345            392        41.6286
           2173           2173        390.515        392.167         41.634
           2174           2174        390.689        392.333        41.6355
           2175           2175        390.854          392.5        41.6363
           2176           2176        391.021        392.667        41.6393
           2177           2177        391.191        392.833        41.6418
           2178           2178         391.36            393        41.6354
           2179           2179        391.528        393.167        41.6306
           2180           2180        391.698        393.333        41.6284
           2181           2181        391.863          393.5        41.6259
           2182           2182        392.031        393.667        41.6181
           2183           2183        392.196        393.833        41.6112
           2184           2184         392.37            394        41.6043
           2185           2185        392.542        394.167        41.5982
           2186           2186        392.708        394.333        41.5906
           2187           2187        392.868          394.5        41.5846
           2188           2188        393.039        394.667         41.578
           2189           2189        393.213        394.833        41.5706
           2190           2190        393.381            395        41.5644
           2191           2191        393.547        395.167        41.5541
           2192           2192        393.713        395.333        41.5429
           2193           2193         393.88          395.5        41.5327
           2194           2194        394.052        395.667        41.5214
           2195           2195        394.221        395.833        41.5113
           2196           2196        394.388            396        41.5043
           2197           2197        394.549        396.167        41.4976
           2198           2198        394.725        396.333        41.4883
           2199           2199        394.892          396.5        41.4821
           2200           2200        395.055        396.667        41.4769
           2201           2201        395.221        396.833        41.4731
           2202           2202        395.392            397        41.4795
           2203           2203        395.557        397.167        41.4763
           2204           2204         395.73        397.333          41.47
           2205           2205        395.901          397.5         41.466
           2206           2206        396.068        397.667        41.4668
           2207           2207        396.241        397.833        41.4624
           2208           2208        396.401            398        41.4545
           2209           2209        396.577        398.167        41.4443
           2210           2210        396.746        398.333        41.4365
           2211           2211        396.914          398.5        41.4234
           2212           2212        397.068        398.667        41.4156
           2213           2213        397.246        398.833        41.4098
           2214           2214        397.411            399        41.4039
           2215           2215        397.578        399.167        41.3881
           2216           2216        397.747        399.333        41.3759
           2217           2217        397.909          399.5        41.3636
           2218           2218        398.077        399.667        41.3541
           2219           2219        398.254        399.833        41.3506
           2220           2220        398.419            400        41.3444
           2221           2221        398.591        400.167         41.341
           2222           2222        398.758        400.333        41.3377
           2223           2223        398.926          400.5        41.3367
           2224           2224        399.091        400.667        41.3379
           2225           2225        399.254        400.833        41.3394
           2226           2226        399.427            401        41.3405
           2227           2227        399.599        401.167        41.3502
           2228           2228        399.762        401.333        41.3556
           2229           2229        399.935          401.5        41.3559
           2230           2230        400.105        401.667        41.3563
           2231           2231        400.275        401.833        41.3634
           2232           2232        400.443            402        41.3639
           2233           2233        400.612        402.167        41.3641
           2234           2234         400.78        402.333        41.3651
           2235           2235        400.945          402.5        41.3564
           2236           2236        401.117        402.667        41.3567
           2237           2237        401.285        402.833        41.3595
           2238           2238        401.445            403        41.3621
           2239           2239        401.618        403.167        41.3586
           2240           2240        401.784        403.333        41.3605
           2241           2241        401.952          403.5        41.3636
           2242           2242        402.124        403.667         41.364
           2243           2243        402.292        403.833        41.3632
           2244           2244        402.454            404        41.3702
           2245           2245        402.634        404.167        41.3721
           2246           2246        402.801        404.333        41.3724
           2247           2247        402.967          404.5        41.3733
           2248           2248        403.134        404.667        41.3725
           2249           2249        403.302        404.833        41.3707
           2250           2250        403.476            405        41.3678
           2251           2251        403.634        405.167        41.3639
           2252           2252        403.808        405.333        41.3503
           2253           2253        403.975          405.5        41.3429
           2254           2254        404.143        405.667        41.3379
           2255           2255        404.313        405.833        41.3329
           2256           2256        404.479            406        41.3275
           2257           2257         404.65        406.167        41.3245
           2258           2258        404.813        406.333        41.3235
           2259           2259        404.979          406.5        41.3224
           2260           2260        405.149        406.667        41.3209
           2261           2261        405.311        406.833        41.3209
           2262           2262        405.486            407        41.3204
           2263           2263        405.649        407.167        41.3193
           2264           2264         405.82        407.333        41.3267
           2265           2265        405.985          407.5        41.3253
           2266           2266        406.158        407.667        41.3208
           2267           2267        406.327        407.833         41.315
           2268           2268        406.491            408        41.3114
           2269           2269        406.662        408.167        41.3075
           2270           2270        406.828        408.333         41.301
           2271           2271        406.996          408.5        41.2948
           2272           2272         407.16        408.667        41.2765
           2273           2273         407.33        408.833        41.2655
           2274           2274        407.498            409        41.2561
           2275           2275         407.66        409.167        41.2452
           2276           2276        407.832        409.333        41.2352
           2277           2277        408.001          409.5        41.2245
           2278           2278        408.168        409.667        41.2142
           2279           2279        408.336        409.833         41.203
           2280           2280        408.505            410        41.1945
           2281           2281        408.671        410.167        41.1885
           2282           2282        408.841        410.333        41.1866
           2283           2283        409.009          410.5         41.185
           2284           2284        409.171        410.667        41.1829
           2285           2285        409.344        410.833        41.1877
           2286           2286        409.512            411        41.1859
           2287           2287         409.68        411.167        41.1836
           2288           2288        409.847        411.333        41.1806
           2289           2289        410.021          411.5        41.1914
           2290           2290        410.192        411.667        41.1936
           2291           2291        410.357        411.833        41.1955
           2292           2292        410.525            412        41.1984
           2293           2293        410.694        412.167        41.1971
           2294           2294        410.861        412.333        41.1946
           2295           2295        411.026          412.5        41.1928
           2296           2296        411.196        412.667        41.1905
           2297           2297        411.366        412.833        41.1896
           2298           2298        411.534            413        41.1871
           2299           2299        411.698        413.167        41.1809
           2300           2300        411.873        413.333        41.1734
           2301           2301        412.043          413.5        41.1725
           2302           2302        412.211        413.667        41.1733
           2303           2303         412.37        413.833        41.1752
           2304           2304        412.543            414        41.1768
           2305           2305        412.711        414.167        41.1721
           2306           2306        412.882        414.333        41.1713
           2307           2307        413.045          414.5        41.1692
           2308           2308        413.207        414.667        41.1679
           2309           2309        413.378        414.833        41.1661
           2310           2310        413.556            415        41.1741
           2311           2311        413.724        415.167        41.1769
           2312           2312        413.895        415.333         41.181
           2313           2313        414.054          415.5        41.1845
           2314           2314        414.231        415.667        41.1764
           2315           2315        414.391        415.833        41.1728
           2316           2316        414.564            416         41.174
           2317           2317        414.731        416.167        41.1775
           2318           2318        414.898        416.333        41.1742
           2319           2319        415.062          416.5        41.1699
           2320           2320        415.239        416.667        41.1688
           2321           2321        415.409        416.833        41.1693
           2322           2322        415.572            417        41.1613
           2323           2323        415.734        417.167        41.1552
           2324           2324        415.909        417.333        41.1495
           2325           2325         416.08          417.5        41.1413
           2326           2326        416.248        417.667        41.1307
           2327           2327        416.409        417.833         41.119
           2328           2328        416.579            418        41.1089
           2329           2329        416.754        418.167        41.1002
           2330           2330        416.916        418.333         41.083
           2331           2331        417.084          418.5        41.0671
           2332           2332        417.255        418.667        41.0521
           2333           2333        417.419        418.833        41.0366
           2334           2334        417.585            419        41.0128
           2335           2335        417.752        419.167        40.9923
           2336           2336        417.919        419.333        40.9727
           2337           2337        418.088          419.5        40.9547
           2338           2338        418.259        419.667        40.9344
           2339           2339         418.42        419.833        40.9134
           2340           2340        418.589            420        40.8967
           2341           2341         418.76        420.167        40.8825
           2342           2342        418.921        420.333        40.8687
           2343           2343        419.093          420.5        40.8553
           2344           2344        419.256        420.667        40.8478
           2345           2345        419.429        420.833        40.8416
           2346           2346        419.597            421        40.8355
           2347           2347         419.76        421.167        40.8415
           2348           2348        419.929        421.333        40.8365
           2349           2349          420.1          421.5        40.8264
           2350           2350         420.27        421.667        40.8148
           2351           2351         420.44        421.833        40.8245
           2352           2352        420.613            422        40.8286
           2353           2353         420.78        422.167        40.8309
           2354           2354        420.945        422.333        40.8323
           2355           2355        421.119          422.5        40.8281
           2356           2356         421.28        422.667        40.8273
           2357           2357        421.448        422.833        40.8294
           2358           2358        421.606            423        40.8333
           2359           2359         421.78        423.167        40.8425
           2360           2360        421.957        423.333        40.8467
           2361           2361        422.126          423.5        40.8487
           2362           2362        422.289        423.667        40.8497
           2363           2363        422.458        423.833        40.8577
           2364           2364        422.625            424        40.8619
           2365           2365        422.797        424.167        40.8663
           2366           2366        422.963        424.333        40.8701
           2367           2367        423.139          424.5        40.8733
           2368           2368        423.299        424.667        40.8757
           2369           2369        423.467        424.833         40.879
           2370           2370         423.63            425        40.8822
           2371           2371        423.802        425.167        40.8791
           2372           2372         423.97        425.333        40.8798
           2373           2373        424.138          425.5        40.8837
           2374           2374        424.307        425.667        40.8896
           2375           2375        424.474        425.833        40.8956
           2376           2376        424.642            426        40.8995
           2377           2377        424.811        426.167        40.9002
           2378           2378        424.978        426.333        40.9004
           2379           2379        425.143          426.5        40.9018
           2380           2380        425.314        426.667        40.9033
           2381           2381        425.477        426.833        40.9021
           2382           2382        425.652            427        40.9046
           2383           2383         425.82        427.167         40.909
           2384           2384        425.984        427.333        40.9098
           2385           2385        426.154          427.5          40.91
           2386           2386        426.316        427.667        40.9079
           2387           2387        426.483        427.833        40.9067
           2388           2388        426.655            428        40.9069
           2389           2389        426.815        428.167        40.9085
           2390           2390        426.987        428.333        40.9105
           2391           2391        427.162          428.5        40.9102
           2392           2392         427.33        428.667        40.9065
           2393           2393        427.495        428.833        40.8999
           2394           2394        427.656            429        40.8937
           2395           2395        427.827        429.167         40.887
           2396           2396        427.998        429.333        40.8834
           2397           2397        428.166          429.5        40.8847
           2398           2398        428.335        429.667        40.8861
           2399           2399          428.5        429.833        40.8871
           2400           2400        428.664            430        40.8785
           2401           2401        428.824        430.167        40.8741
           2402           2402        428.999        430.333        40.8707
           2403           2403        429.166          430.5        40.8687
           2404           2404        429.337        430.667        40.8795
           2405           2405        429.508        430.833        40.8853
           2406           2406         429.68            431        40.8888
           2407           2407         429.84        431.167        40.8896
           2408           2408        430.011        431.333        40.8872
           2409           2409        430.181          431.5        40.8814
           2410           2410        430.347        431.667        40.8782
           2411           2411        430.512        431.833        40.8768
           2412           2412        430.684            432        40.8753
           2413           2413        430.855        432.167        40.8664
           2414           2414        431.028        432.333        40.8579
           2415           2415         431.19          432.5        40.8512
           2416           2416        431.355        432.667        40.8459
           2417           2417        431.524        432.833        40.8267
           2418           2418        431.692            433        40.8186
           2419           2419        431.861        433.167        40.8124
           2420           2420        432.029        433.333        40.8061
           2421           2421        432.194          433.5        40.7953
           2422           2422        432.356        433.667        40.7884
           2423           2423        432.528        433.833        40.7824
           2424           2424        432.698            434         40.778
           2425           2425        432.866        434.167        40.7814
           2426           2426         433.03        434.333        40.7788
           2427           2427        433.208          434.5        40.7714
           2428           2428        433.373        434.667        40.7644
           2429           2429        433.532        434.833        40.7607
           2430           2430        433.706            435        40.7567
           2431           2431        433.874        435.167        40.7537
           2432           2432        434.044        435.333        40.7504
           2433           2433        434.214          435.5        40.7473
           2434           2434        434.378        435.667        40.7468
           2435           2435        434.545        435.833         40.749
           2436           2436        434.706            436        40.7494
           2437           2437        434.885        436.167        40.7476
           2438           2438        435.045        436.333        40.7458
           2439           2439        435.216          436.5         40.744
           2440           2440        435.385        436.667        40.7402
           2441           2441        435.552        436.833        40.7373
           2442           2442        435.719            437        40.7406
           2443           2443        435.898        437.167        40.7384
           2444           2444        436.061        437.333        40.7359
           2445           2445        436.229          437.5        40.7325
           2446           2446        436.397        437.667        40.7238
           2447           2447        436.565        437.833        40.7237
           2448           2448         436.73            438        40.7248
           2449           2449        436.895        438.167        40.7217
           2450           2450        437.072        438.333        40.7181
           2451           2451        437.233          438.5        40.7174
           2452           2452        437.399        438.667        40.7165
           2453           2453        437.567        438.833        40.7151
           2454           2454        437.738            439        40.7132
           2455           2455        437.905        439.167        40.7093
           2456           2456         438.08        439.333        40.7065
           2457           2457        438.243          439.5        40.7072
           2458           2458        438.403        439.667        40.7008
           2459           2459        438.578        439.833        40.6995
           2460           2460        438.747            440        40.6969
           2461           2461        438.917        440.167        40.6898
           2462           2462        439.082        440.333        40.6799
           2463           2463        439.246          440.5        40.6687
           2464           2464        439.415        440.667         40.664
           2465           2465        439.585        440.833        40.6621
           2466           2466        439.754            441        40.6552
           2467           2467        439.918        441.167        40.6434
           2468           2468        440.092        441.333        40.6284
           2469           2469        440.247          441.5        40.6138
           2470           2470        440.417        441.667         40.594
           2471           2471        440.581        441.833        40.5863
           2472           2472        440.751            442         40.581
           2473           2473        440.932        442.167        40.5757
           2474           2474         441.09        442.333        40.5699
           2475           2475        441.255          442.5        40.5538
           2476           2476        441.415        442.667        40.5383
           2477           2477        441.587        442.833        40.5236
           2478           2478        441.755            443        40.5071
           2479           2479        441.932        443.167        40.5001
           2480           2480        442.102        443.333        40.4899
           2481           2481        442.263          443.5        40.4798
           2482           2482        442.432        443.667        40.4675
           2483           2483         442.59        443.833        40.4409
           2484           2484        442.754            444        40.4267
           2485           2485         442.93        444.167        40.4155
           2486           2486        443.089        444.333         40.405
           2487           2487        443.258          444.5        40.3974
           2488           2488        443.427        444.667        40.3917
           2489           2489        443.598        444.833        40.3872
           2490           2490        443.765            445        40.3808
           2491           2491        443.929        445.167         40.386
           2492           2492        444.097        445.333         40.386
           2493           2493        444.269          445.5        40.3822
           2494           2494        444.431        445.667        40.3773
           2495           2495        444.598        445.833        40.3705
           2496           2496        444.763            446        40.3635
           2497           2497        444.938        446.167        40.3554
           2498           2498        445.105        446.333        40.3467
           2499           2499        445.274          446.5         40.343
           2500           2500        445.446        446.667        40.3431
           2501           2501        445.611        446.833         40.342
           2502           2502        445.771            447         40.338
           2503           2503        445.938        447.167         40.315
           2504           2504        446.107        447.333        40.2986
           2505           2505        446.278          447.5        40.2812
           2506           2506        446.442        447.667        40.2628
           2507           2507         446.61        447.833        40.2439
           2508           2508        446.786            448         40.237
           2509           2509         446.95        448.167        40.2265
           2510           2510        447.122        448.333        40.2164
           2511           2511        447.277          448.5        40.2058
           2512           2512        447.445        448.667        40.1733
           2513           2513        447.611        448.833        40.1516
           2514           2514        447.776            449        40.1371
           2515           2515        447.945        449.167         40.128
           2516           2516        448.112        449.333        40.1294
           2517           2517        448.285          449.5        40.1216
           2518           2518         448.45        449.667        40.1099
           2519           2519        448.622        449.833        40.0952
           2520           2520        448.786            450        40.0858
           2521           2521        448.949        450.167        40.0755
           2522           2522        449.112        450.333        40.0667
           2523           2523        449.289          450.5        40.0563
           2524           2524        449.454        450.667        40.0427
           2525           2525        449.617        450.833        40.0272
           2526           2526         449.79            451        40.0138
           2527           2527        449.952        451.167        40.0023
           2528           2528        450.118        451.333        39.9791
           2529           2529         450.29          451.5        39.9613
           2530           2530        450.457        451.667        39.9444
           2531           2531        450.623        451.833        39.9276
           2532           2532        450.786            452        39.9064
           2533           2533        450.954        452.167        39.8898
           2534           2534        451.118        452.333        39.8775
           2535           2535        451.293          452.5        39.8641
           2536           2536        451.456        452.667        39.8579
           2537           2537        451.622        452.833        39.8485
           2538           2538        451.788            453        39.8372
           2539           2539        451.954        453.167        39.8234
           2540           2540        452.121        453.333         39.807
           2541           2541        452.288          453.5        39.7899
           2542           2542        452.458        453.667        39.7694
           2543           2543        452.632        453.833        39.7461
           2544           2544        452.792            454        39.7232
           2545           2545        452.966        454.167        39.7046
           2546           2546         453.13        454.333        39.6932
           2547           2547        453.296          454.5         39.683
           2548           2548        453.454        454.667        39.6552
           2549           2549        453.628        454.833        39.6403
           2550           2550        453.789            455        39.6273
           2551           2551        453.951        455.167        39.6126
           2552           2552        454.117        455.333        39.6074
           2553           2553        454.289          455.5        39.5985
           2554           2554        454.465        455.667        39.5891
           2555           2555        454.634        455.833        39.5797
           2556           2556        454.797            456        39.5864
           2557           2557        454.965        456.167        39.5816
           2558           2558        455.134        456.333        39.5746
           2559           2559        455.296          456.5        39.5674
           2560           2560        455.468        456.667        39.5555
           2561           2561        455.636        456.833        39.5494
           2562           2562        455.804            457        39.5414
           2563           2563         455.97        457.167        39.5314
           2564           2564        456.138        457.333        39.5307
           2565           2565          456.3          457.5          39.53
           2566           2566        456.469        457.667         39.532
           2567           2567        456.637        457.833        39.5361
           2568           2568        456.796            458         39.539
           2569           2569        456.972        458.167        39.5412
           2570           2570        457.137        458.333        39.5443
           2571           2571        457.303          458.5        39.5456
           2572           2572        457.469        458.667        39.5484
           2573           2573        457.643        458.833        39.5501
           2574           2574        457.805            459        39.5543
           2575           2575        457.983        459.167        39.5606
           2576           2576        458.148        459.333        39.5703
           2577           2577        458.311          459.5        39.5724
           2578           2578        458.484        459.667        39.5698
           2579           2579        458.647        459.833        39.5657
           2580           2580        458.808            460        39.5529
           2581           2581        458.977        460.167        39.5481
           2582           2582        459.145        460.333        39.5468
           2583           2583         459.32          460.5        39.5498
           2584           2584        459.488        460.667        39.5507
           2585           2585        459.651        460.833        39.5517
           2586           2586        459.816            461        39.5551
           2587           2587        459.976        461.167        39.5567
           2588           2588        460.146        461.333        39.5551
           2589           2589        460.314          461.5         39.558
           2590           2590        460.483        461.667         39.565
           2591           2591        460.656        461.833        39.5746
           2592           2592        460.821            462        39.5984
           2593           2593        460.987        462.167        39.6106
           2594           2594        461.155        462.333         39.619
           2595           2595        461.328          462.5         39.626
           2596           2596        461.492        462.667         39.632
           2597           2597         461.66        462.833        39.6365
           2598           2598        461.831            463        39.6406
           2599           2599        462.001        463.167        39.6418
           2600           2600        462.168        463.333        39.6403
           2601           2601        462.336          463.5        39.6379
           2602           2602        462.503        463.667         39.632
           2603           2603        462.669        463.833        39.6262
           2604           2604        462.832            464        39.5982
           2605           2605        463.003        464.167        39.5791
           2606           2606        463.174        464.333        39.5629
           2607           2607        463.336          464.5        39.5503
           2608           2608        463.503        464.667        39.5293
           2609           2609        463.672        464.833        39.5164
           2610           2610        463.836            465        39.5056
           2611           2611        464.004        465.167        39.4968
           2612           2612        464.176        465.333        39.4807
           2613           2613        464.335          465.5         39.464
           2614           2614        464.503        465.667        39.4496
           2615           2615        464.672        465.833        39.4355
           2616           2616        464.848            466        39.4389
           2617           2617        465.012        466.167        39.4326
           2618           2618        465.184        466.333        39.4249
           2619           2619        465.348          466.5        39.4186
           2620           2620        465.519        466.667        39.4099
           2621           2621         465.68        466.833        39.3965
           2622           2622        465.846            467        39.3853
           2623           2623        466.016        467.167        39.3765
           2624           2624        466.184        467.333        39.3774
           2625           2625        466.353          467.5        39.3773
           2626           2626        466.523        467.667        39.3736
           2627           2627        466.688        467.833        39.3688
           2628           2628        466.862            468        39.3745
           2629           2629        467.021        468.167        39.3763
           2630           2630        467.185        468.333        39.3742
           2631           2631        467.353          468.5        39.3711
           2632           2632        467.523        468.667        39.3784
           2633           2633        467.693        468.833        39.3809
           2634           2634        467.867            469        39.3849
           2635           2635        468.021        469.167        39.3907
           2636           2636        468.202        469.333         39.392
           2637           2637        468.367          469.5        39.3923
           2638           2638        468.533        469.667        39.3912
           2639           2639        468.693        469.833        39.3887
           2640           2640        468.871            470        39.3854
           2641           2641        469.031        470.167        39.3801
           2642           2642        469.205        470.333        39.3755
           2643           2643        469.376          470.5        39.3744
           2644           2644        469.543        470.667        39.3734
           2645           2645        469.703        470.833        39.3572
           2646           2646        469.872            471        39.3473
           2647           2647        470.041        471.167        39.3403
           2648           2648        470.202        471.333        39.3334
           2649           2649        470.376          471.5        39.3248
           2650           2650        470.539        471.667        39.3136
           2651           2651        470.712        471.833        39.2998
           2652           2652         470.88            472        39.2871
           2653           2653        471.043        472.167        39.2747
           2654           2654         471.21        472.333        39.2627
           2655           2655        471.378          472.5        39.2516
           2656           2656        471.544        472.667        39.2383
           2657           2657        471.715        472.833        39.2248
           2658           2658        471.878            473        39.2171
           2659           2659        472.043        473.167        39.2125
           2660           2660        472.211        473.333        39.2081
           2661           2661        472.379          473.5        39.1994
           2662           2662        472.546        473.667        39.1899
           2663           2663        472.718        473.833        39.1799
           2664           2664        472.882            474        39.1696
           2665           2665        473.048        474.167        39.1594
           2666           2666        473.223        474.333        39.1434
           2667           2667        473.391          474.5        39.1259
           2668           2668        473.562        474.667        39.1122
           2669           2669        473.723        474.833        39.1023
           2670           2670        473.888            475        39.0919
           2671           2671        474.058        475.167        39.0812
           2672           2672        474.221        475.333         39.076
           2673           2673        474.389          475.5        39.0743
           2674           2674        474.551        475.667        39.0678
           2675           2675        474.715        475.833        39.0693
           2676           2676        474.886            476        39.0717
           2677           2677        475.061        476.167        39.0722
           2678           2678        475.232        476.333        39.0989
           2679           2679         475.39          476.5        39.1042
           2680           2680        475.561        476.667        39.1043
           2681           2681        475.734        476.833        39.1075
           2682           2682        475.902            477        39.1202
           2683           2683         476.07        477.167        39.1259
           2684           2684        476.239        477.333        39.1288
           2685           2685        476.399          477.5        39.1332
           2686           2686        476.569        477.667        39.1259
           2687           2687        476.739        477.833        39.1265
           2688           2688        476.899            478        39.1293
           2689           2689        477.067        478.167        39.1343
           2690           2690        477.241        478.333         39.145
           2691           2691        477.407          478.5        39.1547
           2692           2692        477.566        478.667        39.1619
           2693           2693        477.739        478.833         39.166
           2694           2694        477.903            479        39.1715
           2695           2695        478.071        479.167        39.1796
           2696           2696         478.24        479.333        39.1861
           2697           2697        478.406          479.5        39.1919
           2698           2698        478.577        479.667        39.2062
           2699           2699        478.743        479.833        39.2161
           2700           2700        478.914            480        39.2251
           2701           2701        479.077        480.167        39.2356
           2702           2702        479.244        480.333        39.2454
           2703           2703        479.417          480.5         39.258
           2704           2704        479.584        480.667        39.2714
           2705           2705         479.75        480.833        39.2823
           2706           2706        479.916            481        39.2858
           2707           2707        480.086        481.167        39.2975
           2708           2708        480.249        481.333        39.3045
           2709           2709        480.418          481.5        39.3088
           2710           2710         480.59        481.667        39.3118
           2711           2711        480.757        481.833        39.3103
           2712           2712        480.926            482        39.3079
           2713           2713        481.092        482.167        39.3014
           2714           2714        481.258        482.333        39.2933
           2715           2715        481.417          482.5        39.2608
           2716           2716        481.596        482.667        39.2447
           2717           2717        481.759        482.833        39.2352
           2718           2718        481.927            483        39.2287
           2719           2719        482.094        483.167        39.2145
           2720           2720         482.26        483.333        39.2036
           2721           2721        482.424          483.5         39.197
           2722           2722        482.587        483.667        39.1906
           2723           2723        482.757        483.833        39.1714
           2724           2724        482.922            484        39.1574
           2725           2725        483.091        484.167        39.1466
           2726           2726        483.263        484.333        39.1361
           2727           2727        483.432          484.5        39.1254
           2728           2728        483.592        484.667        39.1096
           2729           2729        483.764        484.833        39.0927
           2730           2730        483.936            485        39.0771
           2731           2731        484.096        485.167        39.0529
           2732           2732        484.263        485.333        39.0355
           2733           2733        484.435          485.5        39.0199
           2734           2734        484.603        485.667        39.0001
           2735           2735        484.762        485.833         38.974
           2736           2736        484.926            486        38.9497
           2737           2737        485.098        486.167        38.9269
           2738           2738        485.264        486.333        38.9067
           2739           2739        485.439          486.5        38.8869
           2740           2740        485.602        486.667        38.8698
           2741           2741        485.771        486.833        38.8495
           2742           2742        485.936            487         38.827
           2743           2743        486.098        487.167        38.8059
           2744           2744        486.267        487.333        38.7909
           2745           2745         486.43          487.5        38.7778
           2746           2746        486.602        487.667        38.7626
           2747           2747         486.77        487.833        38.7468
           2748           2748        486.936            488        38.7419
           2749           2749        487.099        488.167        38.7316
           2750           2750        487.269        488.333         38.722
           2751           2751        487.434          488.5        38.7167
           2752           2752        487.608        488.667        38.7179
           2753           2753        487.778        488.833        38.7101
           2754           2754        487.943            489        38.6968
           2755           2755        488.109        489.167        38.6821
           2756           2756        488.277        489.333        38.6657
           2757           2757        488.446          489.5        38.6514
           2758           2758         488.61        489.667        38.6356
           2759           2759        488.788        489.833        38.6211
           2760           2760        488.945            490        38.6101
           2761           2761        489.117        490.167        38.6003
           2762           2762        489.279        490.333        38.5933
           2763           2763        489.445          490.5        38.5885
           2764           2764        489.613        490.667        38.5695
           2765           2765        489.781        490.833        38.5562
           2766           2766        489.946            491        38.5478
           2767           2767        490.113        491.167        38.5381
           2768           2768        490.286        491.333        38.5418
           2769           2769        490.453          491.5        38.5377
           2770           2770        490.618        491.667        38.5299
           2771           2771         490.79        491.833        38.5196
           2772           2772        490.961            492        38.5107
           2773           2773        491.117        492.167        38.4966
           2774           2774        491.291        492.333        38.4858
           2775           2775        491.459          492.5        38.4816
           2776           2776         491.62        492.667        38.4809
           2777           2777        491.793        492.833         38.475
           2778           2778         491.96            493        38.4672
           2779           2779        492.124        493.167        38.4586
           2780           2780        492.294        493.333        38.4453
           2781           2781        492.465          493.5        38.4401
           2782           2782        492.623        493.667         38.439
           2783           2783        492.793        493.833          38.44
           2784           2784        492.969            494        38.4393
           2785           2785        493.136        494.167        38.4468
           2786           2786        493.294        494.333        38.4517
           2787           2787        493.464          494.5        38.4518
           2788           2788        493.628        494.667        38.4528
           2789           2789        493.793        494.833        38.4558
           2790           2790        493.966            495        38.4656
           2791           2791        494.141        495.167        38.4802
           2792           2792          494.3        495.333        38.4976
           2793           2793        494.468          495.5        38.5261
           2794           2794         494.64        495.667        38.5422
           2795           2795        494.806        495.833        38.5556
           2796           2796        494.969            496        38.5701
           2797           2797         495.14        496.167        38.5942
           2798           2798        495.308        496.333          38.61
           2799           2799        495.482          496.5        38.6225
           2800           2800        495.652        496.667        38.6335
           2801           2801        495.824        496.833        38.6384
           2802           2802        495.985            497        38.6438
           2803           2803         496.15        497.167        38.6468
           2804           2804        496.317        497.333        38.6469
           2805           2805        496.489          497.5         38.648
           2806           2806        496.656        497.667        38.6419
           2807           2807        496.821        497.833        38.6505
           2808           2808        496.989            498        38.6624
           2809           2809        497.148        498.167         38.672
           2810           2810        497.319        498.333        38.6596
           2811           2811        497.493          498.5         38.656
           2812           2812        497.651        498.667        38.6547
           2813           2813        497.823        498.833        38.6554
           2814           2814        497.988            499        38.6768
           2815           2815        498.172        499.167        38.6819
           2816           2816        498.332        499.333        38.6834
           2817           2817        498.503          499.5        38.6811
           2818           2818        498.661        499.667        38.6629
           2819           2819        498.828        499.833        38.6608
           2820           2820        498.997            500        38.6647
           2821           2821        499.164        500.167        38.6695
           2822           2822        499.335        500.333        38.6795
           2823           2823        499.503          500.5        38.6849
           2824           2824        499.667        500.667        38.6913
           2825           2825        499.834        500.833        38.6994
           2826           2826            500            501        38.7033
           2827           2827        500.167        501.167        38.7094
           2828           2828        500.344        501.333        38.7172
           2829           2829        500.508          501.5        38.7245
           2830           2830        500.683        501.667        38.7439
           2831           2831        500.844        501.833        38.7553
           2832           2832        501.012            502        38.7652
           2833           2833        501.184        502.167        38.7737
           2834           2834        501.348        502.333        38.7775
           2835           2835        501.511          502.5        38.7808
           2836           2836         501.69        502.667        38.7809
           2837           2837        501.855        502.833        38.7775
           2838           2838        502.024            503        38.7747
           2839           2839        502.192        503.167        38.7685
           2840           2840        502.363        503.333        38.7583
           2841           2841        502.532          503.5        38.7483
           2842           2842        502.695        503.667        38.7419
           2843           2843        502.864        503.833        38.7254
           2844           2844         503.03            504        38.7186
           2845           2845        503.194        504.167        38.7145
           2846           2846        503.362        504.333        38.7127
           2847           2847        503.536          504.5        38.7144
           2848           2848        503.695        504.667        38.7176
           2849           2849        503.861        504.833        38.7229
           2850           2850        504.029            505        38.7284
           2851           2851        504.206        505.167        38.7432
           2852           2852         504.37        505.333        38.7424
           2853           2853        504.539          505.5        38.7377
           2854           2854        504.705        505.667        38.7317
           2855           2855        504.878        505.833        38.7323
           2856           2856        505.043            506         38.734
           2857           2857        505.213        506.167        38.7298
           2858           2858        505.383        506.333        38.7235
           2859           2859        505.549          506.5        38.7011
           2860           2860         505.71        506.667        38.6936
           2861           2861        505.876        506.833         38.686
           2862           2862        506.045            507        38.6779
           2863           2863        506.206        507.167        38.6687
           2864           2864        506.384        507.333         38.657
           2865           2865        506.549          507.5        38.6411
           2866           2866        506.712        507.667        38.6239
           2867           2867        506.878        507.833        38.6128
           2868           2868         507.05            508        38.6062
           2869           2869        507.218        508.167        38.5986
           2870           2870        507.382        508.333        38.5918
           2871           2871        507.553          508.5        38.5872
           2872           2872        507.718        508.667        38.5862
           2873           2873        507.884        508.833        38.5867
           2874           2874        508.047            509        38.5876
           2875           2875        508.213        509.167        38.5886
           2876           2876        508.388        509.333        38.6026
           2877           2877        508.557          509.5        38.6019
           2878           2878        508.717        509.667        38.5948
           2879           2879        508.893        509.833         38.586
           2880           2880        509.057            510        38.5906
           2881           2881        509.227        510.167         38.596
           2882           2882        509.392        510.333        38.6013
           2883           2883        509.561          510.5        38.6061
           2884           2884        509.727        510.667         38.593
           2885           2885        509.893        510.833        38.5863
           2886           2886        510.052            511        38.5788
           2887           2887        510.222        511.167        38.5729
           2888           2888        510.388        511.333        38.5672
           2889           2889        510.564          511.5         38.558
           2890           2890        510.731        511.667        38.5498
           2891           2891          510.9        511.833        38.5414
           2892           2892        511.066            512         38.529
           2893           2893        511.228        512.167        38.5225
           2894           2894        511.393        512.333        38.5183
           2895           2895        511.561          512.5        38.5119
           2896           2896        511.729        512.667        38.5022
           2897           2897        511.897        512.833        38.4927
           2898           2898        512.059            513         38.483
           2899           2899        512.231        513.167        38.4731
           2900           2900        512.394        513.333         38.475
           2901           2901        512.566          513.5        38.4752
           2902           2902        512.733        513.667        38.4744
           2903           2903        512.902        513.833        38.4714
           2904           2904        513.066            514        38.4653
           2905           2905        513.239        514.167        38.4637
           2906           2906        513.398        514.333        38.4634
           2907           2907        513.566          514.5        38.4619
           2908           2908        513.735        514.667        38.4623
           2909           2909        513.904        514.833        38.4698
           2910           2910        514.076            515        38.4686
           2911           2911        514.239        515.167        38.4676
           2912           2912        514.408        515.333         38.471
           2913           2913        514.571          515.5        38.4671
           2914           2914         514.74        515.667        38.4678
           2915           2915         514.91        515.833        38.4718
           2916           2916        515.072            516        38.4763
           2917           2917        515.247        516.167        38.4838
           2918           2918        515.409        516.333        38.4902
           2919           2919        515.574          516.5        38.4994
           2920           2920        515.744        516.667        38.5065
           2921           2921        515.914        516.833        38.5176
           2922           2922        516.078            517        38.5236
           2923           2923        516.246        517.167        38.5298
           2924           2924        516.414        517.333        38.5355
           2925           2925         516.58          517.5        38.5366
           2926           2926        516.744        517.667        38.5431
           2927           2927         516.92        517.833        38.5529
           2928           2928        517.086            518        38.5648
           2929           2929        517.254        518.167        38.5601
           2930           2930        517.418        518.333        38.5585
           2931           2931        517.584          518.5         38.559
           2932           2932        517.759        518.667        38.5592
           2933           2933        517.918        518.833        38.5564
           2934           2934         518.09            519        38.5541
           2935           2935         518.26        519.167        38.5541
           2936           2936        518.431        519.333        38.5558
           2937           2937        518.597          519.5        38.5573
           2938           2938        518.758        519.667        38.5517
           2939           2939         518.93        519.833        38.5539
           2940           2940        519.092            520        38.5601
           2941           2941        519.263        520.167        38.5714
           2942           2942        519.428        520.333        38.5854
           2943           2943        519.601          520.5        38.5946
           2944           2944        519.769        520.667        38.6031
           2945           2945        519.935        520.833        38.6084
           2946           2946        520.108            521        38.6219
           2947           2947        520.275        521.167        38.6261
           2948           2948        520.438        521.333        38.6283
           2949           2949        520.615          521.5        38.6316
           2950           2950         520.78        521.667        38.6322
           2951           2951        520.944        521.833        38.6334
           2952           2952        521.112            522        38.6343
           2953           2953        521.279        522.167        38.6321
           2954           2954        521.442        522.333        38.6118
           2955           2955        521.612          522.5         38.604
           2956           2956         521.78        522.667        38.5967
           2957           2957        521.946        522.833        38.5912
           2958           2958        522.115            523        38.5965
           2959           2959        522.279        523.167        38.5971
           2960           2960        522.451        523.333        38.5932
           2961           2961        522.619          523.5        38.5925
           2962           2962        522.783        523.667        38.5861
           2963           2963        522.951        523.833        38.5776
           2964           2964         523.12            524        38.5719
           2965           2965        523.279        524.167        38.5638
           2966           2966        523.456        524.333         38.562
           2967           2967        523.627          524.5        38.5523
           2968           2968        523.787        524.667        38.5381
           2969           2969        523.953        524.833        38.5217
           2970           2970        524.129            525        38.5092
           2971           2971        524.289        525.167        38.4824
           2972           2972        524.454        525.333        38.4659
           2973           2973        524.627          525.5        38.4513
           2974           2974        524.786        525.667        38.4367
           2975           2975        524.955        525.833        38.4116
           2976           2976        525.124            526        38.3848
           2977           2977        525.286        526.167        38.3569
           2978           2978        525.454        526.333        38.3283
           2979           2979        525.629          526.5        38.3032
           2980           2980        525.791        526.667        38.2713
           2981           2981        525.959        526.833        38.2414
           2982           2982        526.124            527        38.2142
           2983           2983        526.297        527.167        38.1609
           2984           2984        526.454        527.333        38.1195
           2985           2985         526.62          527.5        38.0856
           2986           2986        526.783        527.667        38.0577
           2987           2987        526.954        527.833        38.0232
           2988           2988        527.116            528        37.9958
           2989           2989        527.283        528.167        37.9752
           2990           2990        527.459        528.333        37.9608
           2991           2991        527.618          528.5        37.9539
           2992           2992        527.781        528.667        37.9339
           2993           2993        527.948        528.833        37.9083
           2994           2994        528.122            529        37.8816
           2995           2995        528.291        529.167        37.8657
           2996           2996         528.46        529.333        37.8393
           2997           2997        528.628          529.5        37.8148
           2998           2998        528.801        529.667        37.7929
           2999           2999        528.968        529.833        37.7634
           3000           3000        529.131            530        37.7368
           3001           3001        529.293        530.167        37.7133
           3002           3002        529.463        530.333        37.6904
           3003           3003        529.622          530.5        37.6673
           3004           3004        529.788        530.667        37.6197
           3005           3005        529.958        530.833        37.5834
           3006           3006        530.131            531        37.5549
           3007           3007          530.3        531.167        37.5278
           3008           3008        530.461        531.333        37.5077
           3009           3009        530.628          531.5        37.4769
           3010           3010        530.799        531.667        37.4439
           3011           3011        530.963        531.833        37.4124
           3012           3012        531.129            532        37.3761
           3013           3013        531.291        532.167         37.342
           3014           3014        531.459        532.333        37.3098
           3015           3015        531.632          532.5        37.2803
           3016           3016        531.796        532.667        37.2435
           3017           3017        531.958        532.833        37.2054
           3018           3018        532.129            533        37.1705
           3019           3019        532.296        533.167        37.1387
           3020           3020        532.467        533.333        37.1116
           3021           3021        532.632          533.5        37.0839
           3022           3022        532.797        533.667        37.0609
           3023           3023        532.965        533.833        37.0417
           3024           3024        533.132            534        37.0232
           3025           3025        533.296        534.167        37.0051
           3026           3026         533.46        534.333        36.9878
           3027           3027         533.64          534.5        36.9759
           3028           3028        533.799        534.667         36.985
           3029           3029        533.968        534.833          36.98
           3030           3030        534.136            535        36.9703
           3031           3031        534.311        535.167        36.9618
           3032           3032        534.474        535.333        36.9618
           3033           3033        534.643          535.5        36.9501
           3034           3034        534.806        535.667        36.9357
           3035           3035         534.98        535.833        36.9254
           3036           3036        535.145            536        36.9204
           3037           3037        535.312        536.167        36.9129
           3038           3038        535.478        536.333         36.914
           3039           3039        535.643          536.5        36.9161
           3040           3040        535.811        536.667        36.9177
           3041           3041        535.977        536.833         36.913
           3042           3042        536.147            537        36.9138
           3043           3043        536.307        537.167         36.915
           3044           3044        536.484        537.333        36.9158
           3045           3045        536.654          537.5        36.9285
           3046           3046        536.823        537.667        36.9245
           3047           3047        536.995        537.833        36.9195
           3048           3048        537.159            538        36.9111
           3049           3049        537.327        538.167        36.8907
           3050           3050        537.497        538.333        36.8846
           3051           3051        537.667          538.5        36.8818
           3052           3052        537.833        538.667        36.8763
           3053           3053        537.994        538.833        36.8499
           3054           3054        538.159            539        36.8349
           3055           3055        538.328        539.167        36.8244
           3056           3056        538.498        539.333        36.8193
           3057           3057        538.659          539.5        36.8195
           3058           3058         538.83        539.667        36.8094
           3059           3059        539.009        539.833        36.7945
           3060           3060        539.169            540        36.7802
           3061           3061        539.336        540.167        36.7662
           3062           3062        539.499        540.333        36.7564
           3063           3063        539.671          540.5        36.7447
           3064           3064         539.84        540.667        36.7319
           3065           3065         540.01        540.833        36.7152
           3066           3066        540.172            541        36.6995
           3067           3067        540.338        541.167        36.6862
           3068           3068        540.505        541.333        36.6742
           3069           3069        540.674          541.5        36.6597
           3070           3070        540.843        541.667        36.6255
           3071           3071        541.013        541.833         36.596
           3072           3072        541.176            542        36.5695
           3073           3073        541.342        542.167        36.5432
           3074           3074        541.508        542.333        36.5025
           3075           3075        541.677          542.5         36.468
           3076           3076        541.852        542.667        36.4347
           3077           3077        542.017        542.833        36.4015
           3078           3078        542.177            543        36.3551
           3079           3079        542.339        543.167        36.3198
           3080           3080        542.509        543.333        36.2923
           3081           3081        542.677          543.5        36.2692
           3082           3082         542.84        543.667        36.2509
           3083           3083        543.004        543.833        36.2355
           3084           3084        543.178            544        36.2215
           3085           3085        543.339        544.167        36.2111
           3086           3086        543.507        544.333        36.2195
           3087           3087        543.671          544.5        36.2177
           3088           3088        543.844        544.667        36.2165
           3089           3089        544.016        544.833        36.2186
           3090           3090        544.183            545        36.2581
           3091           3091         544.35        545.167        36.2823
           3092           3092        544.518        545.333        36.2969
           3093           3093        544.687          545.5        36.3093
           3094           3094         544.85        545.667        36.3405
           3095           3095        545.019        545.833        36.3597
           3096           3096        545.183            546        36.3729
           3097           3097        545.355        546.167        36.3815
           3098           3098        545.524        546.333        36.3967
           3099           3099        545.699          546.5        36.4033
           3100           3100        545.863        546.667        36.4093
           3101           3101        546.023        546.833        36.4157
           3102           3102          546.2            547        36.4211
           3103           3103        546.361        547.167          36.41
           3104           3104        546.532        547.333        36.4132
           3105           3105        546.693          547.5        36.4222
           3106           3106        546.858        547.667        36.4288
           3107           3107        547.025        547.833        36.4194
           3108           3108        547.195            548        36.4153
           3109           3109        547.363        548.167        36.4098
           3110           3110        547.534        548.333        36.4058
           3111           3111        547.703          548.5        36.4118
           3112           3112        547.868        548.667         36.407
           3113           3113        548.043        548.833        36.3972
           3114           3114        548.212            549        36.3879
           3115           3115        548.372        549.167        36.3598
           3116           3116         548.54        549.333        36.3441
           3117           3117        548.704          549.5        36.3326
           3118           3118        548.872        549.667        36.3191
           3119           3119         549.04        549.833        36.2904
           3120           3120        549.207            550        36.2716
           3121           3121        549.371        550.167        36.2565
           3122           3122        549.538        550.333        36.2414
           3123           3123        549.708          550.5        36.2141
           3124           3124        549.873        550.667        36.1863
           3125           3125        550.043        550.833        36.1595
           3126           3126        550.211            551          36.13
           3127           3127        550.373        551.167        36.1026
           3128           3128        550.539        551.333        36.0824
           3129           3129        550.708          551.5        36.0592
           3130           3130        550.878        551.667        36.0322
           3131           3131        551.046        551.833        36.0047
           3132           3132        551.205            552        35.9823
           3133           3133        551.377        552.167        35.9599
           3134           3134        551.543        552.333        35.9404
           3135           3135        551.705          552.5        35.9215
           3136           3136        551.882        552.667         35.911
           3137           3137         552.05        552.833        35.8899
           3138           3138         552.21            553        35.8691
           3139           3139        552.376        553.167        35.8533
           3140           3140        552.549        553.333        35.8453
           3141           3141        552.714          553.5        35.8403
           3142           3142        552.882        553.667        35.8315
           3143           3143        553.049        553.833        35.8191
           3144           3144         553.22            554        35.8091
           3145           3145        553.381        554.167         35.788
           3146           3146        553.545        554.333        35.7633
           3147           3147        553.717          554.5        35.7427
           3148           3148        553.886        554.667        35.7405
           3149           3149        554.057        554.833        35.7311
           3150           3150        554.229            555        35.7156
           3151           3151        554.388        555.167        35.6981
           3152           3152        554.555        555.333        35.6733
           3153           3153        554.723          555.5        35.6688
           3154           3154        554.883        555.667        35.6668
           3155           3155         555.05        555.833        35.6622
           3156           3156        555.224            556        35.6731
           3157           3157        555.397        556.167        35.6676
           3158           3158        555.562        556.333        35.6647
           3159           3159        555.726          556.5        35.6699
           3160           3160        555.896        556.667        35.7026
           3161           3161        556.071        556.833        35.7234
           3162           3162        556.239            557        35.7375
           3163           3163        556.405        557.167        35.7492
           3164           3164        556.569        557.333        35.7643
           3165           3165         556.74          557.5        35.7761
           3166           3166        556.897        557.667        35.7854
           3167           3167        557.078        557.833        35.7909
           3168           3168        557.251            558         35.792
           3169           3169        557.419        558.167        35.8037
           3170           3170        557.586        558.333        35.7936
           3171           3171        557.751          558.5        35.7766
           3172           3172        557.918        558.667         35.759
           3173           3173        558.092        558.833        35.7053
           3174           3174        558.252            559        35.6722
           3175           3175        558.423        559.167        35.6418
           3176           3176        558.586        559.333        35.6106
           3177           3177         558.75          559.5         35.544
           3178           3178        558.915        559.667        35.5017
           3179           3179        559.078        559.833        35.4605
           3180           3180         559.25            560        35.4188
           3181           3181        559.418        560.167        35.3679
           3182           3182        559.582        560.333        35.3213
           3183           3183        559.751          560.5        35.2827
           3184           3184        559.918        560.667         35.246
           3185           3185        560.083        560.833        35.2052
           3186           3186        560.254            561        35.1715
           3187           3187        560.419        561.167        35.1392
           3188           3188        560.587        561.333          35.11
           3189           3189        560.746          561.5        35.0881
           3190           3190        560.913        561.667        35.0561
           3191           3191        561.085        561.833        35.0219
           3192           3192        561.258            562        34.9925
           3193           3193        561.416        562.167        34.9781
           3194           3194         561.59        562.333        34.9507
           3195           3195        561.759          562.5        34.9236
           3196           3196        561.922        562.667        34.8987
           3197           3197        562.094        562.833        34.8722
           3198           3198        562.261            563        34.8438
           3199           3199        562.414        563.167        34.8094
           3200           3200         562.59        563.333        34.7715
           3201           3201         562.76          563.5        34.7353
           3202           3202        562.922        563.667        34.6923
           3203           3203        563.093        563.833        34.6598
           3204           3204         563.26            564        34.6326
           3205           3205        563.433        564.167        34.6064
           3206           3206        563.593        564.333        34.5823
           3207           3207        563.763          564.5        34.5583
           3208           3208        563.922        564.667        34.5391
           3209           3209        564.088        564.833        34.5238
           3210           3210        564.261            565        34.5139
           3211           3211        564.428        565.167        34.4984
           3212           3212          564.6        565.333        34.4803
           3213           3213        564.766          565.5        34.4591
           3214           3214        564.933        565.667         34.464
           3215           3215        565.101        565.833        34.4555
           3216           3216        565.268            566        34.4433
           3217           3217        565.438        566.167          34.43
           3218           3218        565.607        566.333        34.4153
           3219           3219        565.767          566.5        34.3967
           3220           3220        565.937        566.667        34.3733
           3221           3221        566.103        566.833        34.3538
           3222           3222        566.273            567        34.3204
           3223           3223        566.444        567.167        34.2909
           3224           3224        566.608        567.333        34.2649
           3225           3225        566.771          567.5        34.2392
           3226           3226        566.943        567.667        34.2107
           3227           3227        567.108        567.833        34.1899
           3228           3228         567.27            568        34.1744
           3229           3229        567.438        568.167        34.1602
           3230           3230        567.609        568.333        34.1459
           3231           3231         567.77          568.5        34.1306
           3232           3232        567.935        568.667        34.1089
           3233           3233        568.105        568.833        34.0824
           3234           3234        568.274            569        34.0597
           3235           3235        568.443        569.167        34.0689
           3236           3236        568.609        569.333        34.0651
           3237           3237        568.778          569.5         34.062
           3238           3238        568.945        569.667        34.0614
           3239           3239        569.114        569.833        34.0456
           3240           3240        569.273            570        34.0257
           3241           3241        569.437        570.167        34.0056
           3242           3242        569.606        570.333         33.988
           3243           3243        569.778          570.5        33.9789
           3244           3244        569.951        570.667         33.959
           3245           3245        570.115        570.833        33.9331
           3246           3246        570.286            571        33.9023
           3247           3247        570.455        571.167        33.8595
           3248           3248        570.613        571.333        33.8213
           3249           3249        570.777          571.5        33.7896
           3250           3250        570.948        571.667        33.7645
           3251           3251        571.116        571.833        33.7183
           3252           3252        571.288            572        33.6824
           3253           3253        571.446        572.167        33.6428
           3254           3254        571.611        572.333        33.5992
           3255           3255         571.78          572.5         33.554
           3256           3256        571.949        572.667        33.5177
           3257           3257        572.109        572.833        33.4882
           3258           3258        572.285            573         33.463
           3259           3259        572.452        573.167         33.445
           3260           3260        572.616        573.333        33.4144
           3261           3261        572.784          573.5        33.3834
           3262           3262        572.944        573.667        33.3519
           3263           3263        573.112        573.833        33.3255
           3264           3264        573.281            574        33.3038
           3265           3265        573.454        574.167        33.2819
           3266           3266        573.622        574.333        33.2598
           3267           3267        573.789          574.5        33.2431
           3268           3268        573.953        574.667        33.2446
           3269           3269        574.117        574.833        33.2365
           3270           3270        574.285            575        33.2224
           3271           3271        574.457        575.167        33.2069
           3272           3272        574.629        575.333        33.2021
           3273           3273        574.796          575.5        33.1899
           3274           3274        574.957        575.667         33.178
           3275           3275        575.129        575.833        33.1658
           3276           3276        575.297            576        33.1465
           3277           3277        575.471        576.167        33.1226
           3278           3278        575.631        576.333        33.0996
           3279           3279        575.799          576.5        33.0765
           3280           3280        575.963        576.667        33.0351
           3281           3281        576.131        576.833        33.0132
           3282           3282        576.301            577        33.0011
           3283           3283        576.469        577.167        32.9906
           3284           3284        576.633        577.333        32.9691
           3285           3285        576.798          577.5        32.9454
           3286           3286        576.964        577.667        32.9228
           3287           3287        577.135        577.833        32.9031
           3288           3288        577.298            578        32.8976
           3289           3289        577.467        578.167        32.8917
           3290           3290        577.636        578.333        32.8859
           3291           3291        577.811          578.5        32.8766
           3292           3292        577.976        578.667        32.8608
           3293           3293        578.138        578.833        32.8404
           3294           3294        578.299            579        32.8209
           3295           3295        578.472        579.167        32.8066
           3296           3296         578.64        579.333        32.7956
           3297           3297        578.806          579.5        32.7816
           3298           3298        578.985        579.667        32.7661
           3299           3299        579.147        579.833        32.7434
           3300           3300        579.311            580        32.7152
           3301           3301        579.476        580.167        32.6645
           3302           3302        579.643        580.333        32.6219
           3303           3303        579.811          580.5        32.5754
           3304           3304        579.987        580.667        32.5302
           3305           3305        580.149        580.833        32.4843
           3306           3306        580.323            581        32.4338
           3307           3307        580.485        581.167        32.3789
           3308           3308        580.648        581.333        32.3247
           3309           3309        580.811          581.5        32.2463
           3310           3310        580.983        581.667        32.1913
           3311           3311        581.143        581.833        32.1402
           3312           3312        581.307            582        32.0924
           3313           3313         581.48        582.167        32.0466
           3314           3314        581.646        582.333        31.9973
           3315           3315        581.807          582.5        31.9429
           3316           3316        581.977        582.667        31.8868
           3317           3317        582.145        582.833        31.8282
           3318           3318        582.318            583        31.7598
           3319           3319        582.483        583.167        31.6911
           3320           3320        582.651        583.333        31.6253
           3321           3321        582.818          583.5        31.5542
           3322           3322        582.985        583.667        31.4903
           3323           3323         583.15        583.833        31.4298
           3324           3324        583.315            584        31.3671
           3325           3325        583.477        584.167        31.2829
           3326           3326        583.638        584.333        31.2158
           3327           3327        583.808          584.5        31.1602
           3328           3328        583.976        584.667        31.1133
           3329           3329        584.145        584.833        31.1056
           3330           3330        584.309            585        31.0816
           3331           3331        584.484        585.167         31.053
           3332           3332        584.644        585.333        31.0268
           3333           3333        584.816          585.5        31.0014
           3334           3334        584.979        585.667        31.0017
           3335           3335        585.147        585.833        30.9701
           3336           3336        585.319            586        30.9292
           3337           3337        585.492        586.167        30.8834
           3338           3338        585.664        586.333        30.8624
           3339           3339        585.827          586.5        30.8231
           3340           3340        585.997        586.667         30.778
           3341           3341        586.162        586.833        30.7309
           3342           3342        586.334            587        30.6433
           3343           3343        586.488        587.167        30.5882
           3344           3344        586.653        587.333        30.5427
           3345           3345        586.815          587.5        30.4989
           3346           3346        586.986        587.667        30.4458
           3347           3347        587.154        587.833        30.4117
           3348           3348        587.318            588        30.3795
           3349           3349        587.487        588.167        30.3502
           3350           3350        587.653        588.333          30.33
           3351           3351        587.822          588.5        30.2906
           3352           3352         587.99        588.667        30.2539
           3353           3353         588.16        588.833        30.2233
           3354           3354        588.325            589        30.2206
           3355           3355        588.503        589.167        30.1977
           3356           3356        588.667        589.333        30.1685
           3357           3357        588.834          589.5         30.137
           3358           3358        589.003        589.667        30.0943
           3359           3359        589.158        589.833        30.0646
           3360           3360        589.325            590        30.0321
           3361           3361        589.498        590.167        29.9958
           3362           3362        589.674        590.333        29.9503
           3363           3363        589.837          590.5        29.8968
           3364           3364        590.005        590.667        29.8459
           3365           3365         590.17        590.833        29.7962
           3366           3366         590.34            591        29.7491
           3367           3367        590.506        591.167        29.6684
           3368           3368        590.681        591.333        29.6048
           3369           3369        590.837          591.5        29.5435
           3370           3370        591.004        591.667        29.4794
           3371           3371        591.156        591.833         29.387
           3372           3372        591.332            592        29.3157
           3373           3373        591.501        592.167        29.2548
           3374           3374        591.671        592.333        29.1993
           3375           3375        591.836          592.5        29.1518
           3376           3376        591.995        592.667        29.0952
           3377           3377        592.164        592.833        29.0364
           3378           3378        592.327            593        28.9805
           3379           3379        592.495        593.167        28.9294
           3380           3380        592.658        593.333        28.8831
           3381           3381        592.828          593.5        28.8412
           3382           3382        592.999        593.667        28.8039
           3383           3383        593.167        593.833        28.7947
           3384           3384        593.334            594        28.7717
           3385           3385        593.497        594.167        28.7561
           3386           3386        593.663        594.333        28.7483
           3387           3387        593.829          594.5        28.7587
           3388           3388        594.001        594.667        28.7595
           3389           3389        594.169        594.833        28.7572
           3390           3390        594.338            595        28.7574
           3391           3391        594.509        595.167         28.787
           3392           3392        594.674        595.333        28.7924
           3393           3393        594.841          595.5        28.7957
           3394           3394        595.019        595.667         28.801
           3395           3395        595.185        595.833        28.8164
           3396           3396        595.351            596        28.8204
           3397           3397        595.516        596.167        28.8158
           3398           3398        595.681        596.333        28.8051
           3399           3399        595.857          596.5        28.7858
           3400           3400        596.015        596.667        28.7585
           3401           3401        596.185        596.833        28.7279
           3402           3402        596.351            597        28.6964
           3403           3403        596.524        597.167         28.658
           3404           3404        596.685        597.333        28.6119
           3405           3405        596.855          597.5        28.5638
           3406           3406        597.017        597.667        28.5164
           3407           3407        597.188        597.833        28.4621
           3408           3408        597.349            598        28.4107
           3409           3409        597.509        598.167        28.3586
           3410           3410        597.684        598.333        28.3115
           3411           3411        597.846          598.5         28.268
           3412           3412         598.01        598.667         28.222
           3413           3413        598.178        598.833        28.1751
           3414           3414        598.353            599        28.1312
           3415           3415        598.509        599.167        28.0881
           3416           3416        598.679        599.333        28.0509
           3417           3417        598.847          599.5         28.019
           3418           3418        599.017        599.667        27.9956
           3419           3419        599.185        599.833        27.9798
           3420           3420        599.353            600         27.967


Results:
Texts:

  $D60-TN200-V80-TB60
  Heatflow
  D60-TN200-V80-TB60, 1.9800 mg

Sample:
  D60-TN200-V80-TB60, 1.9800 mg
Evaluation:
  


Curve Name:
  !$D60-TN200-V80-TB60
  Sample Weight
Curve Values:
          Index              t             Ts             Tr          Value
                           [s]           [°C]           [°C]            [%]
              0              0        36.9753             30        99.9736
              1              1        36.9763        30.1667        99.9624
              2              2        37.0045        30.3333        99.9571
              3              3        37.0289           30.5        99.9558
              4              4        37.0936        30.6667        99.9591
              5              5        37.1674        30.8333        99.9674
              6              6        37.2724             31        99.9793
              7              7        37.3969        31.1667        99.9927
              8              8        37.5097        31.3333         100.02
              9              9        37.6264           31.5        100.038
             10             10        37.7652        31.6667        100.052
             11             11        37.9053        31.8333        100.063
             12             12        38.0545             32        100.067
             13             13        38.2076        32.1667        100.072
             14             14         38.358        32.3333        100.076
             15             15        38.5098           32.5        100.078
             16             16        38.6733        32.6667        100.074
             17             17        38.8276        32.8333        100.073
             18             18        38.9962             33        100.071
             19             19        39.1532        33.1667         100.07
             20             20        39.3231        33.3333        100.067
             21             21        39.4995           33.5        100.065
             22             22        39.6707        33.6667        100.063
             23             23        39.8484        33.8333        100.061
             24             24        40.0027             34        100.059
             25             25        40.1842        34.1667        100.057
             26             26        40.3567        34.3333        100.055
             27             27        40.5331           34.5        100.052
             28             28        40.7055        34.6667        100.051
             29             29        40.8806        34.8333        100.049
             30             30        41.0491             35        100.048
             31             31         41.228        35.1667        100.047
             32             32        41.3939        35.3333        100.046
             33             33        41.5702           35.5        100.045
             34             34        41.7439        35.6667        100.045
             35             35        41.9176        35.8333        100.044
             36             36        42.0912             36        100.044
             37             37         42.274        36.1667        100.043
             38             38        42.4411        36.3333        100.042
             39             39        42.6122           36.5        100.042
             40             40        42.7845        36.6667        100.041
             41             41        42.9568        36.8333        100.041
             42             42        43.1279             37         100.04
             43             43        43.3015        37.1667        100.039
             44             44        43.4764        37.3333        100.037
             45             45        43.6409           37.5        100.036
             46             46        43.8106        37.6667        100.034
             47             47        43.9815        37.8333        100.033
             48             48        44.1486             38        100.031
             49             49        44.3261        38.1667         100.03
             50             50        44.4918        38.3333        100.029
             51             51        44.6602           38.5        100.028
             52             52        44.8207        38.6667        100.027
             53             53        44.9851        38.8333        100.026
             54             54          45.16             39        100.025
             55             55        45.3296        39.1667        100.025
             56             56        45.4784        39.3333        100.024
             57             57        45.6519           39.5        100.023
             58             58        45.8124        39.6667        100.023
             59             59         45.982        39.8333        100.022
             60             60        46.1425             40        100.021
             61             61         46.316        40.1667        100.021
             62             62        46.4647        40.3333         100.02
             63             63        46.6369           40.5        100.019
             64             64        46.7974        40.6667        100.018
             65             65        46.9643        40.8333        100.017
             66             66         47.113             41        100.015
             67             67        47.2774        41.1667        100.014
             68             68        47.4417        41.3333        100.013
             69             69        47.6087           41.5        100.012
             70             70        47.7626        41.6667        100.012
             71             71        47.9269        41.8333        100.012
             72             72        48.0821             42        100.012
             73             73        48.2542        42.1667        100.012
             74             74         48.412        42.3333        100.011
             75             75        48.5764           42.5        100.011
             76             76        48.7367        42.6667         100.01
             77             77        48.8945        42.8333         100.01
             78             78        49.0614             43        100.009
             79             79        49.2205        43.1667         100.01
             80             80        49.3887        43.3333         100.01
             81             81        49.5425           43.5         100.01
             82             82        49.7133        43.6667         100.01
             83             83        49.8698        43.8333        100.009
             84             84        50.0406             44        100.008
             85             85        50.1905        44.1667        100.007
             86             86         50.356        44.3333        100.007
             87             87        50.5216           44.5        100.006
             88             88        50.6911        44.6667        100.004
             89             89        50.8475        44.8333        100.003
             90             90        51.0169             45        100.003
             91             91        51.1799        45.1667        100.003
             92             92        51.3311        45.3333        100.003
             93             93        51.5005           45.5        100.002
             94             94        51.6556        45.6667        100.001
             95             95        51.8159        45.8333            100
             96             96        51.9827             46        99.9997
             97             97        52.1404        46.1667        99.9994
             98             98        52.2981        46.3333        99.9993
             99             99        52.4584           46.5        99.9994
            100            100        52.6252        46.6667        99.9999
            101            101        52.7894        46.8333        100.002
            102            102        52.9471             47        100.002
            103            103        53.1048        47.1667        100.002
            104            104        53.2573        47.3333        100.002
            105            105        53.4123           47.5        100.001
            106            106        53.5909        47.6667            100
            107            107        53.7446        47.8333        99.9993
            108            108        53.9166             48        99.9982
            109            109         54.086        48.1667        99.9959
            110            110        54.2345        48.3333        99.9939
            111            111        54.3948           48.5        99.9918
            112            112        54.5589        48.6667        99.9893
            113            113        54.7179        48.8333        99.9866
            114            114        54.8742             49        99.9842
            115            115         55.028        49.1667        99.9818
            116            116        55.1778        49.3333        99.9795
            117            117        55.3602           49.5        99.9776
            118            118        55.5217        49.6667         99.976
            119            119        55.6794        49.8333        99.9745
            120            120        55.8448             50        99.9731
            121            121        56.0063        50.1667        99.9723
            122            122        56.1679        50.3333        99.9711
            123            123        56.3333           50.5        99.9694
            124            124        56.4779        50.6667        99.9675
            125            125        56.6368        50.8333        99.9652
            126            126        56.8022             51        99.9633
            127            127        56.9612        51.1667        99.9614
            128            128        57.1175        51.3333        99.9594
            129            129        57.2699           51.5        99.9573
            130            130        57.4379        51.6667        99.9555
            131            131        57.5968        51.8333         99.954
            132            132        57.7609             52        99.9526
            133            133        57.9094        52.1667        99.9512
            134            134        58.0657        52.3333        99.9498
            135            135        58.2246           52.5        99.9483
            136            136        58.3913        52.6667        99.9466
            137            137        58.5502        52.8333        99.9449
            138            138        58.6987             53        99.9423
            139            139        58.8667        53.1667          99.94
            140            140        59.0138        53.3333         99.938
            141            141        59.1753           53.5        99.9362
            142            142        59.3225        53.6667        99.9343
            143            143         59.484        53.8333        99.9325
            144            144        59.6494             54        99.9305
            145            145        59.8082        54.1667        99.9285
            146            146        59.9684        54.3333        99.9275
            147            147        60.1234           54.5        99.9263
            148            148        60.2692        54.6667         99.925
            149            149        60.4255        54.8333        99.9236
            150            150        60.5948             55        99.9223
            151            151        60.7497        55.1667        99.9207
            152            152        60.8891        55.3333         99.919
            153            153        61.0479           55.5        99.9173
            154            154        61.2107        55.6667        99.9154
            155            155         61.367        55.8333        99.9141
            156            156        61.5167             56         99.913
            157            157        61.6717        56.1667         99.912
            158            158        61.8292        56.3333        99.9116
            159            159        61.9738           56.5        99.9108
            160            160        62.1326        56.6667          99.91
            161            161        62.2941        56.8333        99.9091
            162            162        62.4425             57         99.908
            163            163        62.5935        57.1667        99.9065
            164            164        62.7654        57.3333        99.9048
            165            165         62.919           57.5         99.903
            166            166        63.0662        57.6667        99.9012
            167            167        63.2198        57.8333        99.8986
            168            168        63.3865             58        99.8962
            169            169        63.5349        58.1667        99.8937
            170            170        63.6898        58.3333        99.8913
            171            171          63.85           58.5        99.8885
            172            172        63.9984        58.6667        99.8857
            173            173        64.1533        58.8333        99.8829
            174            174        64.3109             59          99.88
            175            175        64.4658        59.1667        99.8769
            176            176        64.6207        59.3333         99.874
            177            177        64.7717           59.5        99.8712
            178            178        64.9202        59.6667        99.8685
            179            179         65.079        59.8333        99.8662
            180            180        65.2261             60         99.864
            181            181        65.3875        60.1667        99.8617
            182            182        65.5333        60.3333        99.8593
            183            183         65.687           60.5        99.8567
            184            184        65.8445        60.6667        99.8534
            185            185        65.9929        60.8333        99.8496
            186            186         66.153             61        99.8457
            187            187        66.3014        61.1667        99.8406
            188            188        66.4537        61.3333        99.8366
            189            189          66.61           61.5        99.8333
            190            190        66.7532        61.6667        99.8304
            191            191        66.8989        61.8333        99.8285
            192            192        67.0487             62        99.8264
            193            193         67.201        62.1667        99.8244
            194            194        67.3624        62.3333        99.8226
            195            195        67.5056           62.5        99.8211
            196            196        67.6722        62.6667        99.8206
            197            197        67.8089        62.8333        99.8201
            198            198        67.9716             63        99.8198
            199            199        68.1278        63.1667        99.8198
            200            200        68.2788        63.3333        99.8204
            201            201        68.4246           63.5        99.8201
            202            202        68.5873        63.6667        99.8193
            203            203        68.7331        63.8333        99.8182
            204            204        68.8828             64        99.8164
            205            205        69.0377        64.1667        99.8148
            206            206        69.1861        64.3333        99.8128
            207            207        69.3383           64.5        99.8106
            208            208        69.5024        64.6667        99.8076
            209            209        69.6325        64.8333         99.805
            210            210        69.7848             65        99.8025
            211            211        69.9501        65.1667        99.8001
            212            212        70.0946        65.3333        99.7973
            213            213        70.2417           65.5        99.7946
            214            214        70.3992        65.6667        99.7921
            215            215        70.5528        65.8333        99.7896
            216            216        70.7012             66        99.7875
            217            217        70.8573        66.1667        99.7855
            218            218        71.0057        66.3333        99.7836
            219            219        71.1502           66.5        99.7818
            220            220        71.3038        66.6667        99.7804
            221            221        71.4639        66.8333        99.7787
            222            222        71.6201             67        99.7768
            223            223        71.7658        67.1667        99.7749
            224            224        71.9194        67.3333        99.7727
            225            225        72.0574           67.5        99.7705
            226            226         72.211        67.6667        99.7684
            227            227        72.3711        67.8333        99.7663
            228            228        72.5208             68        99.7642
            229            229        72.6717        68.1667         99.762
            230            230        72.8097        68.3333        99.7599
            231            231        72.9685           68.5         99.758
            232            232        73.1181        68.6667        99.7562
            233            233        73.2652        68.8333        99.7547
            234            234        73.4201             69         99.753
            235            235        73.5841        69.1667        99.7512
            236            236        73.7338        69.3333        99.7494
            237            237        73.8756           69.5        99.7474
            238            238         74.037        69.6667        99.7451
            239            239        74.1802        69.8333        99.7429
            240            240        74.3311             70        99.7407
            241            241        74.4821        70.1667         99.738
            242            242        74.6383        70.3333        99.7355
            243            243        74.7737           70.5         99.733
            244            244        74.9311        70.6667        99.7306
            245            245        75.0873        70.8333        99.7285
            246            246         75.237             71        99.7261
            247            247        75.3866        71.1667        99.7236
            248            248        75.5311        71.3333         99.721
            249            249        75.6886           71.5        99.7187
            250            250        75.8369        71.6667         99.717
            251            251        75.9879        71.8333        99.7156
            252            252         76.148             72        99.7142
            253            253        76.2859        72.1667        99.7129
            254            254        76.4382        72.3333        99.7109
            255            255        76.5788           72.5        99.7088
            256            256        76.7389        72.6667        99.7067
            257            257        76.9055        72.8333        99.7039
            258            258        77.0421             73        99.7018
            259            259        77.1917        73.1667        99.6998
            260            260        77.3466        73.3333        99.6978
            261            261        77.5015           73.5        99.6955
            262            262        77.6434        73.6667        99.6938
            263            263         77.793        73.8333        99.6921
            264            264        77.9583             74        99.6905
            265            265        78.0976        74.1667         99.689
            266            266        78.2538        74.3333        99.6871
            267            267        78.4034           74.5        99.6849
            268            268        78.5492        74.6667        99.6824
            269            269        78.7001        74.8333        99.6798
            270            270        78.8407             75        99.6771
            271            271        78.9969        75.1667         99.675
            272            272        79.1452        75.3333        99.6732
            273            273        79.2949           75.5        99.6714
            274            274        79.4537        75.6667          99.67
            275            275         79.602        75.8333        99.6681
            276            276        79.7504             76        99.6662
            277            277        79.8935        76.1667        99.6644
            278            278        80.0666        76.3333        99.6622
            279            279         80.215           76.5          99.66
            280            280        80.3543        76.6667        99.6577
            281            281        80.4974        76.8333        99.6554
            282            282        80.6575             77        99.6531
            283            283        80.8123        77.1667        99.6509
            284            284        80.9464        77.3333        99.6489
            285            285        81.1078           77.5         99.647
            286            286        81.2626        77.6667        99.6452
            287            287        81.4136        77.8333        99.6433
            288            288        81.5606             78        99.6413
            289            289        81.7116        78.1667        99.6391
            290            290        81.8613        78.3333         99.637
            291            291        82.0266           78.5         99.635
            292            292         82.171        78.6667         99.633
            293            293        82.3194        78.8333        99.6311
            294            294        82.4755             79        99.6292
            295            295        82.6252        79.1667        99.6274
            296            296        82.7722        79.3333        99.6254
            297            297        82.9167           79.5        99.6233
            298            298         83.065        79.6667        99.6213
            299            299        83.2225        79.8333         99.619
            300            300        83.3748             80        99.6169
            301            301        83.5205        80.1667        99.6149
            302            302        83.6806        80.3333         99.613
            303            303        83.8341           80.5        99.6112
            304            304        83.9747        80.6667        99.6094
            305            305          84.14        80.8333        99.6075
            306            306        84.2831             81        99.6057
            307            307        84.4406        81.1667        99.6037
            308            308         84.585        81.3333        99.6015
            309            309        84.7334           81.5        99.5993
            310            310        84.8895        81.6667        99.5973
            311            311        85.0379        81.8333         99.595
            312            312         85.198             82        99.5928
            313            313        85.3437        82.1667        99.5905
            314            314        85.4908        82.3333        99.5881
            315            315        85.6574           82.5        99.5855
            316            316        85.8031        82.6667        99.5828
            317            317        85.9424        82.8333          99.58
            318            318        86.0933             83        99.5772
            319            319         86.243        83.1667        99.5741
            320            320        86.3887        83.3333        99.5711
            321            321        86.5409           83.5        99.5677
            322            322        86.6919        83.6667         99.564
            323            323        86.8494        83.8333        99.5595
            324            324        87.0094             84        99.5547
            325            325        87.1513        84.1667        99.5498
            326            326        87.3061        84.3333        99.5447
            327            327        87.4571           84.5        99.5395
            328            328        87.6068        84.6667        99.5334
            329            329        87.7616        84.8333        99.5284
            330            330        87.9061             85        99.5244
            331            331        88.0583        85.1667         99.521
            332            332        88.2105        85.3333        99.5198
            333            333         88.368           85.5        99.5185
            334            334        88.5163        85.6667        99.5172
            335            335        88.6686        85.8333        99.5161
            336            336        88.8365             86        99.5169
            337            337        88.9783        86.1667        99.5168
            338            338         89.141        86.3333        99.5168
            339            339        89.2828           86.5        99.5167
            340            340        89.4377        86.6667        99.5165
            341            341        89.5795        86.8333        99.5163
            342            342        89.7292             87        99.5159
            343            343        89.8762        87.1667        99.5154
            344            344        90.0376        87.3333        99.5147
            345            345        90.1911           87.5        99.5136
            346            346        90.3395        87.6667        99.5122
            347            347        90.4917        87.8333        99.5105
            348            348        90.6453             88        99.5079
            349            349        90.7949        88.1667        99.5057
            350            350        90.9524        88.3333        99.5035
            351            351        91.1034           88.5        99.5013
            352            352        91.2582        88.6667         99.499
            353            353        91.4079        88.8333        99.4968
            354            354        91.5653             89        99.4949
            355            355        91.7124        89.1667        99.4932
            356            356        91.8529        89.3333        99.4922
            357            357        92.0013           89.5         99.491
            358            358        92.1587        89.6667        99.4899
            359            359        92.3188        89.8333        99.4887
            360            360        92.4815             90        99.4875
            361            361        92.6194        90.1667        99.4863
            362            362        92.7743        90.3333        99.4849
            363            363        92.9304           90.5        99.4836
            364            364        93.0788        90.6667        99.4822
            365            365        93.2375        90.8333        99.4803
            366            366        93.3833             91        99.4785
            367            367        93.5329        91.1667        99.4768
            368            368        93.6956        91.3333         99.475
            369            369        93.8505           91.5        99.4732
            370            370        94.0027        91.6667        99.4714
            371            371         94.155        91.8333        99.4697
            372            372        94.3111             92        99.4679
            373            373        94.4634        92.1667        99.4669
            374            374        94.6039        92.3333        99.4662
            375            375        94.7536           92.5        99.4655
            376            376        94.9123        92.6667        99.4649
            377            377         95.075        92.8333        99.4651
            378            378        95.2234             93        99.4646
            379            379        95.3639        93.1667        99.4639
            380            380        95.5226        93.3333        99.4631
            381            381        95.6801           93.5        99.4616
            382            382        95.8298        93.6667        99.4602
            383            383        95.9898        93.8333        99.4588
            384            384        96.1421             94        99.4572
            385            385        96.2852        94.1667        99.4552
            386            386        96.4335        94.3333        99.4534
            387            387        96.5936           94.5        99.4516
            388            388        96.7458        94.6667        99.4498
            389            389        96.8903        94.8333        99.4482
            390            390        97.0621             95        99.4471
            391            391        97.2169        95.1667        99.4464
            392            392        97.3653        95.3333        99.4456
            393            393        97.5149           95.5        99.4446
            394            394        97.6633        95.6667         99.444
            395            395        97.8181        95.8333        99.4427
            396            396        97.9704             96        99.4415
            397            397        98.1174        96.1667        99.4405
            398            398        98.2801        96.3333        99.4387
            399            399        98.4206           96.5        99.4375
            400            400        98.5807        96.6667        99.4362
            401            401        98.7382        96.8333        99.4347
            402            402        98.8943             97        99.4324
            403            403        99.0401        97.1667        99.4288
            404            404        99.1871        97.3333        99.4236
            405            405        99.3381           97.5        99.4174
            406            406         99.489        97.6667        99.4071
            407            407        99.6504        97.8333        99.3983
            408            408        99.8026             98          99.39
            409            409        99.9549        98.1667        99.3817
            410            410        100.102        98.3333        99.3729
            411            411        100.254           98.5        99.3659
            412            412        100.412        98.6667        99.3606
            413            413        100.576        98.8333        99.3564
            414            414        100.729             99        99.3571
            415            415        100.874        99.1667         99.357
            416            416        101.029        99.3333        99.3574
            417            417        101.182           99.5        99.3581
            418            418        101.337        99.6667        99.3624
            419            419         101.47        99.8333         99.365
            420            420        101.636            100        99.3674
            421            421         101.79        100.167        99.3699
            422            422        101.942        100.333        99.3726
            423            423         102.11          100.5        99.3755
            424            424         102.25        100.667        99.3784
            425            425        102.409        100.833        99.3814
            426            426        102.572            101        99.3842
            427            427        102.727        101.167         99.387
            428            428        102.882        101.333        99.3895
            429            429        103.025          101.5        99.3916
            430            430        103.178        101.667        99.3936
            431            431        103.329        101.833        99.3946
            432            432        103.483            102        99.3959
            433            433        103.642        102.167        99.3971
            434            434        103.798        102.333        99.3982
            435            435        103.941          102.5        99.3986
            436            436          104.1        102.667        99.3992
            437            437        104.247        102.833        99.3998
            438            438        104.409            103        99.4003
            439            439        104.559        103.167        99.4003
            440            440        104.719        103.333        99.4005
            441            441        104.875          103.5        99.4009
            442            442        105.029        103.667        99.4012
            443            443        105.177        103.833        99.4017
            444            444        105.329            104         99.402
            445            445        105.482        104.167        99.4021
            446            446        105.639        104.333        99.4021
            447            447        105.793          104.5        99.4022
            448            448        105.946        104.667        99.4024
            449            449        106.098        104.833        99.4025
            450            450        106.255            105        99.4026
            451            451        106.411        105.167        99.4024
            452            452        106.559        105.333        99.4023
            453            453        106.715          105.5        99.4021
            454            454         106.87        105.667        99.4017
            455            455        107.028        105.833        99.4006
            456            456        107.173            106        99.3996
            457            457        107.341        106.167        99.3987
            458            458        107.492        106.333         99.398
            459            459        107.646          106.5        99.3973
            460            460        107.801        106.667        99.3963
            461            461        107.946        106.833        99.3955
            462            462        108.099            107         99.395
            463            463        108.253        107.167        99.3945
            464            464        108.416        107.333         99.394
            465            465        108.571          107.5        99.3934
            466            466        108.727        107.667        99.3927
            467            467        108.879        107.833        99.3919
            468            468        109.034            108        99.3913
            469            469        109.188        108.167        99.3907
            470            470        109.339        108.333        99.3902
            471            471        109.499          108.5        99.3898
            472            472        109.654        108.667        99.3898
            473            473         109.81        108.833        99.3897
            474            474        109.965            109        99.3897
            475            475         110.12        109.167        99.3897
            476            476        110.273        109.333        99.3896
            477            477        110.432          109.5        99.3894
            478            478        110.587        109.667        99.3889
            479            479        110.743        109.833        99.3883
            480            480        110.893            110        99.3869
            481            481        111.055        110.167        99.3855
            482            482         111.21        110.333        99.3838
            483            483        111.357          110.5        99.3819
            484            484        111.515        110.667        99.3791
            485            485        111.671        110.833        99.3767
            486            486         111.83            111        99.3744
            487            487        111.977        111.167        99.3722
            488            488        112.131        111.333        99.3704
            489            489        112.299          111.5         99.369
            490            490        112.444        111.667        99.3684
            491            491        112.599        111.833        99.3682
            492            492        112.755            112        99.3682
            493            493        112.908        112.167        99.3695
            494            494        113.067        112.333        99.3695
            495            495        113.225          112.5        99.3687
            496            496        113.378        112.667        99.3677
            497            497        113.537        112.833        99.3662
            498            498        113.692            113        99.3653
            499            499        113.856        113.167        99.3645
            500            500        113.999        113.333        99.3637
            501            501        114.151          113.5        99.3627
            502            502        114.302        113.667        99.3613
            503            503        114.458        113.833        99.3592
            504            504        114.624            114         99.357
            505            505        114.772        114.167        99.3535
            506            506        114.932        114.333        99.3505
            507            507        115.082          114.5        99.3478
            508            508        115.242        114.667        99.3451
            509            509        115.411        114.833        99.3424
            510            510        115.558            115        99.3403
            511            511        115.718        115.167        99.3386
            512            512        115.868        115.333        99.3374
            513            513        116.029          115.5        99.3383
            514            514        116.183        115.667         99.339
            515            515        116.339        115.833        99.3401
            516            516        116.499            116        99.3413
            517            517        116.658        116.167        99.3441
            518            518        116.815        116.333        99.3461
            519            519        116.967          116.5         99.348
            520            520        117.125        116.667        99.3499
            521            521        117.293        116.833        99.3513
            522            522        117.444            117        99.3528
            523            523        117.589        117.167        99.3544
            524            524        117.746        117.333         99.356
            525            525        117.893          117.5        99.3574
            526            526        118.066        117.667        99.3584
            527            527        118.204        117.833        99.3593
            528            528        118.378            118        99.3602
            529            529        118.535        118.167         99.361
            530            530        118.689        118.333        99.3611
            531            531        118.841          118.5        99.3614
            532            532        118.999        118.667        99.3616
            533            533        119.152        118.833        99.3618
            534            534        119.303            119        99.3619
            535            535        119.467        119.167        99.3623
            536            536        119.614        119.333        99.3627
            537            537        119.764          119.5        99.3631
            538            538        119.928        119.667        99.3628
            539            539        120.084        119.833         99.362
            540            540        120.221            120         99.361
            541            541        120.394        120.167        99.3597
            542            542        120.566        120.333        99.3574
            543            543        120.711          120.5         99.356
            544            544        120.871        120.667        99.3548
            545            545        121.017        120.833        99.3536
            546            546        121.175            121        99.3532
            547            547        121.332        121.167        99.3526
            548            548        121.495        121.333        99.3523
            549            549        121.644          121.5         99.352
            550            550        121.814        121.667        99.3526
            551            551        121.974        121.833        99.3531
            552            552        122.126            122        99.3536
            553            553        122.283        122.167        99.3543
            554            554         122.44        122.333        99.3555
            555            555        122.594          122.5        99.3561
            556            556        122.745        122.667        99.3565
            557            557        122.915        122.833        99.3569
            558            558        123.063            123        99.3573
            559            559         123.22        123.167        99.3572
            560            560        123.377        123.333        99.3572
            561            561        123.533          123.5         99.357
            562            562        123.691        123.667        99.3568
            563            563        123.849        123.833        99.3568
            564            564        124.008            124        99.3569
            565            565        124.173        124.167         99.357
            566            566        124.313        124.333        99.3571
            567            567        124.483          124.5        99.3571
            568            568        124.641        124.667         99.357
            569            569        124.792        124.833        99.3569
            570            570        124.934            125        99.3569
            571            571          125.1        125.167        99.3565
            572            572        125.274        125.333        99.3563
            573            573        125.425          125.5        99.3562
            574            574        125.577        125.667        99.3563
            575            575        125.739        125.833        99.3565
            576            576        125.899            126        99.3566
            577            577        126.056        126.167        99.3565
            578            578        126.204        126.333        99.3564
            579            579        126.363          126.5        99.3563
            580            580        126.521        126.667        99.3562
            581            581        126.686        126.833         99.356
            582            582        126.832            127        99.3557
            583            583        126.993        127.167        99.3557
            584            584        127.154        127.333        99.3558
            585            585        127.324          127.5        99.3558
            586            586         127.48        127.667        99.3557
            587            587        127.635        127.833        99.3558
            588            588         127.78            128        99.3559
            589            589        127.942        128.167        99.3562
            590            590        128.106        128.333        99.3566
            591            591        128.268          128.5        99.3568
            592            592        128.425        128.667        99.3569
            593            593        128.578        128.833        99.3566
            594            594        128.716            129        99.3559
            595            595        128.891        129.167        99.3551
            596            596        129.044        129.333        99.3534
            597            597        129.211          129.5        99.3524
            598            598        129.353        129.667        99.3517
            599            599        129.528        129.833        99.3511
            600            600        129.683            130        99.3503
            601            601        129.852        130.167        99.3493
            602            602        130.002        130.333        99.3481
            603            603         130.15          130.5         99.347
            604            604        130.314        130.667        99.3459
            605            605        130.465        130.833         99.345
            606            606        130.627            131        99.3438
            607            607        130.785        131.167        99.3425
            608            608        130.943        131.333        99.3416
            609            609        131.106          131.5        99.3407
            610            610        131.257        131.667        99.3399
            611            611        131.415        131.833         99.339
            612            612        131.591            132        99.3382
            613            613        131.722        132.167        99.3377
            614            614        131.877        132.333        99.3374
            615            615         132.04          132.5        99.3372
            616            616        132.206        132.667        99.3372
            617            617        132.343        132.833         99.337
            618            618         132.51            133        99.3366
            619            619        132.679        133.167        99.3362
            620            620         132.83        133.333        99.3358
            621            621        132.986          133.5        99.3354
            622            622        133.134        133.667         99.335
            623            623        133.301        133.833        99.3346
            624            624        133.471            134        99.3342
            625            625        133.632        134.167         99.334
            626            626        133.781        134.333        99.3338
            627            627        133.935          134.5        99.3336
            628            628        134.084        134.667        99.3333
            629            629        134.246        134.833        99.3331
            630            630        134.411            135        99.3327
            631            631        134.554        135.167        99.3324
            632            632        134.729        135.333        99.3321
            633            633        134.886          135.5        99.3319
            634            634        135.051        135.667         99.332
            635            635        135.213        135.833         99.332
            636            636        135.358            136        99.3321
            637            637        135.528        136.167        99.3325
            638            638        135.694        136.333        99.3327
            639            639        135.835          136.5         99.333
            640            640        135.984        136.667        99.3332
            641            641        136.156        136.833        99.3331
            642            642        136.328            137        99.3332
            643            643        136.471        137.167        99.3333
            644            644        136.621        137.333        99.3334
            645            645        136.794          137.5        99.3332
            646            646        136.941        137.667         99.333
            647            647        137.121        137.833        99.3328
            648            648        137.264            138        99.3328
            649            649        137.424        138.167        99.3324
            650            650        137.589        138.333        99.3321
            651            651        137.747          138.5        99.3317
            652            652        137.907        138.667        99.3313
            653            653        138.076        138.833        99.3309
            654            654        138.228            139        99.3304
            655            655        138.388        139.167        99.3296
            656            656        138.548        139.333        99.3287
            657            657        138.699          139.5        99.3276
            658            658        138.855        139.667        99.3265
            659            659        139.019        139.833        99.3256
            660            660        139.182            140        99.3248
            661            661        139.341        140.167        99.3239
            662            662        139.506        140.333        99.3231
            663            663        139.666          140.5        99.3222
            664            664        139.805        140.667        99.3214
            665            665        139.969        140.833        99.3209
            666            666        140.141            141        99.3206
            667            667        140.294        141.167        99.3205
            668            668        140.443        141.333        99.3205
            669            669        140.615          141.5        99.3204
            670            670        140.767        141.667        99.3208
            671            671        140.923        141.833        99.3204
            672            672         141.08            142        99.3198
            673            673        141.247        142.167        99.3192
            674            674        141.414        142.333        99.3179
            675            675        141.564          142.5        99.3171
            676            676        141.715        142.667        99.3166
            677            677        141.875        142.833         99.316
            678            678        142.048            143        99.3156
            679            679        142.204        143.167        99.3151
            680            680        142.365        143.333        99.3146
            681            681        142.528          143.5        99.3142
            682            682        142.679        143.667        99.3136
            683            683        142.838        143.833        99.3132
            684            684        142.998            144        99.3131
            685            685        143.148        144.167         99.313
            686            686        143.312        144.333        99.3129
            687            687        143.459          144.5        99.3122
            688            688        143.624        144.667        99.3113
            689            689        143.785        144.833        99.3102
            690            690        143.952            145        99.3091
            691            691         144.12        145.167        99.3075
            692            692        144.272        145.333        99.3063
            693            693        144.432          145.5        99.3052
            694            694        144.588        145.667         99.304
            695            695         144.75        145.833        99.3037
            696            696        144.915            146        99.3033
            697            697         145.08        146.167        99.3029
            698            698        145.238        146.333        99.3026
            699            699        145.394          146.5        99.3027
            700            700        145.567        146.667        99.3026
            701            701        145.719        146.833        99.3023
            702            702        145.873            147         99.302
            703            703        146.033        147.167        99.3016
            704            704        146.193        147.333        99.3011
            705            705        146.354          147.5        99.3004
            706            706        146.521        147.667        99.2997
            707            707        146.672        147.833        99.2993
            708            708        146.821            148        99.2993
            709            709        147.004        148.167        99.2993
            710            710        147.161        148.333        99.2994
            711            711         147.32          148.5           99.3
            712            712        147.481        148.667        99.3001
            713            713        147.634        148.833           99.3
            714            714        147.799            149        99.2998
            715            715        147.947        149.167        99.2988
            716            716        148.105        149.333         99.298
            717            717        148.267          149.5        99.2971
            718            718         148.43        149.667        99.2962
            719            719        148.594        149.833        99.2955
            720            720        148.761            150        99.2954
            721            721        148.906        150.167        99.2952
            722            722        149.064        150.333        99.2945
            723            723        149.229          150.5        99.2934
            724            724        149.389        150.667        99.2934
            725            725        149.549        150.833        99.2929
            726            726        149.702            151        99.2925
            727            727         149.87        151.167        99.2922
            728            728        150.028        151.333        99.2907
            729            729        150.187          151.5        99.2893
            730            730        150.352        151.667        99.2883
            731            731         150.51        151.833        99.2877
            732            732        150.667            152        99.2864
            733            733        150.827        152.167        99.2856
            734            734        150.991        152.333        99.2849
            735            735        151.151          152.5        99.2844
            736            736        151.319        152.667        99.2847
            737            737        151.489        152.833        99.2845
            738            738         151.62            153        99.2841
            739            739        151.785        153.167        99.2836
            740            740        151.957        153.333        99.2829
            741            741        152.113          153.5        99.2825
            742            742        152.272        153.667        99.2817
            743            743        152.431        153.833        99.2808
            744            744        152.592            154        99.2799
            745            745        152.757        154.167        99.2789
            746            746        152.907        154.333        99.2777
            747            747        153.079          154.5        99.2764
            748            748        153.235        154.667        99.2748
            749            749        153.393        154.833        99.2741
            750            750         153.55            155        99.2766
            751            751        153.697        155.167         99.282
            752            752        153.864        155.333        99.2927
            753            753        154.042          155.5        99.3026
            754            754        154.202        155.667        99.3118
            755            755        154.354        155.833        99.3199
            756            756        154.518            156        99.3273
            757            757        154.678        156.167        99.3347
            758            758        154.825        156.333        99.3394
            759            759        155.002          156.5        99.3423
            760            760        155.159        156.667         99.344
            761            761         155.32        156.833        99.3385
            762            762        155.477            157        99.3356
            763            763         155.64        157.167        99.3326
            764            764        155.805        157.333        99.3292
            765            765        155.965          157.5        99.3237
            766            766         156.13        157.667        99.3195
            767            767        156.291        157.833        99.3158
            768            768        156.451            158        99.3122
            769            769        156.605        158.167        99.3095
            770            770        156.767        158.333        99.3069
            771            771        156.929          158.5        99.3046
            772            772        157.098        158.667        99.3024
            773            773        157.255        158.833        99.3015
            774            774        157.419            159        99.3001
            775            775        157.587        159.167        99.2988
            776            776        157.737        159.333        99.2975
            777            777        157.896          159.5        99.2966
            778            778        158.052        159.667        99.2954
            779            779        158.226        159.833        99.2943
            780            780        158.391            160        99.2931
            781            781        158.552        160.167        99.2919
            782            782        158.705        160.333        99.2908
            783            783        158.874          160.5        99.2895
            784            784        159.033        160.667        99.2883
            785            785        159.192        160.833         99.287
            786            786        159.356            161        99.2856
            787            787         159.52        161.167        99.2842
            788            788        159.681        161.333        99.2828
            789            789        159.839          161.5        99.2813
            790            790        160.001        161.667        99.2797
            791            791        160.156        161.833        99.2782
            792            792        160.318            162        99.2768
            793            793        160.478        162.167        99.2754
            794            794         160.64        162.333        99.2746
            795            795        160.803          162.5        99.2743
            796            796        160.957        162.667        99.2744
            797            797        161.114        162.833        99.2746
            798            798        161.278            163        99.2757
            799            799        161.452        163.167        99.2758
            800            800        161.611        163.333        99.2753
            801            801        161.765          163.5        99.2746
            802            802        161.933        163.667        99.2735
            803            803        162.093        163.833        99.2728
            804            804        162.254            164        99.2719
            805            805        162.406        164.167        99.2709
            806            806         162.57        164.333        99.2699
            807            807        162.742          164.5        99.2689
            808            808        162.908        164.667        99.2679
            809            809        163.061        164.833        99.2671
            810            810        163.225            165        99.2663
            811            811        163.386        165.167        99.2662
            812            812        163.548        165.333        99.2663
            813            813        163.707          165.5        99.2662
            814            814        163.867        165.667        99.2661
            815            815        164.026        165.833        99.2655
            816            816        164.192            166        99.2649
            817            817        164.355        166.167        99.2645
            818            818        164.511        166.333         99.264
            819            819        164.682          166.5        99.2639
            820            820        164.842        166.667        99.2638
            821            821        165.003        166.833        99.2639
            822            822        165.167            167        99.2642
            823            823        165.324        167.167        99.2652
            824            824        165.487        167.333        99.2657
            825            825        165.646          167.5         99.266
            826            826        165.822        167.667        99.2663
            827            827        165.975        167.833        99.2665
            828            828        166.133            168        99.2667
            829            829        166.299        168.167        99.2667
            830            830        166.458        168.333        99.2667
            831            831        166.621          168.5        99.2665
            832            832         166.78        168.667        99.2663
            833            833        166.941        168.833        99.2664
            834            834        167.106            169        99.2666
            835            835         167.27        169.167        99.2665
            836            836        167.426        169.333        99.2665
            837            837        167.603          169.5        99.2665
            838            838        167.761        169.667        99.2666
            839            839        167.918        169.833        99.2666
            840            840        168.077            170        99.2664
            841            841        168.236        170.167        99.2662
            842            842          168.4        170.333        99.2659
            843            843        168.565          170.5        99.2655
            844            844        168.729        170.667        99.2651
            845            845        168.886        170.833        99.2645
            846            846        169.046            171        99.2639
            847            847        169.206        171.167        99.2635
            848            848        169.366        171.333         99.263
            849            849        169.532          171.5        99.2625
            850            850        169.698        171.667         99.262
            851            851        169.858        171.833        99.2617
            852            852        170.017            172        99.2612
            853            853        170.182        172.167         99.261
            854            854        170.346        172.333        99.2609
            855            855        170.505          172.5        99.2609
            856            856        170.678        172.667        99.2608
            857            857        170.835        172.833        99.2608
            858            858        170.986            173        99.2609
            859            859        171.154        173.167        99.2614
            860            860        171.317        173.333        99.2618
            861            861        171.474          173.5        99.2622
            862            862        171.636        173.667        99.2626
            863            863        171.804        173.833        99.2635
            864            864        171.971            174        99.2642
            865            865        172.124        174.167        99.2649
            866            866        172.297        174.333        99.2655
            867            867        172.461          174.5        99.2662
            868            868        172.618        174.667        99.2666
            869            869         172.78        174.833        99.2669
            870            870        172.945            175         99.267
            871            871        173.105        175.167        99.2666
            872            872        173.276        175.333        99.2665
            873            873        173.425          175.5        99.2665
            874            874        173.589        175.667        99.2663
            875            875        173.756        175.833        99.2658
            876            876        173.917            176        99.2653
            877            877         174.08        176.167        99.2647
            878            878        174.243        176.333         99.264
            879            879        174.412          176.5         99.263
            880            880        174.576        176.667        99.2624
            881            881         174.74        176.833        99.2622
            882            882          174.9            177        99.2622
            883            883        175.056        177.167        99.2623
            884            884        175.225        177.333        99.2621
            885            885        175.379          177.5        99.2619
            886            886        175.549        177.667        99.2617
            887            887        175.716        177.833        99.2615
            888            888        175.875            178        99.2612
            889            889        176.036        178.167         99.261
            890            890          176.2        178.333        99.2607
            891            891        176.359          178.5        99.2603
            892            892        176.518        178.667          99.26
            893            893        176.693        178.833        99.2596
            894            894        176.854            179        99.2592
            895            895        177.016        179.167        99.2589
            896            896        177.179        179.333        99.2588
            897            897        177.344          179.5        99.2588
            898            898        177.507        179.667        99.2587
            899            899        177.667        179.833        99.2587
            900            900        177.831            180        99.2587
            901            901        177.992        180.167        99.2588
            902            902        178.155        180.333        99.2589
            903            903        178.315          180.5        99.2585
            904            904        178.488        180.667        99.2581
            905            905        178.646        180.833        99.2576
            906            906        178.802            181         99.257
            907            907        178.969        181.167         99.256
            908            908        179.127        181.333        99.2552
            909            909        179.294          181.5        99.2545
            910            910        179.461        181.667        99.2538
            911            911        179.623        181.833        99.2537
            912            912        179.778            182         99.254
            913            913        179.945        182.167        99.2546
            914            914        180.113        182.333        99.2552
            915            915        180.271          182.5        99.2568
            916            916        180.438        182.667        99.2579
            917            917        180.601        182.833        99.2589
            918            918        180.766            183        99.2595
            919            919        180.922        183.167        99.2594
            920            920        181.087        183.333        99.2594
            921            921        181.253          183.5        99.2595
            922            922         181.41        183.667        99.2596
            923            923        181.579        183.833        99.2592
            924            924        181.745            184        99.2593
            925            925        181.914        184.167        99.2594
            926            926        182.077        184.333        99.2596
            927            927        182.235          184.5        99.2601
            928            928        182.397        184.667        99.2601
            929            929        182.558        184.833        99.2599
            930            930        182.729            185        99.2596
            931            931        182.891        185.167        99.2585
            932            932        183.054        185.333        99.2576
            933            933        183.204          185.5        99.2566
            934            934        183.372        185.667        99.2555
            935            935        183.545        185.833        99.2541
            936            936        183.706            186        99.2532
            937            937        183.871        186.167        99.2524
            938            938        184.033        186.333        99.2518
            939            939        184.194          186.5        99.2511
            940            940         184.35        186.667        99.2503
            941            941        184.513        186.833        99.2497
            942            942        184.685            187        99.2492
            943            943        184.851        187.167        99.2486
            944            944        185.015        187.333        99.2483
            945            945        185.178          187.5        99.2482
            946            946        185.338        187.667        99.2482
            947            947          185.5        187.833        99.2487
            948            948        185.654            188        99.2489
            949            949        185.821        188.167        99.2487
            950            950        185.989        188.333        99.2485
            951            951        186.147          188.5         99.248
            952            952         186.32        188.667        99.2475
            953            953        186.488        188.833        99.2469
            954            954        186.641            189        99.2463
            955            955        186.802        189.167        99.2456
            956            956        186.969        189.333        99.2447
            957            957        187.125          189.5         99.244
            958            958        187.291        189.667        99.2434
            959            959        187.464        189.833        99.2428
            960            960        187.628            190        99.2427
            961            961        187.786        190.167         99.243
            962            962         187.95        190.333        99.2438
            963            963        188.116          190.5        99.2448
            964            964        188.276        190.667        99.2465
            965            965        188.439        190.833        99.2477
            966            966        188.612            191        99.2487
            967            967        188.776        191.167        99.2497
            968            968        188.928        191.333        99.2504
            969            969        189.109          191.5        99.2511
            970            970        189.261        191.667        99.2516
            971            971        189.428        191.833        99.2521
            972            972         189.58            192        99.2522
            973            973        189.751        192.167        99.2524
            974            974        189.917        192.333        99.2527
            975            975        190.085          192.5        99.2533
            976            976        190.241        192.667        99.2544
            977            977        190.407        192.833        99.2553
            978            978        190.569            193        99.2558
            979            979        190.734        193.167        99.2559
            980            980        190.906        193.333        99.2559
            981            981        191.066          193.5         99.256
            982            982        191.233        193.667        99.2562
            983            983        191.396        193.833        99.2563
            984            984        191.553            194        99.2558
            985            985         191.72        194.167        99.2557
            986            986        191.881        194.333        99.2556
            987            987        192.059          194.5        99.2555
            988            988        192.217        194.667        99.2554
            989            989        192.382        194.833        99.2556
            990            990        192.541            195        99.2556
            991            991        192.708        195.167        99.2558
            992            992        192.869        195.333        99.2562
            993            993        193.038          195.5         99.257
            994            994        193.198        195.667         99.258
            995            995        193.357        195.833        99.2589
            996            996        193.522            196        99.2599
            997            997        193.688        196.167         99.261
            998            998         193.86        196.333        99.2615
            999            999        194.018          196.5        99.2617
           1000           1000        194.189        196.667        99.2618
           1001           1001        194.346        196.833        99.2613
           1002           1002        194.513            197        99.2614
           1003           1003        194.669        197.167        99.2617
           1004           1004        194.834        197.333        99.2621
           1005           1005        195.006          197.5        99.2632
           1006           1006        195.168        197.667        99.2638
           1007           1007        195.326        197.833        99.2642
           1008           1008        195.494            198        99.2644
           1009           1009        195.648        198.167        99.2645
           1010           1010        195.822        198.333        99.2648
           1011           1011        195.982          198.5        99.2651
           1012           1012        196.148        198.667        99.2653
           1013           1013        196.321        198.833        99.2653
           1014           1014        196.477            199        99.2653
           1015           1015        196.641        199.167        99.2653
           1016           1016        196.806        199.333        99.2654
           1017           1017        196.979          199.5        99.2658
           1018           1018        197.138        199.667        99.2664
           1019           1019        197.294        199.833         99.267
           1020           1020        197.465            200        99.2677
           1021           1021        197.626        200.167        99.2684
           1022           1022         197.79        200.333        99.2695
           1023           1023        197.949          200.5        99.2701
           1024           1024        198.113        200.667        99.2705
           1025           1025        198.286        200.833        99.2707
           1026           1026        198.446            201        99.2708
           1027           1027        198.606        201.167        99.2711
           1028           1028        198.776        201.333        99.2714
           1029           1029        198.941          201.5        99.2718
           1030           1030        199.097        201.667        99.2723
           1031           1031        199.274        201.833        99.2725
           1032           1032        199.436            202        99.2726
           1033           1033        199.597        202.167        99.2726
           1034           1034        199.758        202.333        99.2722
           1035           1035        199.924          202.5        99.2718
           1036           1036        200.089        202.667        99.2715
           1037           1037        200.262        202.833        99.2711
           1038           1038        200.419            203        99.2706
           1039           1039        200.582        203.167        99.2703
           1040           1040        200.744        203.333        99.2701
           1041           1041          200.9          203.5          99.27
           1042           1042        201.074        203.667        99.2706
           1043           1043        201.238        203.833        99.2712
           1044           1044        201.402            204        99.2717
           1045           1045        201.571        204.167        99.2723
           1046           1046        201.739        204.333        99.2733
           1047           1047        201.903          204.5        99.2738
           1048           1048         202.07        204.667        99.2738
           1049           1049        202.229        204.833        99.2737
           1050           1050        202.391            205        99.2729
           1051           1051        202.554        205.167        99.2726
           1052           1052        202.721        205.333        99.2725
           1053           1053         202.89          205.5        99.2724
           1054           1054         203.05        205.667        99.2722
           1055           1055        203.218        205.833         99.272
           1056           1056        203.382            206        99.2717
           1057           1057        203.554        206.167        99.2714
           1058           1058        203.719        206.333        99.2711
           1059           1059        203.884          206.5        99.2705
           1060           1060        204.046        206.667        99.2702
           1061           1061        204.208        206.833          99.27
           1062           1062        204.375            207        99.2698
           1063           1063        204.542        207.167        99.2702
           1064           1064        204.702        207.333        99.2708
           1065           1065        204.868          207.5        99.2714
           1066           1066        205.035        207.667        99.2719
           1067           1067        205.195        207.833        99.2725
           1068           1068         205.36            208        99.2728
           1069           1069        205.532        208.167        99.2731
           1070           1070        205.701        208.333        99.2735
           1071           1071         205.86          208.5        99.2734
           1072           1072        206.019        208.667        99.2733
           1073           1073        206.189        208.833        99.2733
           1074           1074        206.359            209        99.2731
           1075           1075        206.515        209.167        99.2731
           1076           1076        206.679        209.333        99.2731
           1077           1077        206.851          209.5        99.2731
           1078           1078        207.011        209.667         99.273
           1079           1079        207.189        209.833        99.2729
           1080           1080        207.347            210        99.2728
           1081           1081        207.513        210.167        99.2727
           1082           1082        207.683        210.333        99.2725
           1083           1083        207.848          210.5        99.2723
           1084           1084            208        210.667         99.272
           1085           1085        208.175        210.833        99.2717
           1086           1086        208.341            211        99.2713
           1087           1087        208.503        211.167        99.2709
           1088           1088        208.677        211.333        99.2701
           1089           1089         208.84          211.5        99.2697
           1090           1090        209.006        211.667        99.2694
           1091           1091        209.166        211.833        99.2691
           1092           1092        209.333            212         99.269
           1093           1093        209.492        212.167        99.2692
           1094           1094        209.664        212.333        99.2694
           1095           1095        209.835          212.5        99.2697
           1096           1096        209.986        212.667          99.27
           1097           1097        210.149        212.833        99.2699
           1098           1098        210.327            213        99.2697
           1099           1099        210.491        213.167        99.2692
           1100           1100        210.657        213.333        99.2677
           1101           1101        210.819          213.5        99.2667
           1102           1102        210.994        213.667        99.2657
           1103           1103        211.147        213.833        99.2648
           1104           1104        211.313            214        99.2637
           1105           1105        211.478        214.167        99.2628
           1106           1106        211.649        214.333        99.2618
           1107           1107        211.819          214.5        99.2608
           1108           1108        211.977        214.667        99.2603
           1109           1109        212.138        214.833        99.2596
           1110           1110        212.303            215        99.2591
           1111           1111        212.467        215.167        99.2585
           1112           1112        212.637        215.333        99.2583
           1113           1113        212.797          215.5        99.2581
           1114           1114        212.957        215.667        99.2578
           1115           1115        213.127        215.833        99.2575
           1116           1116        213.294            216        99.2572
           1117           1117        213.464        216.167        99.2567
           1118           1118        213.627        216.333        99.2562
           1119           1119        213.791          216.5        99.2556
           1120           1120        213.954        216.667        99.2548
           1121           1121        214.111        216.833        99.2533
           1122           1122        214.295            217        99.2521
           1123           1123        214.455        217.167        99.2508
           1124           1124        214.619        217.333        99.2495
           1125           1125        214.785          217.5        99.2479
           1126           1126         214.94        217.667        99.2461
           1127           1127        215.115        217.833        99.2441
           1128           1128        215.281            218        99.2421
           1129           1129        215.456        218.167        99.2402
           1130           1130        215.621        218.333        99.2386
           1131           1131        215.788          218.5        99.2372
           1132           1132        215.943        218.667         99.236
           1133           1133        216.103        218.833        99.2355
           1134           1134        216.275            219        99.2347
           1135           1135        216.445        219.167        99.2337
           1136           1136        216.608        219.333        99.2323
           1137           1137        216.772          219.5        99.2315
           1138           1138        216.942        219.667        99.2309
           1139           1139        217.101        219.833        99.2301
           1140           1140        217.273            220        99.2292
           1141           1141        217.438        220.167         99.228
           1142           1142        217.594        220.333        99.2269
           1143           1143        217.764          220.5        99.2257
           1144           1144        217.932        220.667        99.2247
           1145           1145        218.098        220.833        99.2234
           1146           1146        218.258            221        99.2225
           1147           1147        218.428        221.167        99.2218
           1148           1148        218.591        221.333        99.2212
           1149           1149        218.757          221.5        99.2213
           1150           1150        218.922        221.667        99.2212
           1151           1151        219.085        221.833        99.2212
           1152           1152        219.259            222        99.2212
           1153           1153        219.423        222.167        99.2211
           1154           1154        219.592        222.333         99.221
           1155           1155        219.749          222.5        99.2208
           1156           1156        219.915        222.667        99.2206
           1157           1157        220.086        222.833        99.2204
           1158           1158        220.241            223        99.2201
           1159           1159        220.414        223.167          99.22
           1160           1160        220.578        223.333        99.2201
           1161           1161        220.753          223.5        99.2201
           1162           1162        220.917        223.667        99.2203
           1163           1163        221.083        223.833        99.2199
           1164           1164        221.249            224        99.2192
           1165           1165        221.415        224.167        99.2185
           1166           1166        221.575        224.333        99.2174
           1167           1167        221.747          224.5        99.2168
           1168           1168        221.913        224.667        99.2165
           1169           1169        222.081        224.833        99.2164
           1170           1170         222.24            225        99.2165
           1171           1171        222.409        225.167        99.2162
           1172           1172        222.573        225.333        99.2159
           1173           1173        222.745          225.5        99.2156
           1174           1174        222.908        225.667        99.2149
           1175           1175        223.069        225.833        99.2142
           1176           1176        223.238            226        99.2131
           1177           1177        223.413        226.167        99.2119
           1178           1178        223.572        226.333        99.2107
           1179           1179        223.739          226.5        99.2097
           1180           1180        223.903        226.667        99.2087
           1181           1181        224.069        226.833        99.2077
           1182           1182        224.229            227        99.2067
           1183           1183        224.402        227.167        99.2057
           1184           1184        224.562        227.333        99.2046
           1185           1185        224.724          227.5        99.2031
           1186           1186        224.903        227.667        99.2015
           1187           1187        225.072        227.833        99.1999
           1188           1188        225.239            228        99.1985
           1189           1189        225.404        228.167        99.1974
           1190           1190        225.566        228.333        99.1964
           1191           1191         225.74          228.5         99.196
           1192           1192        225.907        228.667        99.1956
           1193           1193        226.064        228.833        99.1953
           1194           1194        226.228            229        99.1951
           1195           1195        226.399        229.167        99.1956
           1196           1196        226.565        229.333        99.1957
           1197           1197        226.729          229.5        99.1956
           1198           1198        226.896        229.667        99.1954
           1199           1199        227.063        229.833         99.195
           1200           1200        227.228            230        99.1944
           1201           1201        227.401        230.167        99.1939
           1202           1202        227.565        230.333        99.1933
           1203           1203        227.729          230.5        99.1926
           1204           1204        227.893        230.667         99.192
           1205           1205        228.067        230.833        99.1913
           1206           1206        228.231            231        99.1904
           1207           1207        228.405        231.167        99.1888
           1208           1208        228.565        231.333        99.1867
           1209           1209        228.729          231.5        99.1845
           1210           1210        228.889        231.667        99.1822
           1211           1211        229.058        231.833        99.1786
           1212           1212         229.23            232        99.1756
           1213           1213        229.393        232.167        99.1727
           1214           1214        229.566        232.333        99.1699
           1215           1215        229.723          232.5        99.1676
           1216           1216        229.886        232.667         99.165
           1217           1217        230.064        232.833        99.1624
           1218           1218        230.235            233        99.1601
           1219           1219        230.387        233.167         99.158
           1220           1220        230.543        233.333        99.1563
           1221           1221        230.728          233.5        99.1548
           1222           1222        230.887        233.667        99.1534
           1223           1223         231.06        233.833        99.1521
           1224           1224        231.224            234        99.1513
           1225           1225        231.384        234.167        99.1503
           1226           1226        231.553        234.333        99.1492
           1227           1227        231.725          234.5        99.1481
           1228           1228         231.89        234.667        99.1463
           1229           1229        232.055        234.833        99.1439
           1230           1230        232.222            235         99.141
           1231           1231        232.379        235.167        99.1383
           1232           1232        232.552        235.333         99.136
           1233           1233        232.713          235.5        99.1345
           1234           1234        232.886        235.667        99.1333
           1235           1235         233.05        235.833        99.1321
           1236           1236        233.208            236        99.1328
           1237           1237        233.382        236.167        99.1325
           1238           1238         233.55        236.333        99.1321
           1239           1239        233.717          236.5        99.1317
           1240           1240        233.874        236.667         99.131
           1241           1241        234.047        236.833        99.1306
           1242           1242        234.226            237          99.13
           1243           1243        234.386        237.167        99.1293
           1244           1244        234.547        237.333        99.1289
           1245           1245        234.713          237.5        99.1284
           1246           1246        234.879        237.667         99.128
           1247           1247        235.038        237.833        99.1275
           1248           1248        235.212            238        99.1268
           1249           1249        235.376        238.167        99.1261
           1250           1250         235.54        238.333        99.1252
           1251           1251        235.704          238.5        99.1241
           1252           1252        235.872        238.667        99.1227
           1253           1253        236.043        238.833        99.1207
           1254           1254          236.2            239        99.1187
           1255           1255        236.374        239.167        99.1171
           1256           1256        236.535        239.333        99.1159
           1257           1257        236.709          239.5        99.1158
           1258           1258        236.867        239.667        99.1158
           1259           1259        237.033        239.833         99.116
           1260           1260        237.196            240        99.1163
           1261           1261        237.368        240.167         99.118
           1262           1262        237.542        240.333        99.1183
           1263           1263        237.696          240.5        99.1181
           1264           1264        237.872        240.667        99.1174
           1265           1265        238.038        240.833         99.115
           1266           1266        238.202            241        99.1134
           1267           1267        238.373        241.167         99.112
           1268           1268        238.533        241.333        99.1106
           1269           1269        238.697          241.5        99.1091
           1270           1270        238.861        241.667        99.1077
           1271           1271        239.031        241.833        99.1061
           1272           1272        239.203            242        99.1044
           1273           1273        239.363        242.167        99.1032
           1274           1274        239.525        242.333        99.1019
           1275           1275        239.695          242.5        99.1007
           1276           1276        239.869        242.667        99.0995
           1277           1277        240.036        242.833        99.0981
           1278           1278         240.19            243        99.0968
           1279           1279        240.366        243.167        99.0956
           1280           1280         240.53        243.333        99.0944
           1281           1281        240.698          243.5         99.093
           1282           1282        240.864        243.667        99.0917
           1283           1283        241.028        243.833        99.0905
           1284           1284        241.201            244        99.0893
           1285           1285        241.369        244.167        99.0881
           1286           1286        241.536        244.333        99.0865
           1287           1287        241.703          244.5        99.0846
           1288           1288        241.872        244.667        99.0826
           1289           1289        242.036        244.833        99.0805
           1290           1290        242.199            245        99.0779
           1291           1291        242.364        245.167        99.0756
           1292           1292        242.527        245.333        99.0735
           1293           1293        242.694          245.5        99.0716
           1294           1294        242.866        245.667        99.0703
           1295           1295        243.028        245.833        99.0689
           1296           1296        243.198            246        99.0675
           1297           1297        243.362        246.167         99.066
           1298           1298        243.533        246.333        99.0651
           1299           1299        243.705          246.5        99.0638
           1300           1300        243.862        246.667        99.0624
           1301           1301        244.026        246.833        99.0609
           1302           1302        244.193            247        99.0592
           1303           1303        244.359        247.167        99.0575
           1304           1304        244.526        247.333        99.0556
           1305           1305        244.693          247.5        99.0536
           1306           1306        244.859        247.667         99.051
           1307           1307        245.026        247.833        99.0485
           1308           1308         245.19            248        99.0462
           1309           1309        245.366        248.167        99.0439
           1310           1310        245.526        248.333        99.0413
           1311           1311        245.701          248.5        99.0392
           1312           1312        245.865        248.667        99.0374
           1313           1313        246.032        248.833        99.0358
           1314           1314        246.193            249        99.0349
           1315           1315        246.364        249.167        99.0337
           1316           1316        246.531        249.333        99.0324
           1317           1317        246.704          249.5         99.031
           1318           1318        246.865        249.667        99.0294
           1319           1319         247.04        249.833        99.0273
           1320           1320        247.195            250        99.0252
           1321           1321        247.359        250.167        99.0231
           1322           1322        247.537        250.333        99.0211
           1323           1323        247.696          250.5        99.0188
           1324           1324        247.865        250.667        99.0166
           1325           1325         248.03        250.833        99.0142
           1326           1326        248.205            251        99.0118
           1327           1327        248.374        251.167        99.0103
           1328           1328        248.529        251.333        99.0087
           1329           1329        248.704          251.5        99.0073
           1330           1330        248.867        251.667         99.006
           1331           1331        249.034        251.833        99.0051
           1332           1332        249.202            252        99.0038
           1333           1333        249.364        252.167        99.0022
           1334           1334        249.532        252.333        99.0005
           1335           1335        249.698          252.5        98.9986
           1336           1336        249.862        252.667        98.9968
           1337           1337        250.039        252.833         98.995
           1338           1338        250.207            253        98.9931
           1339           1339        250.373        253.167        98.9913
           1340           1340        250.532        253.333        98.9894
           1341           1341        250.709          253.5        98.9875
           1342           1342        250.871        253.667        98.9856
           1343           1343         251.04        253.833        98.9839
           1344           1344        251.209            254         98.982
           1345           1345        251.372        254.167        98.9799
           1346           1346        251.546        254.333        98.9776
           1347           1347        251.714          254.5        98.9752
           1348           1348        251.876        254.667        98.9725
           1349           1349        252.046        254.833        98.9698
           1350           1350        252.213            255        98.9669
           1351           1351        252.377        255.167        98.9639
           1352           1352        252.551        255.333        98.9604
           1353           1353        252.718          255.5        98.9572
           1354           1354         252.88        255.667         98.954
           1355           1355        253.047        255.833        98.9509
           1356           1356        253.219            256         98.948
           1357           1357        253.382        256.167        98.9452
           1358           1358        253.552        256.333        98.9423
           1359           1359        253.717          256.5        98.9393
           1360           1360         253.88        256.667        98.9363
           1361           1361        254.052        256.833        98.9331
           1362           1362         254.22            257        98.9298
           1363           1363        254.388        257.167        98.9265
           1364           1364        254.554        257.333        98.9215
           1365           1365        254.718          257.5        98.9167
           1366           1366        254.886        257.667        98.9122
           1367           1367        255.057        257.833        98.9078
           1368           1368         255.23            258        98.9034
           1369           1369        255.387        258.167           98.9
           1370           1370        255.561        258.333        98.8971
           1371           1371        255.729          258.5        98.8944
           1372           1372        255.898        258.667        98.8938
           1373           1373        256.057        258.833        98.8923
           1374           1374        256.223            259        98.8905
           1375           1375        256.391        259.167        98.8887
           1376           1376        256.556        259.333        98.8868
           1377           1377        256.731          259.5        98.8846
           1378           1378        256.897        259.667         98.882
           1379           1379        257.061        259.833        98.8792
           1380           1380        257.232            260        98.8756
           1381           1381        257.403        260.167        98.8723
           1382           1382        257.567        260.333        98.8691
           1383           1383        257.733          260.5        98.8659
           1384           1384        257.905        260.667        98.8625
           1385           1385        258.063        260.833        98.8591
           1386           1386        258.229            261        98.8557
           1387           1387        258.397        261.167        98.8521
           1388           1388        258.566        261.333        98.8485
           1389           1389        258.732          261.5        98.8448
           1390           1390        258.895        261.667        98.8411
           1391           1391        259.065        261.833        98.8373
           1392           1392        259.232            262        98.8335
           1393           1393        259.409        262.167        98.8297
           1394           1394        259.568        262.333        98.8261
           1395           1395        259.743          262.5        98.8226
           1396           1396        259.905        262.667         98.819
           1397           1397        260.074        262.833        98.8154
           1398           1398        260.244            263        98.8118
           1399           1399        260.414        263.167        98.8084
           1400           1400         260.58        263.333         98.805
           1401           1401        260.752          263.5        98.8018
           1402           1402        260.917        263.667        98.7987
           1403           1403        261.075        263.833        98.7957
           1404           1404        261.243            264        98.7927
           1405           1405        261.411        264.167        98.7903
           1406           1406        261.585        264.333        98.7875
           1407           1407        261.753          264.5        98.7844
           1408           1408        261.916        264.667        98.7812
           1409           1409        262.085        264.833        98.7779
           1410           1410        262.253            265        98.7746
           1411           1411        262.417        265.167        98.7711
           1412           1412        262.586        265.333        98.7673
           1413           1413         262.75          265.5        98.7629
           1414           1414        262.926        265.667        98.7587
           1415           1415        263.089        265.833        98.7545
           1416           1416        263.255            266        98.7504
           1417           1417        263.418        266.167        98.7464
           1418           1418        263.585        266.333        98.7423
           1419           1419        263.759          266.5        98.7383
           1420           1420        263.922        266.667        98.7344
           1421           1421        264.085        266.833        98.7304
           1422           1422        264.251            267        98.7267
           1423           1423        264.428        267.167        98.7228
           1424           1424          264.6        267.333        98.7187
           1425           1425        264.767          267.5        98.7146
           1426           1426        264.935        267.667        98.7102
           1427           1427        265.104        267.833        98.7058
           1428           1428        265.264            268        98.7015
           1429           1429        265.428        268.167        98.6972
           1430           1430        265.593        268.333        98.6928
           1431           1431        265.764          268.5        98.6885
           1432           1432        265.931        268.667        98.6843
           1433           1433        266.102        268.833        98.6801
           1434           1434        266.266            269        98.6757
           1435           1435         266.43        269.167        98.6711
           1436           1436        266.609        269.333        98.6665
           1437           1437        266.768          269.5        98.6619
           1438           1438        266.941        269.667        98.6565
           1439           1439        267.103        269.833        98.6514
           1440           1440        267.269            270        98.6464
           1441           1441        267.434        270.167        98.6413
           1442           1442        267.596        270.333        98.6357
           1443           1443        267.769          270.5          98.63
           1444           1444         267.94        270.667        98.6242
           1445           1445        268.099        270.833        98.6186
           1446           1446        268.265            271        98.6124
           1447           1447        268.442        271.167        98.6065
           1448           1448        268.612        271.333        98.6005
           1449           1449        268.771          271.5        98.5948
           1450           1450        268.945        271.667        98.5891
           1451           1451        269.111        271.833        98.5833
           1452           1452        269.279            272        98.5775
           1453           1453        269.439        272.167        98.5717
           1454           1454        269.616        272.333        98.5659
           1455           1455        269.788          272.5          98.56
           1456           1456        269.951        272.667        98.5538
           1457           1457        270.119        272.833        98.5472
           1458           1458        270.286            273        98.5404
           1459           1459        270.458        273.167        98.5332
           1460           1460        270.616        273.333        98.5264
           1461           1461        270.785          273.5        98.5199
           1462           1462        270.953        273.667        98.5135
           1463           1463        271.119        273.833        98.5069
           1464           1464        271.285            274        98.5002
           1465           1465        271.458        274.167        98.4934
           1466           1466        271.621        274.333        98.4865
           1467           1467        271.787          274.5        98.4791
           1468           1468        271.958        274.667        98.4718
           1469           1469        272.134        274.833        98.4645
           1470           1470        272.294            275        98.4572
           1471           1471        272.466        275.167        98.4496
           1472           1472         272.63        275.333        98.4422
           1473           1473        272.796          275.5        98.4348
           1474           1474        272.963        275.667        98.4272
           1475           1475        273.135        275.833        98.4193
           1476           1476          273.3            276        98.4114
           1477           1477        273.472        276.167        98.4032
           1478           1478        273.641        276.333        98.3951
           1479           1479        273.808          276.5        98.3863
           1480           1480        273.976        276.667        98.3777
           1481           1481        274.142        276.833        98.3693
           1482           1482        274.306            277        98.3608
           1483           1483        274.474        277.167        98.3523
           1484           1484        274.638        277.333        98.3436
           1485           1485        274.802          277.5        98.3347
           1486           1486        274.973        277.667        98.3255
           1487           1487         275.15        277.833        98.3162
           1488           1488        275.318            278        98.3062
           1489           1489        275.477        278.167        98.2963
           1490           1490        275.638        278.333        98.2864
           1491           1491        275.812          278.5        98.2764
           1492           1492        275.984        278.667        98.2661
           1493           1493         276.15        278.833         98.256
           1494           1494         276.32            279         98.246
           1495           1495        276.495        279.167        98.2359
           1496           1496        276.656        279.333        98.2256
           1497           1497        276.821          279.5        98.2151
           1498           1498        276.993        279.667        98.2048
           1499           1499        277.159        279.833        98.1946
           1500           1500        277.328            280        98.1842
           1501           1501        277.497        280.167        98.1739
           1502           1502        277.662        280.333        98.1634
           1503           1503        277.825          280.5        98.1527
           1504           1504        278.002        280.667        98.1422
           1505           1505         278.16        280.833        98.1316
           1506           1506        278.335            281         98.121
           1507           1507        278.501        281.167        98.1104
           1508           1508        278.661        281.333        98.0997
           1509           1509        278.825          281.5        98.0892
           1510           1510        278.998        281.667        98.0786
           1511           1511        279.166        281.833        98.0681
           1512           1512         279.33            282        98.0579
           1513           1513        279.495        282.167        98.0476
           1514           1514        279.659        282.333        98.0372
           1515           1515         279.83          282.5        98.0264
           1516           1516        279.997        282.667        98.0154
           1517           1517        280.165        282.833        98.0042
           1518           1518        280.336            283        97.9933
           1519           1519        280.502        283.167        97.9821
           1520           1520        280.676        283.333        97.9709
           1521           1521        280.845          283.5        97.9592
           1522           1522        280.999        283.667        97.9475
           1523           1523        281.184        283.833        97.9355
           1524           1524        281.345            284        97.9235
           1525           1525        281.508        284.167         97.911
           1526           1526        281.677        284.333        97.8988
           1527           1527         281.85          284.5        97.8867
           1528           1528        282.012        284.667        97.8744
           1529           1529        282.188        284.833        97.8618
           1530           1530        282.346            285        97.8491
           1531           1531         282.52        285.167        97.8361
           1532           1532         282.69        285.333         97.823
           1533           1533        282.857          285.5         97.809
           1534           1534        283.027        285.667        97.7953
           1535           1535        283.193        285.833        97.7815
           1536           1536        283.364            286        97.7678
           1537           1537         283.53        286.167        97.7538
           1538           1538        283.698        286.333        97.7401
           1539           1539        283.864          286.5        97.7264
           1540           1540        284.037        286.667        97.7126
           1541           1541        284.198        286.833        97.6987
           1542           1542        284.371            287        97.6846
           1543           1543        284.535        287.167        97.6702
           1544           1544        284.705        287.333        97.6558
           1545           1545        284.868          287.5        97.6407
           1546           1546        285.033        287.667        97.6257
           1547           1547        285.205        287.833        97.6105
           1548           1548        285.372            288         97.595
           1549           1549        285.536        288.167        97.5791
           1550           1550          285.7        288.333        97.5622
           1551           1551        285.877          288.5        97.5456
           1552           1552        286.042        288.667         97.529
           1553           1553        286.215        288.833        97.5123
           1554           1554        286.382            289        97.4947
           1555           1555        286.542        289.167        97.4776
           1556           1556        286.709        289.333        97.4604
           1557           1557        286.888          289.5        97.4432
           1558           1558        287.047        289.667        97.4254
           1559           1559        287.216        289.833        97.4075
           1560           1560        287.383            290        97.3895
           1561           1561        287.556        290.167        97.3713
           1562           1562        287.724        290.333        97.3522
           1563           1563         287.89          290.5        97.3333
           1564           1564        288.054        290.667        97.3143
           1565           1565        288.219        290.833        97.2953
           1566           1566        288.391            291        97.2758
           1567           1567        288.551        291.167        97.2563
           1568           1568        288.727        291.333        97.2368
           1569           1569        288.896          291.5        97.2172
           1570           1570        289.065        291.667         97.197
           1571           1571        289.232        291.833        97.1767
           1572           1572        289.398            292        97.1562
           1573           1573        289.568        292.167        97.1355
           1574           1574        289.743        292.333        97.1137
           1575           1575        289.905          292.5        97.0921
           1576           1576        290.072        292.667        97.0703
           1577           1577         290.24        292.833        97.0483
           1578           1578        290.414            293        97.0251
           1579           1579        290.579        293.167        97.0022
           1580           1580        290.738        293.333        96.9793
           1581           1581        290.911          293.5        96.9562
           1582           1582        291.079        293.667        96.9328
           1583           1583        291.244        293.833        96.9084
           1584           1584        291.418            294        96.8839
           1585           1585        291.584        294.167         96.859
           1586           1586        291.744        294.333        96.8338
           1587           1587        291.912          294.5        96.8069
           1588           1588        292.082        294.667        96.7802
           1589           1589        292.247        294.833        96.7532
           1590           1590        292.424            295        96.7258
           1591           1591        292.591        295.167        96.6969
           1592           1592        292.757        295.333        96.6684
           1593           1593        292.924          295.5        96.6396
           1594           1594        293.093        295.667        96.6105
           1595           1595        293.268        295.833        96.5804
           1596           1596        293.433            296        96.5507
           1597           1597        293.605        296.167        96.5209
           1598           1598        293.771        296.333         96.491
           1599           1599        293.938          296.5        96.4601
           1600           1600        294.115        296.667        96.4293
           1601           1601        294.276        296.833        96.3981
           1602           1602        294.448            297        96.3667
           1603           1603        294.612        297.167        96.3338
           1604           1604        294.784        297.333         96.301
           1605           1605        294.953          297.5        96.2677
           1606           1606         295.12        297.667        96.2343
           1607           1607        295.287        297.833        96.1995
           1608           1608        295.453            298        96.1651
           1609           1609        295.623        298.167        96.1305
           1610           1610        295.788        298.333        96.0957
           1611           1611        295.956          298.5        96.0599
           1612           1612        296.119        298.667        96.0239
           1613           1613        296.288        298.833        95.9876
           1614           1614        296.458            299        95.9507
           1615           1615        296.622        299.167        95.9136
           1616           1616        296.793        299.333        95.8751
           1617           1617        296.967          299.5        95.8374
           1618           1618        297.139        299.667        95.7998
           1619           1619        297.309        299.833        95.7621
           1620           1620        297.478            300        95.7242
           1621           1621        297.637        300.167        95.6861
           1622           1622        297.808        300.333        95.6475
           1623           1623        297.979          300.5        95.6086
           1624           1624        298.151        300.667        95.5686
           1625           1625        298.323        300.833        95.5285
           1626           1626        298.482            301        95.4879
           1627           1627        298.652        301.167        95.4469
           1628           1628        298.825        301.333        95.4041
           1629           1629        298.989          301.5        95.3619
           1630           1630         299.16        301.667        95.3194
           1631           1631        299.328        301.833        95.2766
           1632           1632        299.489            302        95.2325
           1633           1633        299.653        302.167        95.1884
           1634           1634        299.824        302.333        95.1438
           1635           1635        299.992          302.5        95.0988
           1636           1636        300.164        302.667        95.0523
           1637           1637        300.338        302.833        95.0063
           1638           1638        300.502            303        94.9603
           1639           1639        300.666        303.167         94.914
           1640           1640        300.842        303.333        94.8666
           1641           1641        300.997          303.5        94.8193
           1642           1642        301.163        303.667        94.7718
           1643           1643        301.343        303.833         94.724
           1644           1644        301.503            304        94.6752
           1645           1645        301.671        304.167        94.6266
           1646           1646        301.838        304.333        94.5778
           1647           1647        302.012          304.5        94.5289
           1648           1648         302.18        304.667        94.4799
           1649           1649        302.348        304.833          94.43
           1650           1650         302.51            305        94.3803
           1651           1651        302.678        305.167        94.3304
           1652           1652        302.849        305.333        94.2804
           1653           1653         303.02          305.5        94.2293
           1654           1654        303.193        305.667        94.1779
           1655           1655         303.36        305.833        94.1263
           1656           1656        303.524            306        94.0748
           1657           1657        303.697        306.167         94.022
           1658           1658        303.862        306.333        93.9693
           1659           1659        304.026          306.5        93.9163
           1660           1660        304.198        306.667        93.8631
           1661           1661        304.362        306.833        93.8092
           1662           1662         304.53            307        93.7557
           1663           1663        304.702        307.167         93.702
           1664           1664        304.865        307.333        93.6483
           1665           1665        305.034          307.5        93.5936
           1666           1666        305.199        307.667        93.5389
           1667           1667        305.366        307.833        93.4837
           1668           1668        305.527            308        93.4283
           1669           1669        305.703        308.167        93.3715
           1670           1670        305.872        308.333        93.3148
           1671           1671        306.044          308.5        93.2577
           1672           1672          306.2        308.667        93.2004
           1673           1673        306.375        308.833        93.1417
           1674           1674        306.545            309        93.0834
           1675           1675        306.715        309.167        93.0249
           1676           1676        306.877        309.333         92.966
           1677           1677        307.045          309.5        92.9057
           1678           1678        307.212        309.667        92.8454
           1679           1679        307.375        309.833        92.7846
           1680           1680        307.553            310        92.7232
           1681           1681         307.72        310.167        92.6594
           1682           1682        307.881        310.333         92.596
           1683           1683        308.056          310.5        92.5321
           1684           1684        308.221        310.667        92.4678
           1685           1685        308.386        310.833         92.401
           1686           1686        308.554            311        92.3347
           1687           1687        308.722        311.167        92.2684
           1688           1688        308.898        311.333        92.2021
           1689           1689        309.058          311.5        92.1346
           1690           1690        309.226        311.667        92.0676
           1691           1691        309.395        311.833        92.0005
           1692           1692        309.567            312        91.9334
           1693           1693        309.734        312.167        91.8661
           1694           1694        309.899        312.333        91.7987
           1695           1695         310.07          312.5         91.731
           1696           1696        310.237        312.667        91.6632
           1697           1697        310.408        312.833        91.5944
           1698           1698        310.572            313        91.5255
           1699           1699        310.736        313.167         91.456
           1700           1700        310.903        313.333        91.3862
           1701           1701        311.078          313.5        91.3148
           1702           1702        311.244        313.667        91.2435
           1703           1703        311.419        313.833        91.1718
           1704           1704        311.589            314        91.0996
           1705           1705        311.751        314.167        91.0253
           1706           1706        311.917        314.333        90.9513
           1707           1707        312.087          314.5        90.8771
           1708           1708        312.257        314.667        90.8027
           1709           1709        312.428        314.833        90.7264
           1710           1710        312.589            315        90.6506
           1711           1711         312.76        315.167        90.5747
           1712           1712        312.924        315.333        90.4985
           1713           1713         313.09          315.5        90.4208
           1714           1714        313.257        315.667        90.3427
           1715           1715        313.435        315.833        90.2641
           1716           1716        313.592            316        90.1852
           1717           1717        313.765        316.167        90.1038
           1718           1718        313.929        316.333        90.0231
           1719           1719        314.103          316.5        89.9421
           1720           1720        314.263        316.667        89.8608
           1721           1721        314.431        316.833        89.7781
           1722           1722        314.605            317        89.6955
           1723           1723        314.763        317.167        89.6127
           1724           1724        314.933        317.333        89.5295
           1725           1725        315.101          317.5        89.4449
           1726           1726        315.266        317.667        89.3606
           1727           1727        315.443        317.833        89.2761
           1728           1728        315.612            318        89.1913
           1729           1729        315.775        318.167        89.1052
           1730           1730        315.935        318.333        89.0193
           1731           1731        316.106          318.5        88.9332
           1732           1732        316.274        318.667        88.8467
           1733           1733        316.443        318.833        88.7589
           1734           1734        316.608            319        88.6713
           1735           1735         316.78        319.167        88.5836
           1736           1736        316.944        319.333        88.4953
           1737           1737        317.117          319.5        88.4037
           1738           1738        317.281        319.667        88.3126
           1739           1739        317.445        319.833        88.2221
           1740           1740        317.617            320        88.1317
           1741           1741        317.788        320.167         88.039
           1742           1742        317.948        320.333        87.9475
           1743           1743        318.125          320.5         87.856
           1744           1744        318.292        320.667        87.7643
           1745           1745         318.46        320.833        87.6726
           1746           1746        318.634            321        87.5798
           1747           1747        318.792        321.167        87.4862
           1748           1748        318.959        321.333        87.3923
           1749           1749        319.135          321.5        87.2961
           1750           1750        319.302        321.667        87.2008
           1751           1751        319.465        321.833        87.1054
           1752           1752         319.63            322        87.0098
           1753           1753        319.798        322.167        86.9133
           1754           1754        319.967        322.333        86.8171
           1755           1755        320.135          322.5        86.7203
           1756           1756        320.302        322.667         86.623
           1757           1757        320.475        322.833        86.5241
           1758           1758        320.647            323        86.4251
           1759           1759        320.809        323.167        86.3255
           1760           1760        320.977        323.333        86.2256
           1761           1761        321.148          323.5        86.1233
           1762           1762        321.308        323.667        86.0217
           1763           1763        321.471        323.833        85.9197
           1764           1764         321.65            324        85.8174
           1765           1765        321.822        324.167        85.7138
           1766           1766        321.986        324.333        85.6103
           1767           1767        322.159          324.5        85.5065
           1768           1768        322.321        324.667        85.4023
           1769           1769        322.486        324.833        85.2969
           1770           1770        322.657            325        85.1915
           1771           1771        322.821        325.167        85.0856
           1772           1772        322.984        325.333        84.9793
           1773           1773        323.162          325.5        84.8712
           1774           1774        323.325        325.667         84.763
           1775           1775        323.494        325.833        84.6542
           1776           1776        323.658            326        84.5449
           1777           1777        323.831        326.167        84.4333
           1778           1778        323.999        326.333        84.3223
           1779           1779        324.168          326.5        84.2109
           1780           1780        324.336        326.667        84.0988
           1781           1781        324.508        326.833        83.9861
           1782           1782        324.668            327        83.8712
           1783           1783        324.835        327.167        83.7564
           1784           1784        325.007        327.333         83.641
           1785           1785         325.18          327.5         83.525
           1786           1786        325.348        327.667        83.4069
           1787           1787        325.512        327.833        83.2898
           1788           1788        325.677            328        83.1727
           1789           1789        325.845        328.167        83.0553
           1790           1790        326.013        328.333        82.9371
           1791           1791        326.182          328.5        82.8187
           1792           1792        326.353        328.667        82.7002
           1793           1793        326.521        328.833        82.5816
           1794           1794        326.684            329        82.4623
           1795           1795        326.848        329.167        82.3436
           1796           1796        327.017        329.333         82.225
           1797           1797        327.184          329.5        82.1063
           1798           1798        327.361        329.667        81.9874
           1799           1799        327.531        329.833        81.8681
           1800           1800        327.699            330        81.7484
           1801           1801        327.866        330.167        81.6285
           1802           1802        328.029        330.333        81.5075
           1803           1803        328.198          330.5        81.3864
           1804           1804        328.367        330.667        81.2647
           1805           1805        328.542        330.833        81.1425
           1806           1806        328.712            331        81.0187
           1807           1807        328.876        331.167        80.8949
           1808           1808        329.038        331.333        80.7706
           1809           1809        329.207          331.5         80.646
           1810           1810        329.379        331.667        80.5197
           1811           1811        329.545        331.833        80.3941
           1812           1812        329.713            332        80.2683
           1813           1813        329.881        332.167        80.1418
           1814           1814        330.058        332.333         80.015
           1815           1815        330.217          332.5        79.8871
           1816           1816         330.39        332.667        79.7588
           1817           1817        330.552        332.833        79.6298
           1818           1818        330.715            333        79.5002
           1819           1819        330.889        333.167        79.3681
           1820           1820        331.059        333.333        79.2363
           1821           1821        331.227          333.5        79.1043
           1822           1822        331.385        333.667        78.9721
           1823           1823        331.557        333.833        78.8384
           1824           1824        331.726            334        78.7054
           1825           1825        331.897        334.167        78.5722
           1826           1826        332.061        334.333        78.4389
           1827           1827         332.23          334.5        78.3051
           1828           1828        332.395        334.667        78.1708
           1829           1829        332.566        334.833        78.0358
           1830           1830        332.728            335        77.9001
           1831           1831        332.902        335.167        77.7621
           1832           1832         333.07        335.333        77.6244
           1833           1833        333.239          335.5        77.4862
           1834           1834         333.41        335.667        77.3478
           1835           1835        333.576        335.833        77.2069
           1836           1836        333.747            336        77.0667
           1837           1837        333.904        336.167        76.9261
           1838           1838        334.075        336.333        76.7852
           1839           1839        334.241          336.5         76.643
           1840           1840        334.416        336.667        76.5009
           1841           1841        334.583        336.833        76.3585
           1842           1842        334.752            337        76.2159
           1843           1843        334.921        337.167         76.072
           1844           1844        335.085        337.333        75.9285
           1845           1845        335.249          337.5        75.7848
           1846           1846        335.421        337.667        75.6408
           1847           1847        335.588        337.833        75.4964
           1848           1848        335.754            338         75.351
           1849           1849        335.922        338.167        75.2057
           1850           1850        336.088        338.333        75.0602
           1851           1851        336.261          338.5        74.9146
           1852           1852        336.431        338.667        74.7677
           1853           1853        336.591        338.833        74.6212
           1854           1854        336.766            339        74.4746
           1855           1855        336.931        339.167        74.3277
           1856           1856        337.107        339.333        74.1796
           1857           1857        337.272          339.5        74.0315
           1858           1858        337.433        339.667         73.883
           1859           1859        337.606        339.833        73.7344
           1860           1860         337.77            340        73.5846
           1861           1861        337.938        340.167        73.4353
           1862           1862        338.108        340.333        73.2856
           1863           1863        338.275          340.5        73.1356
           1864           1864        338.446        340.667        72.9846
           1865           1865        338.611        340.833        72.8331
           1866           1866         338.78            341         72.681
           1867           1867        338.943        341.167        72.5287
           1868           1868        339.115        341.333        72.3742
           1869           1869        339.284          341.5          72.22
           1870           1870        339.445        341.667        72.0651
           1871           1871        339.621        341.833        71.9096
           1872           1872        339.793            342         71.752
           1873           1873        339.956        342.167        71.5944
           1874           1874        340.131        342.333        71.4359
           1875           1875        340.289          342.5        71.2765
           1876           1876        340.457        342.667        71.1145
           1877           1877        340.622        342.833        70.9536
           1878           1878        340.801            343        70.7931
           1879           1879        340.962        343.167        70.6329
           1880           1880        341.135        343.333         70.473
           1881           1881         341.31          343.5        70.3139
           1882           1882        341.475        343.667        70.1549
           1883           1883        341.647        343.833        69.9962
           1884           1884        341.806            344        69.8375
           1885           1885        341.978        344.167        69.6796
           1886           1886        342.155        344.333        69.5207
           1887           1887        342.318          344.5        69.3612
           1888           1888        342.482        344.667        69.2015
           1889           1889        342.656        344.833        69.0402
           1890           1890        342.815            345        68.8795
           1891           1891        342.992        345.167        68.7192
           1892           1892        343.153        345.333        68.5592
           1893           1893        343.319          345.5        68.3994
           1894           1894        343.489        345.667        68.2405
           1895           1895        343.661        345.833        68.0822
           1896           1896        343.829            346        67.9241
           1897           1897        343.993        346.167        67.7683
           1898           1898        344.162        346.333        67.6118
           1899           1899        344.332          346.5        67.4557
           1900           1900        344.505        346.667           67.3
           1901           1901        344.669        346.833         67.146
           1902           1902        344.836            347        66.9917
           1903           1903        345.009        347.167        66.8373
           1904           1904        345.177        347.333        66.6828
           1905           1905        345.339          347.5        66.5293
           1906           1906        345.506        347.667        66.3753
           1907           1907        345.679        347.833        66.2216
           1908           1908        345.842            348        66.0681
           1909           1909        346.009        348.167        65.9149
           1910           1910        346.185        348.333        65.7618
           1911           1911        346.351          348.5        65.6092
           1912           1912        346.526        348.667        65.4571
           1913           1913        346.691        348.833        65.3054
           1914           1914        346.865            349        65.1553
           1915           1915        347.029        349.167        65.0049
           1916           1916        347.201        349.333        64.8548
           1917           1917        347.361          349.5        64.7048
           1918           1918        347.532        349.667        64.5559
           1919           1919        347.703        349.833        64.4065
           1920           1920        347.873            350        64.2574
           1921           1921        348.045        350.167        64.1087
           1922           1922        348.216        350.333        63.9609
           1923           1923        348.385          350.5        63.8134
           1924           1924         348.55        350.667         63.666
           1925           1925        348.718        350.833        63.5187
           1926           1926        348.888            351        63.3726
           1927           1927        349.053        351.167        63.2256
           1928           1928        349.222        351.333        63.0786
           1929           1929        349.391          351.5        62.9317
           1930           1930        349.557        351.667        62.7849
           1931           1931         349.73        351.833        62.6388
           1932           1932        349.902            352         62.493
           1933           1933        350.072        352.167        62.3474
           1934           1934        350.239        352.333        62.2031
           1935           1935        350.408          352.5        62.0582
           1936           1936        350.574        352.667        61.9139
           1937           1937        350.744        352.833        61.7701
           1938           1938        350.912            353        61.6275
           1939           1939         351.08        353.167        61.4851
           1940           1940        351.249        353.333        61.3428
           1941           1941        351.416          353.5        61.2006
           1942           1942        351.585        353.667        61.0599
           1943           1943        351.752        353.833        60.9184
           1944           1944        351.929            354        60.7771
           1945           1945        352.089        354.167         60.636
           1946           1946        352.256        354.333        60.4952
           1947           1947        352.425          354.5        60.3546
           1948           1948        352.598        354.667         60.214
           1949           1949        352.769        354.833        60.0732
           1950           1950        352.937            355        59.9324
           1951           1951        353.102        355.167        59.7925
           1952           1952        353.276        355.333        59.6529
           1953           1953        353.441          355.5        59.5137
           1954           1954         353.61        355.667        59.3747
           1955           1955        353.776        355.833        59.2373
           1956           1956        353.947            356        59.0995
           1957           1957        354.111        356.167        58.9618
           1958           1958        354.274        356.333        58.8242
           1959           1959        354.449          356.5        58.6879
           1960           1960        354.624        356.667        58.5516
           1961           1961        354.791        356.833        58.4158
           1962           1962        354.958            357        58.2803
           1963           1963        355.124        357.167         58.146
           1964           1964        355.295        357.333        58.0116
           1965           1965        355.462          357.5        57.8775
           1966           1966        355.639        357.667        57.7437
           1967           1967        355.804        357.833        57.6116
           1968           1968        355.965            358        57.4793
           1969           1969        356.137        358.167         57.347
           1970           1970        356.304        358.333        57.2147
           1971           1971         356.48          358.5        57.0837
           1972           1972        356.641        358.667        56.9523
           1973           1973        356.811        358.833        56.8212
           1974           1974        356.976            359        56.6902
           1975           1975        357.144        359.167        56.5602
           1976           1976        357.316        359.333        56.4304
           1977           1977         357.49          359.5        56.3008
           1978           1978        357.657        359.667        56.1716
           1979           1979        357.826        359.833        56.0428
           1980           1980        357.994            360        55.9156
           1981           1981        358.162        360.167        55.7881
           1982           1982        358.333        360.333        55.6607
           1983           1983        358.498          360.5        55.5335
           1984           1984        358.663        360.667        55.4076
           1985           1985        358.833        360.833        55.2815
           1986           1986            359            361        55.1556
           1987           1987        359.165        361.167        55.0299
           1988           1988        359.338        361.333        54.9053
           1989           1989        359.513          361.5        54.7806
           1990           1990        359.678        361.667         54.656
           1991           1991        359.849        361.833        54.5317
           1992           1992        360.012            362        54.4087
           1993           1993        360.185        362.167        54.2856
           1994           1994        360.353        362.333        54.1627
           1995           1995        360.528          362.5        54.0401
           1996           1996        360.698        362.667         53.919
           1997           1997        360.861        362.833        53.7974
           1998           1998        361.029            363         53.676
           1999           1999        361.197        363.167        53.5547
           2000           2000        361.371        363.333        53.4345
           2001           2001        361.541          363.5        53.3142
           2002           2002        361.702        363.667        53.1942
           2003           2003        361.874        363.833        53.0746
           2004           2004        362.042            364        52.9561
           2005           2005        362.215        364.167        52.8375
           2006           2006         362.39        364.333        52.7191
           2007           2007        362.552          364.5        52.6009
           2008           2008        362.719        364.667        52.4839
           2009           2009        362.891        364.833        52.3665
           2010           2010         363.06            365        52.2494
           2011           2011        363.225        365.167        52.1325
           2012           2012        363.398        365.333        52.0159
           2013           2013        363.573          365.5        51.9001
           2014           2014        363.736        365.667        51.7843
           2015           2015        363.911        365.833        51.6686
           2016           2016        364.077            366        51.5531
           2017           2017        364.247        366.167        51.4385
           2018           2018        364.419        366.333        51.3239
           2019           2019         364.59          366.5        51.2094
           2020           2020        364.764        366.667        51.0951
           2021           2021         364.93        366.833        50.9818
           2022           2022        365.099            367        50.8685
           2023           2023         365.26        367.167        50.7555
           2024           2024        365.428        367.333        50.6426
           2025           2025        365.596          367.5         50.531
           2026           2026        365.767        367.667        50.4197
           2027           2027        365.939        367.833        50.3091
           2028           2028        366.112            368        50.1989
           2029           2029        366.275        368.167        50.0904
           2030           2030        366.443        368.333        49.9815
           2031           2031        366.607          368.5        49.8728
           2032           2032        366.779        368.667        49.7643
           2033           2033        366.944        368.833         49.657
           2034           2034        367.122            369        49.5496
           2035           2035        367.285        369.167        49.4424
           2036           2036        367.449        369.333        49.3354
           2037           2037         367.62          369.5        49.2291
           2038           2038         367.79        369.667        49.1229
           2039           2039        367.962        369.833        49.0169
           2040           2040        368.128            370        48.9112
           2041           2041        368.294        370.167        48.8065
           2042           2042         368.46        370.333        48.7017
           2043           2043         368.63          370.5        48.5973
           2044           2044        368.799        370.667        48.4933
           2045           2045        368.967        370.833        48.3895
           2046           2046        369.143            371        48.2874
           2047           2047        369.315        371.167        48.1852
           2048           2048        369.473        371.333        48.0834
           2049           2049        369.645          371.5         47.982
           2050           2050        369.812        371.667        47.8823
           2051           2051        369.977        371.833        47.7822
           2052           2052        370.154            372        47.6823
           2053           2053        370.323        372.167        47.5825
           2054           2054        370.491        372.333        47.4843
           2055           2055        370.663          372.5         47.386
           2056           2056        370.832        372.667        47.2883
           2057           2057        370.992        372.833         47.191
           2058           2058        371.169            373        47.0952
           2059           2059        371.333        373.167        46.9988
           2060           2060        371.508        373.333        46.9023
           2061           2061        371.669          373.5        46.8057
           2062           2062        371.841        373.667          46.71
           2063           2063        372.013        373.833        46.6142
           2064           2064        372.174            374        46.5187
           2065           2065        372.341        374.167        46.4233
           2066           2066        372.515        374.333         46.329
           2067           2067        372.683          374.5        46.2349
           2068           2068        372.857        374.667        46.1412
           2069           2069        373.023        374.833        46.0477
           2070           2070        373.187            375        45.9558
           2071           2071         373.36        375.167        45.8636
           2072           2072        373.523        375.333        45.7716
           2073           2073        373.695          375.5          45.68
           2074           2074        373.866        375.667        45.5897
           2075           2075        374.035        375.833        45.4993
           2076           2076        374.203            376        45.4092
           2077           2077         374.37        376.167        45.3193
           2078           2078        374.537        376.333        45.2294
           2079           2079        374.718          376.5        45.1403
           2080           2080        374.875        376.667        45.0505
           2081           2081        375.041        376.833        44.9604
           2082           2082        375.209            377        44.8702
           2083           2083        375.377        377.167         44.779
           2084           2084        375.549        377.333        44.6881
           2085           2085        375.712          377.5        44.5969
           2086           2086        375.886        377.667        44.5054
           2087           2087        376.056        377.833        44.4133
           2088           2088        376.226            378        44.3216
           2089           2089        376.391        378.167        44.2298
           2090           2090        376.558        378.333         44.138
           2091           2091        376.731          378.5        44.0457
           2092           2092        376.902        378.667        43.9534
           2093           2093        377.066        378.833        43.8609
           2094           2094        377.227            379        43.7683
           2095           2095        377.402        379.167        43.6748
           2096           2096        377.567        379.333        43.5812
           2097           2097         377.74          379.5        43.4873
           2098           2098        377.907        379.667        43.3932
           2099           2099        378.078        379.833         43.298
           2100           2100        378.242            380        43.2028
           2101           2101        378.411        380.167        43.1072
           2102           2102        378.578        380.333        43.0111
           2103           2103        378.739          380.5        42.9135
           2104           2104        378.909        380.667        42.8162
           2105           2105        379.077        380.833        42.7188
           2106           2106        379.243            381        42.6213
           2107           2107        379.418        381.167        42.5224
           2108           2108        379.586        381.333        42.4239
           2109           2109        379.755          381.5        42.3253
           2110           2110        379.924        381.667        42.2266
           2111           2111        380.088        381.833        42.1277
           2112           2112        380.263            382        42.0278
           2113           2113        380.433        382.167        41.9278
           2114           2114        380.596        382.333        41.8279
           2115           2115         380.76          382.5        41.7279
           2116           2116        380.931        382.667        41.6266
           2117           2117        381.103        382.833        41.5256
           2118           2118         381.26            383        41.4243
           2119           2119        381.429        383.167        41.3229
           2120           2120        381.599        383.333        41.2207
           2121           2121        381.767          383.5        41.1186
           2122           2122        381.939        383.667        41.0161
           2123           2123        382.109        383.833        40.9134
           2124           2124        382.282            384        40.8096
           2125           2125        382.453        384.167         40.706
           2126           2126        382.616        384.333         40.602
           2127           2127        382.785          384.5        40.4977
           2128           2128        382.956        384.667        40.3922
           2129           2129        383.121        384.833         40.287
           2130           2130        383.286            385        40.1816
           2131           2131        383.454        385.167        40.0759
           2132           2132        383.626        385.333         39.969
           2133           2133        383.785          385.5        39.8623
           2134           2134        383.953        385.667        39.7553
           2135           2135        384.124        385.833         39.648
           2136           2136        384.289            386        39.5396
           2137           2137        384.463        386.167        39.4314
           2138           2138        384.631        386.333         39.323
           2139           2139        384.802          386.5        39.2146
           2140           2140        384.961        386.667        39.1051
           2141           2141         385.13        386.833        38.9957
           2142           2142        385.298            387        38.8859
           2143           2143        385.474        387.167        38.7757
           2144           2144        385.638        387.333        38.6653
           2145           2145        385.806          387.5        38.5537
           2146           2146         385.97        387.667        38.4425
           2147           2147        386.139        387.833        38.3314
           2148           2148        386.302            388        38.2201
           2149           2149         386.47        388.167        38.1081
           2150           2150        386.639        388.333        37.9963
           2151           2151        386.806          388.5        37.8842
           2152           2152        386.982        388.667         37.772
           2153           2153        387.156        388.833        37.6586
           2154           2154        387.325            389        37.5453
           2155           2155        387.493        389.167        37.4317
           2156           2156        387.653        389.333         37.318
           2157           2157        387.823          389.5        37.2023
           2158           2158        387.989        389.667        37.0866
           2159           2159        388.157        389.833        36.9706
           2160           2160        388.327            390        36.8542
           2161           2161        388.495        390.167        36.7355
           2162           2162        388.664        390.333        36.6171
           2163           2163        388.834          390.5        36.4983
           2164           2164        389.006        390.667        36.3792
           2165           2165        389.168        390.833        36.2585
           2166           2166        389.329            391        36.1381
           2167           2167        389.505        391.167        36.0177
           2168           2168        389.678        391.333        35.8971
           2169           2169        389.849          391.5        35.7759
           2170           2170        390.008        391.667        35.6547
           2171           2171        390.173        391.833        35.5334
           2172           2172        390.345            392         35.412
           2173           2173        390.515        392.167        35.2905
           2174           2174        390.689        392.333        35.1692
           2175           2175        390.854          392.5        35.0476
           2176           2176        391.021        392.667        34.9258
           2177           2177        391.191        392.833        34.8038
           2178           2178         391.36            393         34.681
           2179           2179        391.528        393.167        34.5578
           2180           2180        391.698        393.333        34.4339
           2181           2181        391.863          393.5        34.3095
           2182           2182        392.031        393.667        34.1829
           2183           2183        392.196        393.833        34.0567
           2184           2184         392.37            394        33.9299
           2185           2185        392.542        394.167        33.8028
           2186           2186        392.708        394.333        33.6735
           2187           2187        392.868          394.5        33.5446
           2188           2188        393.039        394.667        33.4151
           2189           2189        393.213        394.833        33.2852
           2190           2190        393.381            395        33.1534
           2191           2191        393.547        395.167         33.022
           2192           2192        393.713        395.333        32.8905
           2193           2193         393.88          395.5        32.7589
           2194           2194        394.052        395.667        32.6258
           2195           2195        394.221        395.833        32.4929
           2196           2196        394.388            396        32.3596
           2197           2197        394.549        396.167         32.226
           2198           2198        394.725        396.333        32.0912
           2199           2199        394.892          396.5        31.9564
           2200           2200        395.055        396.667        31.8212
           2201           2201        395.221        396.833        31.6856
           2202           2202        395.392            397        31.5485
           2203           2203        395.557        397.167        31.4121
           2204           2204         395.73        397.333        31.2756
           2205           2205        395.901          397.5        31.1389
           2206           2206        396.068        397.667        31.0012
           2207           2207        396.241        397.833        30.8636
           2208           2208        396.401            398        30.7259
           2209           2209        396.577        398.167        30.5877
           2210           2210        396.746        398.333        30.4491
           2211           2211        396.914          398.5        30.3099
           2212           2212        397.068        398.667         30.171
           2213           2213        397.246        398.833        30.0322
           2214           2214        397.411            399        29.8936
           2215           2215        397.578        399.167        29.7548
           2216           2216        397.747        399.333        29.6152
           2217           2217        397.909          399.5        29.4755
           2218           2218        398.077        399.667        29.3362
           2219           2219        398.254        399.833        29.1976
           2220           2220        398.419            400        29.0594
           2221           2221        398.591        400.167        28.9212
           2222           2222        398.758        400.333        28.7831
           2223           2223        398.926          400.5        28.6457
           2224           2224        399.091        400.667        28.5071
           2225           2225        399.254        400.833        28.3681
           2226           2226        399.427            401        28.2289
           2227           2227        399.599        401.167        28.0883
           2228           2228        399.762        401.333        27.9484
           2229           2229        399.935          401.5        27.8084
           2230           2230        400.105        401.667        27.6683
           2231           2231        400.275        401.833        27.5283
           2232           2232        400.443            402        27.3883
           2233           2233        400.612        402.167        27.2483
           2234           2234         400.78        402.333        27.1082
           2235           2235        400.945          402.5        26.9683
           2236           2236        401.117        402.667        26.8284
           2237           2237        401.285        402.833        26.6887
           2238           2238        401.445            403        26.5492
           2239           2239        401.618        403.167        26.4102
           2240           2240        401.784        403.333        26.2712
           2241           2241        401.952          403.5         26.132
           2242           2242        402.124        403.667        25.9929
           2243           2243        402.292        403.833        25.8539
           2244           2244        402.454            404        25.7155
           2245           2245        402.634        404.167        25.5773
           2246           2246        402.801        404.333        25.4394
           2247           2247        402.967          404.5        25.3016
           2248           2248        403.134        404.667        25.1644
           2249           2249        403.302        404.833        25.0268
           2250           2250        403.476            405        24.8892
           2251           2251        403.634        405.167        24.7517
           2252           2252        403.808        405.333        24.6145
           2253           2253        403.975          405.5        24.4773
           2254           2254        404.143        405.667        24.3404
           2255           2255        404.313        405.833        24.2035
           2256           2256        404.479            406        24.0674
           2257           2257         404.65        406.167        23.9311
           2258           2258        404.813        406.333         23.795
           2259           2259        404.979          406.5        23.6592
           2260           2260        405.149        406.667        23.5247
           2261           2261        405.311        406.833          23.39
           2262           2262        405.486            407        23.2558
           2263           2263        405.649        407.167        23.1218
           2264           2264         405.82        407.333        22.9896
           2265           2265        405.985          407.5        22.8572
           2266           2266        406.158        407.667        22.7252
           2267           2267        406.327        407.833        22.5935
           2268           2268        406.491            408        22.4636
           2269           2269        406.662        408.167        22.3336
           2270           2270        406.828        408.333        22.2039
           2271           2271        406.996          408.5        22.0745
           2272           2272         407.16        408.667        21.9467
           2273           2273         407.33        408.833        21.8187
           2274           2274        407.498            409        21.6913
           2275           2275         407.66        409.167        21.5644
           2276           2276        407.832        409.333         21.438
           2277           2277        408.001          409.5        21.3135
           2278           2278        408.168        409.667        21.1887
           2279           2279        408.336        409.833        21.0642
           2280           2280        408.505            410          20.94
           2281           2281        408.671        410.167        20.8179
           2282           2282        408.841        410.333        20.6961
           2283           2283        409.009          410.5        20.5749
           2284           2284        409.171        410.667        20.4542
           2285           2285        409.344        410.833        20.3361
           2286           2286        409.512            411        20.2174
           2287           2287         409.68        411.167         20.099
           2288           2288        409.847        411.333        19.9808
           2289           2289        410.021          411.5        19.8648
           2290           2290        410.192        411.667        19.7486
           2291           2291        410.357        411.833        19.6331
           2292           2292        410.525            412        19.5179
           2293           2293        410.694        412.167        19.4049
           2294           2294        410.861        412.333         19.292
           2295           2295        411.026          412.5        19.1797
           2296           2296        411.196        412.667        19.0681
           2297           2297        411.366        412.833        18.9592
           2298           2298        411.534            413        18.8501
           2299           2299        411.698        413.167         18.742
           2300           2300        411.873        413.333        18.6348
           2301           2301        412.043          413.5        18.5303
           2302           2302        412.211        413.667         18.425
           2303           2303         412.37        413.833        18.3201
           2304           2304        412.543            414        18.2155
           2305           2305        412.711        414.167         18.113
           2306           2306        412.882        414.333        18.0104
           2307           2307        413.045          414.5        17.9084
           2308           2308        413.207        414.667         17.807
           2309           2309        413.378        414.833        17.7062
           2310           2310        413.556            415        17.6083
           2311           2311        413.724        415.167        17.5102
           2312           2312        413.895        415.333        17.4129
           2313           2313        414.054          415.5        17.3161
           2314           2314        414.231        415.667         17.222
           2315           2315        414.391        415.833        17.1273
           2316           2316        414.564            416         17.033
           2317           2317        414.731        416.167        16.9391
           2318           2318        414.898        416.333        16.8476
           2319           2319        415.062          416.5        16.7562
           2320           2320        415.239        416.667        16.6655
           2321           2321        415.409        416.833        16.5751
           2322           2322        415.572            417        16.4877
           2323           2323        415.734        417.167        16.4003
           2324           2324        415.909        417.333        16.3135
           2325           2325         416.08          417.5        16.2271
           2326           2326        416.248        417.667        16.1442
           2327           2327        416.409        417.833        16.0606
           2328           2328        416.579            418        15.9772
           2329           2329        416.754        418.167        15.8945
           2330           2330        416.916        418.333        15.8151
           2331           2331        417.084          418.5         15.735
           2332           2332        417.255        418.667        15.6555
           2333           2333        417.419        418.833        15.5767
           2334           2334        417.585            419        15.5006
           2335           2335        417.752        419.167         15.424
           2336           2336        417.919        419.333         15.348
           2337           2337        418.088          419.5        15.2726
           2338           2338        418.259        419.667        15.1997
           2339           2339         418.42        419.833        15.1262
           2340           2340        418.589            420        15.0535
           2341           2341         418.76        420.167        14.9819
           2342           2342        418.921        420.333        14.9109
           2343           2343        419.093          420.5        14.8433
           2344           2344        419.256        420.667        14.7756
           2345           2345        419.429        420.833        14.7084
           2346           2346        419.597            421        14.6418
           2347           2347         419.76        421.167        14.5788
           2348           2348        419.929        421.333        14.5145
           2349           2349          420.1          421.5        14.4505
           2350           2350         420.27        421.667        14.3869
           2351           2351         420.44        421.833        14.3253
           2352           2352        420.613            422        14.2635
           2353           2353         420.78        422.167         14.202
           2354           2354        420.945        422.333        14.1409
           2355           2355        421.119          422.5         14.082
           2356           2356         421.28        422.667        14.0229
           2357           2357        421.448        422.833        13.9641
           2358           2358        421.606            423        13.9056
           2359           2359         421.78        423.167         13.849
           2360           2360        421.957        423.333        13.7922
           2361           2361        422.126          423.5        13.7358
           2362           2362        422.289        423.667        13.6799
           2363           2363        422.458        423.833        13.6259
           2364           2364        422.625            424        13.5714
           2365           2365        422.797        424.167        13.5173
           2366           2366        422.963        424.333        13.4637
           2367           2367        423.139          424.5        13.4121
           2368           2368        423.299        424.667        13.3603
           2369           2369        423.467        424.833        13.3088
           2370           2370         423.63            425        13.2574
           2371           2371        423.802        425.167        13.2068
           2372           2372         423.97        425.333        13.1561
           2373           2373        424.138          425.5        13.1064
           2374           2374        424.307        425.667        13.0575
           2375           2375        424.474        425.833        13.0089
           2376           2376        424.642            426        12.9621
           2377           2377        424.811        426.167        12.9152
           2378           2378        424.978        426.333        12.8688
           2379           2379        425.143          426.5        12.8227
           2380           2380        425.314        426.667        12.7785
           2381           2381        425.477        426.833        12.7339
           2382           2382        425.652            427        12.6896
           2383           2383         425.82        427.167        12.6455
           2384           2384        425.984        427.333        12.6022
           2385           2385        426.154          427.5        12.5589
           2386           2386        426.316        427.667        12.5161
           2387           2387        426.483        427.833        12.4737
           2388           2388        426.655            428        12.4321
           2389           2389        426.815        428.167        12.3905
           2390           2390        426.987        428.333        12.3491
           2391           2391        427.162          428.5        12.3079
           2392           2392         427.33        428.667        12.2686
           2393           2393        427.495        428.833        12.2294
           2394           2394        427.656            429        12.1905
           2395           2395        427.827        429.167        12.1519
           2396           2396        427.998        429.333        12.1147
           2397           2397        428.166          429.5         12.077
           2398           2398        428.335        429.667        12.0395
           2399           2399          428.5        429.833        12.0021
           2400           2400        428.664            430        11.9649
           2401           2401        428.824        430.167        11.9279
           2402           2402        428.999        430.333        11.8911
           2403           2403        429.166          430.5        11.8544
           2404           2404        429.337        430.667        11.8182
           2405           2405        429.508        430.833        11.7822
           2406           2406         429.68            431        11.7468
           2407           2407         429.84        431.167        11.7118
           2408           2408        430.011        431.333         11.677
           2409           2409        430.181          431.5        11.6435
           2410           2410        430.347        431.667        11.6097
           2411           2411        430.512        431.833         11.576
           2412           2412        430.684            432        11.5425
           2413           2413        430.855        432.167          11.51
           2414           2414        431.028        432.333        11.4772
           2415           2415         431.19          432.5        11.4444
           2416           2416        431.355        432.667        11.4116
           2417           2417        431.524        432.833        11.3799
           2418           2418        431.692            433        11.3481
           2419           2419        431.861        433.167        11.3166
           2420           2420        432.029        433.333        11.2851
           2421           2421        432.194          433.5        11.2544
           2422           2422        432.356        433.667        11.2237
           2423           2423        432.528        433.833        11.1932
           2424           2424        432.698            434        11.1629
           2425           2425        432.866        434.167        11.1337
           2426           2426         433.03        434.333        11.1045
           2427           2427        433.208          434.5        11.0757
           2428           2428        433.373        434.667        11.0471
           2429           2429        433.532        434.833        11.0199
           2430           2430        433.706            435        10.9922
           2431           2431        433.874        435.167        10.9647
           2432           2432        434.044        435.333        10.9372
           2433           2433        434.214          435.5        10.9103
           2434           2434        434.378        435.667        10.8834
           2435           2435        434.545        435.833        10.8568
           2436           2436        434.706            436        10.8303
           2437           2437        434.885        436.167        10.8042
           2438           2438        435.045        436.333         10.778
           2439           2439        435.216          436.5        10.7518
           2440           2440        435.385        436.667        10.7259
           2441           2441        435.552        436.833        10.7002
           2442           2442        435.719            437        10.6746
           2443           2443        435.898        437.167        10.6491
           2444           2444        436.061        437.333        10.6237
           2445           2445        436.229          437.5        10.5986
           2446           2446        436.397        437.667        10.5741
           2447           2447        436.565        437.833        10.5495
           2448           2448         436.73            438        10.5251
           2449           2449        436.895        438.167        10.5008
           2450           2450        437.072        438.333        10.4775
           2451           2451        437.233          438.5        10.4542
           2452           2452        437.399        438.667        10.4308
           2453           2453        437.567        438.833        10.4075
           2454           2454        437.738            439        10.3848
           2455           2455        437.905        439.167        10.3621
           2456           2456         438.08        439.333        10.3397
           2457           2457        438.243          439.5        10.3175
           2458           2458        438.403        439.667        10.2958
           2459           2459        438.578        439.833         10.274
           2460           2460        438.747            440        10.2523
           2461           2461        438.917        440.167        10.2306
           2462           2462        439.082        440.333        10.2094
           2463           2463        439.246          440.5        10.1879
           2464           2464        439.415        440.667        10.1666
           2465           2465        439.585        440.833        10.1455
           2466           2466        439.754            441        10.1247
           2467           2467        439.918        441.167         10.104
           2468           2468        440.092        441.333        10.0835
           2469           2469        440.247          441.5        10.0631
           2470           2470        440.417        441.667        10.0435
           2471           2471        440.581        441.833        10.0237
           2472           2472        440.751            442        10.0039
           2473           2473        440.932        442.167        9.98418
           2474           2474         441.09        442.333        9.96449
           2475           2475        441.255          442.5        9.94514
           2476           2476        441.415        442.667        9.92559
           2477           2477        441.587        442.833          9.906
           2478           2478        441.755            443         9.8865
           2479           2479        441.932        443.167        9.86746
           2480           2480        442.102        443.333        9.84835
           2481           2481        442.263          443.5         9.8291
           2482           2482        442.432        443.667         9.8098
           2483           2483         442.59        443.833        9.79088
           2484           2484        442.754            444        9.77168
           2485           2485         442.93        444.167         9.7524
           2486           2486        443.089        444.333        9.73318
           2487           2487        443.258          444.5        9.71406
           2488           2488        443.427        444.667        9.69527
           2489           2489        443.598        444.833        9.67673
           2490           2490        443.765            445        9.65831
           2491           2491        443.929        445.167        9.64082
           2492           2492        444.097        445.333        9.62319
           2493           2493        444.269          445.5        9.60565
           2494           2494        444.431        445.667        9.58813
           2495           2495        444.598        445.833        9.57113
           2496           2496        444.763            446        9.55411
           2497           2497        444.938        446.167        9.53721
           2498           2498        445.105        446.333        9.52039
           2499           2499        445.274          446.5        9.50401
           2500           2500        445.446        446.667        9.48762
           2501           2501        445.611        446.833        9.47126
           2502           2502        445.771            447        9.45494
           2503           2503        445.938        447.167        9.43902
           2504           2504        446.107        447.333        9.42289
           2505           2505        446.278          447.5         9.4066
           2506           2506        446.442        447.667        9.39006
           2507           2507         446.61        447.833        9.37338
           2508           2508        446.786            448         9.3565
           2509           2509         446.95        448.167        9.33991
           2510           2510        447.122        448.333        9.32353
           2511           2511        447.277          448.5        9.30725
           2512           2512        447.445        448.667        9.29129
           2513           2513        447.611        448.833        9.27523
           2514           2514        447.776            449        9.25908
           2515           2515        447.945        449.167        9.24291
           2516           2516        448.112        449.333        9.22702
           2517           2517        448.285          449.5        9.21095
           2518           2518         448.45        449.667        9.19482
           2519           2519        448.622        449.833        9.17872
           2520           2520        448.786            450        9.16273
           2521           2521        448.949        450.167        9.14703
           2522           2522        449.112        450.333        9.13163
           2523           2523        449.289          450.5        9.11643
           2524           2524        449.454        450.667        9.10195
           2525           2525        449.617        450.833        9.08709
           2526           2526         449.79            451        9.07211
           2527           2527        449.952        451.167        9.05714
           2528           2528        450.118        451.333        9.04241
           2529           2529         450.29          451.5        9.02764
           2530           2530        450.457        451.667        9.01282
           2531           2531        450.623        451.833        8.99792
           2532           2532        450.786            452        8.98295
           2533           2533        450.954        452.167        8.96806
           2534           2534        451.118        452.333         8.9532
           2535           2535        451.293          452.5        8.93829
           2536           2536        451.456        452.667        8.92337
           2537           2537        451.622        452.833        8.90863
           2538           2538        451.788            453        8.89418
           2539           2539        451.954        453.167        8.87999
           2540           2540        452.121        453.333        8.86623
           2541           2541        452.288          453.5        8.85225
           2542           2542        452.458        453.667        8.83845
           2543           2543        452.632        453.833        8.82488
           2544           2544        452.792            454         8.8118
           2545           2545        452.966        454.167        8.79837
           2546           2546         453.13        454.333        8.78483
           2547           2547        453.296          454.5        8.77135
           2548           2548        453.454        454.667        8.75817
           2549           2549        453.628        454.833         8.7451
           2550           2550        453.789            455        8.73225
           2551           2551        453.951        455.167        8.71961
           2552           2552        454.117        455.333        8.70761
           2553           2553        454.289          455.5        8.69537
           2554           2554        454.465        455.667        8.68315
           2555           2555        454.634        455.833        8.67099
           2556           2556        454.797            456         8.6587
           2557           2557        454.965        456.167        8.64567
           2558           2558        455.134        456.333        8.63247
           2559           2559        455.296          456.5        8.61951
           2560           2560        455.468        456.667        8.60665
           2561           2561        455.636        456.833        8.59457
           2562           2562        455.804            457         8.5828
           2563           2563         455.97        457.167        8.57118
           2564           2564        456.138        457.333        8.56139
           2565           2565          456.3          457.5        8.55058
           2566           2566        456.469        457.667        8.53939
           2567           2567        456.637        457.833        8.52808
           2568           2568        456.796            458        8.51673
           2569           2569        456.972        458.167         8.5055
           2570           2570        457.137        458.333        8.49391
           2571           2571        457.303          458.5        8.48191
           2572           2572        457.469        458.667        8.46944
           2573           2573        457.643        458.833        8.45699
           2574           2574        457.805            459        8.44455
           2575           2575        457.983        459.167         8.4322
           2576           2576        458.148        459.333        8.41943
           2577           2577        458.311          459.5        8.40725
           2578           2578        458.484        459.667        8.39538
           2579           2579        458.647        459.833        8.38361
           2580           2580        458.808            460        8.37241
           2581           2581        458.977        460.167        8.36108
           2582           2582        459.145        460.333        8.35023
           2583           2583         459.32          460.5        8.33963
           2584           2584        459.488        460.667        8.32914
           2585           2585        459.651        460.833         8.3188
           2586           2586        459.816            461        8.30845
           2587           2587        459.976        461.167        8.29791
           2588           2588        460.146        461.333        8.28757
           2589           2589        460.314          461.5        8.27705
           2590           2590        460.483        461.667        8.26642
           2591           2591        460.656        461.833        8.25569
           2592           2592        460.821            462        8.24433
           2593           2593        460.987        462.167        8.23311
           2594           2594        461.155        462.333        8.22198
           2595           2595        461.328          462.5        8.21093
           2596           2596        461.492        462.667        8.20016
           2597           2597         461.66        462.833        8.18978
           2598           2598        461.831            463        8.17943
           2599           2599        462.001        463.167        8.16898
           2600           2600        462.168        463.333        8.15916
           2601           2601        462.336          463.5         8.1488
           2602           2602        462.503        463.667        8.13828
           2603           2603        462.669        463.833         8.1277
           2604           2604        462.832            464        8.11646
           2605           2605        463.003        464.167        8.10545
           2606           2606        463.174        464.333        8.09451
           2607           2607        463.336          464.5        8.08364
           2608           2608        463.503        464.667        8.07296
           2609           2609        463.672        464.833        8.06258
           2610           2610        463.836            465        8.05262
           2611           2611        464.004        465.167        8.04302
           2612           2612        464.176        465.333        8.03418
           2613           2613        464.335          465.5        8.02475
           2614           2614        464.503        465.667        8.01517
           2615           2615        464.672        465.833        8.00561
           2616           2616        464.848            466        7.99642
           2617           2617        465.012        466.167        7.98715
           2618           2618        465.184        466.333        7.97777
           2619           2619        465.348          466.5        7.96837
           2620           2620        465.519        466.667          7.959
           2621           2621         465.68        466.833         7.9496
           2622           2622        465.846            467        7.94034
           2623           2623        466.016        467.167         7.9312
           2624           2624        466.184        467.333        7.92182
           2625           2625        466.353          467.5        7.91235
           2626           2626        466.523        467.667        7.90283
           2627           2627        466.688        467.833        7.89328
           2628           2628        466.862            468        7.88373
           2629           2629        467.021        468.167         7.8743
           2630           2630        467.185        468.333        7.86498
           2631           2631        467.353          468.5        7.85577
           2632           2632        467.523        468.667        7.84675
           2633           2633        467.693        468.833        7.83768
           2634           2634        467.867            469        7.82865
           2635           2635        468.021        469.167         7.8196
           2636           2636        468.202        469.333        7.81044
           2637           2637        468.367          469.5        7.80116
           2638           2638        468.533        469.667         7.7919
           2639           2639        468.693        469.833        7.78265
           2640           2640        468.871            470        7.77335
           2641           2641        469.031        470.167        7.76378
           2642           2642        469.205        470.333        7.75429
           2643           2643        469.376          470.5        7.74464
           2644           2644        469.543        470.667        7.73486
           2645           2645        469.703        470.833        7.72458
           2646           2646        469.872            471        7.71427
           2647           2647        470.041        471.167        7.70412
           2648           2648        470.202        471.333        7.69414
           2649           2649        470.376          471.5        7.68398
           2650           2650        470.539        471.667        7.67424
           2651           2651        470.712        471.833        7.66469
           2652           2652         470.88            472        7.65528
           2653           2653        471.043        472.167        7.64684
           2654           2654         471.21        472.333        7.63801
           2655           2655        471.378          472.5        7.62888
           2656           2656        471.544        472.667         7.6196
           2657           2657        471.715        472.833        7.61111
           2658           2658        471.878            473        7.60251
           2659           2659        472.043        473.167        7.59337
           2660           2660        472.211        473.333        7.58394
           2661           2661        472.379          473.5        7.57519
           2662           2662        472.546        473.667        7.56661
           2663           2663        472.718        473.833         7.5584
           2664           2664        472.882            474        7.55041
           2665           2665        473.048        474.167        7.54272
           2666           2666        473.223        474.333        7.53482
           2667           2667        473.391          474.5        7.52691
           2668           2668        473.562        474.667        7.51902
           2669           2669        473.723        474.833        7.51127
           2670           2670        473.888            475        7.50353
           2671           2671        474.058        475.167        7.49593
           2672           2672        474.221        475.333        7.48837
           2673           2673        474.389          475.5        7.48072
           2674           2674        474.551        475.667        7.47324
           2675           2675        474.715        475.833        7.46588
           2676           2676        474.886            476        7.45855
           2677           2677        475.061        476.167        7.45118
           2678           2678        475.232        476.333        7.44389
           2679           2679         475.39          476.5        7.43654
           2680           2680        475.561        476.667        7.42904
           2681           2681        475.734        476.833        7.42146
           2682           2682        475.902            477        7.41389
           2683           2683         476.07        477.167        7.40645
           2684           2684        476.239        477.333        7.39904
           2685           2685        476.399          477.5        7.39158
           2686           2686        476.569        477.667        7.38414
           2687           2687        476.739        477.833        7.37655
           2688           2688        476.899            478         7.3688
           2689           2689        477.067        478.167        7.36101
           2690           2690        477.241        478.333        7.35312
           2691           2691        477.407          478.5        7.34521
           2692           2692        477.566        478.667        7.33719
           2693           2693        477.739        478.833         7.3291
           2694           2694        477.903            479         7.3208
           2695           2695        478.071        479.167        7.31258
           2696           2696         478.24        479.333        7.30449
           2697           2697        478.406          479.5        7.29648
           2698           2698        478.577        479.667        7.28848
           2699           2699        478.743        479.833        7.28056
           2700           2700        478.914            480        7.27263
           2701           2701        479.077        480.167        7.26475
           2702           2702        479.244        480.333        7.25714
           2703           2703        479.417          480.5        7.24929
           2704           2704        479.584        480.667        7.24136
           2705           2705         479.75        480.833         7.2334
           2706           2706        479.916            481        7.22547
           2707           2707        480.086        481.167        7.21738
           2708           2708        480.249        481.333        7.20942
           2709           2709        480.418          481.5        7.20148
           2710           2710         480.59        481.667        7.19357
           2711           2711        480.757        481.833          7.186
           2712           2712        480.926            482        7.17864
           2713           2713        481.092        482.167        7.17152
           2714           2714        481.258        482.333        7.16447
           2715           2715        481.417          482.5        7.15776
           2716           2716        481.596        482.667        7.15072
           2717           2717        481.759        482.833         7.1435
           2718           2718        481.927            483        7.13617
           2719           2719        482.094        483.167         7.1282
           2720           2720         482.26        483.333        7.12009
           2721           2721        482.424          483.5        7.11181
           2722           2722        482.587        483.667        7.10343
           2723           2723        482.757        483.833        7.09441
           2724           2724        482.922            484        7.08606
           2725           2725        483.091        484.167        7.07811
           2726           2726        483.263        484.333        7.07038
           2727           2727        483.432          484.5        7.06357
           2728           2728        483.592        484.667        7.05665
           2729           2729        483.764        484.833        7.04977
           2730           2730        483.936            485        7.04289
           2731           2731        484.096        485.167        7.03695
           2732           2732        484.263        485.333        7.03078
           2733           2733        484.435          485.5        7.02463
           2734           2734        484.603        485.667        7.01854
           2735           2735        484.762        485.833        7.01244
           2736           2736        484.926            486         7.0061
           2737           2737        485.098        486.167        6.99959
           2738           2738        485.264        486.333        6.99295
           2739           2739        485.439          486.5        6.98624
           2740           2740        485.602        486.667        6.97887
           2741           2741        485.771        486.833        6.97157
           2742           2742        485.936            487        6.96435
           2743           2743        486.098        487.167        6.95723
           2744           2744        486.267        487.333        6.94949
           2745           2745         486.43          487.5        6.94199
           2746           2746        486.602        487.667        6.93477
           2747           2747         486.77        487.833        6.92768
           2748           2748        486.936            488        6.92024
           2749           2749        487.099        488.167         6.9127
           2750           2750        487.269        488.333        6.90516
           2751           2751        487.434          488.5        6.89762
           2752           2752        487.608        488.667        6.89009
           2753           2753        487.778        488.833        6.88268
           2754           2754        487.943            489        6.87529
           2755           2755        488.109        489.167        6.86788
           2756           2756        488.277        489.333        6.86041
           2757           2757        488.446          489.5        6.85262
           2758           2758         488.61        489.667        6.84458
           2759           2759        488.788        489.833        6.83639
           2760           2760        488.945            490        6.82753
           2761           2761        489.117        490.167        6.81903
           2762           2762        489.279        490.333        6.81054
           2763           2763        489.445          490.5        6.80201
           2764           2764        489.613        490.667        6.79333
           2765           2765        489.781        490.833        6.78478
           2766           2766        489.946            491        6.77625
           2767           2767        490.113        491.167        6.76763
           2768           2768        490.286        491.333        6.75888
           2769           2769        490.453          491.5        6.75026
           2770           2770        490.618        491.667        6.74177
           2771           2771         490.79        491.833        6.73338
           2772           2772        490.961            492        6.72502
           2773           2773        491.117        492.167        6.71676
           2774           2774        491.291        492.333        6.70826
           2775           2775        491.459          492.5        6.69958
           2776           2776         491.62        492.667        6.69092
           2777           2777        491.793        492.833        6.68257
           2778           2778         491.96            493        6.67458
           2779           2779        492.124        493.167        6.66677
           2780           2780        492.294        493.333        6.65898
           2781           2781        492.465          493.5        6.65157
           2782           2782        492.623        493.667        6.64369
           2783           2783        492.793        493.833        6.63586
           2784           2784        492.969            494        6.62816
           2785           2785        493.136        494.167        6.62012
           2786           2786        493.294        494.333        6.61246
           2787           2787        493.464          494.5        6.60497
           2788           2788        493.628        494.667         6.5975
           2789           2789        493.793        494.833         6.5902
           2790           2790        493.966            495        6.58262
           2791           2791        494.141        495.167        6.57508
           2792           2792          494.3        495.333        6.56763
           2793           2793        494.468          495.5        6.55973
           2794           2794         494.64        495.667        6.55187
           2795           2795        494.806        495.833        6.54394
           2796           2796        494.969            496        6.53598
           2797           2797         495.14        496.167        6.52813
           2798           2798        495.308        496.333        6.52041
           2799           2799        495.482          496.5         6.5127
           2800           2800        495.652        496.667        6.50499
           2801           2801        495.824        496.833        6.49735
           2802           2802        495.985            497        6.48938
           2803           2803         496.15        497.167         6.4812
           2804           2804        496.317        497.333        6.47296
           2805           2805        496.489          497.5        6.46476
           2806           2806        496.656        497.667        6.45627
           2807           2807        496.821        497.833        6.44801
           2808           2808        496.989            498        6.43976
           2809           2809        497.148        498.167        6.43155
           2810           2810        497.319        498.333        6.42379
           2811           2811        497.493          498.5         6.4158
           2812           2812        497.651        498.667        6.40769
           2813           2813        497.823        498.833        6.39952
           2814           2814        497.988            499        6.39157
           2815           2815        498.172        499.167        6.38377
           2816           2816        498.332        499.333        6.37595
           2817           2817        498.503          499.5        6.36809
           2818           2818        498.661        499.667        6.36032
           2819           2819        498.828        499.833        6.35229
           2820           2820        498.997            500        6.34439
           2821           2821        499.164        500.167        6.33667
           2822           2822        499.335        500.333        6.32867
           2823           2823        499.503          500.5        6.32079
           2824           2824        499.667        500.667        6.31296
           2825           2825        499.834        500.833        6.30514
           2826           2826            500            501         6.2974
           2827           2827        500.167        501.167        6.28927
           2828           2828        500.344        501.333        6.28081
           2829           2829        500.508          501.5         6.2722
           2830           2830        500.683        501.667        6.26315
           2831           2831        500.844        501.833        6.25441
           2832           2832        501.012            502         6.2456
           2833           2833        501.184        502.167        6.23665
           2834           2834        501.348        502.333        6.22759
           2835           2835        501.511          502.5        6.21863
           2836           2836         501.69        502.667        6.20979
           2837           2837        501.855        502.833         6.2012
           2838           2838        502.024            503        6.19281
           2839           2839        502.192        503.167        6.18488
           2840           2840        502.363        503.333        6.17693
           2841           2841        502.532          503.5        6.16905
           2842           2842        502.695        503.667        6.16127
           2843           2843        502.864        503.833        6.15411
           2844           2844         503.03            504        6.14672
           2845           2845        503.194        504.167        6.13943
           2846           2846        503.362        504.333        6.13221
           2847           2847        503.536          504.5        6.12496
           2848           2848        503.695        504.667        6.11754
           2849           2849        503.861        504.833        6.10996
           2850           2850        504.029            505        6.10229
           2851           2851        504.206        505.167        6.09461
           2852           2852         504.37        505.333        6.08708
           2853           2853        504.539          505.5        6.07957
           2854           2854        504.705        505.667        6.07209
           2855           2855        504.878        505.833        6.06472
           2856           2856        505.043            506        6.05732
           2857           2857        505.213        506.167        6.05017
           2858           2858        505.383        506.333         6.0432
           2859           2859        505.549          506.5        6.03658
           2860           2860         505.71        506.667        6.03001
           2861           2861        505.876        506.833        6.02355
           2862           2862        506.045            507         6.0172
           2863           2863        506.206        507.167        6.01124
           2864           2864        506.384        507.333        6.00489
           2865           2865        506.549          507.5        5.99848
           2866           2866        506.712        507.667        5.99207
           2867           2867        506.878        507.833        5.98521
           2868           2868         507.05            508        5.97851
           2869           2869        507.218        508.167         5.9719
           2870           2870        507.382        508.333        5.96545
           2871           2871        507.553          508.5        5.95919
           2872           2872        507.718        508.667        5.95309
           2873           2873        507.884        508.833        5.94707
           2874           2874        508.047            509        5.94135
           2875           2875        508.213        509.167         5.9358
           2876           2876        508.388        509.333        5.93062
           2877           2877        508.557          509.5         5.9251
           2878           2878        508.717        509.667        5.91979
           2879           2879        508.893        509.833        5.91479
           2880           2880        509.057            510         5.9102
           2881           2881        509.227        510.167        5.90549
           2882           2882        509.392        510.333        5.90069
           2883           2883        509.561          510.5        5.89592
           2884           2884        509.727        510.667        5.89159
           2885           2885        509.893        510.833         5.8868
           2886           2886        510.052            511        5.88184
           2887           2887        510.222        511.167        5.87685
           2888           2888        510.388        511.333         5.8714
           2889           2889        510.564          511.5        5.86606
           2890           2890        510.731        511.667         5.8606
           2891           2891          510.9        511.833        5.85506
           2892           2892        511.066            512         5.8493
           2893           2893        511.228        512.167        5.84364
           2894           2894        511.393        512.333        5.83799
           2895           2895        511.561          512.5        5.83233
           2896           2896        511.729        512.667        5.82664
           2897           2897        511.897        512.833        5.82097
           2898           2898        512.059            513        5.81535
           2899           2899        512.231        513.167        5.80977
           2900           2900        512.394        513.333        5.80441
           2901           2901        512.566          513.5        5.79905
           2902           2902        512.733        513.667        5.79367
           2903           2903        512.902        513.833        5.78833
           2904           2904        513.066            514        5.78312
           2905           2905        513.239        514.167        5.77859
           2906           2906        513.398        514.333        5.77405
           2907           2907        513.566          514.5        5.76946
           2908           2908        513.735        514.667        5.76484
           2909           2909        513.904        514.833        5.76082
           2910           2910        514.076            515        5.75658
           2911           2911        514.239        515.167        5.75238
           2912           2912        514.408        515.333        5.74819
           2913           2913        514.571          515.5        5.74362
           2914           2914         514.74        515.667        5.73907
           2915           2915         514.91        515.833        5.73461
           2916           2916        515.072            516        5.73027
           2917           2917        515.247        516.167        5.72574
           2918           2918        515.409        516.333         5.7211
           2919           2919        515.574          516.5        5.71643
           2920           2920        515.744        516.667        5.71189
           2921           2921        515.914        516.833        5.70775
           2922           2922        516.078            517         5.7036
           2923           2923        516.246        517.167        5.69935
           2924           2924        516.414        517.333        5.69492
           2925           2925         516.58          517.5        5.69058
           2926           2926        516.744        517.667         5.6861
           2927           2927         516.92        517.833        5.68156
           2928           2928        517.086            518        5.67703
           2929           2929        517.254        518.167        5.67216
           2930           2930        517.418        518.333        5.66748
           2931           2931        517.584          518.5        5.66285
           2932           2932        517.759        518.667        5.65835
           2933           2933        517.918        518.833        5.65452
           2934           2934         518.09            519        5.65072
           2935           2935         518.26        519.167        5.64711
           2936           2936        518.431        519.333        5.64355
           2937           2937        518.597          519.5        5.63997
           2938           2938        518.758        519.667        5.63649
           2939           2939         518.93        519.833        5.63249
           2940           2940        519.092            520        5.62827
           2941           2941        519.263        520.167         5.6239
           2942           2942        519.428        520.333        5.61868
           2943           2943        519.601          520.5         5.6139
           2944           2944        519.769        520.667        5.60916
           2945           2945        519.935        520.833        5.60446
           2946           2946        520.108            521        5.60044
           2947           2947        520.275        521.167        5.59659
           2948           2948        520.438        521.333        5.59285
           2949           2949        520.615          521.5        5.58925
           2950           2950         520.78        521.667        5.58676
           2951           2951        520.944        521.833         5.5837
           2952           2952        521.112            522        5.58035
           2953           2953        521.279        522.167         5.5769
           2954           2954        521.442        522.333        5.57355
           2955           2955        521.612          522.5        5.57022
           2956           2956         521.78        522.667        5.56692
           2957           2957        521.946        522.833        5.56358
           2958           2958        522.115            523        5.56016
           2959           2959        522.279        523.167        5.55689
           2960           2960        522.451        523.333        5.55359
           2961           2961        522.619          523.5        5.55021
           2962           2962        522.783        523.667        5.54698
           2963           2963        522.951        523.833        5.54375
           2964           2964         523.12            524        5.54051
           2965           2965        523.279        524.167        5.53728
           2966           2966        523.456        524.333        5.53411
           2967           2967        523.627          524.5        5.53095
           2968           2968        523.787        524.667        5.52777
           2969           2969        523.953        524.833        5.52455
           2970           2970        524.129            525        5.52135
           2971           2971        524.289        525.167        5.51808
           2972           2972        524.454        525.333        5.51465
           2973           2973        524.627          525.5        5.51115
           2974           2974        524.786        525.667        5.50765
           2975           2975        524.955        525.833        5.50399
           2976           2976        525.124            526        5.50045
           2977           2977        525.286        526.167        5.49691
           2978           2978        525.454        526.333        5.49335
           2979           2979        525.629          526.5        5.49002
           2980           2980        525.791        526.667        5.48667
           2981           2981        525.959        526.833        5.48327
           2982           2982        526.124            527         5.4799
           2983           2983        526.297        527.167        5.47665
           2984           2984        526.454        527.333        5.47328
           2985           2985         526.62          527.5        5.47002
           2986           2986        526.783        527.667        5.46692
           2987           2987        526.954        527.833        5.46385
           2988           2988        527.116            528        5.46092
           2989           2989        527.283        528.167        5.45817
           2990           2990        527.459        528.333         5.4554
           2991           2991        527.618          528.5        5.45257
           2992           2992        527.781        528.667        5.44963
           2993           2993        527.948        528.833        5.44651
           2994           2994        528.122            529        5.44316
           2995           2995        528.291        529.167        5.43914
           2996           2996         528.46        529.333        5.43555
           2997           2997        528.628          529.5        5.43222
           2998           2998        528.801        529.667        5.42895
           2999           2999        528.968        529.833        5.42543
           3000           3000        529.131            530        5.42206
           3001           3001        529.293        530.167        5.41874
           3002           3002        529.463        530.333        5.41536
           3003           3003        529.622          530.5        5.41192
           3004           3004        529.788        530.667        5.40866
           3005           3005        529.958        530.833        5.40542
           3006           3006        530.131            531        5.40227
           3007           3007          530.3        531.167        5.39921
           3008           3008        530.461        531.333        5.39641
           3009           3009        530.628          531.5        5.39369
           3010           3010        530.799        531.667        5.39106
           3011           3011        530.963        531.833        5.38841
           3012           3012        531.129            532        5.38565
           3013           3013        531.291        532.167        5.38247
           3014           3014        531.459        532.333        5.37925
           3015           3015        531.632          532.5        5.37614
           3016           3016        531.796        532.667        5.37276
           3017           3017        531.958        532.833        5.36977
           3018           3018        532.129            533        5.36682
           3019           3019        532.296        533.167         5.3639
           3020           3020        532.467        533.333        5.36187
           3021           3021        532.632          533.5        5.35937
           3022           3022        532.797        533.667        5.35641
           3023           3023        532.965        533.833        5.35322
           3024           3024        533.132            534         5.3501
           3025           3025        533.296        534.167          5.347
           3026           3026         533.46        534.333        5.34379
           3027           3027         533.64          534.5        5.34057
           3028           3028        533.799        534.667        5.33759
           3029           3029        533.968        534.833        5.33465
           3030           3030        534.136            535        5.33142
           3031           3031        534.311        535.167        5.32802
           3032           3032        534.474        535.333        5.32516
           3033           3033        534.643          535.5        5.32234
           3034           3034        534.806        535.667        5.31957
           3035           3035         534.98        535.833        5.31672
           3036           3036        535.145            536        5.31376
           3037           3037        535.312        536.167        5.31059
           3038           3038        535.478        536.333        5.30704
           3039           3039        535.643          536.5        5.30346
           3040           3040        535.811        536.667        5.30003
           3041           3041        535.977        536.833        5.29647
           3042           3042        536.147            537        5.29373
           3043           3043        536.307        537.167        5.29142
           3044           3044        536.484        537.333        5.28926
           3045           3045        536.654          537.5        5.28813
           3046           3046        536.823        537.667        5.28623
           3047           3047        536.995        537.833        5.28422
           3048           3048        537.159            538        5.28216
           3049           3049        537.327        538.167        5.27955
           3050           3050        537.497        538.333        5.27703
           3051           3051        537.667          538.5        5.27438
           3052           3052        537.833        538.667        5.27173
           3053           3053        537.994        538.833        5.26919
           3054           3054        538.159            539        5.26683
           3055           3055        538.328        539.167         5.2644
           3056           3056        538.498        539.333        5.26185
           3057           3057        538.659          539.5         5.2596
           3058           3058         538.83        539.667        5.25722
           3059           3059        539.009        539.833        5.25476
           3060           3060        539.169            540        5.25224
           3061           3061        539.336        540.167        5.24918
           3062           3062        539.499        540.333        5.24622
           3063           3063        539.671          540.5        5.24349
           3064           3064         539.84        540.667        5.24094
           3065           3065         540.01        540.833        5.23867
           3066           3066        540.172            541         5.2368
           3067           3067        540.338        541.167        5.23511
           3068           3068        540.505        541.333        5.23354
           3069           3069        540.674          541.5        5.23207
           3070           3070        540.843        541.667        5.23143
           3071           3071        541.013        541.833        5.23015
           3072           3072        541.176            542        5.22862
           3073           3073        541.342        542.167        5.22689
           3074           3074        541.508        542.333        5.22436
           3075           3075        541.677          542.5        5.22219
           3076           3076        541.852        542.667        5.22038
           3077           3077        542.017        542.833        5.21882
           3078           3078        542.177            543        5.21759
           3079           3079        542.339        543.167         5.2167
           3080           3080        542.509        543.333        5.21608
           3081           3081        542.677          543.5         5.2156
           3082           3082         542.84        543.667        5.21628
           3083           3083        543.004        543.833        5.21639
           3084           3084        543.178            544        5.21647
           3085           3085        543.339        544.167        5.21649
           3086           3086        543.507        544.333        5.21613
           3087           3087        543.671          544.5        5.21583
           3088           3088        543.844        544.667        5.21556
           3089           3089        544.016        544.833        5.21534
           3090           3090        544.183            545        5.21483
           3091           3091         544.35        545.167        5.21425
           3092           3092        544.518        545.333        5.21337
           3093           3093        544.687          545.5        5.21229
           3094           3094         544.85        545.667        5.21089
           3095           3095        545.019        545.833        5.20933
           3096           3096        545.183            546        5.20743
           3097           3097        545.355        546.167        5.20529
           3098           3098        545.524        546.333        5.20222
           3099           3099        545.699          546.5        5.19938
           3100           3100        545.863        546.667        5.19646
           3101           3101        546.023        546.833        5.19335
           3102           3102          546.2            547        5.19014
           3103           3103        546.361        547.167        5.18668
           3104           3104        546.532        547.333        5.18356
           3105           3105        546.693          547.5        5.18054
           3106           3106        546.858        547.667        5.17758
           3107           3107        547.025        547.833        5.17495
           3108           3108        547.195            548        5.17197
           3109           3109        547.363        548.167        5.16876
           3110           3110        547.534        548.333        5.16544
           3111           3111        547.703          548.5         5.1617
           3112           3112        547.868        548.667        5.15808
           3113           3113        548.043        548.833         5.1546
           3114           3114        548.212            549         5.1512
           3115           3115        548.372        549.167        5.14776
           3116           3116         548.54        549.333        5.14456
           3117           3117        548.704          549.5        5.14142
           3118           3118        548.872        549.667        5.13832
           3119           3119         549.04        549.833        5.13591
           3120           3120        549.207            550        5.13324
           3121           3121        549.371        550.167         5.1306
           3122           3122        549.538        550.333        5.12797
           3123           3123        549.708          550.5        5.12541
           3124           3124        549.873        550.667        5.12279
           3125           3125        550.043        550.833        5.11995
           3126           3126        550.211            551        5.11692
           3127           3127        550.373        551.167        5.11351
           3128           3128        550.539        551.333        5.11018
           3129           3129        550.708          551.5        5.10701
           3130           3130        550.878        551.667          5.104
           3131           3131        551.046        551.833        5.10071
           3132           3132        551.205            552        5.09756
           3133           3133        551.377        552.167        5.09449
           3134           3134        551.543        552.333        5.09148
           3135           3135        551.705          552.5        5.08852
           3136           3136        551.882        552.667        5.08562
           3137           3137         552.05        552.833        5.08257
           3138           3138         552.21            553        5.07965
           3139           3139        552.376        553.167        5.07685
           3140           3140        552.549        553.333        5.07417
           3141           3141        552.714          553.5        5.07173
           3142           3142        552.882        553.667        5.06952
           3143           3143        553.049        553.833        5.06739
           3144           3144         553.22            554        5.06586
           3145           3145        553.381        554.167        5.06405
           3146           3146        553.545        554.333        5.06216
           3147           3147        553.717          554.5        5.06015
           3148           3148        553.886        554.667        5.05796
           3149           3149        554.057        554.833        5.05594
           3150           3150        554.229            555        5.05404
           3151           3151        554.388        555.167        5.05215
           3152           3152        554.555        555.333        5.05024
           3153           3153        554.723          555.5        5.04844
           3154           3154        554.883        555.667        5.04661
           3155           3155         555.05        555.833        5.04478
           3156           3156        555.224            556        5.04344
           3157           3157        555.397        556.167        5.04194
           3158           3158        555.562        556.333        5.04022
           3159           3159        555.726          556.5        5.03839
           3160           3160        555.896        556.667        5.03682
           3161           3161        556.071        556.833        5.03521
           3162           3162        556.239            557        5.03343
           3163           3163        556.405        557.167        5.03154
           3164           3164        556.569        557.333        5.02952
           3165           3165         556.74          557.5        5.02749
           3166           3166        556.897        557.667        5.02557
           3167           3167        557.078        557.833        5.02374
           3168           3168        557.251            558        5.02182
           3169           3169        557.419        558.167        5.01968
           3170           3170        557.586        558.333         5.0178
           3171           3171        557.751          558.5        5.01611
           3172           3172        557.918        558.667        5.01452
           3173           3173        558.092        558.833        5.01281
           3174           3174        558.252            559         5.0108
           3175           3175        558.423        559.167        5.00858
           3176           3176        558.586        559.333        5.00634
           3177           3177         558.75          559.5        5.00394
           3178           3178        558.915        559.667        5.00145
           3179           3179        559.078        559.833         4.9988
           3180           3180         559.25            560        4.99618
           3181           3181        559.418        560.167        4.99377
           3182           3182        559.582        560.333        4.99131
           3183           3183        559.751          560.5        4.98866
           3184           3184        559.918        560.667        4.98598
           3185           3185        560.083        560.833        4.98371
           3186           3186        560.254            561        4.98155
           3187           3187        560.419        561.167        4.97956
           3188           3188        560.587        561.333        4.97762
           3189           3189        560.746          561.5        4.97611
           3190           3190        560.913        561.667        4.97458
           3191           3191        561.085        561.833          4.973
           3192           3192        561.258            562        4.97131
           3193           3193        561.416        562.167         4.9697
           3194           3194         561.59        562.333        4.96802
           3195           3195        561.759          562.5        4.96625
           3196           3196        561.922        562.667        4.96441
           3197           3197        562.094        562.833        4.96202
           3198           3198        562.261            563        4.95958
           3199           3199        562.414        563.167        4.95705
           3200           3200         562.59        563.333        4.95435
           3201           3201         562.76          563.5        4.95149
           3202           3202        562.922        563.667        4.94808
           3203           3203        563.093        563.833        4.94521
           3204           3204         563.26            564        4.94275
           3205           3205        563.433        564.167        4.94055
           3206           3206        563.593        564.333        4.93891
           3207           3207        563.763          564.5        4.93721
           3208           3208        563.922        564.667        4.93564
           3209           3209        564.088        564.833        4.93408
           3210           3210        564.261            565        4.93285
           3211           3211        564.428        565.167        4.93121
           3212           3212          564.6        565.333        4.92944
           3213           3213        564.766          565.5        4.92766
           3214           3214        564.933        565.667        4.92568
           3215           3215        565.101        565.833        4.92399
           3216           3216        565.268            566         4.9223
           3217           3217        565.438        566.167        4.92054
           3218           3218        565.607        566.333        4.91875
           3219           3219        565.767          566.5        4.91675
           3220           3220        565.937        566.667         4.9147
           3221           3221        566.103        566.833        4.91261
           3222           3222        566.273            567        4.91012
           3223           3223        566.444        567.167        4.90782
           3224           3224        566.608        567.333        4.90541
           3225           3225        566.771          567.5        4.90298
           3226           3226        566.943        567.667        4.90106
           3227           3227        567.108        567.833         4.8992
           3228           3228         567.27            568        4.89733
           3229           3229        567.438        568.167        4.89542
           3230           3230        567.609        568.333        4.89385
           3231           3231         567.77          568.5        4.89228
           3232           3232        567.935        568.667        4.89091
           3233           3233        568.105        568.833        4.88969
           3234           3234        568.274            569        4.88848
           3235           3235        568.443        569.167        4.88747
           3236           3236        568.609        569.333         4.8862
           3237           3237        568.778          569.5        4.88469
           3238           3238        568.945        569.667        4.88305
           3239           3239        569.114        569.833        4.88127
           3240           3240        569.273            570        4.87982
           3241           3241        569.437        570.167        4.87856
           3242           3242        569.606        570.333        4.87737
           3243           3243        569.778          570.5        4.87622
           3244           3244        569.951        570.667         4.8749
           3245           3245        570.115        570.833        4.87365
           3246           3246        570.286            571        4.87245
           3247           3247        570.455        571.167        4.87122
           3248           3248        570.613        571.333        4.87023
           3249           3249        570.777          571.5         4.8694
           3250           3250        570.948        571.667        4.86861
           3251           3251        571.116        571.833        4.86829
           3252           3252        571.288            572        4.86773
           3253           3253        571.446        572.167        4.86705
           3254           3254        571.611        572.333        4.86626
           3255           3255         571.78          572.5        4.86535
           3256           3256        571.949        572.667        4.86448
           3257           3257        572.109        572.833         4.8636
           3258           3258        572.285            573        4.86259
           3259           3259        572.452        573.167        4.86091
           3260           3260        572.616        573.333         4.8592
           3261           3261        572.784          573.5        4.85743
           3262           3262        572.944        573.667        4.85571
           3263           3263        573.112        573.833        4.85384
           3264           3264        573.281            574        4.85236
           3265           3265        573.454        574.167        4.85092
           3266           3266        573.622        574.333        4.84941
           3267           3267        573.789          574.5        4.84784
           3268           3268        573.953        574.667        4.84647
           3269           3269        574.117        574.833         4.8447
           3270           3270        574.285            575         4.8429
           3271           3271        574.457        575.167         4.8412
           3272           3272        574.629        575.333        4.83909
           3273           3273        574.796          575.5        4.83716
           3274           3274        574.957        575.667        4.83529
           3275           3275        575.129        575.833        4.83352
           3276           3276        575.297            576        4.83217
           3277           3277        575.471        576.167        4.83035
           3278           3278        575.631        576.333        4.82831
           3279           3279        575.799          576.5        4.82631
           3280           3280        575.963        576.667        4.82458
           3281           3281        576.131        576.833        4.82316
           3282           3282        576.301            577        4.82203
           3283           3283        576.469        577.167        4.82106
           3284           3284        576.633        577.333        4.82078
           3285           3285        576.798          577.5         4.8203
           3286           3286        576.964        577.667        4.81991
           3287           3287        577.135        577.833         4.8196
           3288           3288        577.298            578        4.81925
           3289           3289        577.467        578.167        4.81865
           3290           3290        577.636        578.333        4.81792
           3291           3291        577.811          578.5        4.81701
           3292           3292        577.976        578.667        4.81522
           3293           3293        578.138        578.833        4.81373
           3294           3294        578.299            579        4.81235
           3295           3295        578.472        579.167        4.81094
           3296           3296         578.64        579.333        4.80901
           3297           3297        578.806          579.5        4.80738
           3298           3298        578.985        579.667        4.80588
           3299           3299        579.147        579.833        4.80445
           3300           3300        579.311            580        4.80302
           3301           3301        579.476        580.167        4.80132
           3302           3302        579.643        580.333        4.79937
           3303           3303        579.811          580.5        4.79752
           3304           3304        579.987        580.667        4.79581
           3305           3305        580.149        580.833        4.79407
           3306           3306        580.323            581        4.79283
           3307           3307        580.485        581.167        4.79182
           3308           3308        580.648        581.333        4.79091
           3309           3309        580.811          581.5        4.79095
           3310           3310        580.983        581.667        4.79034
           3311           3311        581.143        581.833         4.7894
           3312           3312        581.307            582        4.78816
           3313           3313         581.48        582.167        4.78615
           3314           3314        581.646        582.333        4.78444
           3315           3315        581.807          582.5        4.78289
           3316           3316        581.977        582.667        4.78145
           3317           3317        582.145        582.833        4.77977
           3318           3318        582.318            583        4.77841
           3319           3319        582.483        583.167         4.7772
           3320           3320        582.651        583.333        4.77611
           3321           3321        582.818          583.5        4.77563
           3322           3322        582.985        583.667        4.77483
           3323           3323         583.15        583.833        4.77411
           3324           3324        583.315            584        4.77345
           3325           3325        583.477        584.167        4.77269
           3326           3326        583.638        584.333        4.77185
           3327           3327        583.808          584.5        4.77067
           3328           3328        583.976        584.667        4.76922
           3329           3329        584.145        584.833        4.76763
           3330           3330        584.309            585        4.76624
           3331           3331        584.484        585.167        4.76492
           3332           3332        584.644        585.333        4.76355
           3333           3333        584.816          585.5         4.7622
           3334           3334        584.979        585.667        4.76121
           3335           3335        585.147        585.833        4.75989
           3336           3336        585.319            586        4.75816
           3337           3337        585.492        586.167        4.75626
           3338           3338        585.664        586.333         4.7544
           3339           3339        585.827          586.5        4.75257
           3340           3340        585.997        586.667        4.75051
           3341           3341        586.162        586.833        4.74826
           3342           3342        586.334            587        4.74602
           3343           3343        586.488        587.167        4.74383
           3344           3344        586.653        587.333        4.74141
           3345           3345        586.815          587.5        4.73879
           3346           3346        586.986        587.667        4.73629
           3347           3347        587.154        587.833        4.73408
           3348           3348        587.318            588        4.73212
           3349           3349        587.487        588.167        4.73024
           3350           3350        587.653        588.333        4.72862
           3351           3351        587.822          588.5        4.72689
           3352           3352         587.99        588.667        4.72512
           3353           3353         588.16        588.833        4.72337
           3354           3354        588.325            589        4.72182
           3355           3355        588.503        589.167        4.72014
           3356           3356        588.667        589.333        4.71847
           3357           3357        588.834          589.5        4.71696
           3358           3358        589.003        589.667        4.71589
           3359           3359        589.158        589.833        4.71507
           3360           3360        589.325            590        4.71469
           3361           3361        589.498        590.167        4.71455
           3362           3362        589.674        590.333        4.71482
           3363           3363        589.837          590.5        4.71432
           3364           3364        590.005        590.667        4.71355
           3365           3365         590.17        590.833         4.7127
           3366           3366         590.34            591         4.7118
           3367           3367        590.506        591.167        4.70985
           3368           3368        590.681        591.333        4.70839
           3369           3369        590.837          591.5        4.70689
           3370           3370        591.004        591.667        4.70521
           3371           3371        591.156        591.833        4.70334
           3372           3372        591.332            592        4.70146
           3373           3373        591.501        592.167        4.69957
           3374           3374        591.671        592.333        4.69776
           3375           3375        591.836          592.5        4.69589
           3376           3376        591.995        592.667         4.6942
           3377           3377        592.164        592.833        4.69254
           3378           3378        592.327            593        4.69092
           3379           3379        592.495        593.167        4.69031
           3380           3380        592.658        593.333        4.68958
           3381           3381        592.828          593.5        4.68867
           3382           3382        592.999        593.667        4.68769
           3383           3383        593.167        593.833        4.68747
           3384           3384        593.334            594        4.68721
           3385           3385        593.497        594.167        4.68709
           3386           3386        593.663        594.333        4.68693
           3387           3387        593.829          594.5        4.68666
           3388           3388        594.001        594.667        4.68624
           3389           3389        594.169        594.833        4.68557
           3390           3390        594.338            595         4.6847
           3391           3391        594.509        595.167        4.68311
           3392           3392        594.674        595.333        4.68159
           3393           3393        594.841          595.5        4.67993
           3394           3394        595.019        595.667        4.67808
           3395           3395        595.185        595.833        4.67523
           3396           3396        595.351            596        4.67261
           3397           3397        595.516        596.167        4.67003
           3398           3398        595.681        596.333        4.66758
           3399           3399        595.857          596.5        4.66523
           3400           3400        596.015        596.667        4.66288
           3401           3401        596.185        596.833        4.66062
           3402           3402        596.351            597         4.6585
           3403           3403        596.524        597.167        4.65663
           3404           3404        596.685        597.333        4.65513
           3405           3405        596.855          597.5        4.65401
           3406           3406        597.017        597.667        4.65318
           3407           3407        597.188        597.833        4.65251
           3408           3408        597.349            598        4.65189
           3409           3409        597.509        598.167        4.65123
           3410           3410        597.684        598.333        4.65031
           3411           3411        597.846          598.5        4.64896
           3412           3412         598.01        598.667        4.64721
           3413           3413        598.178        598.833        4.64502
           3414           3414        598.353            599        4.64223
           3415           3415        598.509        599.167        4.63896
           3416           3416        598.679        599.333        4.63542
           3417           3417        598.847          599.5        4.63189
           3418           3418        599.017        599.667         4.6286
           3419           3419        599.185        599.833        4.62573
           3420           3420        599.353            600        4.62323


Results:
Texts:

  !$D60-TN200-V80-TB60
  Sample Weight
  D60-TN200-V80-TB60, 1.9800 mg

Sample:
  D60-TN200-V80-TB60, 1.9800 mg
Evaluation:
  


________________________________________________________________________________
Not signed                                                         STARe SW 9.20