Title                                                           27.01.2026 17:18
________________________________________________________________________________

Title


Curve Name:
  $INFILL-90
  Sample Weight
Curve Values:
          Index              t             Ts             Tr          Value
                           [s]           [°C]           [°C]           [mg]
              0              0        37.1257             30        4.29945
              1              1        37.1279        30.1667        4.29915
              2              2        37.1432        30.3333        4.29897
              3              3        37.1857           30.5        4.29886
              4              4        37.2452        30.6667        4.29879
              5              5        37.3151        30.8333        4.29884
              6              6        37.4188             31        4.29896
              7              7        37.5251        31.1667        4.29912
              8              8        37.6457        31.3333        4.29957
              9              9        37.7794           31.5        4.29982
             10             10        37.9051        31.6667        4.30002
             11             11        38.0361        31.8333        4.30018
             12             12        38.1658             32        4.30023
             13             13        38.3163        32.1667        4.30028
             14             14        38.4667        32.3333        4.30032
             15             15        38.6302           32.5        4.30033
             16             16        38.7637        32.6667        4.30024
             17             17         38.922        32.8333         4.3002
             18             18        39.0867             33        4.30016
             19             19        39.2475        33.1667        4.30012
             20             20        39.4044        33.3333        4.30007
             21             21        39.5769           33.5        4.30003
             22             22        39.7507        33.6667            4.3
             23             23        39.9219        33.8333        4.29996
             24             24        40.0775             34        4.29995
             25             25        40.2382        34.1667        4.29993
             26             26        40.4107        34.3333        4.29991
             27             27        40.5936           34.5        4.29989
             28             28        40.7517        34.6667        4.29988
             29             29        40.9215        34.8333        4.29986
             30             30        41.1031             35        4.29985
             31             31        41.2807        35.1667        4.29983
             32             32        41.4427        35.3333         4.2998
             33             33         41.619           35.5        4.29977
             34             34        41.7835        35.6667        4.29974
             35             35        41.9468        35.8333        4.29971
             36             36        42.1231             36        4.29969
             37             37        42.2941        36.1667        4.29966
             38             38          42.46        36.3333        4.29963
             39             39        42.6349           36.5        4.29961
             40             40         42.806        36.6667        4.29959
             41             41        42.9757        36.8333        4.29958
             42             42        43.1532             37        4.29956
             43             43        43.3073        37.1667        4.29954
             44             44        43.4939        37.3333        4.29953
             45             45        43.6636           37.5        4.29952
             46             46        43.8242        37.6667        4.29951
             47             47          43.99        37.8333        4.29949
             48             48        44.1505             38        4.29947
             49             49        44.3215        38.1667        4.29944
             50             50        44.5002        38.3333         4.2994
             51             51        44.6517           38.5        4.29936
             52             52        44.8187        38.6667        4.29932
             53             53        44.9883        38.8333        4.29925
             54             54        45.1463             39        4.29918
             55             55        45.3172        39.1667        4.29912
             56             56        45.4712        39.3333        4.29905
             57             57        45.6395           39.5          4.299
             58             58        45.8052        39.6667        4.29894
             59             59        45.9605        39.8333        4.29889
             60             60        46.1131             40        4.29882
             61             61        46.2697        40.1667        4.29877
             62             62        46.4536        40.3333        4.29874
             63             63        46.6076           40.5        4.29868
             64             64        46.7602        40.6667        4.29862
             65             65        46.9141        40.8333        4.29857
             66             66        47.0863             41        4.29854
             67             67        47.2454        41.1667        4.29851
             68             68        47.4007        41.3333        4.29848
             69             69        47.5689           41.5        4.29845
             70             70        47.7189        41.6667        4.29845
             71             71        47.8741        41.8333        4.29845
             72             72         48.041             42        4.29844
             73             73         48.208        42.1667        4.29843
             74             74        48.3606        42.3333        4.29841
             75             75        48.5275           42.5        4.29838
             76             76        48.6879        42.6667        4.29835
             77             77        48.8404        42.8333        4.29831
             78             78        49.0073             43        4.29824
             79             79        49.1586        43.1667        4.29819
             80             80        49.3242        43.3333        4.29816
             81             81        49.4897           43.5        4.29815
             82             82        49.6514        43.6667        4.29813
             83             83         49.804        43.8333        4.29811
             84             84        49.9565             44        4.29808
             85             85        50.1286        44.1667        4.29805
             86             86         50.285        44.3333        4.29802
             87             87        50.4558           44.5        4.29799
             88             88        50.6031        44.6667        4.29796
             89             89        50.7725        44.8333        4.29793
             90             90        50.9159             45        4.29789
             91             91        51.0815        45.1667        4.29786
             92             92        51.2587        45.3333        4.29784
             93             93        51.4034           45.5        4.29781
             94             94        51.5611        45.6667        4.29779
             95             95        51.7267        45.8333        4.29779
             96             96        51.8883             46        4.29778
             97             97        52.0356        46.1667        4.29778
             98             98        52.1985        46.3333        4.29778
             99             99        52.3627           46.5        4.29778
            100            100         52.523        46.6667        4.29778
            101            101        52.6846        46.8333        4.29777
            102            102         52.837             47        4.29776
            103            103        53.0051        47.1667        4.29773
            104            104         53.155        47.3333         4.2977
            105            105        53.3127           47.5        4.29768
            106            106        53.4782        47.6667        4.29765
            107            107        53.6527        47.8333        4.29761
            108            108        53.8026             48        4.29757
            109            109        53.9576        48.1667        4.29753
            110            110         54.127        48.3333        4.29749
            111            111         54.286           48.5        4.29745
            112            112        54.4332        48.6667        4.29742
            113            113        54.5974        48.8333        4.29738
            114            114        54.7641             49        4.29735
            115            115        54.9231        49.1667        4.29734
            116            116        55.0846        49.3333        4.29733
            117            117        55.2305           49.5         4.2973
            118            118        55.3908        49.6667        4.29728
            119            119         55.551        49.8333        4.29725
            120            120        55.7204             50        4.29722
            121            121         55.878        50.1667        4.29719
            122            122        56.0291        50.3333        4.29716
            123            123        56.1867           50.5        4.29711
            124            124        56.3574        50.6667        4.29706
            125            125        56.5176        50.8333        4.29702
            126            126        56.6596             51        4.29697
            127            127        56.8237        51.1667        4.29693
            128            128        56.9735        51.3333        4.29687
            129            129        57.1376           51.5        4.29683
            130            130         57.303        51.6667         4.2968
            131            131        57.4541        51.8333        4.29677
            132            132        57.6104             52        4.29672
            133            133        57.7758        52.1667        4.29667
            134            134        57.9269        52.3333        4.29663
            135            135         58.078           52.5         4.2966
            136            136        58.2239        52.6667        4.29674
            137            137        58.4036        52.8333        4.29704
            138            138        58.5573             53        4.29722
            139            139        58.7136        53.1667        4.29716
            140            140        58.8725        53.3333        4.29685
            141            141         59.017           53.5        4.29665
            142            142        59.1707        53.6667        4.29666
            143            143        59.3322        53.8333        4.29674
            144            144        59.4833             54        4.29635
            145            145        59.6487        54.1667        4.29623
            146            146        59.7984        54.3333        4.29617
            147            147        59.9612           54.5        4.29611
            148            148        60.1084        54.6667        4.29631
            149            149        60.2672        54.8333        4.29632
            150            150        60.4144             55        4.29628
            151            151        60.5772        55.1667        4.29623
            152            152        60.7295        55.3333        4.29605
            153            153        60.8858           55.5        4.29594
            154            154        61.0368        55.6667        4.29585
            155            155        61.1931        55.8333        4.29575
            156            156        61.3545             56         4.2957
            157            157        61.5043        56.1667        4.29564
            158            158        61.6657        56.3333        4.29558
            159            159        61.8142           56.5        4.29553
            160            160        61.9743        56.6667        4.29548
            161            161         62.128        56.8333        4.29546
            162            162        62.2777             57        4.29542
            163            163        62.4418        57.1667        4.29538
            164            164        62.5915        57.3333        4.29534
            165            165        62.7451           57.5         4.2953
            166            166        62.9014        57.6667        4.29526
            167            167        63.0524        57.8333        4.29522
            168            168        63.2191             58        4.29518
            169            169        63.3623        58.1667        4.29514
            170            170        63.5159        58.3333        4.29511
            171            171        63.6747           58.5         4.2951
            172            172        63.8271        58.6667        4.29516
            173            173        63.9846        58.8333        4.29558
            174            174        64.1408             59        4.29581
            175            175        64.2997        59.1667        4.29576
            176            176        64.4572        59.3333        4.29563
            177            177        64.6004           59.5        4.29575
            178            178        64.7566        59.6667         4.2958
            179            179        64.8855        59.8333        4.29584
            180            180         65.043             60        4.29588
            181            181        65.2045        60.1667         4.2958
            182            182        65.3607        60.3333         4.2958
            183            183        65.5104           60.5        4.29582
            184            184        65.6536        60.6667        4.29584
            185            185        65.8085        60.8333        4.29589
            186            186        65.9673             61        4.29592
            187            187        66.1092        61.1667        4.29599
            188            188        66.2655        61.3333        4.29612
            189            189        66.4074           61.5        4.29563
            190            190        66.5701        61.6667        4.29507
            191            191        66.7237        61.8333        4.29487
            192            192        66.8721             62        4.29489
            193            193        67.0153        62.1667        4.29493
            194            194        67.1741        62.3333        4.29467
            195            195        67.3199           62.5        4.29454
            196            196        67.4683        62.6667        4.29442
            197            197         67.631        62.8333        4.29428
            198            198        67.7781             63        4.29423
            199            199        67.9395        63.1667        4.29412
            200            200        68.0984        63.3333        4.29398
            201            201        68.2298           63.5        4.29384
            202            202         68.386        63.6667        4.29365
            203            203        68.5331        63.8333         4.2935
            204            204        68.6867             64        4.29337
            205            205        68.8468        64.1667        4.29324
            206            206        68.9952        64.3333        4.29315
            207            207        69.1436           64.5        4.29306
            208            208        69.2868        64.6667        4.29297
            209            209        69.4391        64.8333        4.29291
            210            210        69.5992             65        4.29289
            211            211         69.758        65.1667        4.29285
            212            212         69.896        65.3333        4.29281
            213            213        70.0482           65.5        4.29276
            214            214        70.1966        65.6667        4.29275
            215            215        70.3463        65.8333        4.29271
            216            216        70.5077             66        4.29267
            217            217        70.6626        66.1667        4.29263
            218            218         70.811        66.3333        4.29258
            219            219        70.9502           66.5        4.29253
            220            220        71.1051        66.6667        4.29248
            221            221        71.2574        66.8333        4.29243
            222            222        71.4123             67        4.29237
            223            223        71.5581        67.1667        4.29231
            224            224        71.7116        67.3333        4.29225
            225            225          71.86           67.5        4.29218
            226            226        72.0097        67.6667        4.29211
            227            227        72.1659        67.8333        4.29203
            228            228        72.3104             68        4.29197
            229            229        72.4652        68.1667        4.29191
            230            230        72.6123        68.3333        4.29186
            231            231        72.7672           68.5        4.29181
            232            232         72.909        68.6667        4.29177
            233            233        73.0717        68.8333        4.29171
            234            234        73.2136             69        4.29166
            235            235        73.3698        69.1667        4.29161
            236            236        73.5182        69.3333        4.29156
            237            237        73.6744           69.5         4.2915
            238            238         73.824        69.6667        4.29144
            239            239        73.9763        69.8333        4.29137
            240            240        74.1169             70         4.2913
            241            241         74.273        70.1667        4.29122
            242            242        74.4227        70.3333        4.29115
            243            243        74.5724           70.5        4.29106
            244            244        74.7234        70.6667        4.29098
            245            245        74.8769        70.8333        4.29089
            246            246        75.0344             71        4.29081
            247            247        75.1724        71.1667        4.29073
            248            248        75.3233        71.3333        4.29065
            249            249        75.4743           71.5        4.29057
            250            250        75.6175        71.6667         4.2905
            251            251        75.7697        71.8333        4.29042
            252            252        75.9181             72        4.29034
            253            253        76.0678        72.1667        4.29026
            254            254          76.22        72.3333        4.29018
            255            255         76.371           72.5         4.2901
            256            256        76.5129        72.6667        4.29002
            257            257        76.6677        72.8333        4.28994
            258            258        76.8148             73        4.28986
            259            259        76.9736        73.1667        4.28978
            260            260        77.1167        73.3333        4.28971
            261            261        77.2703           73.5        4.28962
            262            262        77.4252        73.6667        4.28952
            263            263        77.5631        73.8333        4.28942
            264            264        77.7219             74         4.2893
            265            265        77.8703        74.1667        4.28919
            266            266        78.0199        74.3333        4.28909
            267            267        78.1761           74.5        4.28899
            268            268        78.3297        74.6667         4.2889
            269            269         78.478        74.8333        4.28881
            270            270        78.6212             75        4.28872
            271            271        78.7774        75.1667        4.28863
            272            272        78.9322        75.3333        4.28855
            273            273        79.0728           75.5        4.28847
            274            274        79.2198        75.6667        4.28839
            275            275        79.3825        75.8333        4.28831
            276            276        79.5257             76        4.28823
            277            277        79.6766        76.1667        4.28815
            278            278        79.8315        76.3333        4.28808
            279            279         79.976           76.5        4.28801
            280            280        80.1334        76.6667        4.28794
            281            281        80.2792        76.8333        4.28788
            282            282         80.421             77        4.28782
            283            283        80.5746        77.1667        4.28777
            284            284        80.7269        77.3333        4.28773
            285            285        80.8856           77.5        4.28769
            286            286        81.0405        77.6667        4.28765
            287            287        81.1875        77.8333        4.28761
            288            288        81.3359             78        4.28758
            289            289        81.4869        78.1667        4.28755
            290            290        81.6339        78.3333        4.28751
            291            291        81.7849           78.5        4.28748
            292            292        81.9319        78.6667        4.28744
            293            293        82.0855        78.8333         4.2874
            294            294        82.2391             79        4.28736
            295            295          82.39        79.1667        4.28733
            296            296         82.554        79.3333        4.28731
            297            297        82.7037           79.5        4.28728
            298            298        82.8455        79.6667        4.28725
            299            299        83.0017        79.8333        4.28721
            300            300        83.1396             80        4.28717
            301            301        83.2906        80.1667        4.28713
            302            302        83.4467        80.3333        4.28709
            303            303        83.5925           80.5        4.28706
            304            304        83.7435        80.6667        4.28703
            305            305        83.9009        80.8333        4.28701
            306            306        84.0506             81        4.28699
            307            307         84.195        81.1667        4.28697
            308            308        84.3434        81.3333        4.28696
            309            309        84.4891           81.5        4.28698
            310            310        84.6466        81.6667        4.28698
            311            311        84.8066        81.8333        4.28697
            312            312        84.9498             82        4.28695
            313            313        85.0929        82.1667        4.28694
            314            314        85.2582        82.3333        4.28692
            315            315        85.4014           82.5        4.28688
            316            316        85.5588        82.6667        4.28685
            317            317        85.7085        82.8333         4.2868
            318            318        85.8568             83        4.28675
            319            319        86.0013        83.1667        4.28671
            320            320        86.1561        83.3333        4.28667
            321            321         86.311           83.5        4.28664
            322            322        86.4619        83.6667        4.28661
            323            323        86.6142        83.8333        4.28658
            324            324        86.7665             84        4.28655
            325            325        86.9213        84.1667        4.28651
            326            326        87.0593        84.3333        4.28648
            327            327        87.2181           84.5        4.28644
            328            328        87.3755        84.6667        4.28639
            329            329        87.5252        84.8333        4.28633
            330            330        87.6696             85        4.28629
            331            331        87.8232        85.1667        4.28625
            332            332        87.9676        85.3333         4.2862
            333            333        88.1251           85.5        4.28615
            334            334        88.2812        85.6667        4.28612
            335            335        88.4309        85.8333        4.28608
            336            336        88.5753             86        4.28605
            337            337        88.7289        86.1667        4.28602
            338            338        88.8798        86.3333        4.28601
            339            339        89.0269           86.5        4.28599
            340            340        89.1856        86.6667        4.28597
            341            341        89.3301        86.8333        4.28595
            342            342         89.481             87        4.28592
            343            343        89.6281        87.1667        4.28589
            344            344        89.7868        87.3333        4.28586
            345            345         89.943           87.5        4.28582
            346            346        90.0901        87.6667        4.28576
            347            347        90.2436        87.8333        4.28572
            348            348        90.3998             88        4.28568
            349            349        90.5442        88.1667        4.28563
            350            350        90.6913        88.3333        4.28559
            351            351        90.8383           88.5        4.28555
            352            352        90.9945        88.6667         4.2855
            353            353        91.1428        88.8333        4.28546
            354            354        91.2977             89        4.28542
            355            355         91.446        89.1667        4.28538
            356            356        91.5996        89.3333        4.28535
            357            357        91.7492           89.5        4.28531
            358            358        91.9015        89.6667        4.28528
            359            359        92.0485        89.8333        4.28525
            360            360        92.2034             90        4.28522
            361            361         92.366        90.1667        4.28519
            362            362        92.5222        90.3333        4.28517
            363            363        92.6627           90.5        4.28514
            364            364        92.8059        90.6667         4.2851
            365            365        92.9698        90.8333        4.28507
            366            366        93.1117             91        4.28504
            367            367        93.2704        91.1667        4.28501
            368            368        93.4214        91.3333        4.28498
            369            369        93.5736           91.5        4.28496
            370            370         93.722        91.6667        4.28494
            371            371        93.8782        91.8333        4.28493
            372            372        94.0213             92        4.28492
            373            373        94.1801        92.1667         4.2849
            374            374        94.3284        92.3333        4.28487
            375            375        94.4859           92.5        4.28485
            376            376        94.6381        92.6667        4.28483
            377            377        94.7852        92.8333        4.28481
            378            378        94.9426             93        4.28478
            379            379         95.104        93.1667        4.28475
            380            380         95.255        93.3333        4.28472
            381            381        95.3981           93.5        4.28469
            382            382        95.5504        93.6667        4.28466
            383            383        95.7065        93.8333        4.28464
            384            384         95.864             94        4.28461
            385            385        96.0045        94.1667        4.28459
            386            386        96.1581        94.3333        4.28457
            387            387        96.3026           94.5        4.28455
            388            388        96.4587        94.6667        4.28454
            389            389        96.6084        94.8333        4.28453
            390            390        96.7697             95        4.28451
            391            391        96.9272        95.1667         4.2845
            392            392        97.0781        95.3333         4.2845
            393            393         97.233           95.5        4.28449
            394            394        97.3839        95.6667        4.28448
            395            395         97.531        95.8333        4.28446
            396            396        97.6859             96        4.28444
            397            397        97.8355        96.1667        4.28442
            398            398        97.9878        96.3333         4.2844
            399            399        98.1439           96.5        4.28438
            400            400        98.2962        96.6667        4.28436
            401            401        98.4536        96.8333        4.28434
            402            402        98.6111             97        4.28432
            403            403        98.7686        97.1667        4.28431
            404            404        98.9182        97.3333        4.28431
            405            405        99.0653           97.5        4.28431
            406            406         99.211        97.6667        4.28431
            407            407        99.3737        97.8333        4.28432
            408            408        99.5272             98        4.28433
            409            409        99.6808        98.1667        4.28433
            410            410        99.8291        98.3333        4.28432
            411            411        99.9736           98.5        4.28431
            412            412        100.134        98.6667         4.2843
            413            413         100.29        98.8333        4.28429
            414            414        100.446             99        4.28426
            415            415        100.593        99.1667        4.28423
            416            416        100.752        99.3333        4.28422
            417            417        100.905           99.5        4.28421
            418            418        101.052        99.6667        4.28419
            419            419        101.202        99.8333        4.28418
            420            420        101.362            100        4.28417
            421            421        101.512        100.167        4.28416
            422            422        101.669        100.333        4.28414
            423            423        101.824          100.5        4.28413
            424            424        101.968        100.667        4.28411
            425            425         102.13        100.833        4.28408
            426            426        102.293            101        4.28406
            427            427        102.443        101.167        4.28404
            428            428        102.594        101.333        4.28402
            429            429        102.738          101.5        4.28402
            430            430        102.896        101.667          4.284
            431            431        103.047        101.833        4.28399
            432            432        103.198            102        4.28397
            433            433        103.362        102.167        4.28396
            434            434        103.512        102.333        4.28395
            435            435        103.661          102.5        4.28393
            436            436        103.816        102.667        4.28392
            437            437        103.966        102.833        4.28389
            438            438        104.123            103        4.28386
            439            439        104.273        103.167        4.28383
            440            440        104.436        103.333        4.28379
            441            441        104.584          103.5        4.28375
            442            442        104.739        103.667        4.28371
            443            443        104.894        103.833        4.28367
            444            444         105.06            104        4.28363
            445            445        105.215        104.167        4.28361
            446            446        105.361        104.333        4.28358
            447            447        105.513          104.5        4.28355
            448            448        105.668        104.667        4.28352
            449            449        105.827        104.833        4.28349
            450            450        105.975            105        4.28346
            451            451        106.141        105.167        4.28343
            452            452         106.29        105.333        4.28342
            453            453        106.441          105.5         4.2834
            454            454        106.595        105.667         4.2834
            455            455        106.755        105.833         4.2834
            456            456        106.897            106         4.2834
            457            457        107.058        106.167         4.2834
            458            458         107.21        106.333        4.28342
            459            459         107.37          106.5        4.28342
            460            460        107.524        106.667        4.28342
            461            461        107.671        106.833        4.28341
            462            462        107.828            107        4.28338
            463            463        107.986        107.167        4.28338
            464            464        108.135        107.333        4.28338
            465            465        108.296          107.5        4.28337
            466            466        108.452        107.667        4.28336
            467            467        108.605        107.833        4.28334
            468            468        108.769            108        4.28332
            469            469        108.912        108.167        4.28329
            470            470        109.071        108.333        4.28325
            471            471        109.229          108.5        4.28322
            472            472         109.38        108.667        4.28318
            473            473        109.529        108.833        4.28315
            474            474        109.695            109        4.28314
            475            475        109.842        109.167        4.28313
            476            476        109.992        109.333        4.28312
            477            477        110.155          109.5        4.28311
            478            478        110.302        109.667        4.28312
            479            479        110.461        109.833        4.28312
            480            480        110.622            110         4.2831
            481            481        110.782        110.167        4.28308
            482            482        110.937        110.333        4.28306
            483            483         111.08          110.5        4.28305
            484            484        111.234        110.667        4.28303
            485            485        111.398        110.833        4.28302
            486            486        111.549            111        4.28301
            487            487        111.705        111.167        4.28301
            488            488         111.86        111.333          4.283
            489            489        112.012          111.5        4.28299
            490            490         112.17        111.667        4.28298
            491            491        112.319        111.833        4.28297
            492            492        112.487            112        4.28295
            493            493        112.645        112.167        4.28294
            494            494        112.787        112.333        4.28292
            495            495        112.951          112.5        4.28289
            496            496        113.105        112.667        4.28288
            497            497        113.258        112.833        4.28286
            498            498        113.419            113        4.28284
            499            499        113.576        113.167        4.28282
            500            500        113.725        113.333        4.28281
            501            501        113.881          113.5        4.28279
            502            502        114.038        113.667        4.28278
            503            503        114.188        113.833        4.28276
            504            504        114.344            114        4.28274
            505            505        114.498        114.167        4.28272
            506            506        114.662        114.333         4.2827
            507            507        114.814          114.5        4.28267
            508            508         114.97        114.667        4.28264
            509            509        115.133        114.833        4.28262
            510            510        115.277            115        4.28261
            511            511        115.443        115.167        4.28259
            512            512        115.595        115.333        4.28257
            513            513        115.754          115.5        4.28255
            514            514        115.907        115.667        4.28253
            515            515        116.067        115.833        4.28251
            516            516         116.23            116        4.28249
            517            517        116.384        116.167        4.28247
            518            518        116.537        116.333        4.28245
            519            519        116.693          116.5        4.28244
            520            520        116.845        116.667        4.28242
            521            521        117.003        116.833         4.2824
            522            522        117.153            117        4.28238
            523            523        117.305        117.167        4.28236
            524            524         117.47        117.333        4.28232
            525            525        117.632          117.5        4.28228
            526            526        117.775        117.667        4.28225
            527            527        117.935        117.833        4.28221
            528            528         118.09            118        4.28215
            529            529        118.251        118.167         4.2821
            530            530        118.411        118.333        4.28206
            531            531        118.563          118.5        4.28203
            532            532        118.723        118.667          4.282
            533            533        118.881        118.833        4.28198
            534            534        119.025            119        4.28195
            535            535        119.193        119.167        4.28194
            536            536        119.345        119.333        4.28193
            537            537        119.504          119.5        4.28191
            538            538        119.654        119.667         4.2819
            539            539        119.814        119.833        4.28188
            540            540        119.966            120        4.28186
            541            541        120.116        120.167        4.28184
            542            542        120.281        120.333        4.28181
            543            543        120.441          120.5        4.28179
            544            544        120.592        120.667        4.28177
            545            545        120.752        120.833        4.28174
            546            546        120.904            121        4.28172
            547            547        121.065        121.167         4.2817
            548            548        121.219        121.333        4.28167
            549            549        121.386          121.5        4.28164
            550            550        121.536        121.667        4.28161
            551            551        121.694        121.833        4.28158
            552            552        121.849            122        4.28154
            553            553        122.004        122.167         4.2815
            554            554        122.168        122.333        4.28146
            555            555        122.326          122.5        4.28143
            556            556         122.48        122.667         4.2814
            557            557        122.639        122.833        4.28137
            558            558        122.797            123        4.28134
            559            559        122.952        123.167        4.28132
            560            560        123.109        123.333         4.2813
            561            561        123.263          123.5        4.28128
            562            562        123.417        123.667        4.28125
            563            563        123.575        123.833        4.28123
            564            564        123.743            124        4.28121
            565            565        123.898        124.167        4.28118
            566            566        124.036        124.333        4.28116
            567            567        124.211          124.5        4.28114
            568            568        124.354        124.667        4.28112
            569            569        124.521        124.833        4.28109
            570            570        124.681            125        4.28107
            571            571        124.839        125.167        4.28105
            572            572        124.996        125.333        4.28102
            573            573        125.152          125.5        4.28098
            574            574        125.314        125.667        4.28095
            575            575        125.465        125.833        4.28092
            576            576        125.627            126        4.28089
            577            577        125.787        126.167        4.28086
            578            578        125.938        126.333        4.28083
            579            579        126.089          126.5         4.2808
            580            580        126.249        126.667        4.28077
            581            581        126.411        126.833        4.28073
            582            582        126.564            127        4.28069
            583            583        126.723        127.167        4.28066
            584            584        126.877        127.333        4.28062
            585            585        127.035          127.5        4.28058
            586            586        127.194        127.667        4.28054
            587            587        127.352        127.833        4.28051
            588            588        127.508            128        4.28048
            589            589         127.67        128.167        4.28045
            590            590        127.833        128.333        4.28043
            591            591        127.992          128.5        4.28041
            592            592        128.144        128.667        4.28039
            593            593        128.304        128.833        4.28036
            594            594        128.459            129        4.28035
            595            595        128.624        129.167        4.28033
            596            596        128.786        129.333         4.2803
            597            597        128.933          129.5        4.28027
            598            598        129.091        129.667        4.28024
            599            599        129.255        129.833         4.2802
            600            600         129.41            130        4.28017
            601            601        129.566        130.167        4.28014
            602            602        129.717        130.333        4.28011
            603            603        129.874          130.5        4.28009
            604            604        130.045        130.667        4.28007
            605            605        130.204        130.833        4.28005
            606            606        130.355            131        4.28003
            607            607        130.518        131.167        4.28002
            608            608        130.674        131.333           4.28
            609            609        130.833          131.5        4.27999
            610            610        130.993        131.667        4.27999
            611            611        131.145        131.833        4.27999
            612            612        131.304            132        4.27999
            613            613        131.467        132.167        4.27999
            614            614         131.62        132.333        4.28001
            615            615        131.784          132.5        4.28001
            616            616        131.942        132.667        4.28001
            617            617        132.094        132.833        4.28001
            618            618        132.253            133           4.28
            619            619        132.409        133.167        4.27999
            620            620         132.57        133.333        4.27997
            621            621        132.725          133.5        4.27995
            622            622        132.884        133.667        4.27993
            623            623        133.036        133.833        4.27989
            624            624        133.195            134        4.27986
            625            625        133.357        134.167        4.27982
            626            626         133.52        134.333        4.27979
            627            627         133.67          134.5        4.27975
            628            628        133.827        134.667        4.27972
            629            629        133.993        134.833         4.2797
            630            630        134.159            135        4.27968
            631            631        134.315        135.167        4.27965
            632            632        134.474        135.333        4.27961
            633            633        134.624          135.5        4.27958
            634            634        134.786        135.667        4.27956
            635            635        134.944        135.833        4.27953
            636            636        135.095            136        4.27949
            637            637        135.265        136.167        4.27946
            638            638        135.424        136.333        4.27942
            639            639        135.583          136.5        4.27939
            640            640        135.739        136.667        4.27936
            641            641          135.9        136.833        4.27934
            642            642        136.051            137        4.27932
            643            643        136.209        137.167        4.27932
            644            644        136.368        137.333        4.27933
            645            645         136.53          137.5        4.27936
            646            646        136.682        137.667        4.27938
            647            647        136.844        137.833        4.27942
            648            648        137.009            138        4.27943
            649            649        137.161        138.167        4.27943
            650            650        137.316        138.333        4.27942
            651            651        137.478          138.5        4.27939
            652            652        137.638        138.667        4.27938
            653            653         137.79        138.833        4.27938
            654            654         137.95            139        4.27937
            655            655        138.109        139.167        4.27937
            656            656        138.273        139.333        4.27937
            657            657        138.432          139.5        4.27937
            658            658        138.592        139.667        4.27936
            659            659        138.754        139.833        4.27934
            660            660        138.914            140        4.27931
            661            661        139.063        140.167        4.27928
            662            662        139.224        140.333        4.27924
            663            663         139.38          140.5        4.27921
            664            664        139.543        140.667        4.27916
            665            665        139.706        140.833        4.27911
            666            666        139.858            141        4.27908
            667            667        140.022        141.167        4.27905
            668            668        140.179        141.333        4.27902
            669            669        140.338          141.5        4.27899
            670            670        140.497        141.667        4.27896
            671            671        140.665        141.833        4.27893
            672            672        140.822            142        4.27891
            673            673        140.976        142.167        4.27888
            674            674        141.136        142.333        4.27884
            675            675        141.293          142.5        4.27881
            676            676        141.461        142.667        4.27879
            677            677        141.617        142.833        4.27877
            678            678        141.775            143        4.27875
            679            679        141.932        143.167        4.27874
            680            680        142.085        143.333        4.27873
            681            681        142.247          143.5        4.27871
            682            682        142.413        143.667        4.27869
            683            683        142.571        143.833        4.27867
            684            684        142.725            144        4.27864
            685            685        142.882        144.167        4.27861
            686            686        143.045        144.333        4.27858
            687            687        143.208          144.5        4.27856
            688            688        143.367        144.667        4.27853
            689            689        143.531        144.833         4.2785
            690            690        143.692            145        4.27848
            691            691        143.844        145.167        4.27845
            692            692        144.015        145.333        4.27841
            693            693        144.175          145.5        4.27838
            694            694        144.327        145.667        4.27836
            695            695        144.486        145.833        4.27834
            696            696        144.647            146        4.27832
            697            697        144.807        146.167        4.27828
            698            698        144.967        146.333        4.27825
            699            699        145.131          146.5        4.27822
            700            700         145.28        146.667        4.27819
            701            701        145.444        146.833        4.27816
            702            702        145.601            147        4.27813
            703            703        145.764        147.167        4.27811
            704            704        145.925        147.333        4.27809
            705            705         146.08          147.5        4.27807
            706            706        146.251        147.667        4.27806
            707            707        146.409        147.833        4.27805
            708            708        146.568            148        4.27804
            709            709        146.728        148.167        4.27802
            710            710        146.892        148.333        4.27801
            711            711        147.055          148.5        4.27799
            712            712        147.212        148.667        4.27797
            713            713         147.37        148.833        4.27795
            714            714        147.526            149        4.27793
            715            715        147.685        149.167        4.27791
            716            716        147.847        149.333        4.27789
            717            717        148.013          149.5        4.27788
            718            718         148.17        149.667        4.27786
            719            719        148.329        149.833        4.27784
            720            720        148.493            150        4.27781
            721            721        148.654        150.167        4.27779
            722            722        148.807        150.333        4.27775
            723            723        148.961          150.5        4.27772
            724            724        149.129        150.667        4.27769
            725            725        149.284        150.833        4.27766
            726            726        149.439            151        4.27763
            727            727        149.603        151.167         4.2776
            728            728         149.77        151.333        4.27757
            729            729        149.935          151.5        4.27754
            730            730        150.095        151.667        4.27752
            731            731        150.249        151.833         4.2775
            732            732        150.411            152        4.27748
            733            733        150.574        152.167        4.27745
            734            734         150.73        152.333        4.27744
            735            735        150.889          152.5        4.27743
            736            736        151.057        152.667        4.27741
            737            737        151.218        152.833        4.27739
            738            738        151.372            153        4.27737
            739            739        151.529        153.167        4.27735
            740            740        151.688        153.333        4.27733
            741            741        151.853          153.5        4.27731
            742            742        152.012        153.667        4.27727
            743            743        152.176        153.833        4.27723
            744            744        152.335            154         4.2772
            745            745        152.495        154.167        4.27716
            746            746        152.652        154.333        4.27711
            747            747        152.815          154.5        4.27706
            748            748         152.98        154.667        4.27702
            749            749        153.142        154.833        4.27698
            750            750        153.299            155        4.27694
            751            751         153.47        155.167        4.27691
            752            752        153.628        155.333        4.27688
            753            753        153.779          155.5        4.27686
            754            754        153.946        155.667        4.27683
            755            755        154.096        155.833        4.27682
            756            756        154.254            156         4.2768
            757            757        154.424        156.167        4.27678
            758            758        154.582        156.333        4.27677
            759            759         154.74          156.5        4.27674
            760            760          154.9        156.667        4.27671
            761            761        155.058        156.833        4.27668
            762            762        155.214            157        4.27665
            763            763        155.386        157.167        4.27661
            764            764        155.533        157.333        4.27657
            765            765        155.697          157.5        4.27653
            766            766        155.872        157.667        4.27649
            767            767        156.036        157.833        4.27645
            768            768         156.19            158        4.27642
            769            769        156.347        158.167        4.27639
            770            770        156.509        158.333        4.27636
            771            771        156.675          158.5        4.27632
            772            772        156.835        158.667        4.27627
            773            773        156.998        158.833        4.27623
            774            774        157.157            159        4.27619
            775            775        157.319        159.167        4.27615
            776            776        157.482        159.333        4.27612
            777            777        157.627          159.5         4.2761
            778            778        157.788        159.667        4.27608
            779            779        157.957        159.833        4.27607
            780            780        158.121            160        4.27605
            781            781        158.284        160.167        4.27602
            782            782         158.44        160.333          4.276
            783            783        158.598          160.5        4.27595
            784            784         158.76        160.667        4.27591
            785            785        158.926        160.833        4.27588
            786            786        159.088            161        4.27585
            787            787        159.242        161.167        4.27582
            788            788        159.406        161.333        4.27579
            789            789        159.565          161.5        4.27576
            790            790        159.725        161.667        4.27573
            791            791        159.893        161.833         4.2757
            792            792        160.051            162        4.27568
            793            793        160.217        162.167        4.27566
            794            794        160.373        162.333        4.27563
            795            795        160.525          162.5        4.27559
            796            796         160.69        162.667        4.27557
            797            797        160.854        162.833        4.27553
            798            798        161.013            163         4.2755
            799            799        161.181        163.167        4.27546
            800            800        161.336        163.333        4.27542
            801            801        161.496          163.5        4.27538
            802            802        161.657        163.667        4.27534
            803            803        161.818        163.833        4.27531
            804            804        161.976            164        4.27527
            805            805        162.142        164.167        4.27524
            806            806        162.307        164.333         4.2752
            807            807        162.467          164.5        4.27516
            808            808        162.623        164.667        4.27513
            809            809        162.798        164.833        4.27509
            810            810        162.958            165        4.27506
            811            811        163.118        165.167        4.27503
            812            812        163.275        165.333        4.27501
            813            813        163.437          165.5        4.27498
            814            814        163.597        165.667        4.27495
            815            815        163.766        165.833        4.27492
            816            816        163.921            166        4.27489
            817            817        164.085        166.167        4.27487
            818            818        164.246        166.333        4.27485
            819            819        164.404          166.5        4.27483
            820            820        164.565        166.667        4.27481
            821            821        164.732        166.833        4.27478
            822            822        164.893            167        4.27476
            823            823        165.058        167.167        4.27474
            824            824        165.218        167.333        4.27473
            825            825        165.387          167.5        4.27474
            826            826        165.548        167.667        4.27475
            827            827        165.706        167.833        4.27475
            828            828        165.861            168        4.27474
            829            829        166.028        168.167        4.27475
            830            830        166.188        168.333        4.27474
            831            831        166.348          168.5        4.27472
            832            832        166.515        168.667        4.27471
            833            833         166.67        168.833        4.27466
            834            834        166.832            169        4.27462
            835            835        167.007        169.167        4.27458
            836            836        167.168        169.333        4.27454
            837            837        167.324          169.5         4.2745
            838            838        167.478        169.667        4.27446
            839            839        167.643        169.833        4.27443
            840            840        167.811            170        4.27441
            841            841        167.972        170.167        4.27438
            842            842        168.138        170.333        4.27434
            843            843        168.298          170.5        4.27429
            844            844        168.455        170.667        4.27423
            845            845        168.621        170.833        4.27416
            846            846        168.783            171         4.2741
            847            847        168.952        171.167        4.27403
            848            848        169.115        171.333        4.27397
            849            849        169.279          171.5        4.27391
            850            850        169.435        171.667        4.27385
            851            851        169.594        171.833         4.2738
            852            852        169.758            172        4.27374
            853            853        169.921        172.167        4.27369
            854            854        170.083        172.333        4.27365
            855            855        170.251          172.5        4.27359
            856            856         170.41        172.667        4.27353
            857            857        170.579        172.833        4.27347
            858            858        170.739            173        4.27341
            859            859        170.896        173.167        4.27335
            860            860        171.056        173.333        4.27329
            861            861        171.226          173.5        4.27323
            862            862        171.377        173.667        4.27318
            863            863         171.54        173.833        4.27313
            864            864         171.71            174        4.27308
            865            865        171.872        174.167        4.27305
            866            866        172.032        174.333        4.27301
            867            867        172.193          174.5        4.27297
            868            868        172.349        174.667        4.27293
            869            869        172.521        174.833        4.27288
            870            870        172.684            175        4.27284
            871            871         172.84        175.167        4.27281
            872            872        173.008        175.333        4.27277
            873            873        173.162          175.5        4.27274
            874            874         173.32        175.667        4.27272
            875            875        173.491        175.833        4.27269
            876            876        173.656            176        4.27267
            877            877         173.82        176.167        4.27265
            878            878        173.984        176.333        4.27264
            879            879        174.144          176.5        4.27263
            880            880        174.302        176.667        4.27263
            881            881        174.472        176.833        4.27263
            882            882         174.63            177        4.27266
            883            883        174.796        177.167        4.27269
            884            884        174.956        177.333        4.27274
            885            885        175.122          177.5        4.27279
            886            886        175.288        177.667        4.27283
            887            887        175.443        177.833         4.2729
            888            888         175.61            178        4.27295
            889            889        175.775        178.167        4.27299
            890            890        175.929        178.333        4.27303
            891            891        176.095          178.5        4.27303
            892            892        176.251        178.667        4.27304
            893            893        176.417        178.833        4.27304
            894            894        176.578            179        4.27304
            895            895        176.742        179.167        4.27303
            896            896        176.903        179.333        4.27302
            897            897        177.062          179.5        4.27301
            898            898        177.233        179.667        4.27301
            899            899        177.398        179.833        4.27299
            900            900        177.558            180        4.27297
            901            901        177.714        180.167        4.27293
            902            902        177.881        180.333        4.27289
            903            903        178.044          180.5        4.27284
            904            904        178.213        180.667         4.2728
            905            905        178.377        180.833        4.27275
            906            906        178.542            181         4.2727
            907            907        178.709        181.167        4.27264
            908            908        178.862        181.333        4.27258
            909            909        179.028          181.5        4.27252
            910            910        179.189        181.667        4.27246
            911            911        179.357        181.833         4.2724
            912            912        179.522            182        4.27234
            913            913        179.681        182.167         4.2723
            914            914        179.847        182.333        4.27226
            915            915        180.011          182.5        4.27224
            916            916        180.172        182.667        4.27221
            917            917        180.345        182.833        4.27218
            918            918        180.502            183        4.27213
            919            919        180.665        183.167        4.27209
            920            920        180.831        183.333        4.27205
            921            921        181.002          183.5          4.272
            922            922        181.158        183.667        4.27196
            923            923        181.323        183.833        4.27189
            924            924        181.487            184        4.27184
            925            925        181.642        184.167        4.27179
            926            926        181.819        184.333        4.27174
            927            927        181.992          184.5        4.27171
            928            928        182.145        184.667        4.27167
            929            929        182.307        184.833        4.27163
            930            930        182.473            185         4.2716
            931            931        182.637        185.167        4.27157
            932            932        182.805        185.333        4.27152
            933            933        182.965          185.5        4.27147
            934            934        183.131        185.667        4.27143
            935            935        183.293        185.833        4.27137
            936            936        183.468            186        4.27133
            937            937        183.632        186.167        4.27127
            938            938        183.785        186.333        4.27121
            939            939        183.947          186.5        4.27115
            940            940        184.108        186.667        4.27108
            941            941        184.274        186.833        4.27101
            942            942        184.443            187        4.27094
            943            943        184.607        187.167        4.27084
            944            944        184.765        187.333        4.27076
            945            945        184.924          187.5        4.27068
            946            946        185.102        187.667         4.2706
            947            947        185.262        187.833        4.27055
            948            948        185.422            188        4.27049
            949            949        185.586        188.167        4.27044
            950            950        185.753        188.333         4.2704
            951            951        185.913          188.5        4.27038
            952            952        186.075        188.667        4.27034
            953            953        186.243        188.833        4.27031
            954            954         186.41            189        4.27029
            955            955        186.578        189.167        4.27026
            956            956        186.729        189.333        4.27024
            957            957        186.891          189.5        4.27022
            958            958        187.055        189.667        4.27021
            959            959        187.221        189.833        4.27018
            960            960         187.39            190        4.27014
            961            961        187.551        190.167        4.27011
            962            962        187.717        190.333         4.2701
            963            963        187.875          190.5        4.27007
            964            964         188.05        190.667        4.27005
            965            965        188.203        190.833        4.27004
            966            966        188.367            191        4.27002
            967            967        188.531        191.167        4.27001
            968            968        188.703        191.333        4.26999
            969            969        188.863          191.5        4.26997
            970            970        189.029        191.667        4.26994
            971            971        189.187        191.833        4.26988
            972            972        189.354            192        4.26982
            973            973        189.515        192.167        4.26978
            974            974        189.681        192.333        4.26973
            975            975        189.839          192.5        4.26969
            976            976        190.002        192.667        4.26966
            977            977        190.175        192.833        4.26963
            978            978        190.334            193         4.2696
            979            979        190.492        193.167        4.26959
            980            980        190.654        193.333        4.26956
            981            981        190.835          193.5        4.26952
            982            982        191.003        193.667        4.26949
            983            983        191.159        193.833        4.26944
            984            984        191.319            194         4.2694
            985            985        191.486        194.167        4.26937
            986            986        191.646        194.333        4.26934
            987            987        191.813          194.5        4.26933
            988            988        191.982        194.667        4.26931
            989            989        192.148        194.833        4.26929
            990            990        192.308            195        4.26926
            991            991        192.478        195.167        4.26924
            992            992        192.639        195.333        4.26922
            993            993        192.804          195.5         4.2692
            994            994        192.965        195.667        4.26918
            995            995        193.127        195.833        4.26914
            996            996        193.295            196         4.2691
            997            997        193.459        196.167        4.26906
            998            998        193.626        196.333        4.26901
            999            999        193.786          196.5        4.26897
           1000           1000        193.951        196.667        4.26893
           1001           1001        194.112        196.833        4.26889
           1002           1002        194.276            197        4.26885
           1003           1003        194.444        197.167        4.26883
           1004           1004        194.614        197.333         4.2688
           1005           1005        194.766          197.5        4.26877
           1006           1006        194.934        197.667        4.26874
           1007           1007        195.099        197.833         4.2687
           1008           1008        195.268            198        4.26866
           1009           1009        195.431        198.167        4.26863
           1010           1010        195.594        198.333        4.26861
           1011           1011        195.763          198.5        4.26858
           1012           1012        195.927        198.667        4.26856
           1013           1013        196.082        198.833        4.26853
           1014           1014        196.244            199         4.2685
           1015           1015        196.419        199.167        4.26846
           1016           1016        196.575        199.333        4.26842
           1017           1017        196.751          199.5        4.26837
           1018           1018        196.908        199.667        4.26833
           1019           1019        197.075        199.833        4.26829
           1020           1020        197.239            200        4.26824
           1021           1021        197.407        200.167        4.26818
           1022           1022        197.571        200.333        4.26812
           1023           1023        197.743          200.5        4.26805
           1024           1024        197.901        200.667        4.26799
           1025           1025         198.06        200.833        4.26792
           1026           1026        198.224            201        4.26787
           1027           1027        198.401        201.167        4.26782
           1028           1028         198.56        201.333        4.26777
           1029           1029        198.721          201.5        4.26772
           1030           1030        198.875        201.667        4.26767
           1031           1031        199.047        201.833        4.26762
           1032           1032        199.209            202        4.26758
           1033           1033        199.371        202.167        4.26754
           1034           1034        199.543        202.333        4.26749
           1035           1035        199.712          202.5        4.26745
           1036           1036        199.874        202.667         4.2674
           1037           1037        200.045        202.833        4.26736
           1038           1038        200.205            203        4.26731
           1039           1039        200.365        203.167        4.26727
           1040           1040        200.528        203.333        4.26723
           1041           1041        200.697          203.5        4.26719
           1042           1042        200.864        203.667        4.26715
           1043           1043        201.033        203.833        4.26712
           1044           1044        201.184            204         4.2671
           1045           1045        201.351        204.167        4.26708
           1046           1046        201.517        204.333        4.26706
           1047           1047        201.689          204.5        4.26704
           1048           1048        201.846        204.667        4.26702
           1049           1049        202.018        204.833          4.267
           1050           1050        202.181            205        4.26697
           1051           1051         202.35        205.167        4.26694
           1052           1052        202.512        205.333        4.26692
           1053           1053         202.67          205.5        4.26688
           1054           1054        202.836        205.667        4.26685
           1055           1055        203.005        205.833        4.26681
           1056           1056        203.174            206        4.26677
           1057           1057        203.339        206.167        4.26672
           1058           1058          203.5        206.333        4.26667
           1059           1059        203.664          206.5        4.26662
           1060           1060        203.831        206.667        4.26658
           1061           1061        203.993        206.833        4.26651
           1062           1062        204.153            207        4.26646
           1063           1063         204.32        207.167         4.2664
           1064           1064        204.488        207.333        4.26634
           1065           1065        204.653          207.5        4.26628
           1066           1066        204.813        207.667        4.26624
           1067           1067        204.983        207.833        4.26619
           1068           1068        205.157            208        4.26615
           1069           1069        205.315        208.167        4.26612
           1070           1070        205.478        208.333        4.26609
           1071           1071        205.645          208.5        4.26606
           1072           1072        205.811        208.667        4.26603
           1073           1073        205.962        208.833        4.26602
           1074           1074        206.138            209        4.26601
           1075           1075        206.295        209.167          4.266
           1076           1076        206.465        209.333        4.26598
           1077           1077        206.626          209.5        4.26596
           1078           1078        206.786        209.667        4.26594
           1079           1079        206.957        209.833         4.2659
           1080           1080        207.122            210        4.26587
           1081           1081        207.285        210.167        4.26583
           1082           1082        207.449        210.333         4.2658
           1083           1083        207.614          210.5        4.26577
           1084           1084        207.779        210.667        4.26574
           1085           1085        207.937        210.833         4.2657
           1086           1086        208.112            211        4.26566
           1087           1087        208.283        211.167        4.26562
           1088           1088        208.438        211.333        4.26559
           1089           1089        208.611          211.5        4.26556
           1090           1090        208.775        211.667        4.26552
           1091           1091         208.94        211.833        4.26548
           1092           1092          209.1            212        4.26544
           1093           1093        209.266        212.167         4.2654
           1094           1094        209.436        212.333        4.26536
           1095           1095        209.595          212.5        4.26533
           1096           1096        209.755        212.667         4.2653
           1097           1097        209.926        212.833        4.26527
           1098           1098        210.086            213        4.26525
           1099           1099         210.25        213.167        4.26522
           1100           1100        210.416        213.333        4.26519
           1101           1101        210.583          213.5        4.26516
           1102           1102        210.746        213.667        4.26514
           1103           1103        210.917        213.833        4.26512
           1104           1104        211.089            214         4.2651
           1105           1105        211.247        214.167        4.26508
           1106           1106         211.42        214.333        4.26505
           1107           1107        211.577          214.5        4.26501
           1108           1108         211.74        214.667        4.26497
           1109           1109          211.9        214.833        4.26493
           1110           1110        212.078            215        4.26488
           1111           1111        212.235        215.167        4.26484
           1112           1112        212.404        215.333         4.2648
           1113           1113        212.564          215.5        4.26476
           1114           1114        212.725        215.667        4.26472
           1115           1115        212.906        215.833        4.26468
           1116           1116        213.068            216        4.26464
           1117           1117         213.23        216.167         4.2646
           1118           1118        213.391        216.333        4.26456
           1119           1119        213.561          216.5        4.26453
           1120           1120        213.729        216.667        4.26451
           1121           1121        213.896        216.833         4.2645
           1122           1122        214.052            217        4.26449
           1123           1123        214.221        217.167        4.26451
           1124           1124        214.392        217.333        4.26452
           1125           1125        214.552          217.5        4.26453
           1126           1126        214.716        217.667        4.26455
           1127           1127        214.889        217.833        4.26455
           1128           1128        215.053            218        4.26454
           1129           1129        215.212        218.167        4.26453
           1130           1130        215.385        218.333        4.26451
           1131           1131        215.553          218.5        4.26447
           1132           1132        215.717        218.667        4.26444
           1133           1133        215.873        218.833        4.26441
           1134           1134        216.049            219        4.26438
           1135           1135        216.206        219.167        4.26435
           1136           1136        216.371        219.333        4.26431
           1137           1137        216.538          219.5        4.26426
           1138           1138        216.708        219.667        4.26421
           1139           1139        216.874        219.833        4.26415
           1140           1140        217.039            220        4.26409
           1141           1141        217.202        220.167        4.26403
           1142           1142        217.375        220.333        4.26398
           1143           1143        217.536          220.5        4.26391
           1144           1144        217.704        220.667        4.26386
           1145           1145        217.864        220.833        4.26381
           1146           1146         218.03            221        4.26376
           1147           1147        218.197        221.167        4.26373
           1148           1148        218.365        221.333        4.26368
           1149           1149        218.528          221.5        4.26362
           1150           1150          218.7        221.667        4.26356
           1151           1151        218.867        221.833        4.26349
           1152           1152        219.031            222        4.26341
           1153           1153        219.195        222.167        4.26335
           1154           1154        219.352        222.333        4.26329
           1155           1155        219.521          222.5        4.26324
           1156           1156         219.69        222.667        4.26319
           1157           1157        219.862        222.833        4.26313
           1158           1158        220.015            223        4.26308
           1159           1159        220.193        223.167        4.26303
           1160           1160        220.357        223.333        4.26299
           1161           1161        220.518          223.5        4.26296
           1162           1162        220.691        223.667        4.26291
           1163           1163        220.863        223.833        4.26287
           1164           1164        221.021            224        4.26284
           1165           1165        221.187        224.167         4.2628
           1166           1166        221.349        224.333        4.26276
           1167           1167        221.523          224.5        4.26272
           1168           1168        221.686        224.667        4.26268
           1169           1169        221.845        224.833        4.26265
           1170           1170        222.011            225        4.26262
           1171           1171        222.182        225.167        4.26258
           1172           1172        222.352        225.333        4.26255
           1173           1173        222.519          225.5        4.26251
           1174           1174        222.682        225.667        4.26247
           1175           1175        222.847        225.833        4.26244
           1176           1176        223.012            226        4.26243
           1177           1177        223.179        226.167        4.26242
           1178           1178        223.347        226.333         4.2624
           1179           1179        223.511          226.5        4.26238
           1180           1180         223.67        226.667        4.26238
           1181           1181        223.844        226.833        4.26236
           1182           1182        224.005            227        4.26234
           1183           1183        224.173        227.167        4.26233
           1184           1184        224.341        227.333        4.26232
           1185           1185        224.503          227.5         4.2623
           1186           1186        224.671        227.667        4.26228
           1187           1187        224.836        227.833        4.26226
           1188           1188        225.006            228        4.26224
           1189           1189        225.181        228.167        4.26222
           1190           1190         225.34        228.333         4.2622
           1191           1191        225.507          228.5        4.26218
           1192           1192        225.674        228.667        4.26218
           1193           1193        225.842        228.833        4.26217
           1194           1194        226.009            229        4.26217
           1195           1195         226.17        229.167        4.26215
           1196           1196        226.334        229.333        4.26212
           1197           1197        226.501          229.5        4.26211
           1198           1198        226.668        229.667        4.26209
           1199           1199        226.834        229.833        4.26208
           1200           1200        227.004            230        4.26207
           1201           1201        227.166        230.167        4.26205
           1202           1202        227.334        230.333        4.26203
           1203           1203          227.5          230.5        4.26199
           1204           1204        227.677        230.667        4.26194
           1205           1205        227.844        230.833        4.26188
           1206           1206        228.009            231        4.26184
           1207           1207        228.173        231.167        4.26179
           1208           1208        228.331        231.333        4.26174
           1209           1209        228.495          231.5        4.26168
           1210           1210        228.661        231.667        4.26163
           1211           1211        228.838        231.833        4.26158
           1212           1212        228.996            232        4.26152
           1213           1213        229.164        232.167        4.26146
           1214           1214        229.333        232.333         4.2614
           1215           1215        229.497          232.5        4.26134
           1216           1216         229.67        232.667        4.26128
           1217           1217        229.838        232.833        4.26123
           1218           1218        229.998            233        4.26116
           1219           1219        230.171        233.167         4.2611
           1220           1220        230.333        233.333        4.26104
           1221           1221        230.495          233.5        4.26097
           1222           1222        230.669        233.667        4.26089
           1223           1223        230.833        233.833        4.26082
           1224           1224        231.002            234        4.26075
           1225           1225         231.17        234.167        4.26068
           1226           1226        231.332        234.333        4.26061
           1227           1227        231.502          234.5        4.26056
           1228           1228        231.656        234.667         4.2605
           1229           1229        231.839        234.833        4.26045
           1230           1230        232.001            235         4.2604
           1231           1231        232.171        235.167        4.26035
           1232           1232        232.336        235.333        4.26029
           1233           1233        232.501          235.5        4.26023
           1234           1234        232.659        235.667        4.26017
           1235           1235        232.831        235.833        4.26011
           1236           1236        233.008            236        4.26006
           1237           1237        233.161        236.167        4.26002
           1238           1238        233.332        236.333        4.25997
           1239           1239        233.504          236.5        4.25993
           1240           1240        233.671        236.667        4.25988
           1241           1241        233.833        236.833        4.25983
           1242           1242            234            237        4.25978
           1243           1243        234.167        237.167        4.25973
           1244           1244        234.329        237.333        4.25968
           1245           1245         234.49          237.5        4.25963
           1246           1246        234.661        237.667        4.25957
           1247           1247        234.827        237.833         4.2595
           1248           1248        234.998            238        4.25944
           1249           1249        235.166        238.167        4.25937
           1250           1250         235.33        238.333        4.25929
           1251           1251        235.502          238.5         4.2592
           1252           1252        235.668        238.667        4.25911
           1253           1253        235.828        238.833        4.25903
           1254           1254        235.998            239        4.25896
           1255           1255        236.162        239.167        4.25888
           1256           1256        236.323        239.333        4.25881
           1257           1257        236.499          239.5        4.25874
           1258           1258        236.659        239.667        4.25866
           1259           1259        236.826        239.833         4.2586
           1260           1260        236.993            240        4.25855
           1261           1261        237.159        240.167         4.2585
           1262           1262        237.328        240.333        4.25846
           1263           1263        237.485          240.5        4.25841
           1264           1264        237.651        240.667        4.25835
           1265           1265        237.825        240.833        4.25829
           1266           1266        237.985            241        4.25822
           1267           1267        238.157        241.167        4.25815
           1268           1268         238.33        241.333        4.25808
           1269           1269        238.481          241.5          4.258
           1270           1270         238.66        241.667        4.25793
           1271           1271        238.817        241.833        4.25786
           1272           1272        238.988            242        4.25779
           1273           1273        239.154        242.167        4.25772
           1274           1274        239.322        242.333        4.25765
           1275           1275        239.489          242.5        4.25758
           1276           1276        239.658        242.667        4.25752
           1277           1277        239.827        242.833        4.25746
           1278           1278        239.987            243        4.25739
           1279           1279        240.164        243.167        4.25733
           1280           1280        240.331        243.333        4.25727
           1281           1281        240.492          243.5        4.25721
           1282           1282        240.658        243.667        4.25714
           1283           1283        240.815        243.833        4.25708
           1284           1284        240.983            244        4.25703
           1285           1285        241.155        244.167        4.25697
           1286           1286        241.329        244.333         4.2569
           1287           1287        241.493          244.5        4.25684
           1288           1288        241.663        244.667        4.25677
           1289           1289        241.823        244.833         4.2567
           1290           1290        241.998            245        4.25664
           1291           1291        242.153        245.167        4.25659
           1292           1292        242.323        245.333        4.25652
           1293           1293        242.492          245.5        4.25645
           1294           1294        242.649        245.667        4.25637
           1295           1295         242.83        245.833         4.2563
           1296           1296        242.995            246        4.25623
           1297           1297        243.157        246.167        4.25616
           1298           1298        243.326        246.333         4.2561
           1299           1299        243.493          246.5        4.25605
           1300           1300        243.659        246.667        4.25601
           1301           1301        243.827        246.833        4.25595
           1302           1302        243.989            247        4.25588
           1303           1303        244.157        247.167        4.25581
           1304           1304        244.323        247.333        4.25574
           1305           1305        244.494          247.5        4.25567
           1306           1306        244.655        247.667        4.25562
           1307           1307        244.833        247.833        4.25556
           1308           1308        245.001            248         4.2555
           1309           1309        245.168        248.167        4.25544
           1310           1310        245.333        248.333        4.25537
           1311           1311        245.488          248.5         4.2553
           1312           1312         245.66        248.667         4.2552
           1313           1313        245.829        248.833        4.25511
           1314           1314        245.992            249        4.25502
           1315           1315         246.16        249.167        4.25492
           1316           1316        246.328        249.333        4.25482
           1317           1317        246.498          249.5        4.25469
           1318           1318        246.662        249.667        4.25456
           1319           1319        246.837        249.833        4.25442
           1320           1320        247.001            250        4.25429
           1321           1321        247.171        250.167        4.25413
           1322           1322        247.334        250.333        4.25398
           1323           1323        247.501          250.5        4.25383
           1324           1324        247.671        250.667        4.25368
           1325           1325        247.842        250.833        4.25354
           1326           1326         248.01            251         4.2534
           1327           1327        248.179        251.167        4.25325
           1328           1328        248.336        251.333        4.25311
           1329           1329        248.505          251.5        4.25298
           1330           1330        248.677        251.667        4.25284
           1331           1331         248.84        251.833        4.25271
           1332           1332        249.004            252        4.25258
           1333           1333        249.171        252.167        4.25246
           1334           1334        249.339        252.333        4.25234
           1335           1335        249.506          252.5        4.25222
           1336           1336        249.674        252.667        4.25209
           1337           1337        249.836        252.833        4.25198
           1338           1338         250.01            253        4.25186
           1339           1339        250.172        253.167        4.25174
           1340           1340        250.337        253.333        4.25163
           1341           1341        250.513          253.5        4.25152
           1342           1342        250.682        253.667        4.25141
           1343           1343        250.837        253.833        4.25131
           1344           1344        251.018            254        4.25121
           1345           1345        251.179        254.167        4.25113
           1346           1346        251.346        254.333        4.25105
           1347           1347        251.515          254.5        4.25097
           1348           1348        251.687        254.667        4.25089
           1349           1349        251.855        254.833        4.25081
           1350           1350        252.017            255        4.25074
           1351           1351        252.179        255.167        4.25067
           1352           1352        252.355        255.333         4.2506
           1353           1353         252.52          255.5        4.25053
           1354           1354        252.686        255.667        4.25046
           1355           1355        252.853        255.833        4.25039
           1356           1356        253.012            256        4.25033
           1357           1357        253.181        256.167        4.25025
           1358           1358        253.353        256.333        4.25016
           1359           1359        253.513          256.5        4.25007
           1360           1360        253.688        256.667        4.24998
           1361           1361        253.854        256.833        4.24989
           1362           1362        254.019            257        4.24978
           1363           1363        254.191        257.167        4.24968
           1364           1364        254.358        257.333        4.24958
           1365           1365        254.515          257.5        4.24948
           1366           1366          254.7        257.667        4.24938
           1367           1367        254.862        257.833        4.24927
           1368           1368        255.027            258        4.24916
           1369           1369        255.186        258.167        4.24906
           1370           1370         255.36        258.333        4.24894
           1371           1371        255.532          258.5        4.24884
           1372           1372        255.695        258.667        4.24873
           1373           1373         255.86        258.833        4.24862
           1374           1374        256.027            259        4.24852
           1375           1375        256.197        259.167        4.24842
           1376           1376        256.361        259.333        4.24832
           1377           1377        256.537          259.5        4.24822
           1378           1378        256.697        259.667        4.24812
           1379           1379        256.864        259.833        4.24802
           1380           1380        257.041            260        4.24792
           1381           1381        257.206        260.167        4.24782
           1382           1382        257.373        260.333        4.24771
           1383           1383        257.543          260.5         4.2476
           1384           1384        257.713        260.667        4.24749
           1385           1385        257.873        260.833        4.24737
           1386           1386        258.043            261        4.24725
           1387           1387        258.219        261.167        4.24713
           1388           1388        258.384        261.333          4.247
           1389           1389         258.55          261.5        4.24687
           1390           1390         258.72        261.667        4.24674
           1391           1391        258.892        261.833        4.24661
           1392           1392        259.055            262        4.24648
           1393           1393        259.223        262.167        4.24635
           1394           1394        259.389        262.333        4.24623
           1395           1395        259.557          262.5        4.24609
           1396           1396        259.729        262.667        4.24594
           1397           1397        259.897        262.833        4.24581
           1398           1398        260.055            263        4.24569
           1399           1399        260.219        263.167        4.24556
           1400           1400        260.393        263.333        4.24545
           1401           1401        260.558          263.5        4.24536
           1402           1402        260.721        263.667        4.24526
           1403           1403        260.894        263.833         4.2452
           1404           1404        261.062            264        4.24511
           1405           1405         261.23        264.167        4.24501
           1406           1406        261.397        264.333        4.24491
           1407           1407        261.561          264.5        4.24478
           1408           1408        261.733        264.667        4.24466
           1409           1409        261.902        264.833        4.24455
           1410           1410        262.066            265        4.24443
           1411           1411        262.231        265.167         4.2443
           1412           1412        262.395        265.333        4.24416
           1413           1413        262.559          265.5        4.24403
           1414           1414        262.728        265.667         4.2439
           1415           1415        262.899        265.833        4.24377
           1416           1416        263.066            266        4.24362
           1417           1417        263.223        266.167        4.24347
           1418           1418        263.394        266.333        4.24332
           1419           1419        263.559          266.5        4.24317
           1420           1420        263.733        266.667          4.243
           1421           1421        263.901        266.833        4.24284
           1422           1422        264.069            267        4.24268
           1423           1423        264.231        267.167        4.24253
           1424           1424        264.405        267.333        4.24237
           1425           1425         264.57          267.5        4.24221
           1426           1426        264.736        267.667        4.24205
           1427           1427        264.904        267.833        4.24189
           1428           1428        265.065            268        4.24173
           1429           1429        265.234        268.167        4.24156
           1430           1430        265.393        268.333         4.2414
           1431           1431        265.566          268.5        4.24124
           1432           1432        265.736        268.667        4.24107
           1433           1433        265.911        268.833         4.2409
           1434           1434        266.077            269        4.24072
           1435           1435        266.246        269.167        4.24054
           1436           1436        266.415        269.333        4.24033
           1437           1437        266.581          269.5        4.24012
           1438           1438        266.739        269.667        4.23991
           1439           1439        266.918        269.833        4.23969
           1440           1440        267.075            270        4.23944
           1441           1441        267.244        270.167        4.23921
           1442           1442         267.42        270.333        4.23898
           1443           1443        267.574          270.5        4.23875
           1444           1444        267.744        270.667        4.23852
           1445           1445        267.911        270.833         4.2383
           1446           1446        268.091            271        4.23809
           1447           1447        268.257        271.167        4.23787
           1448           1448        268.421        271.333        4.23765
           1449           1449        268.586          271.5        4.23744
           1450           1450        268.752        271.667        4.23723
           1451           1451        268.926        271.833        4.23701
           1452           1452        269.093            272         4.2368
           1453           1453        269.256        272.167        4.23658
           1454           1454        269.421        272.333        4.23637
           1455           1455        269.592          272.5        4.23615
           1456           1456        269.759        272.667        4.23593
           1457           1457         269.93        272.833        4.23571
           1458           1458        270.102            273        4.23549
           1459           1459        270.258        273.167        4.23526
           1460           1460         270.43        273.333        4.23503
           1461           1461        270.599          273.5        4.23479
           1462           1462        270.764        273.667        4.23454
           1463           1463        270.927        273.833         4.2343
           1464           1464        271.105            274        4.23405
           1465           1465        271.269        274.167        4.23379
           1466           1466        271.443        274.333        4.23353
           1467           1467        271.609          274.5        4.23328
           1468           1468        271.772        274.667        4.23302
           1469           1469        271.941        274.833        4.23276
           1470           1470        272.114            275        4.23251
           1471           1471        272.285        275.167        4.23226
           1472           1472         272.44        275.333        4.23201
           1473           1473        272.611          275.5        4.23177
           1474           1474        272.783        275.667        4.23152
           1475           1475        272.946        275.833        4.23126
           1476           1476        273.115            276          4.231
           1477           1477        273.283        276.167        4.23074
           1478           1478        273.455        276.333        4.23047
           1479           1479        273.622          276.5        4.23021
           1480           1480        273.783        276.667        4.22994
           1481           1481        273.947        276.833        4.22967
           1482           1482        274.111            277         4.2294
           1483           1483        274.296        277.167        4.22912
           1484           1484        274.456        277.333        4.22884
           1485           1485        274.622          277.5        4.22856
           1486           1486        274.797        277.667        4.22827
           1487           1487        274.956        277.833        4.22797
           1488           1488        275.125            278        4.22767
           1489           1489        275.295        278.167        4.22737
           1490           1490        275.464        278.333        4.22706
           1491           1491         275.63          278.5        4.22677
           1492           1492        275.796        278.667        4.22647
           1493           1493        275.965        278.833        4.22617
           1494           1494        276.133            279        4.22587
           1495           1495        276.305        279.167        4.22557
           1496           1496        276.466        279.333        4.22526
           1497           1497        276.637          279.5        4.22496
           1498           1498        276.814        279.667        4.22464
           1499           1499        276.978        279.833        4.22432
           1500           1500        277.144            280        4.22401
           1501           1501        277.298        280.167         4.2237
           1502           1502        277.474        280.333        4.22337
           1503           1503         277.64          280.5        4.22303
           1504           1504        277.815        280.667        4.22269
           1505           1505        277.983        280.833        4.22234
           1506           1506        278.145            281        4.22197
           1507           1507        278.317        281.167        4.22161
           1508           1508        278.487        281.333        4.22125
           1509           1509        278.657          281.5        4.22088
           1510           1510         278.83        281.667        4.22052
           1511           1511        278.996        281.833        4.22016
           1512           1512        279.163            282        4.21979
           1513           1513        279.326        282.167        4.21942
           1514           1514        279.492        282.333        4.21905
           1515           1515        279.663          282.5        4.21867
           1516           1516        279.827        282.667        4.21829
           1517           1517        279.989        282.833        4.21791
           1518           1518        280.159            283        4.21753
           1519           1519        280.325        283.167        4.21715
           1520           1520        280.493        283.333        4.21676
           1521           1521        280.666          283.5        4.21637
           1522           1522        280.835        283.667        4.21597
           1523           1523        280.995        283.833        4.21556
           1524           1524        281.166            284        4.21515
           1525           1525        281.331        284.167        4.21473
           1526           1526        281.499        284.333         4.2143
           1527           1527        281.667          284.5        4.21385
           1528           1528        281.844        284.667        4.21341
           1529           1529        282.011        284.833        4.21296
           1530           1530        282.176            285        4.21251
           1531           1531        282.345        285.167        4.21206
           1532           1532        282.505        285.333         4.2116
           1533           1533        282.676          285.5        4.21114
           1534           1534        282.848        285.667        4.21069
           1535           1535         283.01        285.833        4.21022
           1536           1536         283.18            286        4.20975
           1537           1537        283.348        286.167        4.20928
           1538           1538        283.516        286.333         4.2088
           1539           1539        283.691          286.5        4.20832
           1540           1540        283.861        286.667        4.20784
           1541           1541        284.027        286.833        4.20736
           1542           1542        284.186            287        4.20687
           1543           1543        284.349        287.167        4.20637
           1544           1544        284.526        287.333        4.20587
           1545           1545        284.692          287.5        4.20536
           1546           1546        284.867        287.667        4.20485
           1547           1547        285.028        287.833        4.20433
           1548           1548        285.201            288        4.20379
           1549           1549        285.369        288.167        4.20326
           1550           1550        285.537        288.333        4.20273
           1551           1551        285.704          288.5        4.20219
           1552           1552        285.867        288.667        4.20164
           1553           1553        286.036        288.833        4.20108
           1554           1554        286.199            289        4.20052
           1555           1555        286.378        289.167        4.19996
           1556           1556        286.542        289.333        4.19936
           1557           1557        286.714          289.5        4.19877
           1558           1558        286.874        289.667        4.19818
           1559           1559        287.037        289.833        4.19758
           1560           1560        287.209            290        4.19696
           1561           1561        287.378        290.167        4.19634
           1562           1562        287.542        290.333        4.19572
           1563           1563        287.706          290.5        4.19509
           1564           1564        287.875        290.667        4.19443
           1565           1565        288.047        290.833        4.19378
           1566           1566        288.215            291        4.19312
           1567           1567        288.376        291.167        4.19247
           1568           1568        288.547        291.333        4.19179
           1569           1569        288.712          291.5        4.19112
           1570           1570         288.88        291.667        4.19044
           1571           1571         289.05        291.833        4.18976
           1572           1572        289.221            292        4.18907
           1573           1573        289.392        292.167        4.18837
           1574           1574        289.553        292.333        4.18766
           1575           1575        289.719          292.5        4.18695
           1576           1576        289.894        292.667        4.18621
           1577           1577        290.066        292.833        4.18548
           1578           1578        290.224            293        4.18473
           1579           1579        290.393        293.167        4.18398
           1580           1580        290.564        293.333        4.18323
           1581           1581        290.733          293.5        4.18244
           1582           1582        290.902        293.667        4.18165
           1583           1583         291.07        293.833        4.18086
           1584           1584        291.227            294        4.18007
           1585           1585        291.407        294.167        4.17925
           1586           1586        291.566        294.333        4.17844
           1587           1587        291.736          294.5        4.17762
           1588           1588        291.902        294.667         4.1768
           1589           1589        292.072        294.833        4.17594
           1590           1590        292.232            295        4.17509
           1591           1591        292.407        295.167        4.17423
           1592           1592        292.572        295.333        4.17336
           1593           1593        292.743          295.5        4.17245
           1594           1594        292.909        295.667        4.17155
           1595           1595        293.081        295.833        4.17064
           1596           1596        293.245            296        4.16972
           1597           1597         293.41        296.167        4.16877
           1598           1598        293.589        296.333        4.16782
           1599           1599        293.754          296.5        4.16686
           1600           1600        293.923        296.667         4.1659
           1601           1601        294.086        296.833         4.1649
           1602           1602        294.255            297        4.16391
           1603           1603        294.419        297.167        4.16291
           1604           1604        294.592        297.333        4.16191
           1605           1605        294.751          297.5        4.16087
           1606           1606        294.918        297.667        4.15983
           1607           1607        295.089        297.833        4.15878
           1608           1608        295.257            298        4.15773
           1609           1609        295.427        298.167        4.15664
           1610           1610        295.595        298.333        4.15556
           1611           1611         295.76          298.5        4.15448
           1612           1612        295.931        298.667        4.15339
           1613           1613        296.098        298.833         4.1523
           1614           1614        296.265            299        4.15118
           1615           1615        296.431        299.167        4.15007
           1616           1616          296.6        299.333        4.14895
           1617           1617        296.773          299.5        4.14783
           1618           1618        296.941        299.667        4.14668
           1619           1619        297.105        299.833        4.14554
           1620           1620        297.277            300         4.1444
           1621           1621        297.441        300.167        4.14324
           1622           1622        297.608        300.333        4.14206
           1623           1623        297.776          300.5        4.14087
           1624           1624         297.95        300.667        4.13968
           1625           1625        298.113        300.833        4.13848
           1626           1626        298.286            301        4.13725
           1627           1627        298.454        301.167        4.13604
           1628           1628        298.618        301.333        4.13482
           1629           1629        298.786          301.5        4.13362
           1630           1630        298.955        301.667        4.13241
           1631           1631        299.122        301.833         4.1312
           1632           1632        299.277            302        4.12999
           1633           1633        299.456        302.167        4.12878
           1634           1634        299.624        302.333        4.12756
           1635           1635        299.788          302.5        4.12634
           1636           1636        299.956        302.667        4.12511
           1637           1637        300.127        302.833        4.12387
           1638           1638        300.299            303         4.1226
           1639           1639        300.463        303.167        4.12133
           1640           1640        300.628        303.333        4.12005
           1641           1641        300.792          303.5        4.11876
           1642           1642        300.959        303.667        4.11744
           1643           1643        301.124        303.833        4.11612
           1644           1644        301.291            304         4.1148
           1645           1645         301.46        304.167        4.11345
           1646           1646        301.626        304.333         4.1121
           1647           1647        301.796          304.5        4.11072
           1648           1648        301.961        304.667        4.10934
           1649           1649        302.131        304.833        4.10795
           1650           1650        302.303            305        4.10656
           1651           1651        302.463        305.167        4.10514
           1652           1652        302.625        305.333        4.10374
           1653           1653        302.805          305.5        4.10234
           1654           1654         302.96        305.667        4.10093
           1655           1655        303.134        305.833        4.09951
           1656           1656          303.3            306        4.09809
           1657           1657        303.459        306.167        4.09667
           1658           1658         303.63        306.333        4.09525
           1659           1659        303.797          306.5         4.0938
           1660           1660        303.968        306.667        4.09234
           1661           1661        304.139        306.833        4.09088
           1662           1662        304.304            307         4.0894
           1663           1663        304.468        307.167        4.08789
           1664           1664        304.633        307.333        4.08638
           1665           1665        304.797          307.5        4.08487
           1666           1666        304.969        307.667        4.08334
           1667           1667        305.135        307.833        4.08179
           1668           1668        305.301            308        4.08022
           1669           1669         305.47        308.167        4.07864
           1670           1670        305.633        308.333        4.07704
           1671           1671        305.805          308.5        4.07539
           1672           1672        305.969        308.667        4.07376
           1673           1673        306.135        308.833        4.07212
           1674           1674        306.298            309        4.07047
           1675           1675         306.47        309.167        4.06878
           1676           1676        306.635        309.333        4.06709
           1677           1677        306.805          309.5        4.06538
           1678           1678         306.98        309.667        4.06367
           1679           1679         307.15        309.833        4.06194
           1680           1680        307.321            310        4.06018
           1681           1681         307.48        310.167        4.05842
           1682           1682        307.648        310.333        4.05665
           1683           1683         307.82          310.5        4.05487
           1684           1684        307.984        310.667        4.05305
           1685           1685        308.143        310.833        4.05123
           1686           1686        308.308            311         4.0494
           1687           1687        308.485        311.167        4.04755
           1688           1688        308.643        311.333        4.04564
           1689           1689        308.812          311.5        4.04374
           1690           1690        308.984        311.667        4.04182
           1691           1691        309.151        311.833        4.03988
           1692           1692        309.322            312        4.03788
           1693           1693        309.484        312.167        4.03589
           1694           1694        309.655        312.333        4.03388
           1695           1695        309.824          312.5        4.03185
           1696           1696        309.986        312.667        4.02975
           1697           1697        310.162        312.833        4.02766
           1698           1698        310.322            313        4.02555
           1699           1699        310.494        313.167        4.02343
           1700           1700        310.654        313.333        4.02123
           1701           1701         310.83          313.5        4.01905
           1702           1702         310.99        313.667        4.01685
           1703           1703        311.153        313.833        4.01464
           1704           1704        311.322            314        4.01236
           1705           1705        311.488        314.167        4.01011
           1706           1706         311.66        314.333        4.00784
           1707           1707        311.826          314.5        4.00557
           1708           1708        311.992        314.667        4.00325
           1709           1709        312.161        314.833        4.00094
           1710           1710        312.331            315        3.99862
           1711           1711        312.495        315.167         3.9963
           1712           1712        312.658        315.333        3.99397
           1713           1713        312.825          315.5        3.99162
           1714           1714        312.994        315.667        3.98927
           1715           1715        313.162        315.833        3.98693
           1716           1716        313.329            316        3.98458
           1717           1717        313.504        316.167        3.98222
           1718           1718        313.672        316.333        3.97987
           1719           1719        313.836          316.5        3.97752
           1720           1720        314.006        316.667        3.97517
           1721           1721        314.167        316.833        3.97281
           1722           1722        314.341            317        3.97044
           1723           1723        314.509        317.167        3.96806
           1724           1724        314.675        317.333        3.96566
           1725           1725        314.848          317.5        3.96323
           1726           1726        315.011        317.667         3.9608
           1727           1727        315.176        317.833        3.95835
           1728           1728        315.336            318        3.95589
           1729           1729        315.514        318.167        3.95337
           1730           1730        315.677        318.333        3.95086
           1731           1731        315.852          318.5        3.94834
           1732           1732        316.014        318.667        3.94581
           1733           1733        316.181        318.833        3.94323
           1734           1734        316.359            319        3.94066
           1735           1735        316.527        319.167        3.93808
           1736           1736        316.686        319.333        3.93549
           1737           1737        316.855          319.5        3.93286
           1738           1738        317.021        319.667        3.93022
           1739           1739        317.193        319.833        3.92757
           1740           1740        317.359            320         3.9249
           1741           1741        317.526        320.167        3.92216
           1742           1742        317.698        320.333        3.91942
           1743           1743        317.857          320.5        3.91667
           1744           1744         318.03        320.667         3.9139
           1745           1745        318.194        320.833        3.91111
           1746           1746        318.364            321        3.90825
           1747           1747        318.531        321.167         3.9054
           1748           1748        318.698        321.333        3.90254
           1749           1749        318.864          321.5        3.89966
           1750           1750        319.032        321.667        3.89671
           1751           1751        319.196        321.833        3.89377
           1752           1752        319.367            322         3.8908
           1753           1753         319.53        322.167        3.88781
           1754           1754          319.7        322.333        3.88471
           1755           1755        319.866          322.5        3.88163
           1756           1756        320.035        322.667        3.87854
           1757           1757        320.209        322.833        3.87546
           1758           1758        320.369            323        3.87231
           1759           1759         320.54        323.167        3.86919
           1760           1760        320.699        323.333        3.86608
           1761           1761        320.869          323.5        3.86296
           1762           1762        321.035        323.667        3.85983
           1763           1763        321.206        323.833        3.85668
           1764           1764        321.377            324         3.8535
           1765           1765        321.551        324.167        3.85031
           1766           1766        321.716        324.333        3.84705
           1767           1767        321.874          324.5         3.8438
           1768           1768        322.041        324.667        3.84052
           1769           1769        322.215        324.833        3.83723
           1770           1770        322.385            325        3.83384
           1771           1771        322.546        325.167        3.83046
           1772           1772        322.711        325.333        3.82705
           1773           1773        322.881          325.5        3.82363
           1774           1774        323.054        325.667         3.8201
           1775           1775        323.217        325.833        3.81659
           1776           1776        323.388            326        3.81305
           1777           1777        323.552        326.167         3.8095
           1778           1778         323.72        326.333        3.80584
           1779           1779        323.888          326.5        3.80219
           1780           1780        324.056        326.667        3.79851
           1781           1781        324.224        326.833        3.79482
           1782           1782        324.395            327        3.79103
           1783           1783        324.564        327.167        3.78727
           1784           1784        324.726        327.333        3.78349
           1785           1785        324.897          327.5         3.7797
           1786           1786         325.06        327.667        3.77582
           1787           1787        325.233        327.833        3.77194
           1788           1788        325.401            328        3.76803
           1789           1789        325.572        328.167        3.76409
           1790           1790        325.735        328.333        3.76002
           1791           1791          325.9          328.5        3.75597
           1792           1792         326.07        328.667        3.75189
           1793           1793        326.236        328.833        3.74779
           1794           1794        326.401            329        3.74356
           1795           1795        326.567        329.167        3.73936
           1796           1796        326.736        329.333        3.73514
           1797           1797        326.899          329.5        3.73092
           1798           1798        327.069        329.667        3.72663
           1799           1799        327.238        329.833        3.72237
           1800           1800        327.414            330        3.71813
           1801           1801        327.572        330.167        3.71388
           1802           1802        327.743        330.333        3.70964
           1803           1803        327.913          330.5         3.7054
           1804           1804        328.086        330.667        3.70113
           1805           1805        328.242        330.833        3.69685
           1806           1806        328.413            331        3.69254
           1807           1807        328.572        331.167        3.68819
           1808           1808        328.746        331.333         3.6838
           1809           1809        328.909          331.5        3.67938
           1810           1810        329.085        331.667         3.6748
           1811           1811        329.249        331.833        3.67024
           1812           1812        329.414            332        3.66566
           1813           1813        329.583        332.167        3.66107
           1814           1814        329.754        332.333        3.65635
           1815           1815        329.914          332.5         3.6517
           1816           1816        330.079        332.667        3.64707
           1817           1817        330.245        332.833        3.64243
           1818           1818        330.423            333        3.63779
           1819           1819        330.588        333.167        3.63314
           1820           1820        330.752        333.333        3.62846
           1821           1821        330.927          333.5        3.62376
           1822           1822        331.089        333.667        3.61899
           1823           1823        331.257        333.833         3.6142
           1824           1824        331.423            334        3.60938
           1825           1825        331.588        334.167        3.60454
           1826           1826        331.757        334.333        3.59959
           1827           1827        331.934          334.5        3.59468
           1828           1828        332.098        334.667        3.58978
           1829           1829        332.262        334.833        3.58486
           1830           1830        332.427            335        3.57991
           1831           1831        332.588        335.167        3.57493
           1832           1832        332.761        335.333        3.56993
           1833           1833        332.929          335.5         3.5649
           1834           1834        333.094        335.667        3.55979
           1835           1835        333.257        335.833        3.55469
           1836           1836        333.429            336        3.54955
           1837           1837          333.6        336.167        3.54439
           1838           1838        333.761        336.333        3.53909
           1839           1839        333.933          336.5        3.53379
           1840           1840        334.106        336.667        3.52846
           1841           1841         334.27        336.833         3.5231
           1842           1842        334.434            337        3.51759
           1843           1843        334.601        337.167        3.51213
           1844           1844        334.769        337.333        3.50666
           1845           1845        334.937          337.5        3.50119
           1846           1846        335.103        337.667        3.49568
           1847           1847        335.274        337.833        3.49019
           1848           1848        335.441            338        3.48471
           1849           1849        335.602        338.167        3.47922
           1850           1850        335.769        338.333        3.47373
           1851           1851        335.939          338.5        3.46823
           1852           1852        336.103        338.667        3.46271
           1853           1853        336.271        338.833        3.45719
           1854           1854         336.45            339         3.4516
           1855           1855        336.612        339.167        3.44602
           1856           1856        336.782        339.333        3.44043
           1857           1857        336.947          339.5        3.43482
           1858           1858        337.111        339.667        3.42916
           1859           1859        337.282        339.833         3.4235
           1860           1860        337.456            340        3.41782
           1861           1861        337.632        340.167        3.41212
           1862           1862        337.789        340.333        3.40636
           1863           1863        337.955          340.5        3.40062
           1864           1864        338.124        340.667        3.39486
           1865           1865        338.287        340.833        3.38908
           1866           1866         338.46            341        3.38324
           1867           1867        338.634        341.167        3.37741
           1868           1868        338.796        341.333        3.37159
           1869           1869         338.96          341.5        3.36577
           1870           1870        339.129        341.667         3.3599
           1871           1871        339.305        341.833        3.35403
           1872           1872        339.472            342        3.34814
           1873           1873        339.638        342.167        3.34223
           1874           1874        339.801        342.333        3.33627
           1875           1875        339.971          342.5        3.33033
           1876           1876        340.141        342.667         3.3244
           1877           1877         340.31        342.833        3.31848
           1878           1878        340.471            343        3.31257
           1879           1879        340.645        343.167        3.30664
           1880           1880        340.806        343.333        3.30069
           1881           1881        340.982          343.5        3.29474
           1882           1882        341.145        343.667        3.28876
           1883           1883         341.32        343.833        3.28275
           1884           1884        341.483            344        3.27674
           1885           1885        341.648        344.167        3.27071
           1886           1886        341.815        344.333        3.26466
           1887           1887        341.982          344.5        3.25852
           1888           1888        342.146        344.667        3.25239
           1889           1889        342.322        344.833        3.24623
           1890           1890        342.487            345        3.24005
           1891           1891        342.651        345.167        3.23376
           1892           1892        342.822        345.333        3.22748
           1893           1893         342.99          345.5        3.22117
           1894           1894        343.154        345.667        3.21484
           1895           1895         343.32        345.833         3.2084
           1896           1896        343.495            346        3.20197
           1897           1897        343.658        346.167        3.19553
           1898           1898        343.827        346.333        3.18909
           1899           1899        343.991          346.5        3.18258
           1900           1900        344.171        346.667        3.17611
           1901           1901        344.337        346.833        3.16965
           1902           1902        344.507            347         3.1632
           1903           1903        344.672        347.167        3.15679
           1904           1904        344.836        347.333        3.15037
           1905           1905        345.009          347.5        3.14396
           1906           1906        345.173        347.667        3.13755
           1907           1907        345.342        347.833        3.13114
           1908           1908        345.506            348         3.1247
           1909           1909        345.677        348.167        3.11823
           1910           1910        345.848        348.333        3.11175
           1911           1911        346.021          348.5        3.10526
           1912           1912         346.19        348.667        3.09869
           1913           1913        346.352        348.833        3.09214
           1914           1914        346.522            349        3.08559
           1915           1915        346.697        349.167        3.07903
           1916           1916        346.853        349.333        3.07243
           1917           1917        347.017          349.5        3.06584
           1918           1918         347.19        349.667        3.05925
           1919           1919        347.358        349.833        3.05265
           1920           1920        347.527            350        3.04601
           1921           1921        347.689        350.167        3.03936
           1922           1922        347.858        350.333        3.03269
           1923           1923        348.034          350.5          3.026
           1924           1924          348.2        350.667        3.01925
           1925           1925        348.363        350.833        3.01253
           1926           1926        348.528            351         3.0058
           1927           1927        348.699        351.167        2.99907
           1928           1928        348.872        351.333         2.9923
           1929           1929        349.039          351.5        2.98555
           1930           1930        349.208        351.667        2.97881
           1931           1931        349.372        351.833        2.97207
           1932           1932        349.541            352        2.96534
           1933           1933        349.705        352.167        2.95863
           1934           1934        349.877        352.333        2.95193
           1935           1935        350.043          352.5        2.94525
           1936           1936        350.217        352.667        2.93861
           1937           1937        350.381        352.833        2.93195
           1938           1938        350.552            353         2.9253
           1939           1939        350.712        353.167        2.91865
           1940           1940        350.886        353.333        2.91202
           1941           1941        351.052          353.5        2.90539
           1942           1942         351.22        353.667        2.89874
           1943           1943        351.395        353.833        2.89209
           1944           1944        351.562            354        2.88544
           1945           1945        351.725        354.167         2.8788
           1946           1946         351.89        354.333        2.87218
           1947           1947        352.058          354.5        2.86559
           1948           1948        352.229        354.667        2.85901
           1949           1949        352.402        354.833         2.8525
           1950           1950        352.572            355        2.84598
           1951           1951        352.743        355.167        2.83948
           1952           1952        352.912        355.333        2.83298
           1953           1953        353.079          355.5        2.82656
           1954           1954        353.243        355.667        2.82011
           1955           1955         353.41        355.833        2.81366
           1956           1956        353.576            356        2.80721
           1957           1957        353.745        356.167        2.80077
           1958           1958        353.913        356.333        2.79431
           1959           1959        354.083          356.5        2.78784
           1960           1960        354.248        356.667        2.78136
           1961           1961        354.421        356.833        2.77486
           1962           1962        354.585            357        2.76837
           1963           1963        354.757        357.167        2.76187
           1964           1964         354.92        357.333        2.75539
           1965           1965        355.084          357.5         2.7489
           1966           1966        355.261        357.667        2.74244
           1967           1967        355.424        357.833        2.73598
           1968           1968        355.588            358        2.72954
           1969           1969         355.76        358.167        2.72315
           1970           1970        355.934        358.333        2.71675
           1971           1971        356.103          358.5        2.71036
           1972           1972        356.263        358.667        2.70399
           1973           1973         356.43        358.833        2.69769
           1974           1974        356.599            359        2.69139
           1975           1975        356.775        359.167         2.6851
           1976           1976        356.939        359.333        2.67882
           1977           1977        357.107          359.5        2.67256
           1978           1978        357.283        359.667        2.66635
           1979           1979        357.447        359.833        2.66012
           1980           1980        357.614            360        2.65388
           1981           1981        357.792        360.167        2.64763
           1982           1982         357.96        360.333         2.6414
           1983           1983        358.123          360.5        2.63516
           1984           1984        358.291        360.667        2.62893
           1985           1985        358.464        360.833        2.62269
           1986           1986        358.634            361        2.61647
           1987           1987        358.788        361.167        2.61022
           1988           1988        358.958        361.333        2.60398
           1989           1989        359.132          361.5        2.59773
           1990           1990        359.301        361.667        2.59147
           1991           1991         359.47        361.833        2.58521
           1992           1992        359.645            362        2.57896
           1993           1993        359.814        362.167         2.5727
           1994           1994         359.98        362.333        2.56643
           1995           1995        360.147          362.5        2.56016
           1996           1996        360.319        362.667         2.5539
           1997           1997        360.487        362.833        2.54765
           1998           1998        360.651            363        2.54141
           1999           1999        360.819        363.167        2.53518
           2000           2000        360.985        363.333        2.52894
           2001           2001        361.165          363.5        2.52271
           2002           2002         361.33        363.667         2.5165
           2003           2003        361.501        363.833        2.51028
           2004           2004         361.67            364        2.50405
           2005           2005        361.836        364.167        2.49783
           2006           2006        362.002        364.333         2.4916
           2007           2007        362.168          364.5        2.48539
           2008           2008        362.342        364.667        2.47918
           2009           2009        362.505        364.833        2.47297
           2010           2010        362.681            365        2.46677
           2011           2011        362.846        365.167        2.46058
           2012           2012        363.022        365.333        2.45437
           2013           2013        363.188          365.5        2.44818
           2014           2014        363.354        365.667        2.44198
           2015           2015        363.514        365.833         2.4358
           2016           2016        363.687            366        2.42961
           2017           2017        363.858        366.167        2.42342
           2018           2018        364.022        366.333        2.41722
           2019           2019        364.197          366.5        2.41101
           2020           2020        364.359        366.667        2.40478
           2021           2021        364.537        366.833        2.39853
           2022           2022        364.697            367        2.39225
           2023           2023        364.872        367.167        2.38587
           2024           2024        365.036        367.333        2.37951
           2025           2025         365.21          367.5        2.37315
           2026           2026        365.377        367.667        2.36679
           2027           2027        365.541        367.833        2.36038
           2028           2028        365.712            368        2.35399
           2029           2029        365.881        368.167        2.34761
           2030           2030        366.044        368.333        2.34123
           2031           2031        366.204          368.5        2.33487
           2032           2032        366.377        368.667        2.32849
           2033           2033        366.541        368.833        2.32208
           2034           2034        366.716            369        2.31567
           2035           2035        366.885        369.167        2.30923
           2036           2036        367.053        369.333         2.3028
           2037           2037        367.219          369.5        2.29637
           2038           2038        367.389        369.667        2.28995
           2039           2039        367.559        369.833        2.28355
           2040           2040        367.722            370        2.27718
           2041           2041        367.891        370.167        2.27085
           2042           2042        368.057        370.333        2.26456
           2043           2043        368.234          370.5        2.25828
           2044           2044        368.402        370.667        2.25213
           2045           2045        368.572        370.833        2.24593
           2046           2046        368.742            371        2.23975
           2047           2047        368.903        371.167        2.23358
           2048           2048         369.07        371.333         2.2275
           2049           2049        369.238          371.5        2.22142
           2050           2050        369.407        371.667        2.21537
           2051           2051        369.579        371.833        2.20935
           2052           2052        369.747            372        2.20344
           2053           2053        369.918        372.167        2.19752
           2054           2054        370.083        372.333        2.19162
           2055           2055        370.252          372.5        2.18574
           2056           2056        370.423        372.667        2.17999
           2057           2057        370.595        372.833        2.17421
           2058           2058        370.756            373        2.16844
           2059           2059        370.927        373.167        2.16268
           2060           2060        371.095        373.333          2.157
           2061           2061        371.263          373.5        2.15129
           2062           2062        371.429        373.667         2.1456
           2063           2063        371.597        373.833        2.13992
           2064           2064        371.765            374        2.13429
           2065           2065        371.929        374.167        2.12866
           2066           2066        372.112        374.333        2.12305
           2067           2067        372.273          374.5        2.11746
           2068           2068        372.441        374.667        2.11192
           2069           2069        372.613        374.833        2.10634
           2070           2070        372.778            375        2.10076
           2071           2071        372.949        375.167        2.09519
           2072           2072        373.114        375.333        2.08964
           2073           2073        373.288          375.5        2.08411
           2074           2074        373.455        375.667        2.07862
           2075           2075        373.621        375.833        2.07319
           2076           2076        373.787            376        2.06781
           2077           2077        373.956        376.167        2.06262
           2078           2078        374.123        376.333        2.05744
           2079           2079        374.296          376.5        2.05233
           2080           2080        374.462        376.667        2.04727
           2081           2081        374.636        376.833        2.04249
           2082           2082        374.799            377        2.03766
           2083           2083        374.961        377.167        2.03285
           2084           2084        375.132        377.333        2.02807
           2085           2085        375.303          377.5        2.02348
           2086           2086        375.475        377.667        2.01882
           2087           2087        375.632        377.833        2.01416
           2088           2088        375.808            378        2.00949
           2089           2089        375.985        378.167        2.00489
           2090           2090        376.145        378.333        2.00026
           2091           2091        376.308          378.5        1.99562
           2092           2092        376.478        378.667        1.99097
           2093           2093         376.65        378.833        1.98633
           2094           2094        376.813            379         1.9817
           2095           2095        376.986        379.167        1.97707
           2096           2096        377.152        379.333        1.97246
           2097           2097        377.323          379.5        1.96786
           2098           2098        377.485        379.667        1.96327
           2099           2099        377.659        379.833        1.95869
           2100           2100        377.827            380        1.95412
           2101           2101        377.993        380.167        1.94958
           2102           2102        378.162        380.333        1.94501
           2103           2103        378.327          380.5        1.94045
           2104           2104        378.493        380.667        1.93588
           2105           2105        378.661        380.833         1.9313
           2106           2106        378.829            381        1.92672
           2107           2107        379.001        381.167        1.92214
           2108           2108        379.163        381.333        1.91755
           2109           2109        379.326          381.5        1.91296
           2110           2110        379.494        381.667        1.90836
           2111           2111        379.659        381.833        1.90377
           2112           2112         379.83            382        1.89918
           2113           2113        380.001        382.167         1.8946
           2114           2114        380.165        382.333        1.89002
           2115           2115        380.338          382.5        1.88544
           2116           2116        380.505        382.667        1.88085
           2117           2117        380.667        382.833        1.87625
           2118           2118        380.837            383        1.87165
           2119           2119        381.011        383.167        1.86704
           2120           2120        381.184        383.333        1.86243
           2121           2121        381.355          383.5        1.85781
           2122           2122        381.515        383.667        1.85317
           2123           2123        381.686        383.833        1.84853
           2124           2124        381.851            384        1.84387
           2125           2125        382.023        384.167        1.83922
           2126           2126        382.194        384.333        1.83454
           2127           2127        382.355          384.5        1.82984
           2128           2128        382.522        384.667        1.82512
           2129           2129        382.691        384.833         1.8204
           2130           2130        382.859            385        1.81564
           2131           2131         383.03        385.167        1.81089
           2132           2132        383.191        385.333        1.80613
           2133           2133        383.366          385.5        1.80137
           2134           2134        383.532        385.667        1.79656
           2135           2135          383.7        385.833        1.79175
           2136           2136        383.867            386        1.78694
           2137           2137        384.031        386.167        1.78212
           2138           2138        384.203        386.333        1.77726
           2139           2139        384.371          386.5        1.77242
           2140           2140        384.536        386.667        1.76756
           2141           2141        384.699        386.833         1.7627
           2142           2142        384.864            387        1.75782
           2143           2143        385.028        387.167        1.75292
           2144           2144        385.191        387.333          1.748
           2145           2145        385.368          387.5        1.74308
           2146           2146        385.532        387.667        1.73815
           2147           2147        385.702        387.833        1.73316
           2148           2148        385.867            388        1.72819
           2149           2149        386.041        388.167        1.72321
           2150           2150        386.203        388.333        1.71821
           2151           2151        386.372          388.5        1.71316
           2152           2152        386.534        388.667        1.70813
           2153           2153        386.705        388.833        1.70308
           2154           2154        386.875            389        1.69802
           2155           2155        387.051        389.167         1.6929
           2156           2156        387.216        389.333        1.68779
           2157           2157        387.381          389.5        1.68266
           2158           2158        387.544        389.667        1.67753
           2159           2159        387.708        389.833        1.67234
           2160           2160        387.881            390        1.66717
           2161           2161        388.048        390.167        1.66197
           2162           2162        388.212        390.333        1.65677
           2163           2163        388.381          390.5        1.65153
           2164           2164        388.549        390.667         1.6463
           2165           2165        388.711        390.833        1.64105
           2166           2166        388.885            391         1.6358
           2167           2167        389.048        391.167         1.6305
           2168           2168        389.221        391.333         1.6252
           2169           2169        389.387          391.5         1.6199
           2170           2170        389.553        391.667        1.61458
           2171           2171        389.712        391.833        1.60923
           2172           2172        389.893            392        1.60388
           2173           2173        390.062        392.167        1.59852
           2174           2174        390.227        392.333        1.59315
           2175           2175        390.396          392.5        1.58777
           2176           2176        390.564        392.667        1.58234
           2177           2177        390.736        392.833        1.57692
           2178           2178        390.902            393        1.57148
           2179           2179        391.064        393.167        1.56603
           2180           2180        391.242        393.333        1.56053
           2181           2181        391.409          393.5        1.55505
           2182           2182        391.573        393.667        1.54956
           2183           2183        391.732        393.833        1.54407
           2184           2184          391.9            394        1.53855
           2185           2185        392.073        394.167        1.53303
           2186           2186        392.243        394.333         1.5275
           2187           2187        392.406          394.5        1.52196
           2188           2188        392.574        394.667        1.51639
           2189           2189        392.745        394.833        1.51082
           2190           2190        392.914            395        1.50524
           2191           2191        393.082        395.167        1.49967
           2192           2192        393.249        395.333        1.49407
           2193           2193        393.415          395.5        1.48846
           2194           2194        393.587        395.667        1.48285
           2195           2195        393.749        395.833        1.47723
           2196           2196        393.914            396        1.47158
           2197           2197        394.086        396.167        1.46594
           2198           2198        394.259        396.333        1.46028
           2199           2199        394.425          396.5        1.45463
           2200           2200        394.595        396.667        1.44895
           2201           2201        394.757        396.833        1.44329
           2202           2202        394.923            397        1.43762
           2203           2203        395.092        397.167        1.43194
           2204           2204        395.262        397.333        1.42626
           2205           2205        395.434          397.5        1.42057
           2206           2206        395.595        397.667        1.41488
           2207           2207        395.771        397.833        1.40918
           2208           2208        395.939            398        1.40349
           2209           2209        396.104        398.167        1.39776
           2210           2210        396.275        398.333        1.39203
           2211           2211        396.443          398.5        1.38631
           2212           2212        396.609        398.667        1.38058
           2213           2213        396.771        398.833        1.37484
           2214           2214        396.947            399        1.36911
           2215           2215        397.113        399.167        1.36338
           2216           2216        397.276        399.333        1.35766
           2217           2217        397.449          399.5        1.35195
           2218           2218        397.615        399.667        1.34623
           2219           2219        397.781        399.833        1.34051
           2220           2220        397.953            400        1.33478
           2221           2221        398.115        400.167        1.32906
           2222           2222        398.288        400.333        1.32334
           2223           2223        398.461          400.5        1.31762
           2224           2224         398.62        400.667        1.31191
           2225           2225        398.796        400.833        1.30621
           2226           2226        398.958            401        1.30051
           2227           2227        399.134        401.167        1.29481
           2228           2228        399.306        401.333        1.28911
           2229           2229        399.469          401.5        1.28343
           2230           2230         399.63        401.667        1.27776
           2231           2231        399.792        401.833        1.27209
           2232           2232         399.97            402        1.26642
           2233           2233        400.134        402.167        1.26078
           2234           2234        400.306        402.333        1.25514
           2235           2235        400.475          402.5        1.24951
           2236           2236        400.641        402.667        1.24389
           2237           2237         400.81        402.833         1.2383
           2238           2238        400.979            403        1.23271
           2239           2239        401.141        403.167        1.22713
           2240           2240        401.312        403.333        1.22157
           2241           2241        401.483          403.5        1.21602
           2242           2242        401.652        403.667        1.21053
           2243           2243        401.818        403.833        1.20504
           2244           2244        401.983            404        1.19957
           2245           2245        402.149        404.167        1.19411
           2246           2246        402.315        404.333        1.18872
           2247           2247        402.487          404.5        1.18332
           2248           2248        402.654        404.667        1.17792
           2249           2249        402.826        404.833        1.17254
           2250           2250        402.995            405         1.1672
           2251           2251        403.167        405.167        1.16186
           2252           2252        403.332        405.333        1.15655
           2253           2253        403.504          405.5        1.15126
           2254           2254        403.668        405.667        1.14603
           2255           2255        403.839        405.833         1.1408
           2256           2256        404.013            406        1.13559
           2257           2257        404.172        406.167        1.13038
           2258           2258        404.344        406.333        1.12527
           2259           2259        404.521          406.5        1.12014
           2260           2260        404.681        406.667        1.11501
           2261           2261        404.856        406.833         1.1099
           2262           2262        405.015            407        1.10486
           2263           2263        405.189        407.167        1.09982
           2264           2264        405.353        407.333         1.0948
           2265           2265        405.526          407.5        1.08979
           2266           2266        405.699        407.667        1.08487
           2267           2267        405.861        407.833        1.07993
           2268           2268        406.029            408        1.07501
           2269           2269        406.202        408.167        1.07011
           2270           2270        406.368        408.333        1.06531
           2271           2271        406.536          408.5        1.06049
           2272           2272        406.704        408.667         1.0557
           2273           2273        406.874        408.833        1.05095
           2274           2274        407.036            409        1.04624
           2275           2275         407.21        409.167        1.04166
           2276           2276        407.378        409.333        1.03704
           2277           2277        407.547          409.5        1.03243
           2278           2278         407.71        409.667        1.02782
           2279           2279        407.886        409.833        1.02331
           2280           2280        408.054            410        1.01878
           2281           2281        408.222        410.167        1.01428
           2282           2282         408.39        410.333         1.0098
           2283           2283        408.563          410.5        1.00542
           2284           2284        408.726        410.667        1.00106
           2285           2285        408.891        410.833       0.996747
           2286           2286        409.062            411       0.992469
           2287           2287         409.23        411.167       0.988351
           2288           2288        409.399        411.333       0.984187
           2289           2289        409.572          411.5       0.980045
           2290           2290         409.74        411.667       0.975927
           2291           2291         409.92        411.833       0.971914
           2292           2292        410.083            412       0.967887
           2293           2293        410.244        412.167       0.963882
           2294           2294        410.407        412.333       0.959895
           2295           2295        410.579          412.5       0.956013
           2296           2296        410.751        412.667        0.95212
           2297           2297         410.91        412.833       0.948249
           2298           2298        411.088            413       0.944398
           2299           2299        411.251        413.167       0.940659
           2300           2300        411.428        413.333       0.936908
           2301           2301        411.592          413.5       0.933181
           2302           2302        411.757        413.667       0.929474
           2303           2303        411.921        413.833       0.925887
           2304           2304        412.102            414       0.922286
           2305           2305        412.265        414.167       0.918711
           2306           2306        412.438        414.333        0.91517
           2307           2307         412.61          414.5       0.911655
           2308           2308        412.782        414.667       0.908256
           2309           2309        412.951        414.833       0.904833
           2310           2310        413.115            415       0.901436
           2311           2311         413.29        415.167       0.898064
           2312           2312        413.455        415.333       0.894801
           2313           2313        413.618          415.5       0.891531
           2314           2314        413.796        415.667        0.88829
           2315           2315         413.96        415.833       0.885076
           2316           2316        414.132            416        0.88198
           2317           2317        414.289        416.167       0.878849
           2318           2318        414.467        416.333       0.875733
           2319           2319        414.638          416.5       0.872639
           2320           2320        414.811        416.667       0.869648
           2321           2321        414.972        416.833       0.866653
           2322           2322        415.145            417       0.863676
           2323           2323        415.313        417.167       0.860712
           2324           2324        415.471        417.333        0.85785
           2325           2325        415.645          417.5       0.854967
           2326           2326        415.816        417.667       0.852108
           2327           2327        415.988        417.833       0.849271
           2328           2328        416.149            418       0.846527
           2329           2329        416.318        418.167       0.843791
           2330           2330        416.484        418.333       0.841084
           2331           2331        416.652          418.5       0.838397
           2332           2332        416.821        418.667       0.835847
           2333           2333        416.992        418.833       0.833272
           2334           2334        417.166            419       0.830717
           2335           2335        417.335        419.167       0.828179
           2336           2336        417.502        419.333       0.825729
           2337           2337        417.657          419.5       0.823252
           2338           2338        417.834        419.667       0.820783
           2339           2339         418.01        419.833       0.818339
           2340           2340        418.179            420       0.815916
           2341           2341        418.341        420.167       0.813556
           2342           2342        418.507        420.333       0.811188
           2343           2343        418.679          420.5       0.808829
           2344           2344        418.849        420.667       0.806478
           2345           2345        419.015        420.833       0.804196
           2346           2346        419.183            421       0.801903
           2347           2347        419.354        421.167       0.799623
           2348           2348        419.518        421.333       0.797351
           2349           2349        419.683          421.5       0.795126
           2350           2350        419.852        421.667       0.792902
           2351           2351        420.024        421.833       0.790689
           2352           2352        420.192            422       0.788487
           2353           2353        420.358        422.167       0.786357
           2354           2354        420.528        422.333       0.784224
           2355           2355        420.696          422.5       0.782105
           2356           2356        420.868        422.667       0.779999
           2357           2357        421.045        422.833        0.77797
           2358           2358        421.208            423        0.77592
           2359           2359        421.376        423.167       0.773881
           2360           2360        421.544        423.333       0.771853
           2361           2361        421.716          423.5       0.769868
           2362           2362        421.882        423.667       0.767878
           2363           2363        422.048        423.833       0.765901
           2364           2364        422.221            424       0.763932
           2365           2365         422.39        424.167       0.762009
           2366           2366        422.554        424.333       0.760087
           2367           2367        422.725          424.5       0.758182
           2368           2368         422.89        424.667       0.756291
           2369           2369        423.061        424.833       0.754469
           2370           2370        423.221            425       0.752642
           2371           2371        423.393        425.167       0.750828
           2372           2372        423.559        425.333       0.749031
           2373           2373        423.725          425.5       0.747247
           2374           2374        423.899        425.667       0.745528
           2375           2375        424.075        425.833       0.743795
           2376           2376         424.24            426       0.742072
           2377           2377        424.398        426.167       0.740355
           2378           2378        424.566        426.333       0.738666
           2379           2379        424.742          426.5       0.736972
           2380           2380        424.908        426.667       0.735289
           2381           2381        425.078        426.833        0.73362
           2382           2382        425.244            427       0.731982
           2383           2383        425.411        427.167       0.730342
           2384           2384        425.578        427.333       0.728712
           2385           2385        425.752          427.5       0.727093
           2386           2386        425.923        427.667       0.725525
           2387           2387        426.086        427.833       0.723947
           2388           2388        426.252            428       0.722376
           2389           2389        426.422        428.167       0.720811
           2390           2390        426.596        428.333       0.719288
           2391           2391        426.756          428.5       0.717755
           2392           2392        426.929        428.667       0.716229
           2393           2393        427.096        428.833        0.71471
           2394           2394        427.265            429       0.713222
           2395           2395        427.431        429.167       0.711732
           2396           2396        427.604        429.333       0.710256
           2397           2397        427.774          429.5       0.708792
           2398           2398        427.936        429.667       0.707374
           2399           2399        428.106        429.833       0.705953
           2400           2400        428.269            430        0.70454
           2401           2401        428.441        430.167       0.703135
           2402           2402        428.606        430.333       0.701777
           2403           2403        428.777          430.5       0.700402
           2404           2404        428.945        430.667       0.699029
           2405           2405        429.112        430.833       0.697662
           2406           2406        429.276            431       0.696298
           2407           2407        429.444        431.167        0.69495
           2408           2408        429.616        431.333       0.693601
           2409           2409        429.794          431.5        0.69226
           2410           2410        429.961        431.667       0.690926
           2411           2411        430.122        431.833       0.689615
           2412           2412        430.291            432       0.688307
           2413           2413        430.454        432.167       0.687012
           2414           2414        430.622        432.333       0.685728
           2415           2415        430.785          432.5       0.684484
           2416           2416        430.958        432.667       0.683232
           2417           2417        431.124        432.833       0.681984
           2418           2418        431.299            433        0.68074
           2419           2419        431.465        433.167       0.679525
           2420           2420        431.628        433.333       0.678301
           2421           2421        431.796          433.5       0.677081
           2422           2422        431.965        433.667       0.675867
           2423           2423        432.134        433.833       0.674671
           2424           2424        432.301            434       0.673476
           2425           2425        432.474        434.167       0.672285
           2426           2426        432.645        434.333       0.671096
           2427           2427        432.804          434.5       0.669935
           2428           2428        432.973        434.667       0.668766
           2429           2429        433.142        434.833       0.667601
           2430           2430        433.314            435       0.666439
           2431           2431        433.481        435.167       0.665293
           2432           2432        433.649        435.333       0.664145
           2433           2433        433.815          435.5          0.663
           2434           2434        433.983        435.667        0.66186
           2435           2435        434.146        435.833       0.660744
           2436           2436        434.314            436       0.659628
           2437           2437        434.491        436.167       0.658517
           2438           2438        434.655        436.333       0.657415
           2439           2439        434.823          436.5       0.656318
           2440           2440        434.986        436.667       0.655242
           2441           2441        435.154        436.833       0.654157
           2442           2442        435.326            437       0.653075
           2443           2443          435.5        437.167       0.651999
           2444           2444        435.664        437.333       0.650935
           2445           2445        435.823          437.5       0.649871
           2446           2446            436        437.667       0.648807
           2447           2447        436.164        437.833       0.647744
           2448           2448        436.327            438         0.6467
           2449           2449        436.503        438.167       0.645653
           2450           2450        436.667        438.333       0.644608
           2451           2451        436.838          438.5       0.643567
           2452           2452            437        438.667       0.642534
           2453           2453        437.174        438.833         0.6415
           2454           2454        437.335            439       0.640466
           2455           2455        437.503        439.167       0.639434
           2456           2456         437.67        439.333       0.638415
           2457           2457        437.835          439.5       0.637397
           2458           2458        438.012        439.667       0.636382
           2459           2459        438.178        439.833       0.635372
           2460           2460        438.347            440       0.634377
           2461           2461        438.519        440.167       0.633377
           2462           2462         438.68        440.333       0.632381
           2463           2463         438.85          440.5       0.631387
           2464           2464        439.015        440.667       0.630396
           2465           2465        439.179        440.833       0.629401
           2466           2466        439.357            441       0.628407
           2467           2467        439.523        441.167       0.627414
           2468           2468        439.687        441.333        0.62642
           2469           2469        439.858          441.5        0.62543
           2470           2470        440.024        441.667       0.624449
           2471           2471         440.19        441.833       0.623476
           2472           2472        440.354            442       0.622505
           2473           2473        440.519        442.167       0.621554
           2474           2474        440.688        442.333         0.6206
           2475           2475        440.862          442.5       0.619649
           2476           2476        441.028        442.667       0.618698
           2477           2477        441.192        442.833       0.617757
           2478           2478        441.365            443       0.616809
           2479           2479        441.527        443.167       0.615861
           2480           2480        441.691        443.333       0.614916
           2481           2481        441.858          443.5       0.613972
           2482           2482        442.025        443.667       0.613031
           2483           2483        442.189        443.833       0.612093
           2484           2484        442.362            444       0.611157
           2485           2485        442.534        444.167       0.610234
           2486           2486        442.698        444.333       0.609309
           2487           2487        442.863          444.5       0.608386
           2488           2488        443.036        444.667       0.607465
           2489           2489        443.201        444.833       0.606555
           2490           2490        443.367            445       0.605641
           2491           2491        443.538        445.167       0.604725
           2492           2492        443.701        445.333       0.603806
           2493           2493         443.87          445.5       0.602885
           2494           2494        444.041        445.667       0.601962
           2495           2495        444.203        445.833        0.60104
           2496           2496        444.373            446       0.600118
           2497           2497        444.538        446.167       0.599188
           2498           2498        444.709        446.333       0.598263
           2499           2499         444.87          446.5       0.597342
           2500           2500        445.043        446.667       0.596423
           2501           2501         445.21        446.833       0.595516
           2502           2502         445.37            447       0.594607
           2503           2503        445.546        447.167       0.593694
           2504           2504        445.709        447.333       0.592782
           2505           2505        445.881          447.5       0.591872
           2506           2506         446.05        447.667       0.590969
           2507           2507        446.217        447.833       0.590064
           2508           2508        446.382            448       0.589157
           2509           2509        446.551        448.167       0.588248
           2510           2510        446.718        448.333       0.587346
           2511           2511        446.885          448.5        0.58645
           2512           2512        447.058        448.667        0.58556
           2513           2513        447.226        448.833       0.584672
           2514           2514        447.391            449       0.583794
           2515           2515        447.558        449.167       0.582912
           2516           2516        447.727        449.333        0.58203
           2517           2517        447.891          449.5       0.581147
           2518           2518        448.061        449.667       0.580263
           2519           2519        448.226        449.833       0.579376
           2520           2520        448.393            450       0.578487
           2521           2521        448.567        450.167       0.577598
           2522           2522        448.726        450.333       0.576712
           2523           2523         448.89          450.5       0.575835
           2524           2524        449.062        450.667       0.574961
           2525           2525        449.229        450.833       0.574088
           2526           2526        449.401            451        0.57323
           2527           2527        449.566        451.167       0.572365
           2528           2528        449.721        451.333       0.571498
           2529           2529        449.895          451.5       0.570632
           2530           2530        450.062        451.667       0.569767
           2531           2531        450.235        451.833       0.568907
           2532           2532        450.407            452       0.568053
           2533           2533        450.571        452.167       0.567202
           2534           2534        450.741        452.333       0.566365
           2535           2535        450.911          452.5       0.565524
           2536           2536        451.077        452.667       0.564681
           2537           2537        451.238        452.833       0.563839
           2538           2538        451.407            453       0.562999
           2539           2539        451.577        453.167       0.562161
           2540           2540        451.746        453.333        0.56132
           2541           2541        451.915          453.5       0.560484
           2542           2542        452.079        453.667        0.55965
           2543           2543        452.245        453.833       0.558824
           2544           2544        452.415            454       0.557998
           2545           2545        452.579        454.167       0.557169
           2546           2546        452.747        454.333        0.55634
           2547           2547        452.917          454.5       0.555523
           2548           2548        453.083        454.667         0.5547
           2549           2549        453.244        454.833       0.553874
           2550           2550        453.418            455       0.553049
           2551           2551        453.585        455.167       0.552227
           2552           2552        453.761        455.333       0.551408
           2553           2553        453.921          455.5       0.550592
           2554           2554        454.087        455.667       0.549779
           2555           2555        454.261        455.833       0.548979
           2556           2556        454.422            456       0.548177
           2557           2557         454.59        456.167       0.547375
           2558           2558        454.757        456.333       0.546573
           2559           2559        454.923          456.5       0.545777
           2560           2560        455.086        456.667       0.544977
           2561           2561        455.257        456.833       0.544176
           2562           2562        455.424            457       0.543376
           2563           2563        455.597        457.167       0.542584
           2564           2564        455.769        457.333       0.541803
           2565           2565        455.935          457.5       0.541031
           2566           2566        456.094        457.667       0.540265
           2567           2567        456.264        457.833       0.539525
           2568           2568        456.434            458       0.538774
           2569           2569        456.602        458.167       0.538021
           2570           2570         456.77        458.333       0.537268
           2571           2571         456.94          458.5       0.536518
           2572           2572        457.106        458.667       0.535779
           2573           2573        457.266        458.833       0.535042
           2574           2574        457.433            459       0.534307
           2575           2575        457.608        459.167       0.533573
           2576           2576         457.77        459.333       0.532852
           2577           2577        457.937          459.5       0.532122
           2578           2578        458.104        459.667        0.53139
           2579           2579         458.27        459.833       0.530657
           2580           2580        458.437            460       0.529923
           2581           2581        458.617        460.167       0.529193
           2582           2582        458.779        460.333       0.528466
           2583           2583        458.949          460.5        0.52774
           2584           2584        459.121        460.667       0.527021
           2585           2585        459.277        460.833       0.526303
           2586           2586        459.446            461       0.525588
           2587           2587        459.613        461.167       0.524876
           2588           2588        459.786        461.333       0.524172
           2589           2589        459.952          461.5       0.523468
           2590           2590        460.121        461.667       0.522767
           2591           2591        460.285        461.833       0.522069
           2592           2592        460.449            462       0.521393
           2593           2593         460.62        462.167       0.520716
           2594           2594        460.784        462.333       0.520043
           2595           2595        460.956          462.5       0.519374
           2596           2596        461.121        462.667       0.518727
           2597           2597        461.285        462.833       0.518074
           2598           2598         461.45            463       0.517425
           2599           2599        461.624        463.167       0.516777
           2600           2600        461.794        463.333       0.516138
           2601           2601        461.957          463.5       0.515494
           2602           2602        462.132        463.667        0.51485
           2603           2603        462.296        463.833       0.514206
           2604           2604         462.47            464       0.513563
           2605           2605        462.636        464.167       0.512922
           2606           2606        462.802        464.333       0.512286
           2607           2607        462.974          464.5       0.511657
           2608           2608        463.137        464.667       0.511032
           2609           2609        463.302        464.833       0.510425
           2610           2610        463.475            465       0.509816
           2611           2611         463.64        465.167       0.509207
           2612           2612        463.806        465.333         0.5086
           2613           2613        463.969          465.5        0.50801
           2614           2614        464.141        465.667       0.507414
           2615           2615        464.314        465.833       0.506822
           2616           2616        464.477            466       0.506237
           2617           2617        464.644        466.167       0.505669
           2618           2618        464.809        466.333       0.505104
           2619           2619        464.982          466.5       0.504546
           2620           2620        465.148        466.667       0.503993
           2621           2621         465.32        466.833       0.503471
           2622           2622        465.484            467       0.502939
           2623           2623        465.652        467.167       0.502408
           2624           2624        465.821        467.333        0.50188
           2625           2625        465.992          467.5        0.50136
           2626           2626        466.162        467.667       0.500836
           2627           2627        466.321        467.833       0.500311
           2628           2628        466.492            468       0.499786
           2629           2629         466.66        468.167       0.499254
           2630           2630        466.824        468.333       0.498721
           2631           2631         466.99          468.5       0.498186
           2632           2632        467.162        468.667       0.497653
           2633           2633        467.326        468.833       0.497124
           2634           2634        467.497            469       0.496603
           2635           2635        467.661        469.167       0.496087
           2636           2636        467.833        469.333       0.495575
           2637           2637        468.004          469.5       0.495065
           2638           2638        468.166        469.667       0.494576
           2639           2639        468.336        469.833       0.494081
           2640           2640        468.504            470       0.493593
           2641           2641        468.673        470.167       0.493111
           2642           2642        468.842        470.333       0.492644
           2643           2643        469.004          470.5       0.492172
           2644           2644        469.177        470.667       0.491699
           2645           2645        469.345        470.833       0.491228
           2646           2646        469.514            471       0.490772
           2647           2647        469.689        471.167       0.490313
           2648           2648        469.841        471.333       0.489859
           2649           2649        470.008          471.5       0.489407
           2650           2650        470.182        471.667       0.488964
           2651           2651        470.346        471.833       0.488523
           2652           2652        470.508            472       0.488082
           2653           2653        470.677        472.167       0.487643
           2654           2654         470.85        472.333       0.487214
           2655           2655         471.02          472.5       0.486778
           2656           2656        471.185        472.667       0.486342
           2657           2657        471.354        472.833       0.485906
           2658           2658        471.518            473       0.485472
           2659           2659        471.693        473.167        0.48504
           2660           2660        471.861        473.333       0.484609
           2661           2661        472.033          473.5       0.484176
           2662           2662        472.196        473.667       0.483751
           2663           2663         472.36        473.833       0.483325
           2664           2664        472.525            474       0.482901
           2665           2665        472.697        474.167       0.482479
           2666           2666        472.861        474.333       0.482062
           2667           2667        473.026          474.5       0.481646
           2668           2668        473.186        474.667       0.481234
           2669           2669        473.351        474.833       0.480827
           2670           2670        473.525            475       0.480438
           2671           2671        473.689        475.167       0.480045
           2672           2672        473.853        475.333        0.47965
           2673           2673         474.02          475.5       0.479253
           2674           2674        474.188        475.667       0.478871
           2675           2675        474.357        475.833       0.478486
           2676           2676        474.527            476       0.478105
           2677           2677        474.697        476.167       0.477726
           2678           2678        474.863        476.333       0.477352
           2679           2679        475.024          476.5       0.476981
           2680           2680        475.197        476.667       0.476617
           2681           2681        475.369        476.833       0.476256
           2682           2682        475.539            477       0.475926
           2683           2683        475.699        477.167         0.4756
           2684           2684        475.867        477.333       0.475277
           2685           2685        476.039          477.5       0.474955
           2686           2686        476.207        477.667        0.47465
           2687           2687        476.367        477.833       0.474321
           2688           2688        476.536            478       0.473982
           2689           2689        476.709        478.167       0.473638
           2690           2690        476.872        478.333       0.473263
           2691           2691        477.044          478.5       0.472905
           2692           2692        477.206        478.667       0.472551
           2693           2693        477.368        478.833       0.472196
           2694           2694        477.544            479       0.471835
           2695           2695        477.707        479.167       0.471472
           2696           2696        477.881        479.333        0.47111
           2697           2697        478.043          479.5       0.470753
           2698           2698         478.21        479.667       0.470408
           2699           2699        478.378        479.833       0.470071
           2700           2700        478.543            480       0.469739
           2701           2701        478.708        480.167        0.46941
           2702           2702        478.875        480.333       0.469107
           2703           2703        479.052          480.5       0.468788
           2704           2704         479.22        480.667       0.468462
           2705           2705        479.382        480.833       0.468133
           2706           2706        479.548            481       0.467803
           2707           2707        479.722        481.167       0.467482
           2708           2708        479.878        481.333       0.467161
           2709           2709        480.051          481.5       0.466835
           2710           2710        480.214        481.667       0.466503
           2711           2711        480.383        481.833       0.466164
           2712           2712        480.555            482       0.465822
           2713           2713        480.716        482.167       0.465481
           2714           2714        480.895        482.333       0.465131
           2715           2715         481.06          482.5       0.464795
           2716           2716        481.226        482.667       0.464465
           2717           2717        481.386        482.833       0.464137
           2718           2718        481.546            483       0.463826
           2719           2719        481.723        483.167       0.463506
           2720           2720        481.878        483.333        0.46319
           2721           2721         482.05          483.5       0.462876
           2722           2722        482.222        483.667       0.462566
           2723           2723        482.386        483.833       0.462258
           2724           2724        482.558            484       0.461951
           2725           2725        482.722        484.167       0.461643
           2726           2726         482.89        484.333       0.461338
           2727           2727        483.056          484.5       0.461025
           2728           2728        483.229        484.667       0.460715
           2729           2729        483.382        484.833       0.460408
           2730           2730        483.559            485       0.460098
           2731           2731        483.724        485.167       0.459794
           2732           2732        483.888        485.333        0.45949
           2733           2733        484.062          485.5       0.459187
           2734           2734        484.231        485.667       0.458891
           2735           2735        484.398        485.833       0.458586
           2736           2736        484.564            486       0.458279
           2737           2737        484.728        486.167       0.457974
           2738           2738        484.898        486.333       0.457665
           2739           2739        485.064          486.5       0.457355
           2740           2740        485.236        486.667       0.457037
           2741           2741        485.402        486.833       0.456713
           2742           2742        485.569            487       0.456384
           2743           2743        485.729        487.167       0.456056
           2744           2744        485.902        487.333        0.45573
           2745           2745        486.069          487.5       0.455401
           2746           2746        486.237        487.667       0.455053
           2747           2747        486.401        487.833       0.454705
           2748           2748        486.574            488       0.454352
           2749           2749         486.75        488.167       0.453995
           2750           2750        486.906        488.333       0.453629
           2751           2751        487.078          488.5       0.453273
           2752           2752        487.249        488.667       0.452918
           2753           2753        487.421        488.833       0.452561
           2754           2754        487.573            489       0.452197
           2755           2755        487.745        489.167       0.451825
           2756           2756        487.917        489.333       0.451445
           2757           2757        488.082          489.5       0.451059
           2758           2758        488.258        489.667       0.450652
           2759           2759        488.418        489.833       0.450257
           2760           2760        488.593            490       0.449862
           2761           2761        488.756        490.167       0.449465
           2762           2762        488.922        490.333       0.449058
           2763           2763        489.087          490.5        0.44865
           2764           2764        489.259        490.667       0.448239
           2765           2765         489.43        490.833       0.447828
           2766           2766        489.595            491       0.447412
           2767           2767        489.765        491.167       0.446994
           2768           2768        489.927        491.333        0.44657
           2769           2769        490.097          491.5       0.446136
           2770           2770        490.264        491.667       0.445696
           2771           2771        490.432        491.833       0.445238
           2772           2772        490.595            492       0.444792
           2773           2773        490.773        492.167       0.444352
           2774           2774        490.935        492.333       0.443911
           2775           2775        491.104          492.5       0.443454
           2776           2776        491.273        492.667       0.442995
           2777           2777        491.439        492.833       0.442537
           2778           2778        491.607            493        0.44208
           2779           2779         491.77        493.167       0.441621
           2780           2780         491.94        493.333       0.441168
           2781           2781        492.102          493.5       0.440712
           2782           2782        492.271        493.667        0.44025
           2783           2783        492.438        493.833       0.439787
           2784           2784        492.606            494       0.439314
           2785           2785        492.775        494.167       0.438837
           2786           2786        492.938        494.333       0.438358
           2787           2787        493.111          494.5       0.437854
           2788           2788        493.278        494.667        0.43736
           2789           2789        493.442        494.833        0.43686
           2790           2790        493.615            495       0.436354
           2791           2791         493.78        495.167       0.435836
           2792           2792        493.939        495.333       0.435322
           2793           2793        494.106          495.5       0.434813
           2794           2794        494.276        495.667       0.434307
           2795           2795        494.444        495.833       0.433797
           2796           2796        494.618            496       0.433298
           2797           2797        494.783        496.167       0.432801
           2798           2798        494.955        496.333       0.432303
           2799           2799        495.122          496.5       0.431832
           2800           2800        495.287        496.667       0.431358
           2801           2801        495.455        496.833       0.430889
           2802           2802        495.618            497       0.430424
           2803           2803        495.783        497.167        0.42996
           2804           2804        495.952        497.333       0.429503
           2805           2805        496.118          497.5       0.429034
           2806           2806        496.291        497.667       0.428562
           2807           2807         496.46        497.833       0.428089
           2808           2808         496.63            498       0.427608
           2809           2809         496.79        498.167       0.427135
           2810           2810        496.964        498.333       0.426663
           2811           2811        497.123          498.5        0.42619
           2812           2812        497.296        498.667       0.425719
           2813           2813        497.464        498.833       0.425244
           2814           2814        497.631            499       0.424775
           2815           2815        497.798        499.167       0.424311
           2816           2816        497.966        499.333       0.423854
           2817           2817        498.134          499.5       0.423399
           2818           2818        498.302        499.667       0.422939
           2819           2819        498.465        499.833       0.422474
           2820           2820        498.638            500       0.422016
           2821           2821        498.802        500.167       0.421552
           2822           2822        498.962        500.333       0.421093
           2823           2823        499.137          500.5       0.420639
           2824           2824        499.305        500.667       0.420178
           2825           2825         499.47        500.833       0.419725
           2826           2826        499.643            501       0.419267
           2827           2827        499.811        501.167       0.418806
           2828           2828        499.969        501.333       0.418353
           2829           2829        500.133          501.5       0.417896
           2830           2830        500.309        501.667       0.417444
           2831           2831        500.478        501.833       0.416997
           2832           2832        500.641            502       0.416542
           2833           2833        500.811        502.167       0.416092
           2834           2834        500.974        502.333       0.415642
           2835           2835        501.142          502.5       0.415192
           2836           2836        501.314        502.667       0.414744
           2837           2837         501.48        502.833       0.414306
           2838           2838        501.651            503       0.413869
           2839           2839        501.817        503.167       0.413436
           2840           2840        501.987        503.333       0.413006
           2841           2841        502.152          503.5       0.412588
           2842           2842        502.317        503.667       0.412162
           2843           2843        502.497        503.833       0.411735
           2844           2844        502.658            504       0.411308
           2845           2845        502.825        504.167       0.410887
           2846           2846        502.989        504.333       0.410467
           2847           2847        503.157          504.5       0.410047
           2848           2848        503.324        504.667       0.409625
           2849           2849        503.494        504.833       0.409214
           2850           2850        503.655            505       0.408805
           2851           2851        503.826        505.167       0.408399
           2852           2852        503.992        505.333       0.407993
           2853           2853        504.159          505.5       0.407595
           2854           2854        504.325        505.667        0.40719
           2855           2855        504.492        505.833       0.406783
           2856           2856        504.652            506       0.406376
           2857           2857        504.824        506.167       0.405972
           2858           2858        504.992        506.333       0.405574
           2859           2859        505.161          506.5       0.405183
           2860           2860        505.335        506.667       0.404798
           2861           2861        505.501        506.833       0.404431
           2862           2862        505.675            507       0.404056
           2863           2863         505.84        507.167        0.40368
           2864           2864        506.009        507.333       0.403302
           2865           2865         506.17          507.5       0.402925
           2866           2866        506.336        507.667       0.402541
           2867           2867        506.503        507.833       0.402157
           2868           2868        506.671            508       0.401778
           2869           2869        506.843        508.167       0.401404
           2870           2870         507.01        508.333       0.401039
           2871           2871        507.174          508.5       0.400689
           2872           2872        507.338        508.667       0.400356
           2873           2873        507.498        508.833       0.400035
           2874           2874        507.669            509       0.399762
           2875           2875        507.847        509.167       0.399471
           2876           2876        508.011        509.333       0.399177
           2877           2877        508.181          509.5       0.398883
           2878           2878        508.346        509.667       0.398602
           2879           2879        508.518        509.833       0.398312
           2880           2880        508.677            510       0.398024
           2881           2881        508.846        510.167       0.397738
           2882           2882        509.005        510.333       0.397433
           2883           2883        509.174          510.5       0.397125
           2884           2884        509.346        510.667       0.396814
           2885           2885        509.509        510.833       0.396501
           2886           2886        509.678            511       0.396184
           2887           2887        509.848        511.167        0.39588
           2888           2888        510.017        511.333       0.395582
           2889           2889         510.18          511.5       0.395285
           2890           2890         510.35        511.667       0.394999
           2891           2891        510.524        511.833       0.394701
           2892           2892        510.685            512       0.394403
           2893           2893        510.858        512.167       0.394111
           2894           2894        511.024        512.333       0.393829
           2895           2895         511.19          512.5       0.393554
           2896           2896        511.358        512.667       0.393281
           2897           2897         511.52        512.833       0.393009
           2898           2898        511.674            513       0.392758
           2899           2899        511.847        513.167       0.392494
           2900           2900        512.016        513.333       0.392232
           2901           2901        512.184          513.5       0.391975
           2902           2902        512.355        513.667       0.391719
           2903           2903        512.519        513.833       0.391456
           2904           2904        512.685            514       0.391189
           2905           2905        512.854        514.167       0.390918
           2906           2906        513.023        514.333       0.390646
           2907           2907        513.181          514.5       0.390378
           2908           2908        513.348        514.667        0.39012
           2909           2909        513.521        514.833       0.389864
           2910           2910        513.689            515       0.389607
           2911           2911        513.849        515.167       0.389358
           2912           2912         514.02        515.333       0.389103
           2913           2913        514.184          515.5       0.388847
           2914           2914        514.351        515.667       0.388588
           2915           2915        514.521        515.833       0.388322
           2916           2916        514.693            516       0.388063
           2917           2917        514.855        516.167       0.387806
           2918           2918        515.023        516.333       0.387552
           2919           2919        515.192          516.5       0.387309
           2920           2920         515.36        516.667       0.387068
           2921           2921        515.523        516.833        0.38683
           2922           2922        515.693            517       0.386592
           2923           2923         515.86        517.167       0.386368
           2924           2924        516.025        517.333       0.386142
           2925           2925        516.193          517.5       0.385916
           2926           2926        516.365        517.667       0.385689
           2927           2927        516.534        517.833       0.385464
           2928           2928        516.703            518       0.385236
           2929           2929        516.873        518.167       0.385008
           2930           2930        517.042        518.333       0.384782
           2931           2931        517.208          518.5       0.384558
           2932           2932        517.374        518.667       0.384338
           2933           2933        517.541        518.833       0.384121
           2934           2934          517.7            519       0.383908
           2935           2935        517.873        519.167       0.383694
           2936           2936        518.033        519.333       0.383488
           2937           2937        518.192          519.5       0.383274
           2938           2938        518.369        519.667       0.383058
           2939           2939        518.537        519.833       0.382842
           2940           2940        518.702            520       0.382623
           2941           2941        518.868        520.167       0.382408
           2942           2942        519.036        520.333       0.382196
           2943           2943        519.202          520.5       0.381985
           2944           2944        519.377        520.667       0.381769
           2945           2945        519.542        520.833       0.381548
           2946           2946        519.709            521       0.381326
           2947           2947         519.87        521.167       0.381106
           2948           2948        520.036        521.333       0.380884
           2949           2949        520.205          521.5       0.380673
           2950           2950        520.369        521.667       0.380469
           2951           2951        520.534        521.833       0.380268
           2952           2952        520.702            522       0.380092
           2953           2953        520.868        522.167       0.379908
           2954           2954        521.038        522.333       0.379721
           2955           2955        521.202          522.5       0.379533
           2956           2956        521.375        522.667       0.379348
           2957           2957        521.537        522.833       0.379155
           2958           2958        521.706            523        0.37896
           2959           2959         521.87        523.167       0.378765
           2960           2960        522.046        523.333       0.378564
           2961           2961        522.209          523.5       0.378369
           2962           2962        522.377        523.667       0.378178
           2963           2963        522.543        523.833       0.377988
           2964           2964        522.701            524       0.377808
           2965           2965        522.878        524.167       0.377626
           2966           2966        523.046        524.333       0.377448
           2967           2967        523.213          524.5        0.37727
           2968           2968        523.378        524.667       0.377093
           2969           2969        523.544        524.833       0.376922
           2970           2970        523.721            525       0.376745
           2971           2971        523.888        525.167       0.376563
           2972           2972        524.049        525.333       0.376378
           2973           2973        524.209          525.5       0.376183
           2974           2974        524.379        525.667       0.375991
           2975           2975        524.549        525.833         0.3758
           2976           2976        524.716            526       0.375609
           2977           2977        524.884        526.167       0.375409
           2978           2978        525.051        526.333       0.375219
           2979           2979         525.22          526.5       0.375038
           2980           2980        525.384        526.667        0.37486
           2981           2981        525.557        526.833       0.374696
           2982           2982        525.716            527       0.374534
           2983           2983        525.888        527.167        0.37437
           2984           2984        526.053        527.333       0.374206
           2985           2985        526.214          527.5       0.374052
           2986           2986        526.385        527.667        0.37389
           2987           2987        526.549        527.833       0.373724
           2988           2988        526.712            528       0.373556
           2989           2989        526.881        528.167       0.373379
           2990           2990        527.064        528.333       0.373204
           2991           2991        527.223          528.5       0.373029
           2992           2992        527.379        528.667       0.372854
           2993           2993        527.555        528.833       0.372677
           2994           2994        527.715            529       0.372505
           2995           2995        527.891        529.167       0.372339
           2996           2996        528.064        529.333       0.372178
           2997           2997        528.232          529.5       0.372014
           2998           2998        528.395        529.667       0.371843
           2999           2999        528.557        529.833        0.37167
           3000           3000        528.724            530       0.371497
           3001           3001        528.891        530.167       0.371324
           3002           3002        529.058        530.333       0.371133
           3003           3003         529.23          530.5       0.370947
           3004           3004        529.391        530.667       0.370764
           3005           3005        529.561        530.833       0.370583
           3006           3006        529.732            531       0.370399
           3007           3007        529.898        531.167        0.37022
           3008           3008        530.066        531.333       0.370047
           3009           3009        530.235          531.5       0.369877
           3010           3010          530.4        531.667        0.36972
           3011           3011        530.562        531.833       0.369561
           3012           3012        530.729            532       0.369404
           3013           3013        530.898        532.167       0.369244
           3014           3014        531.062        532.333       0.369089
           3015           3015        531.226          532.5       0.368928
           3016           3016        531.395        532.667       0.368764
           3017           3017        531.567        532.833       0.368599
           3018           3018        531.727            533       0.368423
           3019           3019        531.899        533.167       0.368252
           3020           3020        532.063        533.333       0.368083
           3021           3021         532.23          533.5       0.367914
           3022           3022        532.401        533.667       0.367748
           3023           3023        532.565        533.833        0.36758
           3024           3024        532.733            534       0.367415
           3025           3025        532.907        534.167       0.367253
           3026           3026        533.072        534.333       0.367099
           3027           3027        533.238          534.5       0.366946
           3028           3028        533.403        534.667       0.366795
           3029           3029        533.576        534.833       0.366647
           3030           3030        533.737            535       0.366511
           3031           3031        533.907        535.167        0.36637
           3032           3032        534.071        535.333       0.366227
           3033           3033        534.238          535.5       0.366084
           3034           3034        534.405        535.667        0.36594
           3035           3035        534.586        535.833       0.365782
           3036           3036        534.753            536       0.365616
           3037           3037        534.919        536.167       0.365449
           3038           3038        535.085        536.333       0.365284
           3039           3039        535.254          536.5       0.365109
           3040           3040        535.418        536.667       0.364947
           3041           3041        535.587        536.833        0.36479
           3042           3042        535.754            537       0.364633
           3043           3043        535.919        537.167         0.3645
           3044           3044        536.089        537.333       0.364361
           3045           3045        536.253          537.5       0.364222
           3046           3046        536.421        537.667       0.364085
           3047           3047        536.585        537.833       0.363955
           3048           3048        536.757            538       0.363821
           3049           3049        536.923        538.167       0.363685
           3050           3050         537.09        538.333       0.363549
           3051           3051        537.263          538.5       0.363414
           3052           3052        537.423        538.667       0.363278
           3053           3053        537.597        538.833       0.363142
           3054           3054        537.758            539       0.363009
           3055           3055        537.916        539.167       0.362879
           3056           3056        538.083        539.333       0.362746
           3057           3057        538.256          539.5       0.362609
           3058           3058        538.415        539.667       0.362472
           3059           3059        538.592        539.833        0.36233
           3060           3060        538.762            540       0.362187
           3061           3061        538.925        540.167       0.362041
           3062           3062        539.093        540.333       0.361893
           3063           3063         539.26          540.5       0.361729
           3064           3064        539.427        540.667       0.361569
           3065           3065        539.595        540.833       0.361412
           3066           3066        539.764            541       0.361254
           3067           3067        539.934        541.167       0.361097
           3068           3068        540.093        541.333       0.360939
           3069           3069        540.261          541.5       0.360781
           3070           3070        540.432        541.667       0.360621
           3071           3071        540.597        541.833       0.360462
           3072           3072         540.76            542       0.360312
           3073           3073        540.933        542.167       0.360164
           3074           3074        541.096        542.333       0.360019
           3075           3075        541.263          542.5       0.359874
           3076           3076        541.436        542.667       0.359733
           3077           3077        541.595        542.833       0.359584
           3078           3078        541.768            543       0.359434
           3079           3079        541.931        543.167       0.359283
           3080           3080        542.091        543.333       0.359121
           3081           3081        542.263          543.5       0.358966
           3082           3082        542.427        543.667       0.358816
           3083           3083        542.597        543.833       0.358669
           3084           3084        542.764            544       0.358524
           3085           3085        542.924        544.167       0.358384
           3086           3086        543.095        544.333       0.358252
           3087           3087        543.263          544.5       0.358123
           3088           3088        543.431        544.667       0.358007
           3089           3089        543.596        544.833       0.357884
           3090           3090        543.761            545       0.357759
           3091           3091        543.936        545.167       0.357633
           3092           3092        544.095        545.333       0.357511
           3093           3093        544.268          545.5       0.357386
           3094           3094        544.441        545.667       0.357258
           3095           3095        544.603        545.833       0.357129
           3096           3096        544.771            546       0.356995
           3097           3097        544.932        546.167       0.356863
           3098           3098        545.098        546.333       0.356732
           3099           3099        545.262          546.5       0.356602
           3100           3100        545.431        546.667       0.356471
           3101           3101        545.599        546.833        0.35634
           3102           3102        545.766            547        0.35621
           3103           3103        545.938        547.167        0.35608
           3104           3104        546.099        547.333       0.355951
           3105           3105        546.266          547.5       0.355826
           3106           3106        546.442        547.667       0.355703
           3107           3107          546.6        547.833       0.355578
           3108           3108        546.763            548        0.35545
           3109           3109        546.938        548.167       0.355322
           3110           3110        547.106        548.333       0.355188
           3111           3111        547.266          548.5        0.35505
           3112           3112        547.435        548.667       0.354912
           3113           3113        547.609        548.833       0.354764
           3114           3114        547.774            549       0.354625
           3115           3115        547.939        549.167       0.354488
           3116           3116        548.103        549.333       0.354349
           3117           3117        548.273          549.5       0.354214
           3118           3118        548.439        549.667       0.354084
           3119           3119        548.612        549.833       0.353957
           3120           3120         548.78            550       0.353829
           3121           3121        548.946        550.167       0.353705
           3122           3122        549.099        550.333       0.353582
           3123           3123        549.273          550.5       0.353458
           3124           3124         549.43        550.667       0.353332
           3125           3125        549.606        550.833       0.353208
           3126           3126        549.775            551       0.353082
           3127           3127        549.939        551.167       0.352951
           3128           3128        550.111        551.333       0.352816
           3129           3129        550.274          551.5       0.352681
           3130           3130         550.44        551.667       0.352552
           3131           3131        550.613        551.833       0.352424
           3132           3132        550.784            552       0.352297
           3133           3133        550.933        552.167       0.352171
           3134           3134        551.109        552.333       0.352047
           3135           3135         551.28          552.5       0.351918
           3136           3136        551.437        552.667       0.351794
           3137           3137        551.603        552.833       0.351674
           3138           3138        551.772            553       0.351553
           3139           3139        551.937        553.167       0.351437
           3140           3140        552.108        553.333       0.351326
           3141           3141        552.271          553.5       0.351217
           3142           3142         552.44        553.667       0.351125
           3143           3143        552.605        553.833       0.351022
           3144           3144        552.768            554       0.350914
           3145           3145        552.944        554.167       0.350803
           3146           3146        553.107        554.333       0.350685
           3147           3147        553.277          554.5       0.350567
           3148           3148        553.443        554.667       0.350451
           3149           3149        553.611        554.833       0.350337
           3150           3150        553.773            555       0.350214
           3151           3151         553.94        555.167       0.350096
           3152           3152        554.102        555.333       0.349981
           3153           3153        554.266          555.5       0.349869
           3154           3154        554.435        555.667       0.349764
           3155           3155        554.597        555.833       0.349656
           3156           3156        554.766            556       0.349546
           3157           3157        554.936        556.167       0.349436
           3158           3158        555.099        556.333       0.349323
           3159           3159        555.267          556.5       0.349207
           3160           3160        555.432        556.667       0.349092
           3161           3161          555.6        556.833       0.348976
           3162           3162        555.762            557       0.348852
           3163           3163        555.932        557.167       0.348731
           3164           3164        556.094        557.333       0.348611
           3165           3165         556.26          557.5       0.348491
           3166           3166        556.434        557.667       0.348372
           3167           3167        556.602        557.833       0.348255
           3168           3168        556.771            558       0.348139
           3169           3169        556.935        558.167       0.348023
           3170           3170        557.099        558.333       0.347904
           3171           3171         557.26          558.5       0.347792
           3172           3172        557.434        558.667       0.347679
           3173           3173        557.599        558.833       0.347567
           3174           3174        557.755            559       0.347456
           3175           3175        557.926        559.167       0.347348
           3176           3176        558.088        559.333        0.34724
           3177           3177        558.249          559.5       0.347134
           3178           3178        558.421        559.667       0.347028
           3179           3179        558.589        559.833       0.346928
           3180           3180         558.76            560       0.346827
           3181           3181        558.921        560.167       0.346726
           3182           3182        559.092        560.333       0.346625
           3183           3183        559.252          560.5       0.346528
           3184           3184        559.419        560.667       0.346428
           3185           3185        559.585        560.833       0.346322
           3186           3186        559.751            561       0.346212
           3187           3187        559.917        561.167       0.346094
           3188           3188        560.087        561.333       0.345975
           3189           3189        560.248          561.5       0.345855
           3190           3190         560.42        561.667       0.345734
           3191           3191        560.586        561.833       0.345594
           3192           3192        560.753            562       0.345459
           3193           3193         560.91        562.167       0.345325
           3194           3194        561.073        562.333       0.345191
           3195           3195         561.25          562.5       0.345058
           3196           3196         561.41        562.667       0.344931
           3197           3197        561.585        562.833       0.344804
           3198           3198        561.754            563       0.344679
           3199           3199        561.918        563.167       0.344557
           3200           3200        562.077        563.333       0.344453
           3201           3201         562.24          563.5       0.344346
           3202           3202        562.407        563.667       0.344238
           3203           3203        562.581        563.833       0.344132
           3204           3204        562.746            564       0.344038
           3205           3205        562.911        564.167        0.34394
           3206           3206        563.075        564.333       0.343838
           3207           3207        563.243          564.5       0.343732
           3208           3208        563.408        564.667       0.343625
           3209           3209        563.577        564.833       0.343516
           3210           3210         563.75            565       0.343404
           3211           3211        563.916        565.167       0.343292
           3212           3212        564.077        565.333        0.34317
           3213           3213        564.248          565.5        0.34305
           3214           3214        564.403        565.667       0.342934
           3215           3215        564.581        565.833       0.342822
           3216           3216        564.742            566       0.342719
           3217           3217        564.912        566.167       0.342621
           3218           3218        565.076        566.333       0.342525
           3219           3219        565.241          566.5        0.34243
           3220           3220        565.409        566.667       0.342354
           3221           3221        565.578        566.833       0.342263
           3222           3222        565.745            567       0.342165
           3223           3223        565.912        567.167       0.342063
           3224           3224         566.08        567.333       0.341958
           3225           3225        566.244          567.5       0.341854
           3226           3226        566.411        567.667       0.341747
           3227           3227        566.577        567.833       0.341637
           3228           3228         566.74            568       0.341524
           3229           3229        566.903        568.167       0.341412
           3230           3230        567.064        568.333       0.341305
           3231           3231        567.235          568.5       0.341202
           3232           3232        567.408        568.667       0.341103
           3233           3233        567.579        568.833       0.341007
           3234           3234        567.743            569       0.340908
           3235           3235        567.911        569.167       0.340809
           3236           3236        568.074        569.333       0.340709
           3237           3237         568.24          569.5       0.340609
           3238           3238        568.412        569.667       0.340508
           3239           3239        568.574        569.833       0.340405
           3240           3240        568.743            570       0.340299
           3241           3241        568.906        570.167       0.340183
           3242           3242        569.078        570.333       0.340071
           3243           3243        569.242          570.5       0.339962
           3244           3244        569.409        570.667       0.339856
           3245           3245        569.575        570.833       0.339752
           3246           3246        569.743            571       0.339652
           3247           3247        569.906        571.167       0.339554
           3248           3248        570.069        571.333       0.339459
           3249           3249        570.243          571.5       0.339375
           3250           3250        570.403        571.667        0.33928
           3251           3251        570.575        571.833       0.339179
           3252           3252        570.743            572       0.339077
           3253           3253        570.909        572.167        0.33897
           3254           3254        571.075        572.333       0.338865
           3255           3255        571.238          572.5       0.338758
           3256           3256        571.401        572.667       0.338651
           3257           3257         571.57        572.833       0.338548
           3258           3258        571.734            573       0.338451
           3259           3259        571.904        573.167       0.338357
           3260           3260        572.068        573.333       0.338264
           3261           3261        572.238          573.5        0.33818
           3262           3262          572.4        573.667       0.338093
           3263           3263        572.567        573.833       0.338006
           3264           3264        572.733            574        0.33792
           3265           3265        572.892        574.167       0.337834
           3266           3266        573.063        574.333       0.337751
           3267           3267        573.226          574.5       0.337667
           3268           3268        573.388        574.667       0.337583
           3269           3269         573.56        574.833       0.337496
           3270           3270        573.728            575       0.337406
           3271           3271        573.899        575.167       0.337314
           3272           3272        574.071        575.333       0.337221
           3273           3273        574.231          575.5       0.337129
           3274           3274         574.39        575.667       0.337029
           3275           3275         574.56        575.833        0.33693
           3276           3276        574.727            576       0.336832
           3277           3277        574.894        576.167       0.336734
           3278           3278        575.057        576.333       0.336637
           3279           3279        575.227          576.5       0.336542
           3280           3280        575.395        576.667        0.33645
           3281           3281        575.557        576.833        0.33636
           3282           3282        575.722            577       0.336274
           3283           3283        575.892        577.167       0.336185
           3284           3284        576.054        577.333       0.336095
           3285           3285        576.221          577.5       0.336004
           3286           3286        576.389        577.667       0.335914
           3287           3287        576.557        577.833       0.335829
           3288           3288        576.717            578       0.335748
           3289           3289        576.889        578.167       0.335666
           3290           3290        577.057        578.333       0.335581
           3291           3291        577.216          578.5       0.335493
           3292           3292        577.388        578.667       0.335401
           3293           3293        577.553        578.833       0.335308
           3294           3294        577.721            579       0.335201
           3295           3295        577.881        579.167         0.3351
           3296           3296        578.051        579.333       0.335005
           3297           3297        578.216          579.5       0.334918
           3298           3298         578.38        579.667       0.334833
           3299           3299        578.548        579.833       0.334756
           3300           3300        578.719            580       0.334676
           3301           3301        578.884        580.167       0.334594
           3302           3302        579.046        580.333       0.334512
           3303           3303        579.218          580.5       0.334428
           3304           3304        579.384        580.667       0.334344
           3305           3305        579.552        580.833       0.334265
           3306           3306        579.724            581        0.33419
           3307           3307        579.888        581.167       0.334118
           3308           3308        580.052        581.333       0.334052
           3309           3309        580.215          581.5       0.333987
           3310           3310        580.375        581.667       0.333923
           3311           3311        580.547        581.833       0.333878
           3312           3312        580.711            582       0.333822
           3313           3313        580.886        582.167       0.333764
           3314           3314        581.053        582.333       0.333704
           3315           3315        581.208          582.5       0.333631
           3316           3316        581.368        582.667       0.333557
           3317           3317        581.534        582.833       0.333479
           3318           3318        581.706            583       0.333398
           3319           3319        581.877        583.167       0.333304
           3320           3320        582.038        583.333       0.333215
           3321           3321        582.206          583.5       0.333126
           3322           3322        582.381        583.667       0.333038
           3323           3323        582.539        583.833       0.332952
           3324           3324        582.705            584       0.332863
           3325           3325        582.868        584.167       0.332773
           3326           3326        583.036        584.333       0.332686
           3327           3327        583.204          584.5       0.332603
           3328           3328         583.38        584.667       0.332519
           3329           3329        583.545        584.833        0.33243
           3330           3330        583.704            585        0.33234
           3331           3331        583.868        585.167       0.332251
           3332           3332        584.028        585.333       0.332167
           3333           3333        584.194          585.5       0.332087
           3334           3334         584.36        585.667       0.332009
           3335           3335        584.522        585.833       0.331929
           3336           3336        584.687            586       0.331861
           3337           3337        584.846        586.167       0.331791
           3338           3338        585.014        586.333       0.331721
           3339           3339        585.178          586.5        0.33165
           3340           3340        585.356        586.667       0.331575
           3341           3341        585.528        586.833       0.331498
           3342           3342        585.685            587       0.331422
           3343           3343        585.853        587.167       0.331346
           3344           3344        586.018        587.333       0.331265
           3345           3345        586.182          587.5       0.331184
           3346           3346        586.347        587.667       0.331098
           3347           3347        586.508        587.833       0.331011
           3348           3348        586.681            588       0.330917
           3349           3349        586.852        588.167        0.33082
           3350           3350        587.016        588.333       0.330723
           3351           3351        587.181          588.5       0.330628
           3352           3352        587.344        588.667       0.330528
           3353           3353        587.513        588.833       0.330438
           3354           3354        587.676            589       0.330348
           3355           3355        587.843        589.167       0.330254
           3356           3356        588.005        589.333        0.33017
           3357           3357        588.171          589.5       0.330081
           3358           3358        588.341        589.667        0.32999
           3359           3359        588.508        589.833       0.329896
           3360           3360        588.672            590       0.329792
           3361           3361         588.84        590.167       0.329698
           3362           3362        589.008        590.333        0.32961
           3363           3363        589.173          590.5       0.329526
           3364           3364        589.336        590.667       0.329444
           3365           3365        589.498        590.833       0.329375
           3366           3366        589.656            591       0.329301
           3367           3367        589.828        591.167       0.329226
           3368           3368        589.991        591.333       0.329152
           3369           3369        590.159          591.5       0.329083
           3370           3370        590.331        591.667       0.329015
           3371           3371        590.499        591.833       0.328952
           3372           3372        590.671            592        0.32889
           3373           3373        590.837        592.167       0.328836
           3374           3374        591.001        592.333       0.328779
           3375           3375        591.165          592.5       0.328723
           3376           3376         591.33        592.667       0.328665
           3377           3377        591.498        592.833       0.328608
           3378           3378        591.657            593       0.328547
           3379           3379        591.831        593.167       0.328483
           3380           3380        591.999        593.333       0.328417
           3381           3381        592.163          593.5       0.328343
           3382           3382        592.331        593.667       0.328274
           3383           3383        592.499        593.833       0.328205
           3384           3384        592.659            594       0.328138
           3385           3385        592.825        594.167       0.328075
           3386           3386        592.997        594.333       0.328012
           3387           3387         593.16          594.5       0.327947
           3388           3388        593.326        594.667       0.327879
           3389           3389        593.491        594.833       0.327809
           3390           3390        593.655            595       0.327734
           3391           3391        593.825        595.167       0.327657
           3392           3392        593.994        595.333        0.32758
           3393           3393        594.153          595.5       0.327492
           3394           3394        594.321        595.667       0.327409
           3395           3395        594.487        595.833       0.327326
           3396           3396        594.649            596       0.327245
           3397           3397        594.814        596.167       0.327168
           3398           3398        594.978        596.333       0.327097
           3399           3399        595.143          596.5       0.327027
           3400           3400        595.308        596.667       0.326953
           3401           3401        595.476        596.833       0.326875
           3402           3402         595.65            597       0.326796
           3403           3403        595.824        597.167        0.32672
           3404           3404         595.99        597.333       0.326644
           3405           3405        596.149          597.5       0.326567
           3406           3406        596.316        597.667       0.326486
           3407           3407        596.481        597.833         0.3264
           3408           3408        596.649            598       0.326316
           3409           3409        596.806        598.167       0.326237
           3410           3410        596.979        598.333       0.326165
           3411           3411        597.149          598.5       0.326096
           3412           3412        597.312        598.667       0.326029
           3413           3413        597.471        598.833       0.325964
           3414           3414        597.635            599         0.3259
           3415           3415        597.802        599.167       0.325839
           3416           3416        597.969        599.333       0.325781
           3417           3417        598.135          599.5       0.325729
           3418           3418        598.306        599.667       0.325682
           3419           3419        598.464        599.833       0.325641
           3420           3420        598.631            600       0.325602


Results:
Texts:

  $INFILL-90
  Sample Weight
  INFILL-90, 4.3000 mg

Sample:
  INFILL-90, 4.3000 mg
Evaluation:
  


Curve Name:
  $INFILL-90
  Heatflow
Curve Values:
          Index              t             Ts             Tr          Value
                           [s]           [°C]           [°C]           [mW]
              0              0        37.1257             30        41.3079
              1              1        37.1279        30.1667        41.1057
              2              2        37.1432        30.3333         40.989
              3              3        37.1857           30.5        40.8896
              4              4        37.2452        30.6667        40.6968
              5              5        37.3151        30.8333        40.6088
              6              6        37.4188             31        40.5502
              7              7        37.5251        31.1667        40.4966
              8              8        37.6457        31.3333        40.5034
              9              9        37.7794           31.5        40.4711
             10             10        37.9051        31.6667        40.4338
             11             11        38.0361        31.8333        40.3991
             12             12        38.1658             32        40.4351
             13             13        38.3163        32.1667        40.4381
             14             14        38.4667        32.3333        40.4419
             15             15        38.6302           32.5        40.4473
             16             16        38.7637        32.6667        40.4893
             17             17         38.922        32.8333        40.5105
             18             18        39.0867             33         40.529
             19             19        39.2475        33.1667        40.5476
             20             20        39.4044        33.3333        40.5885
             21             21        39.5769           33.5        40.6185
             22             22        39.7507        33.6667        40.6473
             23             23        39.9219        33.8333        40.6758
             24             24        40.0775             34        40.7092
             25             25        40.2382        34.1667        40.7389
             26             26        40.4107        34.3333        40.7668
             27             27        40.5936           34.5        40.7936
             28             28        40.7517        34.6667          40.82
             29             29        40.9215        34.8333        40.8479
             30             30        41.1031             35        40.8749
             31             31        41.2807        35.1667        40.9018
             32             32        41.4427        35.3333        40.9282
             33             33         41.619           35.5        40.9509
             34             34        41.7835        35.6667        40.9738
             35             35        41.9468        35.8333        40.9986
             36             36        42.1231             36        41.0254
             37             37        42.2941        36.1667        41.0476
             38             38          42.46        36.3333        41.0698
             39             39        42.6349           36.5        41.0906
             40             40         42.806        36.6667        41.1101
             41             41        42.9757        36.8333        41.1306
             42             42        43.1532             37        41.1504
             43             43        43.3073        37.1667        41.1685
             44             44        43.4939        37.3333        41.1863
             45             45        43.6636           37.5        41.2002
             46             46        43.8242        37.6667        41.2143
             47             47          43.99        37.8333        41.2276
             48             48        44.1505             38        41.2401
             49             49        44.3215        38.1667        41.2434
             50             50        44.5002        38.3333        41.2508
             51             51        44.6517           38.5        41.2566
             52             52        44.8187        38.6667        41.2597
             53             53        44.9883        38.8333        41.2583
             54             54        45.1463             39        41.2607
             55             55        45.3172        39.1667        41.2602
             56             56        45.4712        39.3333         41.258
             57             57        45.6395           39.5        41.2476
             58             58        45.8052        39.6667        41.2426
             59             59        45.9605        39.8333         41.237
             60             60        46.1131             40        41.2309
             61             61        46.2697        40.1667        41.2236
             62             62        46.4536        40.3333        41.2075
             63             63        46.6076           40.5        41.1961
             64             64        46.7602        40.6667        41.1867
             65             65        46.9141        40.8333         41.177
             66             66        47.0863             41         41.164
             67             67        47.2454        41.1667        41.1532
             68             68        47.4007        41.3333        41.1426
             69             69        47.5689           41.5        41.1325
             70             70        47.7189        41.6667        41.1195
             71             71        47.8741        41.8333        41.1082
             72             72         48.041             42        41.0994
             73             73         48.208        42.1667        41.0918
             74             74        48.3606        42.3333        41.0868
             75             75        48.5275           42.5        41.0792
             76             76        48.6879        42.6667        41.0711
             77             77        48.8404        42.8333        41.0635
             78             78        49.0073             43        41.0597
             79             79        49.1586        43.1667        41.0549
             80             80        49.3242        43.3333        41.0491
             81             81        49.4897           43.5        41.0436
             82             82        49.6514        43.6667        41.0384
             83             83         49.804        43.8333        41.0341
             84             84        49.9565             44        41.0296
             85             85        50.1286        44.1667        41.0229
             86             86         50.285        44.3333        41.0173
             87             87        50.4558           44.5        41.0122
             88             88        50.6031        44.6667        41.0062
             89             89        50.7725        44.8333        40.9989
             90             90        50.9159             45        40.9911
             91             91        51.0815        45.1667        40.9868
             92             92        51.2587        45.3333        40.9829
             93             93        51.4034           45.5        40.9786
             94             94        51.5611        45.6667         40.974
             95             95        51.7267        45.8333        40.9714
             96             96        51.8883             46        40.9664
             97             97        52.0356        46.1667        40.9617
             98             98        52.1985        46.3333        40.9587
             99             99        52.3627           46.5        40.9608
            100            100         52.523        46.6667        40.9601
            101            101        52.6846        46.8333          40.96
            102            102         52.837             47        40.9609
            103            103        53.0051        47.1667         40.962
            104            104         53.155        47.3333        40.9629
            105            105        53.3127           47.5        40.9663
            106            106        53.4782        47.6667        40.9712
            107            107        53.6527        47.8333        40.9834
            108            108        53.8026             48        40.9908
            109            109        53.9576        48.1667        40.9959
            110            110         54.127        48.3333        41.0006
            111            111         54.286           48.5         41.011
            112            112        54.4332        48.6667        41.0198
            113            113        54.5974        48.8333        41.0274
            114            114        54.7641             49        41.0348
            115            115        54.9231        49.1667        41.0469
            116            116        55.0846        49.3333        41.0593
            117            117        55.2305           49.5        41.0692
            118            118        55.3908        49.6667        41.0777
            119            119         55.551        49.8333        41.0848
            120            120        55.7204             50        41.0941
            121            121         55.878        50.1667        41.1055
            122            122        56.0291        50.3333        41.1165
            123            123        56.1867           50.5        41.1296
            124            124        56.3574        50.6667        41.1418
            125            125        56.5176        50.8333        41.1535
            126            126        56.6596             51        41.1634
            127            127        56.8237        51.1667        41.1712
            128            128        56.9735        51.3333        41.1823
            129            129        57.1376           51.5        41.1955
            130            130         57.303        51.6667         41.209
            131            131        57.4541        51.8333        41.2236
            132            132        57.6104             52        41.2357
            133            133        57.7758        52.1667        41.2465
            134            134        57.9269        52.3333        41.2573
            135            135         58.078           52.5        41.2684
            136            136        58.2239        52.6667        41.2776
            137            137        58.4036        52.8333         41.288
            138            138        58.5573             53         41.299
            139            139        58.7136        53.1667        41.3104
            140            140        58.8725        53.3333        41.3208
            141            141         59.017           53.5        41.3293
            142            142        59.1707        53.6667        41.3373
            143            143        59.3322        53.8333        41.3465
            144            144        59.4833             54        41.3522
            145            145        59.6487        54.1667        41.3593
            146            146        59.7984        54.3333         41.367
            147            147        59.9612           54.5        41.3762
            148            148        60.1084        54.6667        41.3836
            149            149        60.2672        54.8333        41.3923
            150            150        60.4144             55        41.4022
            151            151        60.5772        55.1667        41.4112
            152            152        60.7295        55.3333         41.422
            153            153        60.8858           55.5        41.4321
            154            154        61.0368        55.6667        41.4433
            155            155        61.1931        55.8333        41.4554
            156            156        61.3545             56        41.4707
            157            157        61.5043        56.1667         41.484
            158            158        61.6657        56.3333        41.4959
            159            159        61.8142           56.5        41.5087
            160            160        61.9743        56.6667        41.5224
            161            161         62.128        56.8333        41.5365
            162            162        62.2777             57        41.5501
            163            163        62.4418        57.1667        41.5632
            164            164        62.5915        57.3333        41.5762
            165            165        62.7451           57.5        41.5918
            166            166        62.9014        57.6667        41.6086
            167            167        63.0524        57.8333        41.6268
            168            168        63.2191             58        41.6443
            169            169        63.3623        58.1667        41.6593
            170            170        63.5159        58.3333        41.6711
            171            171        63.6747           58.5        41.6807
            172            172        63.8271        58.6667        41.6915
            173            173        63.9846        58.8333        41.7046
            174            174        64.1408             59        41.7166
            175            175        64.2997        59.1667        41.7259
            176            176        64.4572        59.3333        41.7345
            177            177        64.6004           59.5        41.7373
            178            178        64.7566        59.6667        41.7433
            179            179        64.8855        59.8333        41.7491
            180            180         65.043             60        41.7549
            181            181        65.2045        60.1667        41.7568
            182            182        65.3607        60.3333        41.7619
            183            183        65.5104           60.5        41.7675
            184            184        65.6536        60.6667        41.7723
            185            185        65.8085        60.8333        41.7746
            186            186        65.9673             61        41.7788
            187            187        66.1092        61.1667        41.7835
            188            188        66.2655        61.3333        41.7894
            189            189        66.4074           61.5         41.796
            190            190        66.5701        61.6667        41.8039
            191            191        66.7237        61.8333        41.8132
            192            192        66.8721             62        41.8212
            193            193        67.0153        62.1667        41.8272
            194            194        67.1741        62.3333        41.8364
            195            195        67.3199           62.5        41.8428
            196            196        67.4683        62.6667        41.8501
            197            197         67.631        62.8333        41.8578
            198            198        67.7781             63        41.8678
            199            199        67.9395        63.1667        41.8737
            200            200        68.0984        63.3333        41.8784
            201            201        68.2298           63.5         41.884
            202            202         68.386        63.6667        41.8865
            203            203        68.5331        63.8333        41.8919
            204            204        68.6867             64        41.8968
            205            205        68.8468        64.1667        41.9028
            206            206        68.9952        64.3333        41.9086
            207            207        69.1436           64.5        41.9151
            208            208        69.2868        64.6667        41.9231
            209            209        69.4391        64.8333         41.932
            210            210        69.5992             65        41.9387
            211            211         69.758        65.1667        41.9442
            212            212         69.896        65.3333        41.9502
            213            213        70.0482           65.5        41.9567
            214            214        70.1966        65.6667        41.9637
            215            215        70.3463        65.8333          41.97
            216            216        70.5077             66        41.9757
            217            217        70.6626        66.1667        41.9817
            218            218         70.811        66.3333        41.9892
            219            219        70.9502           66.5        41.9956
            220            220        71.1051        66.6667        42.0019
            221            221        71.2574        66.8333        42.0078
            222            222        71.4123             67        42.0134
            223            223        71.5581        67.1667        42.0185
            224            224        71.7116        67.3333        42.0237
            225            225          71.86           67.5        42.0303
            226            226        72.0097        67.6667        42.0366
            227            227        72.1659        67.8333        42.0443
            228            228        72.3104             68        42.0524
            229            229        72.4652        68.1667        42.0605
            230            230        72.6123        68.3333         42.069
            231            231        72.7672           68.5        42.0756
            232            232         72.909        68.6667        42.0828
            233            233        73.0717        68.8333        42.0905
            234            234        73.2136             69        42.0979
            235            235        73.3698        69.1667         42.107
            236            236        73.5182        69.3333        42.1159
            237            237        73.6744           69.5        42.1254
            238            238         73.824        69.6667        42.1338
            239            239        73.9763        69.8333        42.1389
            240            240        74.1169             70         42.144
            241            241         74.273        70.1667        42.1483
            242            242        74.4227        70.3333        42.1519
            243            243        74.5724           70.5        42.1536
            244            244        74.7234        70.6667        42.1564
            245            245        74.8769        70.8333        42.1591
            246            246        75.0344             71        42.1623
            247            247        75.1724        71.1667        42.1574
            248            248        75.3233        71.3333        42.1557
            249            249        75.4743           71.5         42.155
            250            250        75.6175        71.6667        42.1543
            251            251        75.7697        71.8333        42.1521
            252            252        75.9181             72        42.1507
            253            253        76.0678        72.1667         42.151
            254            254          76.22        72.3333        42.1515
            255            255         76.371           72.5        42.1522
            256            256        76.5129        72.6667        42.1532
            257            257        76.6677        72.8333        42.1542
            258            258        76.8148             73        42.1558
            259            259        76.9736        73.1667        42.1592
            260            260        77.1167        73.3333        42.1681
            261            261        77.2703           73.5        42.1729
            262            262        77.4252        73.6667        42.1775
            263            263        77.5631        73.8333        42.1837
            264            264        77.7219             74        42.1912
            265            265        77.8703        74.1667        42.1948
            266            266        78.0199        74.3333        42.1992
            267            267        78.1761           74.5        42.2054
            268            268        78.3297        74.6667        42.2139
            269            269         78.478        74.8333        42.2197
            270            270        78.6212             75        42.2242
            271            271        78.7774        75.1667         42.228
            272            272        78.9322        75.3333          42.23
            273            273        79.0728           75.5        42.2322
            274            274        79.2198        75.6667        42.2349
            275            275        79.3825        75.8333        42.2375
            276            276        79.5257             76        42.2403
            277            277        79.6766        76.1667        42.2449
            278            278        79.8315        76.3333        42.2501
            279            279         79.976           76.5        42.2551
            280            280        80.1334        76.6667        42.2573
            281            281        80.2792        76.8333        42.2605
            282            282         80.421             77        42.2636
            283            283        80.5746        77.1667        42.2663
            284            284        80.7269        77.3333         42.273
            285            285        80.8856           77.5        42.2782
            286            286        81.0405        77.6667        42.2847
            287            287        81.1875        77.8333        42.2913
            288            288        81.3359             78         42.301
            289            289        81.4869        78.1667        42.3107
            290            290        81.6339        78.3333          42.32
            291            291        81.7849           78.5        42.3276
            292            292        81.9319        78.6667        42.3328
            293            293        82.0855        78.8333        42.3426
            294            294        82.2391             79        42.3492
            295            295          82.39        79.1667        42.3543
            296            296         82.554        79.3333        42.3606
            297            297        82.7037           79.5        42.3681
            298            298        82.8455        79.6667        42.3734
            299            299        83.0017        79.8333        42.3768
            300            300        83.1396             80        42.3785
            301            301        83.2906        80.1667        42.3691
            302            302        83.4467        80.3333        42.3692
            303            303        83.5925           80.5        42.3713
            304            304        83.7435        80.6667        42.3727
            305            305        83.9009        80.8333         42.377
            306            306        84.0506             81        42.3806
            307            307         84.195        81.1667        42.3839
            308            308        84.3434        81.3333        42.3876
            309            309        84.4891           81.5        42.3872
            310            310        84.6466        81.6667        42.3872
            311            311        84.8066        81.8333        42.3876
            312            312        84.9498             82        42.3887
            313            313        85.0929        82.1667        42.3951
            314            314        85.2582        82.3333        42.3987
            315            315        85.4014           82.5        42.4025
            316            316        85.5588        82.6667         42.407
            317            317        85.7085        82.8333        42.4082
            318            318        85.8568             83        42.4102
            319            319        86.0013        83.1667        42.4142
            320            320        86.1561        83.3333        42.4183
            321            321         86.311           83.5         42.422
            322            322        86.4619        83.6667        42.4248
            323            323        86.6142        83.8333        42.4268
            324            324        86.7665             84        42.4283
            325            325        86.9213        84.1667        42.4304
            326            326        87.0593        84.3333        42.4327
            327            327        87.2181           84.5        42.4349
            328            328        87.3755        84.6667        42.4365
            329            329        87.5252        84.8333        42.4374
            330            330        87.6696             85        42.4357
            331            331        87.8232        85.1667        42.4354
            332            332        87.9676        85.3333        42.4348
            333            333        88.1251           85.5        42.4338
            334            334        88.2812        85.6667        42.4311
            335            335        88.4309        85.8333        42.4288
            336            336        88.5753             86         42.428
            337            337        88.7289        86.1667        42.4272
            338            338        88.8798        86.3333        42.4221
            339            339        89.0269           86.5         42.421
            340            340        89.1856        86.6667         42.421
            341            341        89.3301        86.8333        42.4201
            342            342         89.481             87        42.4163
            343            343        89.6281        87.1667        42.4132
            344            344        89.7868        87.3333        42.4104
            345            345         89.943           87.5        42.4083
            346            346        90.0901        87.6667         42.408
            347            347        90.2436        87.8333        42.4061
            348            348        90.3998             88        42.4044
            349            349        90.5442        88.1667        42.4024
            350            350        90.6913        88.3333        42.3954
            351            351        90.8383           88.5        42.3917
            352            352        90.9945        88.6667        42.3916
            353            353        91.1428        88.8333        42.3938
            354            354        91.2977             89        42.3975
            355            355         91.446        89.1667        42.3967
            356            356        91.5996        89.3333        42.3957
            357            357        91.7492           89.5        42.3953
            358            358        91.9015        89.6667        42.3947
            359            359        92.0485        89.8333        42.3972
            360            360        92.2034             90        42.3969
            361            361         92.366        90.1667        42.3972
            362            362        92.5222        90.3333        42.3981
            363            363        92.6627           90.5        42.3958
            364            364        92.8059        90.6667        42.3936
            365            365        92.9698        90.8333         42.392
            366            366        93.1117             91          42.39
            367            367        93.2704        91.1667          42.39
            368            368        93.4214        91.3333          42.39
            369            369        93.5736           91.5        42.3899
            370            370         93.722        91.6667        42.3902
            371            371        93.8782        91.8333        42.3928
            372            372        94.0213             92        42.3937
            373            373        94.1801        92.1667        42.3935
            374            374        94.3284        92.3333        42.3927
            375            375        94.4859           92.5        42.3973
            376            376        94.6381        92.6667        42.3984
            377            377        94.7852        92.8333        42.3968
            378            378        94.9426             93         42.394
            379            379         95.104        93.1667        42.3902
            380            380         95.255        93.3333         42.386
            381            381        95.3981           93.5        42.3836
            382            382        95.5504        93.6667        42.3819
            383            383        95.7065        93.8333        42.3766
            384            384         95.864             94        42.3759
            385            385        96.0045        94.1667        42.3758
            386            386        96.1581        94.3333        42.3743
            387            387        96.3026           94.5          42.37
            388            388        96.4587        94.6667         42.366
            389            389        96.6084        94.8333        42.3626
            390            390        96.7697             95        42.3597
            391            391        96.9272        95.1667        42.3584
            392            392        97.0781        95.3333        42.3644
            393            393         97.233           95.5        42.3676
            394            394        97.3839        95.6667        42.3703
            395            395         97.531        95.8333        42.3725
            396            396        97.6859             96         42.369
            397            397        97.8355        96.1667        42.3669
            398            398        97.9878        96.3333        42.3667
            399            399        98.1439           96.5        42.3683
            400            400        98.2962        96.6667        42.3757
            401            401        98.4536        96.8333        42.3788
            402            402        98.6111             97        42.3788
            403            403        98.7686        97.1667        42.3775
            404            404        98.9182        97.3333        42.3765
            405            405        99.0653           97.5        42.3775
            406            406         99.211        97.6667        42.3788
            407            407        99.3737        97.8333        42.3807
            408            408        99.5272             98        42.3831
            409            409        99.6808        98.1667         42.385
            410            410        99.8291        98.3333        42.3859
            411            411        99.9736           98.5         42.386
            412            412        100.134        98.6667        42.3861
            413            413         100.29        98.8333         42.388
            414            414        100.446             99        42.3908
            415            415        100.593        99.1667        42.3933
            416            416        100.752        99.3333         42.397
            417            417        100.905           99.5        42.4024
            418            418        101.052        99.6667        42.4091
            419            419        101.202        99.8333        42.4144
            420            420        101.362            100        42.4185
            421            421        101.512        100.167        42.4212
            422            422        101.669        100.333        42.4236
            423            423        101.824          100.5        42.4255
            424            424        101.968        100.667        42.4275
            425            425         102.13        100.833        42.4339
            426            426        102.293            101        42.4358
            427            427        102.443        101.167         42.436
            428            428        102.594        101.333        42.4359
            429            429        102.738          101.5        42.4298
            430            430        102.896        101.667        42.4274
            431            431        103.047        101.833        42.4262
            432            432        103.198            102        42.4255
            433            433        103.362        102.167        42.4229
            434            434        103.512        102.333        42.4212
            435            435        103.661          102.5        42.4211
            436            436        103.816        102.667        42.4236
            437            437        103.966        102.833        42.4222
            438            438        104.123            103         42.422
            439            439        104.273        103.167        42.4217
            440            440        104.436        103.333        42.4219
            441            441        104.584          103.5         42.426
            442            442        104.739        103.667        42.4287
            443            443        104.894        103.833        42.4311
            444            444         105.06            104        42.4329
            445            445        105.215        104.167        42.4373
            446            446        105.361        104.333        42.4396
            447            447        105.513          104.5        42.4416
            448            448        105.668        104.667        42.4428
            449            449        105.827        104.833        42.4431
            450            450        105.975            105        42.4459
            451            451        106.141        105.167        42.4496
            452            452         106.29        105.333        42.4518
            453            453        106.441          105.5        42.4509
            454            454        106.595        105.667        42.4522
            455            455        106.755        105.833        42.4533
            456            456        106.897            106        42.4548
            457            457        107.058        106.167        42.4568
            458            458         107.21        106.333        42.4623
            459            459         107.37          106.5         42.468
            460            460        107.524        106.667        42.4727
            461            461        107.671        106.833        42.4765
            462            462        107.828            107        42.4811
            463            463        107.986        107.167        42.4856
            464            464        108.135        107.333        42.4895
            465            465        108.296          107.5        42.4936
            466            466        108.452        107.667        42.5035
            467            467        108.605        107.833        42.5092
            468            468        108.769            108        42.5143
            469            469        108.912        108.167        42.5195
            470            470        109.071        108.333        42.5213
            471            471        109.229          108.5        42.5256
            472            472         109.38        108.667        42.5331
            473            473        109.529        108.833        42.5413
            474            474        109.695            109        42.5461
            475            475        109.842        109.167        42.5498
            476            476        109.992        109.333        42.5546
            477            477        110.155          109.5        42.5598
            478            478        110.302        109.667        42.5665
            479            479        110.461        109.833        42.5712
            480            480        110.622            110        42.5758
            481            481        110.782        110.167        42.5805
            482            482        110.937        110.333        42.5837
            483            483         111.08          110.5        42.5879
            484            484        111.234        110.667        42.5937
            485            485        111.398        110.833         42.598
            486            486        111.549            111        42.5984
            487            487        111.705        111.167        42.6015
            488            488         111.86        111.333        42.6054
            489            489        112.012          111.5        42.6095
            490            490         112.17        111.667        42.6138
            491            491        112.319        111.833        42.6165
            492            492        112.487            112        42.6192
            493            493        112.645        112.167        42.6225
            494            494        112.787        112.333        42.6249
            495            495        112.951          112.5        42.6242
            496            496        113.105        112.667        42.6239
            497            497        113.258        112.833        42.6242
            498            498        113.419            113        42.6256
            499            499        113.576        113.167        42.6252
            500            500        113.725        113.333        42.6265
            501            501        113.881          113.5        42.6272
            502            502        114.038        113.667        42.6259
            503            503        114.188        113.833        42.6216
            504            504        114.344            114        42.6204
            505            505        114.498        114.167        42.6207
            506            506        114.662        114.333        42.6225
            507            507        114.814          114.5        42.6282
            508            508         114.97        114.667         42.632
            509            509        115.133        114.833        42.6351
            510            510        115.277            115        42.6372
            511            511        115.443        115.167        42.6383
            512            512        115.595        115.333        42.6398
            513            513        115.754          115.5        42.6402
            514            514        115.907        115.667        42.6395
            515            515        116.067        115.833        42.6462
            516            516         116.23            116         42.651
            517            517        116.384        116.167        42.6544
            518            518        116.537        116.333        42.6554
            519            519        116.693          116.5        42.6536
            520            520        116.845        116.667        42.6559
            521            521        117.003        116.833        42.6607
            522            522        117.153            117        42.6662
            523            523        117.305        117.167        42.6722
            524            524         117.47        117.333        42.6818
            525            525        117.632          117.5        42.6874
            526            526        117.775        117.667        42.6922
            527            527        117.935        117.833        42.6968
            528            528         118.09            118        42.7052
            529            529        118.251        118.167        42.7124
            530            530        118.411        118.333        42.7182
            531            531        118.563          118.5        42.7236
            532            532        118.723        118.667         42.726
            533            533        118.881        118.833         42.729
            534            534        119.025            119        42.7331
            535            535        119.193        119.167        42.7373
            536            536        119.345        119.333        42.7391
            537            537        119.504          119.5        42.7416
            538            538        119.654        119.667        42.7433
            539            539        119.814        119.833        42.7455
            540            540        119.966            120        42.7464
            541            541        120.116        120.167        42.7489
            542            542        120.281        120.333        42.7515
            543            543        120.441          120.5         42.754
            544            544        120.592        120.667        42.7555
            545            545        120.752        120.833        42.7569
            546            546        120.904            121         42.758
            547            547        121.065        121.167        42.7588
            548            548        121.219        121.333        42.7597
            549            549        121.386          121.5        42.7616
            550            550        121.536        121.667        42.7636
            551            551        121.694        121.833        42.7655
            552            552        121.849            122         42.762
            553            553        122.004        122.167        42.7605
            554            554        122.168        122.333        42.7599
            555            555        122.326          122.5         42.761
            556            556         122.48        122.667        42.7634
            557            557        122.639        122.833        42.7616
            558            558        122.797            123        42.7587
            559            559        122.952        123.167         42.757
            560            560        123.109        123.333        42.7545
            561            561        123.263          123.5         42.751
            562            562        123.417        123.667         42.751
            563            563        123.575        123.833        42.7516
            564            564        123.743            124        42.7521
            565            565        123.898        124.167        42.7544
            566            566        124.036        124.333        42.7545
            567            567        124.211          124.5        42.7543
            568            568        124.354        124.667        42.7551
            569            569        124.521        124.833        42.7575
            570            570        124.681            125        42.7567
            571            571        124.839        125.167        42.7554
            572            572        124.996        125.333        42.7548
            573            573        125.152          125.5        42.7522
            574            574        125.314        125.667        42.7491
            575            575        125.465        125.833        42.7455
            576            576        125.627            126        42.7416
            577            577        125.787        126.167         42.735
            578            578        125.938        126.333        42.7317
            579            579        126.089          126.5        42.7291
            580            580        126.249        126.667        42.7264
            581            581        126.411        126.833         42.724
            582            582        126.564            127         42.724
            583            583        126.723        127.167        42.7238
            584            584        126.877        127.333        42.7246
            585            585        127.035          127.5        42.7285
            586            586        127.194        127.667        42.7313
            587            587        127.352        127.833        42.7355
            588            588        127.508            128        42.7388
            589            589         127.67        128.167        42.7418
            590            590        127.833        128.333        42.7521
            591            591        127.992          128.5        42.7577
            592            592        128.144        128.667        42.7607
            593            593        128.304        128.833        42.7631
            594            594        128.459            129        42.7632
            595            595        128.624        129.167        42.7665
            596            596        128.786        129.333        42.7714
            597            597        128.933          129.5        42.7766
            598            598        129.091        129.667        42.7774
            599            599        129.255        129.833        42.7826
            600            600         129.41            130        42.7882
            601            601        129.566        130.167        42.7937
            602            602        129.717        130.333        42.7992
            603            603        129.874          130.5        42.8029
            604            604        130.045        130.667        42.8076
            605            605        130.204        130.833        42.8111
            606            606        130.355            131          42.82
            607            607        130.518        131.167         42.825
            608            608        130.674        131.333        42.8285
            609            609        130.833          131.5        42.8312
            610            610        130.993        131.667        42.8302
            611            611        131.145        131.833         42.831
            612            612        131.304            132        42.8323
            613            613        131.467        132.167        42.8326
            614            614         131.62        132.333         42.828
            615            615        131.784          132.5        42.8264
            616            616        131.942        132.667        42.8266
            617            617        132.094        132.833        42.8278
            618            618        132.253            133        42.8256
            619            619        132.409        133.167        42.8241
            620            620         132.57        133.333        42.8247
            621            621        132.725          133.5        42.8283
            622            622        132.884        133.667        42.8333
            623            623        133.036        133.833        42.8391
            624            624        133.195            134        42.8422
            625            625        133.357        134.167        42.8447
            626            626         133.52        134.333        42.8479
            627            627         133.67          134.5         42.853
            628            628        133.827        134.667        42.8565
            629            629        133.993        134.833         42.861
            630            630        134.159            135        42.8664
            631            631        134.315        135.167        42.8718
            632            632        134.474        135.333        42.8763
            633            633        134.624          135.5        42.8793
            634            634        134.786        135.667        42.8807
            635            635        134.944        135.833         42.877
            636            636        135.095            136        42.8773
            637            637        135.265        136.167        42.8784
            638            638        135.424        136.333        42.8782
            639            639        135.583          136.5        42.8788
            640            640        135.739        136.667        42.8782
            641            641          135.9        136.833        42.8765
            642            642        136.051            137        42.8741
            643            643        136.209        137.167        42.8672
            644            644        136.368        137.333        42.8638
            645            645         136.53          137.5        42.8602
            646            646        136.682        137.667        42.8552
            647            647        136.844        137.833        42.8529
            648            648        137.009            138        42.8515
            649            649        137.161        138.167        42.8504
            650            650        137.316        138.333          42.85
            651            651        137.478          138.5        42.8511
            652            652        137.638        138.667        42.8511
            653            653         137.79        138.833        42.8493
            654            654         137.95            139        42.8465
            655            655        138.109        139.167        42.8433
            656            656        138.273        139.333        42.8472
            657            657        138.432          139.5        42.8477
            658            658        138.592        139.667        42.8468
            659            659        138.754        139.833        42.8474
            660            660        138.914            140        42.8465
            661            661        139.063        140.167        42.8468
            662            662        139.224        140.333        42.8486
            663            663         139.38          140.5        42.8517
            664            664        139.543        140.667        42.8528
            665            665        139.706        140.833        42.8536
            666            666        139.858            141        42.8555
            667            667        140.022        141.167        42.8582
            668            668        140.179        141.333         42.868
            669            669        140.338          141.5        42.8728
            670            670        140.497        141.667        42.8757
            671            671        140.665        141.833        42.8778
            672            672        140.822            142        42.8779
            673            673        140.976        142.167        42.8799
            674            674        141.136        142.333        42.8821
            675            675        141.293          142.5        42.8829
            676            676        141.461        142.667        42.8828
            677            677        141.617        142.833        42.8831
            678            678        141.775            143        42.8838
            679            679        141.932        143.167        42.8839
            680            680        142.085        143.333        42.8813
            681            681        142.247          143.5         42.884
            682            682        142.413        143.667        42.8872
            683            683        142.571        143.833        42.8901
            684            684        142.725            144         42.897
            685            685        142.882        144.167        42.9009
            686            686        143.045        144.333        42.9038
            687            687        143.208          144.5        42.9076
            688            688        143.367        144.667        42.9122
            689            689        143.531        144.833        42.9218
            690            690        143.692            145        42.9286
            691            691        143.844        145.167        42.9338
            692            692        144.015        145.333        42.9381
            693            693        144.175          145.5        42.9399
            694            694        144.327        145.667        42.9427
            695            695        144.486        145.833        42.9452
            696            696        144.647            146        42.9481
            697            697        144.807        146.167        42.9508
            698            698        144.967        146.333        42.9554
            699            699        145.131          146.5        42.9606
            700            700         145.28        146.667        42.9652
            701            701        145.444        146.833        42.9686
            702            702        145.601            147        42.9743
            703            703        145.764        147.167        42.9806
            704            704        145.925        147.333        42.9865
            705            705         146.08          147.5        42.9949
            706            706        146.251        147.667        42.9992
            707            707        146.409        147.833        43.0028
            708            708        146.568            148        43.0077
            709            709        146.728        148.167        43.0144
            710            710        146.892        148.333        43.0201
            711            711        147.055          148.5         43.026
            712            712        147.212        148.667        43.0335
            713            713         147.37        148.833        43.0347
            714            714        147.526            149        43.0375
            715            715        147.685        149.167        43.0409
            716            716        147.847        149.333        43.0439
            717            717        148.013          149.5         43.048
            718            718         148.17        149.667          43.05
            719            719        148.329        149.833        43.0543
            720            720        148.493            150        43.0611
            721            721        148.654        150.167        43.0689
            722            722        148.807        150.333        43.0676
            723            723        148.961          150.5        43.0701
            724            724        149.129        150.667        43.0746
            725            725        149.284        150.833         43.079
            726            726        149.439            151        43.0845
            727            727        149.603        151.167        43.0898
            728            728         149.77        151.333        43.0964
            729            729        149.935          151.5        43.1027
            730            730        150.095        151.667        43.1082
            731            731        150.249        151.833        43.1111
            732            732        150.411            152        43.1136
            733            733        150.574        152.167        43.1177
            734            734         150.73        152.333        43.1182
            735            735        150.889          152.5        43.1215
            736            736        151.057        152.667         43.125
            737            737        151.218        152.833        43.1291
            738            738        151.372            153        43.1321
            739            739        151.529        153.167        43.1366
            740            740        151.688        153.333        43.1429
            741            741        151.853          153.5         43.149
            742            742        152.012        153.667        43.1603
            743            743        152.176        153.833          43.17
            744            744        152.335            154        43.1777
            745            745        152.495        154.167        43.1854
            746            746        152.652        154.333        43.1937
            747            747        152.815          154.5        43.1977
            748            748         152.98        154.667        43.2018
            749            749        153.142        154.833        43.2073
            750            750        153.299            155        43.2118
            751            751         153.47        155.167        43.2144
            752            752        153.628        155.333         43.215
            753            753        153.779          155.5        43.2142
            754            754        153.946        155.667        43.2133
            755            755        154.096        155.833        43.2027
            756            756        154.254            156        43.1973
            757            757        154.424        156.167        43.1968
            758            758        154.582        156.333        43.2008
            759            759         154.74          156.5        43.2018
            760            760          154.9        156.667        43.2016
            761            761        155.058        156.833        43.2012
            762            762        155.214            157        43.2022
            763            763        155.386        157.167        43.2078
            764            764        155.533        157.333        43.2127
            765            765        155.697          157.5        43.2177
            766            766        155.872        157.667        43.2222
            767            767        156.036        157.833        43.2381
            768            768         156.19            158        43.2418
            769            769        156.347        158.167        43.2413
            770            770        156.509        158.333        43.2415
            771            771        156.675          158.5        43.2437
            772            772        156.835        158.667         43.248
            773            773        156.998        158.833        43.2519
            774            774        157.157            159        43.2539
            775            775        157.319        159.167         43.249
            776            776        157.482        159.333        43.2494
            777            777        157.627          159.5        43.2513
            778            778        157.788        159.667        43.2537
            779            779        157.957        159.833        43.2534
            780            780        158.121            160        43.2526
            781            781        158.284        160.167        43.2513
            782            782         158.44        160.333        43.2512
            783            783        158.598          160.5        43.2493
            784            784         158.76        160.667        43.2505
            785            785        158.926        160.833         43.252
            786            786        159.088            161        43.2512
            787            787        159.242        161.167        43.2491
            788            788        159.406        161.333        43.2464
            789            789        159.565          161.5        43.2446
            790            790        159.725        161.667         43.244
            791            791        159.893        161.833         43.245
            792            792        160.051            162        43.2454
            793            793        160.217        162.167        43.2436
            794            794        160.373        162.333        43.2405
            795            795        160.525          162.5        43.2372
            796            796         160.69        162.667          43.23
            797            797        160.854        162.833        43.2277
            798            798        161.013            163        43.2257
            799            799        161.181        163.167         43.224
            800            800        161.336        163.333        43.2256
            801            801        161.496          163.5        43.2275
            802            802        161.657        163.667        43.2293
            803            803        161.818        163.833        43.2301
            804            804        161.976            164          43.23
            805            805        162.142        164.167        43.2295
            806            806        162.307        164.333        43.2294
            807            807        162.467          164.5        43.2296
            808            808        162.623        164.667        43.2328
            809            809        162.798        164.833        43.2333
            810            810        162.958            165        43.2331
            811            811        163.118        165.167        43.2308
            812            812        163.275        165.333         43.227
            813            813        163.437          165.5        43.2258
            814            814        163.597        165.667        43.2256
            815            815        163.766        165.833        43.2257
            816            816        163.921            166        43.2286
            817            817        164.085        166.167        43.2314
            818            818        164.246        166.333        43.2325
            819            819        164.404          166.5        43.2316
            820            820        164.565        166.667        43.2294
            821            821        164.732        166.833         43.232
            822            822        164.893            167        43.2324
            823            823        165.058        167.167        43.2333
            824            824        165.218        167.333        43.2335
            825            825        165.387          167.5        43.2347
            826            826        165.548        167.667        43.2366
            827            827        165.706        167.833        43.2405
            828            828        165.861            168         43.244
            829            829        166.028        168.167        43.2405
            830            830        166.188        168.333        43.2395
            831            831        166.348          168.5        43.2411
            832            832        166.515        168.667        43.2446
            833            833         166.67        168.833        43.2508
            834            834        166.832            169        43.2551
            835            835        167.007        169.167        43.2572
            836            836        167.168        169.333        43.2576
            837            837        167.324          169.5        43.2579
            838            838        167.478        169.667        43.2603
            839            839        167.643        169.833        43.2647
            840            840        167.811            170        43.2697
            841            841        167.972        170.167        43.2753
            842            842        168.138        170.333         43.277
            843            843        168.298          170.5        43.2773
            844            844        168.455        170.667        43.2773
            845            845        168.621        170.833        43.2765
            846            846        168.783            171         43.278
            847            847        168.952        171.167        43.2804
            848            848        169.115        171.333         43.283
            849            849        169.279          171.5         43.289
            850            850        169.435        171.667        43.2918
            851            851        169.594        171.833         43.293
            852            852        169.758            172        43.2952
            853            853        169.921        172.167        43.2976
            854            854        170.083        172.333        43.2971
            855            855        170.251          172.5        43.2982
            856            856         170.41        172.667         43.301
            857            857        170.579        172.833        43.3044
            858            858        170.739            173        43.3052
            859            859        170.896        173.167         43.306
            860            860        171.056        173.333        43.3064
            861            861        171.226          173.5         43.308
            862            862        171.377        173.667         43.308
            863            863         171.54        173.833        43.3086
            864            864         171.71            174         43.309
            865            865        171.872        174.167        43.3083
            866            866        172.032        174.333        43.3121
            867            867        172.193          174.5        43.3165
            868            868        172.349        174.667        43.3213
            869            869        172.521        174.833        43.3263
            870            870        172.684            175        43.3313
            871            871         172.84        175.167        43.3335
            872            872        173.008        175.333        43.3362
            873            873        173.162          175.5        43.3389
            874            874         173.32        175.667        43.3456
            875            875        173.491        175.833        43.3514
            876            876        173.656            176        43.3576
            877            877         173.82        176.167         43.365
            878            878        173.984        176.333        43.3716
            879            879        174.144          176.5        43.3776
            880            880        174.302        176.667         43.384
            881            881        174.472        176.833        43.3893
            882            882         174.63            177        43.3943
            883            883        174.796        177.167        43.3961
            884            884        174.956        177.333        43.3956
            885            885        175.122          177.5        43.3948
            886            886        175.288        177.667         43.395
            887            887        175.443        177.833        43.3904
            888            888         175.61            178        43.3875
            889            889        175.775        178.167        43.3864
            890            890        175.929        178.333        43.3867
            891            891        176.095          178.5        43.3789
            892            892        176.251        178.667         43.375
            893            893        176.417        178.833        43.3722
            894            894        176.578            179        43.3696
            895            895        176.742        179.167        43.3701
            896            896        176.903        179.333        43.3709
            897            897        177.062          179.5        43.3738
            898            898        177.233        179.667        43.3783
            899            899        177.398        179.833        43.3845
            900            900        177.558            180        43.3866
            901            901        177.714        180.167         43.388
            902            902        177.881        180.333        43.3893
            903            903        178.044          180.5        43.3955
            904            904        178.213        180.667           43.4
            905            905        178.377        180.833        43.4046
            906            906        178.542            181        43.4102
            907            907        178.709        181.167        43.4195
            908            908        178.862        181.333        43.4284
            909            909        179.028          181.5        43.4373
            910            910        179.189        181.667        43.4451
            911            911        179.357        181.833        43.4523
            912            912        179.522            182        43.4613
            913            913        179.681        182.167         43.471
            914            914        179.847        182.333        43.4795
            915            915        180.011          182.5        43.4937
            916            916        180.172        182.667        43.5022
            917            917        180.345        182.833        43.5104
            918            918        180.502            183        43.5215
            919            919        180.665        183.167        43.5304
            920            920        180.831        183.333        43.5393
            921            921        181.002          183.5        43.5488
            922            922        181.158        183.667        43.5581
            923            923        181.323        183.833        43.5678
            924            924        181.487            184        43.5776
            925            925        181.642        184.167        43.5867
            926            926        181.819        184.333        43.5954
            927            927        181.992          184.5         43.613
            928            928        182.145        184.667        43.6275
            929            929        182.307        184.833         43.639
            930            930        182.473            185        43.6485
            931            931        182.637        185.167        43.6561
            932            932        182.805        185.333        43.6635
            933            933        182.965          185.5        43.6721
            934            934        183.131        185.667        43.6816
            935            935        183.293        185.833        43.6889
            936            936        183.468            186        43.6947
            937            937        183.632        186.167        43.7004
            938            938        183.785        186.333        43.7077
            939            939        183.947          186.5        43.7074
            940            940        184.108        186.667        43.7106
            941            941        184.274        186.833        43.7154
            942            942        184.443            187        43.7203
            943            943        184.607        187.167        43.7241
            944            944        184.765        187.333        43.7288
            945            945        184.924          187.5        43.7365
            946            946        185.102        187.667        43.7458
            947            947        185.262        187.833        43.7533
            948            948        185.422            188        43.7567
            949            949        185.586        188.167        43.7601
            950            950        185.753        188.333        43.7634
            951            951        185.913          188.5         43.769
            952            952        186.075        188.667        43.7757
            953            953        186.243        188.833        43.7822
            954            954         186.41            189        43.7883
            955            955        186.578        189.167        43.7945
            956            956        186.729        189.333        43.8002
            957            957        186.891          189.5        43.8047
            958            958        187.055        189.667        43.8098
            959            959        187.221        189.833        43.8146
            960            960         187.39            190        43.8208
            961            961        187.551        190.167         43.826
            962            962        187.717        190.333        43.8295
            963            963        187.875          190.5         43.831
            964            964         188.05        190.667        43.8334
            965            965        188.203        190.833        43.8355
            966            966        188.367            191        43.8372
            967            967        188.531        191.167        43.8348
            968            968        188.703        191.333        43.8349
            969            969        188.863          191.5        43.8362
            970            970        189.029        191.667         43.835
            971            971        189.187        191.833        43.8253
            972            972        189.354            192        43.8234
            973            973        189.515        192.167        43.8279
            974            974        189.681        192.333        43.8334
            975            975        189.839          192.5        43.8331
            976            976        190.002        192.667        43.8329
            977            977        190.175        192.833        43.8333
            978            978        190.334            193        43.8334
            979            979        190.492        193.167        43.8373
            980            980        190.654        193.333        43.8414
            981            981        190.835          193.5        43.8456
            982            982        191.003        193.667        43.8482
            983            983        191.159        193.833        43.8549
            984            984        191.319            194        43.8577
            985            985        191.486        194.167        43.8588
            986            986        191.646        194.333        43.8593
            987            987        191.813          194.5        43.8598
            988            988        191.982        194.667        43.8611
            989            989        192.148        194.833        43.8631
            990            990        192.308            195        43.8648
            991            991        192.478        195.167        43.8617
            992            992        192.639        195.333        43.8603
            993            993        192.804          195.5        43.8589
            994            994        192.965        195.667        43.8583
            995            995        193.127        195.833         43.861
            996            996        193.295            196        43.8616
            997            997        193.459        196.167        43.8604
            998            998        193.626        196.333        43.8596
            999            999        193.786          196.5         43.861
           1000           1000        193.951        196.667        43.8632
           1001           1001        194.112        196.833        43.8652
           1002           1002        194.276            197        43.8668
           1003           1003        194.444        197.167        43.8729
           1004           1004        194.614        197.333        43.8751
           1005           1005        194.766          197.5        43.8737
           1006           1006        194.934        197.667        43.8723
           1007           1007        195.099        197.833        43.8734
           1008           1008        195.268            198         43.876
           1009           1009        195.431        198.167        43.8795
           1010           1010        195.594        198.333        43.8828
           1011           1011        195.763          198.5         43.886
           1012           1012        195.927        198.667        43.8899
           1013           1013        196.082        198.833        43.8951
           1014           1014        196.244            199        43.9013
           1015           1015        196.419        199.167        43.9087
           1016           1016        196.575        199.333        43.9134
           1017           1017        196.751          199.5        43.9167
           1018           1018        196.908        199.667        43.9219
           1019           1019        197.075        199.833        43.9283
           1020           1020        197.239            200        43.9376
           1021           1021        197.407        200.167        43.9406
           1022           1022        197.571        200.333        43.9411
           1023           1023        197.743          200.5        43.9428
           1024           1024        197.901        200.667        43.9377
           1025           1025         198.06        200.833        43.9375
           1026           1026        198.224            201        43.9402
           1027           1027        198.401        201.167        43.9431
           1028           1028         198.56        201.333        43.9449
           1029           1029        198.721          201.5        43.9486
           1030           1030        198.875        201.667        43.9506
           1031           1031        199.047        201.833        43.9516
           1032           1032        199.209            202        43.9547
           1033           1033        199.371        202.167        43.9589
           1034           1034        199.543        202.333        43.9641
           1035           1035        199.712          202.5         43.969
           1036           1036        199.874        202.667        43.9754
           1037           1037        200.045        202.833         43.979
           1038           1038        200.205            203        43.9831
           1039           1039        200.365        203.167        43.9879
           1040           1040        200.528        203.333        43.9898
           1041           1041        200.697          203.5        43.9945
           1042           1042        200.864        203.667        44.0003
           1043           1043        201.033        203.833        44.0057
           1044           1044        201.184            204        44.0082
           1045           1045        201.351        204.167        44.0099
           1046           1046        201.517        204.333        44.0137
           1047           1047        201.689          204.5        44.0186
           1048           1048        201.846        204.667        44.0277
           1049           1049        202.018        204.833        44.0339
           1050           1050        202.181            205        44.0385
           1051           1051         202.35        205.167        44.0422
           1052           1052        202.512        205.333        44.0462
           1053           1053         202.67          205.5        44.0441
           1054           1054        202.836        205.667        44.0452
           1055           1055        203.005        205.833        44.0481
           1056           1056        203.174            206        44.0519
           1057           1057        203.339        206.167        44.0538
           1058           1058          203.5        206.333        44.0552
           1059           1059        203.664          206.5        44.0581
           1060           1060        203.831        206.667        44.0631
           1061           1061        203.993        206.833        44.0605
           1062           1062        204.153            207        44.0612
           1063           1063         204.32        207.167         44.064
           1064           1064        204.488        207.333        44.0654
           1065           1065        204.653          207.5        44.0673
           1066           1066        204.813        207.667        44.0683
           1067           1067        204.983        207.833        44.0681
           1068           1068        205.157            208         44.067
           1069           1069        205.315        208.167        44.0656
           1070           1070        205.478        208.333        44.0632
           1071           1071        205.645          208.5        44.0625
           1072           1072        205.811        208.667        44.0615
           1073           1073        205.962        208.833        44.0525
           1074           1074        206.138            209        44.0482
           1075           1075        206.295        209.167        44.0456
           1076           1076        206.465        209.333        44.0429
           1077           1077        206.626          209.5        44.0392
           1078           1078        206.786        209.667        44.0402
           1079           1079        206.957        209.833        44.0415
           1080           1080        207.122            210        44.0424
           1081           1081        207.285        210.167        44.0482
           1082           1082        207.449        210.333        44.0525
           1083           1083        207.614          210.5        44.0553
           1084           1084        207.779        210.667        44.0569
           1085           1085        207.937        210.833        44.0602
           1086           1086        208.112            211        44.0688
           1087           1087        208.283        211.167         44.072
           1088           1088        208.438        211.333        44.0736
           1089           1089        208.611          211.5        44.0754
           1090           1090        208.775        211.667        44.0759
           1091           1091         208.94        211.833         44.076
           1092           1092          209.1            212         44.076
           1093           1093        209.266        212.167        44.0754
           1094           1094        209.436        212.333        44.0726
           1095           1095        209.595          212.5        44.0744
           1096           1096        209.755        212.667        44.0768
           1097           1097        209.926        212.833        44.0798
           1098           1098        210.086            213        44.0824
           1099           1099         210.25        213.167        44.0843
           1100           1100        210.416        213.333        44.0843
           1101           1101        210.583          213.5        44.0844
           1102           1102        210.746        213.667        44.0913
           1103           1103        210.917        213.833        44.0934
           1104           1104        211.089            214        44.0938
           1105           1105        211.247        214.167         44.092
           1106           1106         211.42        214.333        44.0947
           1107           1107        211.577          214.5        44.0975
           1108           1108         211.74        214.667        44.0983
           1109           1109          211.9        214.833        44.0992
           1110           1110        212.078            215        44.0953
           1111           1111        212.235        215.167        44.0956
           1112           1112        212.404        215.333        44.0976
           1113           1113        212.564          215.5         44.098
           1114           1114        212.725        215.667        44.0981
           1115           1115        212.906        215.833        44.0999
           1116           1116        213.068            216        44.1017
           1117           1117         213.23        216.167        44.1015
           1118           1118        213.391        216.333        44.1015
           1119           1119        213.561          216.5        44.1067
           1120           1120        213.729        216.667        44.1085
           1121           1121        213.896        216.833        44.1109
           1122           1122        214.052            217        44.1152
           1123           1123        214.221        217.167        44.1207
           1124           1124        214.392        217.333        44.1234
           1125           1125        214.552          217.5        44.1262
           1126           1126        214.716        217.667        44.1296
           1127           1127        214.889        217.833        44.1302
           1128           1128        215.053            218        44.1308
           1129           1129        215.212        218.167         44.132
           1130           1130        215.385        218.333        44.1338
           1131           1131        215.553          218.5        44.1373
           1132           1132        215.717        218.667        44.1392
           1133           1133        215.873        218.833        44.1413
           1134           1134        216.049            219        44.1439
           1135           1135        216.206        219.167        44.1425
           1136           1136        216.371        219.333        44.1432
           1137           1137        216.538          219.5         44.144
           1138           1138        216.708        219.667        44.1452
           1139           1139        216.874        219.833        44.1504
           1140           1140        217.039            220        44.1522
           1141           1141        217.202        220.167        44.1545
           1142           1142        217.375        220.333        44.1585
           1143           1143        217.536          220.5        44.1642
           1144           1144        217.704        220.667        44.1679
           1145           1145        217.864        220.833        44.1701
           1146           1146         218.03            221        44.1712
           1147           1147        218.197        221.167        44.1737
           1148           1148        218.365        221.333        44.1772
           1149           1149        218.528          221.5        44.1791
           1150           1150          218.7        221.667        44.1822
           1151           1151        218.867        221.833        44.1872
           1152           1152        219.031            222        44.1924
           1153           1153        219.195        222.167        44.1973
           1154           1154        219.352        222.333        44.2047
           1155           1155        219.521          222.5         44.212
           1156           1156         219.69        222.667        44.2182
           1157           1157        219.862        222.833        44.2251
           1158           1158        220.015            223        44.2329
           1159           1159        220.193        223.167        44.2412
           1160           1160        220.357        223.333          44.25
           1161           1161        220.518          223.5        44.2556
           1162           1162        220.691        223.667        44.2615
           1163           1163        220.863        223.833         44.269
           1164           1164        221.021            224         44.276
           1165           1165        221.187        224.167        44.2827
           1166           1166        221.349        224.333        44.2891
           1167           1167        221.523          224.5        44.2945
           1168           1168        221.686        224.667        44.2973
           1169           1169        221.845        224.833        44.3028
           1170           1170        222.011            225        44.3082
           1171           1171        222.182        225.167        44.3115
           1172           1172        222.352        225.333        44.3204
           1173           1173        222.519          225.5        44.3271
           1174           1174        222.682        225.667        44.3323
           1175           1175        222.847        225.833        44.3376
           1176           1176        223.012            226        44.3395
           1177           1177        223.179        226.167        44.3433
           1178           1178        223.347        226.333        44.3484
           1179           1179        223.511          226.5         44.354
           1180           1180         223.67        226.667        44.3635
           1181           1181        223.844        226.833        44.3731
           1182           1182        224.005            227        44.3818
           1183           1183        224.173        227.167        44.3908
           1184           1184        224.341        227.333        44.4001
           1185           1185        224.503          227.5         44.416
           1186           1186        224.671        227.667        44.4267
           1187           1187        224.836        227.833         44.436
           1188           1188        225.006            228         44.444
           1189           1189        225.181        228.167        44.4552
           1190           1190         225.34        228.333        44.4644
           1191           1191        225.507          228.5        44.4735
           1192           1192        225.674        228.667        44.4828
           1193           1193        225.842        228.833        44.4864
           1194           1194        226.009            229        44.4944
           1195           1195         226.17        229.167        44.5065
           1196           1196        226.334        229.333        44.5197
           1197           1197        226.501          229.5        44.5292
           1198           1198        226.668        229.667        44.5411
           1199           1199        226.834        229.833        44.5495
           1200           1200        227.004            230        44.5549
           1201           1201        227.166        230.167        44.5664
           1202           1202        227.334        230.333        44.5747
           1203           1203          227.5          230.5        44.5811
           1204           1204        227.677        230.667         44.585
           1205           1205        227.844        230.833        44.5909
           1206           1206        228.009            231        44.5967
           1207           1207        228.173        231.167        44.6041
           1208           1208        228.331        231.333        44.6146
           1209           1209        228.495          231.5        44.6109
           1210           1210        228.661        231.667        44.6166
           1211           1211        228.838        231.833         44.625
           1212           1212        228.996            232        44.6318
           1213           1213        229.164        232.167        44.6476
           1214           1214        229.333        232.333         44.659
           1215           1215        229.497          232.5         44.669
           1216           1216         229.67        232.667        44.6797
           1217           1217        229.838        232.833        44.6894
           1218           1218        229.998            233         44.704
           1219           1219        230.171        233.167        44.7132
           1220           1220        230.333        233.333        44.7227
           1221           1221        230.495          233.5        44.7349
           1222           1222        230.669        233.667        44.7455
           1223           1223        230.833        233.833        44.7568
           1224           1224        231.002            234        44.7653
           1225           1225         231.17        234.167        44.7733
           1226           1226        231.332        234.333        44.7754
           1227           1227        231.502          234.5        44.7815
           1228           1228        231.656        234.667        44.7877
           1229           1229        231.839        234.833         44.793
           1230           1230        232.001            235        44.8034
           1231           1231        232.171        235.167        44.8129
           1232           1232        232.336        235.333        44.8208
           1233           1233        232.501          235.5        44.8283
           1234           1234        232.659        235.667        44.8283
           1235           1235        232.831        235.833        44.8314
           1236           1236        233.008            236        44.8343
           1237           1237        233.161        236.167        44.8373
           1238           1238        233.332        236.333        44.8419
           1239           1239        233.504          236.5        44.8467
           1240           1240        233.671        236.667        44.8523
           1241           1241        233.833        236.833         44.857
           1242           1242            234            237         44.859
           1243           1243        234.167        237.167        44.8646
           1244           1244        234.329        237.333        44.8696
           1245           1245         234.49          237.5        44.8734
           1246           1246        234.661        237.667        44.8758
           1247           1247        234.827        237.833        44.8777
           1248           1248        234.998            238        44.8798
           1249           1249        235.166        238.167        44.8815
           1250           1250         235.33        238.333        44.8819
           1251           1251        235.502          238.5        44.8843
           1252           1252        235.668        238.667         44.886
           1253           1253        235.828        238.833        44.8884
           1254           1254        235.998            239          44.89
           1255           1255        236.162        239.167        44.8799
           1256           1256        236.323        239.333        44.8756
           1257           1257        236.499          239.5        44.8739
           1258           1258        236.659        239.667        44.8718
           1259           1259        236.826        239.833        44.8734
           1260           1260        236.993            240        44.8745
           1261           1261        237.159        240.167        44.8743
           1262           1262        237.328        240.333        44.8741
           1263           1263        237.485          240.5        44.8724
           1264           1264        237.651        240.667        44.8722
           1265           1265        237.825        240.833        44.8717
           1266           1266        237.985            241        44.8714
           1267           1267        238.157        241.167        44.8791
           1268           1268         238.33        241.333        44.8835
           1269           1269        238.481          241.5        44.8872
           1270           1270         238.66        241.667         44.891
           1271           1271        238.817        241.833        44.8959
           1272           1272        238.988            242           44.9
           1273           1273        239.154        242.167        44.9029
           1274           1274        239.322        242.333        44.9057
           1275           1275        239.489          242.5        44.9088
           1276           1276        239.658        242.667        44.9111
           1277           1277        239.827        242.833        44.9154
           1278           1278        239.987            243        44.9216
           1279           1279        240.164        243.167        44.9278
           1280           1280        240.331        243.333        44.9332
           1281           1281        240.492          243.5        44.9386
           1282           1282        240.658        243.667        44.9429
           1283           1283        240.815        243.833        44.9445
           1284           1284        240.983            244        44.9467
           1285           1285        241.155        244.167        44.9489
           1286           1286        241.329        244.333        44.9537
           1287           1287        241.493          244.5        44.9604
           1288           1288        241.663        244.667        44.9694
           1289           1289        241.823        244.833        44.9744
           1290           1290        241.998            245        44.9794
           1291           1291        242.153        245.167        44.9832
           1292           1292        242.323        245.333        44.9853
           1293           1293        242.492          245.5        44.9898
           1294           1294        242.649        245.667        44.9931
           1295           1295         242.83        245.833        44.9976
           1296           1296        242.995            246        45.0048
           1297           1297        243.157        246.167        45.0106
           1298           1298        243.326        246.333        45.0176
           1299           1299        243.493          246.5        45.0275
           1300           1300        243.659        246.667        45.0345
           1301           1301        243.827        246.833         45.042
           1302           1302        243.989            247        45.0468
           1303           1303        244.157        247.167        45.0487
           1304           1304        244.323        247.333         45.056
           1305           1305        244.494          247.5        45.0612
           1306           1306        244.655        247.667        45.0665
           1307           1307        244.833        247.833        45.0705
           1308           1308        245.001            248        45.0774
           1309           1309        245.168        248.167        45.0828
           1310           1310        245.333        248.333        45.0878
           1311           1311        245.488          248.5        45.0952
           1312           1312         245.66        248.667        45.0926
           1313           1313        245.829        248.833        45.0977
           1314           1314        245.992            249        45.1033
           1315           1315         246.16        249.167        45.1097
           1316           1316        246.328        249.333        45.1176
           1317           1317        246.498          249.5        45.1348
           1318           1318        246.662        249.667        45.1467
           1319           1319        246.837        249.833         45.155
           1320           1320        247.001            250        45.1612
           1321           1321        247.171        250.167        45.1722
           1322           1322        247.334        250.333        45.1801
           1323           1323        247.501          250.5        45.1855
           1324           1324        247.671        250.667        45.1903
           1325           1325        247.842        250.833        45.1956
           1326           1326         248.01            251        45.1998
           1327           1327        248.179        251.167        45.2023
           1328           1328        248.336        251.333         45.203
           1329           1329        248.505          251.5        45.1963
           1330           1330        248.677        251.667        45.1968
           1331           1331         248.84        251.833        45.1967
           1332           1332        249.004            252        45.1977
           1333           1333        249.171        252.167        45.1986
           1334           1334        249.339        252.333        45.1998
           1335           1335        249.506          252.5        45.2018
           1336           1336        249.674        252.667        45.2052
           1337           1337        249.836        252.833        45.2078
           1338           1338         250.01            253        45.2108
           1339           1339        250.172        253.167        45.2165
           1340           1340        250.337        253.333        45.2242
           1341           1341        250.513          253.5        45.2352
           1342           1342        250.682        253.667         45.243
           1343           1343        250.837        253.833        45.2508
           1344           1344        251.018            254        45.2601
           1345           1345        251.179        254.167        45.2726
           1346           1346        251.346        254.333        45.2808
           1347           1347        251.515          254.5        45.2865
           1348           1348        251.687        254.667        45.2924
           1349           1349        251.855        254.833        45.2996
           1350           1350        252.017            255        45.3028
           1351           1351        252.179        255.167        45.3074
           1352           1352        252.355        255.333         45.313
           1353           1353         252.52          255.5        45.3175
           1354           1354        252.686        255.667        45.3178
           1355           1355        252.853        255.833        45.3231
           1356           1356        253.012            256        45.3267
           1357           1357        253.181        256.167        45.3299
           1358           1358        253.353        256.333        45.3368
           1359           1359        253.513          256.5        45.3445
           1360           1360        253.688        256.667        45.3503
           1361           1361        253.854        256.833        45.3544
           1362           1362        254.019            257        45.3664
           1363           1363        254.191        257.167        45.3761
           1364           1364        254.358        257.333        45.3844
           1365           1365        254.515          257.5        45.3912
           1366           1366          254.7        257.667        45.4003
           1367           1367        254.862        257.833        45.4077
           1368           1368        255.027            258        45.4167
           1369           1369        255.186        258.167        45.4273
           1370           1370         255.36        258.333        45.4343
           1371           1371        255.532          258.5        45.4429
           1372           1372        255.695        258.667        45.4525
           1373           1373         255.86        258.833        45.4609
           1374           1374        256.027            259        45.4718
           1375           1375        256.197        259.167        45.4864
           1376           1376        256.361        259.333        45.4994
           1377           1377        256.537          259.5        45.5107
           1378           1378        256.697        259.667        45.5301
           1379           1379        256.864        259.833        45.5463
           1380           1380        257.041            260        45.5607
           1381           1381        257.206        260.167        45.5744
           1382           1382        257.373        260.333        45.5902
           1383           1383        257.543          260.5        45.6107
           1384           1384        257.713        260.667        45.6272
           1385           1385        257.873        260.833         45.642
           1386           1386        258.043            261        45.6559
           1387           1387        258.219        261.167        45.6707
           1388           1388        258.384        261.333        45.6856
           1389           1389         258.55          261.5        45.6961
           1390           1390         258.72        261.667         45.704
           1391           1391        258.892        261.833        45.7125
           1392           1392        259.055            262        45.7195
           1393           1393        259.223        262.167        45.7241
           1394           1394        259.389        262.333        45.7278
           1395           1395        259.557          262.5         45.726
           1396           1396        259.729        262.667        45.7292
           1397           1397        259.897        262.833        45.7332
           1398           1398        260.055            263        45.7371
           1399           1399        260.219        263.167        45.7318
           1400           1400        260.393        263.333        45.7352
           1401           1401        260.558          263.5        45.7399
           1402           1402        260.721        263.667        45.7434
           1403           1403        260.894        263.833        45.7492
           1404           1404        261.062            264        45.7504
           1405           1405         261.23        264.167        45.7512
           1406           1406        261.397        264.333         45.753
           1407           1407        261.561          264.5        45.7588
           1408           1408        261.733        264.667        45.7597
           1409           1409        261.902        264.833        45.7596
           1410           1410        262.066            265        45.7592
           1411           1411        262.231        265.167        45.7539
           1412           1412        262.395        265.333        45.7541
           1413           1413        262.559          265.5         45.755
           1414           1414        262.728        265.667        45.7554
           1415           1415        262.899        265.833        45.7571
           1416           1416        263.066            266        45.7598
           1417           1417        263.223        266.167        45.7622
           1418           1418        263.394        266.333        45.7644
           1419           1419        263.559          266.5        45.7664
           1420           1420        263.733        266.667          45.77
           1421           1421        263.901        266.833        45.7698
           1422           1422        264.069            267        45.7679
           1423           1423        264.231        267.167        45.7669
           1424           1424        264.405        267.333        45.7714
           1425           1425         264.57          267.5        45.7759
           1426           1426        264.736        267.667        45.7809
           1427           1427        264.904        267.833         45.787
           1428           1428        265.065            268        45.7864
           1429           1429        265.234        268.167        45.7872
           1430           1430        265.393        268.333        45.7896
           1431           1431        265.566          268.5        45.7922
           1432           1432        265.736        268.667        45.7994
           1433           1433        265.911        268.833        45.8027
           1434           1434        266.077            269         45.804
           1435           1435        266.246        269.167        45.8032
           1436           1436        266.415        269.333         45.801
           1437           1437        266.581          269.5        45.8023
           1438           1438        266.739        269.667        45.8073
           1439           1439        266.918        269.833        45.8131
           1440           1440        267.075            270         45.812
           1441           1441        267.244        270.167        45.8133
           1442           1442         267.42        270.333        45.8156
           1443           1443        267.574          270.5        45.8194
           1444           1444        267.744        270.667        45.8239
           1445           1445        267.911        270.833        45.8263
           1446           1446        268.091            271        45.8291
           1447           1447        268.257        271.167        45.8333
           1448           1448        268.421        271.333        45.8377
           1449           1449        268.586          271.5        45.8447
           1450           1450        268.752        271.667        45.8503
           1451           1451        268.926        271.833        45.8533
           1452           1452        269.093            272        45.8571
           1453           1453        269.256        272.167        45.8628
           1454           1454        269.421        272.333        45.8653
           1455           1455        269.592          272.5        45.8697
           1456           1456        269.759        272.667        45.8771
           1457           1457         269.93        272.833         45.884
           1458           1458        270.102            273        45.8917
           1459           1459        270.258        273.167        45.8994
           1460           1460         270.43        273.333        45.9067
           1461           1461        270.599          273.5        45.9182
           1462           1462        270.764        273.667        45.9298
           1463           1463        270.927        273.833         45.939
           1464           1464        271.105            274        45.9463
           1465           1465        271.269        274.167        45.9615
           1466           1466        271.443        274.333        45.9708
           1467           1467        271.609          274.5        45.9774
           1468           1468        271.772        274.667        45.9847
           1469           1469        271.941        274.833        45.9937
           1470           1470        272.114            275        46.0031
           1471           1471        272.285        275.167        46.0115
           1472           1472         272.44        275.333        46.0179
           1473           1473        272.611          275.5        46.0145
           1474           1474        272.783        275.667        46.0181
           1475           1475        272.946        275.833         46.025
           1476           1476        273.115            276        46.0308
           1477           1477        273.283        276.167        46.0403
           1478           1478        273.455        276.333        46.0461
           1479           1479        273.622          276.5        46.0489
           1480           1480        273.783        276.667        46.0531
           1481           1481        273.947        276.833        46.0573
           1482           1482        274.111            277        46.0588
           1483           1483        274.296        277.167        46.0621
           1484           1484        274.456        277.333        46.0666
           1485           1485        274.622          277.5        46.0711
           1486           1486        274.797        277.667        46.0765
           1487           1487        274.956        277.833        46.0788
           1488           1488        275.125            278        46.0797
           1489           1489        275.295        278.167        46.0828
           1490           1490        275.464        278.333        46.0907
           1491           1491         275.63          278.5        46.0954
           1492           1492        275.796        278.667        46.0957
           1493           1493        275.965        278.833        46.0946
           1494           1494        276.133            279        46.0911
           1495           1495        276.305        279.167        46.0909
           1496           1496        276.466        279.333        46.0926
           1497           1497        276.637          279.5        46.0944
           1498           1498        276.814        279.667        46.0959
           1499           1499        276.978        279.833        46.0989
           1500           1500        277.144            280        46.1032
           1501           1501        277.298        280.167        46.1102
           1502           1502        277.474        280.333         46.114
           1503           1503         277.64          280.5        46.1206
           1504           1504        277.815        280.667         46.127
           1505           1505        277.983        280.833        46.1317
           1506           1506        278.145            281        46.1449
           1507           1507        278.317        281.167        46.1505
           1508           1508        278.487        281.333        46.1529
           1509           1509        278.657          281.5         46.153
           1510           1510         278.83        281.667        46.1588
           1511           1511        278.996        281.833         46.159
           1512           1512        279.163            282        46.1597
           1513           1513        279.326        282.167        46.1613
           1514           1514        279.492        282.333        46.1626
           1515           1515        279.663          282.5        46.1438
           1516           1516        279.827        282.667        46.1363
           1517           1517        279.989        282.833        46.1316
           1518           1518        280.159            283        46.1259
           1519           1519        280.325        283.167        46.1252
           1520           1520        280.493        283.333        46.1249
           1521           1521        280.666          283.5        46.1233
           1522           1522        280.835        283.667        46.1226
           1523           1523        280.995        283.833        46.1193
           1524           1524        281.166            284        46.1158
           1525           1525        281.331        284.167        46.1145
           1526           1526        281.499        284.333         46.115
           1527           1527        281.667          284.5        46.1158
           1528           1528        281.844        284.667        46.1143
           1529           1529        282.011        284.833        46.1126
           1530           1530        282.176            285        46.1118
           1531           1531        282.345        285.167        46.1145
           1532           1532        282.505        285.333        46.1173
           1533           1533        282.676          285.5        46.1167
           1534           1534        282.848        285.667        46.1124
           1535           1535         283.01        285.833        46.1108
           1536           1536         283.18            286          46.11
           1537           1537        283.348        286.167        46.1113
           1538           1538        283.516        286.333        46.1142
           1539           1539        283.691          286.5         46.117
           1540           1540        283.861        286.667        46.1212
           1541           1541        284.027        286.833        46.1246
           1542           1542        284.186            287        46.1289
           1543           1543        284.349        287.167        46.1258
           1544           1544        284.526        287.333        46.1262
           1545           1545        284.692          287.5        46.1274
           1546           1546        284.867        287.667        46.1293
           1547           1547        285.028        287.833        46.1324
           1548           1548        285.201            288        46.1455
           1549           1549        285.369        288.167         46.151
           1550           1550        285.537        288.333        46.1511
           1551           1551        285.704          288.5        46.1496
           1552           1552        285.867        288.667        46.1477
           1553           1553        286.036        288.833         46.146
           1554           1554        286.199            289        46.1423
           1555           1555        286.378        289.167        46.1378
           1556           1556        286.542        289.333         46.136
           1557           1557        286.714          289.5         46.134
           1558           1558        286.874        289.667        46.1295
           1559           1559        287.037        289.833        46.1239
           1560           1560        287.209            290        46.1115
           1561           1561        287.378        290.167        46.1033
           1562           1562        287.542        290.333        46.0971
           1563           1563        287.706          290.5         46.091
           1564           1564        287.875        290.667        46.0858
           1565           1565        288.047        290.833        46.0803
           1566           1566        288.215            291        46.0732
           1567           1567        288.376        291.167        46.0668
           1568           1568        288.547        291.333        46.0661
           1569           1569        288.712          291.5        46.0617
           1570           1570         288.88        291.667        46.0551
           1571           1571         289.05        291.833        46.0491
           1572           1572        289.221            292        46.0478
           1573           1573        289.392        292.167        46.0449
           1574           1574        289.553        292.333        46.0412
           1575           1575        289.719          292.5        46.0344
           1576           1576        289.894        292.667        46.0277
           1577           1577        290.066        292.833        46.0225
           1578           1578        290.224            293        46.0155
           1579           1579        290.393        293.167        46.0076
           1580           1580        290.564        293.333        45.9993
           1581           1581        290.733          293.5         45.988
           1582           1582        290.902        293.667        45.9786
           1583           1583         291.07        293.833        45.9708
           1584           1584        291.227            294        45.9631
           1585           1585        291.407        294.167        45.9536
           1586           1586        291.566        294.333        45.9478
           1587           1587        291.736          294.5        45.9426
           1588           1588        291.902        294.667        45.9345
           1589           1589        292.072        294.833        45.9307
           1590           1590        292.232            295        45.9288
           1591           1591        292.407        295.167        45.9272
           1592           1592        292.572        295.333        45.9255
           1593           1593        292.743          295.5        45.9288
           1594           1594        292.909        295.667         45.925
           1595           1595        293.081        295.833        45.9198
           1596           1596        293.245            296        45.9154
           1597           1597         293.41        296.167        45.9038
           1598           1598        293.589        296.333        45.8947
           1599           1599        293.754          296.5        45.8865
           1600           1600        293.923        296.667        45.8795
           1601           1601        294.086        296.833        45.8694
           1602           1602        294.255            297        45.8628
           1603           1603        294.419        297.167        45.8561
           1604           1604        294.592        297.333         45.849
           1605           1605        294.751          297.5        45.8362
           1606           1606        294.918        297.667        45.8261
           1607           1607        295.089        297.833        45.8168
           1608           1608        295.257            298        45.8088
           1609           1609        295.427        298.167        45.8086
           1610           1610        295.595        298.333        45.8041
           1611           1611         295.76          298.5        45.7979
           1612           1612        295.931        298.667        45.7899
           1613           1613        296.098        298.833        45.7799
           1614           1614        296.265            299        45.7681
           1615           1615        296.431        299.167        45.7609
           1616           1616          296.6        299.333        45.7545
           1617           1617        296.773          299.5        45.7482
           1618           1618        296.941        299.667        45.7465
           1619           1619        297.105        299.833        45.7419
           1620           1620        297.277            300        45.7353
           1621           1621        297.441        300.167        45.7295
           1622           1622        297.608        300.333        45.7192
           1623           1623        297.776          300.5        45.7085
           1624           1624         297.95        300.667        45.6985
           1625           1625        298.113        300.833        45.6927
           1626           1626        298.286            301        45.6896
           1627           1627        298.454        301.167        45.6838
           1628           1628        298.618        301.333        45.6786
           1629           1629        298.786          301.5        45.6731
           1630           1630        298.955        301.667        45.6658
           1631           1631        299.122        301.833        45.6591
           1632           1632        299.277            302        45.6516
           1633           1633        299.456        302.167        45.6424
           1634           1634        299.624        302.333        45.6373
           1635           1635        299.788          302.5        45.6277
           1636           1636        299.956        302.667        45.6163
           1637           1637        300.127        302.833        45.6042
           1638           1638        300.299            303        45.5883
           1639           1639        300.463        303.167         45.576
           1640           1640        300.628        303.333        45.5646
           1641           1641        300.792          303.5        45.5545
           1642           1642        300.959        303.667        45.5329
           1643           1643        301.124        303.833        45.5148
           1644           1644        301.291            304        45.4983
           1645           1645         301.46        304.167        45.4809
           1646           1646        301.626        304.333        45.4614
           1647           1647        301.796          304.5        45.4449
           1648           1648        301.961        304.667        45.4239
           1649           1649        302.131        304.833        45.4011
           1650           1650        302.303            305        45.3775
           1651           1651        302.463        305.167        45.3476
           1652           1652        302.625        305.333        45.3261
           1653           1653        302.805          305.5        45.3057
           1654           1654         302.96        305.667        45.2839
           1655           1655        303.134        305.833        45.2518
           1656           1656          303.3            306        45.2239
           1657           1657        303.459        306.167        45.1977
           1658           1658         303.63        306.333        45.1732
           1659           1659        303.797          306.5        45.1483
           1660           1660        303.968        306.667         45.123
           1661           1661        304.139        306.833        45.0992
           1662           1662        304.304            307        45.0757
           1663           1663        304.468        307.167        45.0483
           1664           1664        304.633        307.333        45.0215
           1665           1665        304.797          307.5        44.9952
           1666           1666        304.969        307.667         44.969
           1667           1667        305.135        307.833        44.9462
           1668           1668        305.301            308        44.9222
           1669           1669         305.47        308.167        44.9013
           1670           1670        305.633        308.333        44.8842
           1671           1671        305.805          308.5        44.8726
           1672           1672        305.969        308.667         44.858
           1673           1673        306.135        308.833        44.8422
           1674           1674        306.298            309        44.8276
           1675           1675         306.47        309.167        44.8181
           1676           1676        306.635        309.333        44.8027
           1677           1677        306.805          309.5        44.7854
           1678           1678         306.98        309.667        44.7695
           1679           1679         307.15        309.833         44.754
           1680           1680        307.321            310        44.7459
           1681           1681         307.48        310.167        44.7318
           1682           1682        307.648        310.333        44.7168
           1683           1683         307.82          310.5        44.7029
           1684           1684        307.984        310.667        44.6793
           1685           1685        308.143        310.833        44.6636
           1686           1686        308.308            311        44.6505
           1687           1687        308.485        311.167        44.6364
           1688           1688        308.643        311.333        44.6263
           1689           1689        308.812          311.5        44.6154
           1690           1690        308.984        311.667        44.6011
           1691           1691        309.151        311.833        44.5841
           1692           1692        309.322            312        44.5719
           1693           1693        309.484        312.167         44.555
           1694           1694        309.655        312.333        44.5341
           1695           1695        309.824          312.5        44.5105
           1696           1696        309.986        312.667          44.48
           1697           1697        310.162        312.833        44.4544
           1698           1698        310.322            313        44.4299
           1699           1699        310.494        313.167        44.4065
           1700           1700        310.654        313.333        44.3673
           1701           1701         310.83          313.5        44.3393
           1702           1702         310.99        313.667        44.3129
           1703           1703        311.153        313.833        44.2853
           1704           1704        311.322            314        44.2533
           1705           1705        311.488        314.167        44.2237
           1706           1706         311.66        314.333         44.195
           1707           1707        311.826          314.5        44.1665
           1708           1708        311.992        314.667        44.1488
           1709           1709        312.161        314.833        44.1297
           1710           1710        312.331            315        44.1092
           1711           1711        312.495        315.167        44.0885
           1712           1712        312.658        315.333        44.0678
           1713           1713        312.825          315.5        44.0489
           1714           1714        312.994        315.667        44.0317
           1715           1715        313.162        315.833        44.0159
           1716           1716        313.329            316        44.0021
           1717           1717        313.504        316.167        43.9975
           1718           1718        313.672        316.333         43.983
           1719           1719        313.836          316.5        43.9642
           1720           1720        314.006        316.667        43.9442
           1721           1721        314.167        316.833        43.9265
           1722           1722        314.341            317        43.9113
           1723           1723        314.509        317.167        43.8965
           1724           1724        314.675        317.333        43.8817
           1725           1725        314.848          317.5        43.8695
           1726           1726        315.011        317.667        43.8598
           1727           1727        315.176        317.833        43.8469
           1728           1728        315.336            318        43.8329
           1729           1729        315.514        318.167        43.8196
           1730           1730        315.677        318.333        43.8076
           1731           1731        315.852          318.5        43.7956
           1732           1732        316.014        318.667        43.7834
           1733           1733        316.181        318.833         43.779
           1734           1734        316.359            319        43.7671
           1735           1735        316.527        319.167        43.7533
           1736           1736        316.686        319.333          43.74
           1737           1737        316.855          319.5        43.7212
           1738           1738        317.021        319.667        43.7046
           1739           1739        317.193        319.833        43.6862
           1740           1740        317.359            320        43.6671
           1741           1741        317.526        320.167        43.6452
           1742           1742        317.698        320.333        43.6237
           1743           1743        317.857          320.5        43.6023
           1744           1744         318.03        320.667        43.5811
           1745           1745        318.194        320.833        43.5582
           1746           1746        318.364            321        43.5286
           1747           1747        318.531        321.167        43.5042
           1748           1748        318.698        321.333        43.4831
           1749           1749        318.864          321.5         43.461
           1750           1750        319.032        321.667        43.4376
           1751           1751        319.196        321.833        43.4139
           1752           1752        319.367            322        43.3896
           1753           1753         319.53        322.167        43.3651
           1754           1754          319.7        322.333        43.3433
           1755           1755        319.866          322.5         43.323
           1756           1756        320.035        322.667        43.3072
           1757           1757        320.209        322.833        43.2938
           1758           1758        320.369            323         43.275
           1759           1759         320.54        323.167        43.2544
           1760           1760        320.699        323.333        43.2357
           1761           1761        320.869          323.5        43.2187
           1762           1762        321.035        323.667        43.2013
           1763           1763        321.206        323.833        43.1802
           1764           1764        321.377            324        43.1603
           1765           1765        321.551        324.167        43.1417
           1766           1766        321.716        324.333         43.125
           1767           1767        321.874          324.5        43.1062
           1768           1768        322.041        324.667        43.0867
           1769           1769        322.215        324.833        43.0651
           1770           1770        322.385            325        43.0378
           1771           1771        322.546        325.167        43.0143
           1772           1772        322.711        325.333          42.99
           1773           1773        322.881          325.5        42.9667
           1774           1774        323.054        325.667        42.9432
           1775           1775        323.217        325.833         42.919
           1776           1776        323.388            326        42.8941
           1777           1777        323.552        326.167        42.8688
           1778           1778         323.72        326.333        42.8409
           1779           1779        323.888          326.5          42.82
           1780           1780        324.056        326.667        42.8018
           1781           1781        324.224        326.833        42.7828
           1782           1782        324.395            327         42.764
           1783           1783        324.564        327.167        42.7445
           1784           1784        324.726        327.333        42.7247
           1785           1785        324.897          327.5        42.7047
           1786           1786         325.06        327.667        42.6868
           1787           1787        325.233        327.833        42.6653
           1788           1788        325.401            328        42.6436
           1789           1789        325.572        328.167        42.6204
           1790           1790        325.735        328.333         42.594
           1791           1791          325.9          328.5        42.5738
           1792           1792         326.07        328.667         42.555
           1793           1793        326.236        328.833        42.5347
           1794           1794        326.401            329        42.5103
           1795           1795        326.567        329.167        42.4911
           1796           1796        326.736        329.333          42.47
           1797           1797        326.899          329.5        42.4468
           1798           1798        327.069        329.667        42.4236
           1799           1799        327.238        329.833        42.3969
           1800           1800        327.414            330        42.3715
           1801           1801        327.572        330.167        42.3477
           1802           1802        327.743        330.333        42.3254
           1803           1803        327.913          330.5        42.3004
           1804           1804        328.086        330.667        42.2734
           1805           1805        328.242        330.833         42.247
           1806           1806        328.413            331        42.2131
           1807           1807        328.572        331.167         42.181
           1808           1808        328.746        331.333        42.1496
           1809           1809        328.909          331.5        42.1196
           1810           1810        329.085        331.667        42.0967
           1811           1811        329.249        331.833        42.0687
           1812           1812        329.414            332        42.0416
           1813           1813        329.583        332.167        42.0159
           1814           1814        329.754        332.333         41.985
           1815           1815        329.914          332.5        41.9551
           1816           1816        330.079        332.667        41.9255
           1817           1817        330.245        332.833        41.8962
           1818           1818        330.423            333        41.8751
           1819           1819        330.588        333.167        41.8545
           1820           1820        330.752        333.333        41.8305
           1821           1821        330.927          333.5        41.8028
           1822           1822        331.089        333.667        41.7758
           1823           1823        331.257        333.833        41.7458
           1824           1824        331.423            334        41.7184
           1825           1825        331.588        334.167        41.6915
           1826           1826        331.757        334.333        41.6609
           1827           1827        331.934          334.5        41.6315
           1828           1828        332.098        334.667        41.6028
           1829           1829        332.262        334.833        41.5723
           1830           1830        332.427            335        41.5352
           1831           1831        332.588        335.167        41.5069
           1832           1832        332.761        335.333        41.4807
           1833           1833        332.929          335.5        41.4549
           1834           1834        333.094        335.667        41.4332
           1835           1835        333.257        335.833        41.4066
           1836           1836        333.429            336        41.3795
           1837           1837          333.6        336.167        41.3507
           1838           1838        333.761        336.333         41.327
           1839           1839        333.933          336.5        41.3013
           1840           1840        334.106        336.667        41.2744
           1841           1841         334.27        336.833        41.2456
           1842           1842        334.434            337        41.2168
           1843           1843        334.601        337.167        41.1893
           1844           1844        334.769        337.333         41.162
           1845           1845        334.937          337.5        41.1379
           1846           1846        335.103        337.667        41.1154
           1847           1847        335.274        337.833        41.0943
           1848           1848        335.441            338        41.0716
           1849           1849        335.602        338.167        41.0484
           1850           1850        335.769        338.333         41.029
           1851           1851        335.939          338.5        41.0135
           1852           1852        336.103        338.667        41.0022
           1853           1853        336.271        338.833        40.9918
           1854           1854         336.45            339        40.9877
           1855           1855        336.612        339.167        40.9744
           1856           1856        336.782        339.333          40.96
           1857           1857        336.947          339.5        40.9451
           1858           1858        337.111        339.667        40.9328
           1859           1859        337.282        339.833        40.9191
           1860           1860        337.456            340        40.9035
           1861           1861        337.632        340.167        40.8884
           1862           1862        337.789        340.333         40.876
           1863           1863        337.955          340.5        40.8642
           1864           1864        338.124        340.667        40.8504
           1865           1865        338.287        340.833         40.834
           1866           1866         338.46            341        40.8096
           1867           1867        338.634        341.167        40.7882
           1868           1868        338.796        341.333        40.7681
           1869           1869         338.96          341.5        40.7474
           1870           1870        339.129        341.667        40.7229
           1871           1871        339.305        341.833        40.6991
           1872           1872        339.472            342        40.6759
           1873           1873        339.638        342.167        40.6524
           1874           1874        339.801        342.333        40.6224
           1875           1875        339.971          342.5        40.5975
           1876           1876        340.141        342.667        40.5733
           1877           1877         340.31        342.833        40.5477
           1878           1878        340.471            343        40.5199
           1879           1879        340.645        343.167        40.4931
           1880           1880        340.806        343.333        40.4662
           1881           1881        340.982          343.5        40.4379
           1882           1882        341.145        343.667        40.4075
           1883           1883         341.32        343.833        40.3811
           1884           1884        341.483            344        40.3552
           1885           1885        341.648        344.167        40.3283
           1886           1886        341.815        344.333        40.2993
           1887           1887        341.982          344.5        40.2657
           1888           1888        342.146        344.667        40.2363
           1889           1889        342.322        344.833        40.2076
           1890           1890        342.487            345        40.1787
           1891           1891        342.651        345.167        40.1582
           1892           1892        342.822        345.333        40.1386
           1893           1893         342.99          345.5        40.1197
           1894           1894        343.154        345.667        40.1022
           1895           1895         343.32        345.833        40.0852
           1896           1896        343.495            346        40.0651
           1897           1897        343.658        346.167        40.0449
           1898           1898        343.827        346.333        40.0261
           1899           1899        343.991          346.5        40.0113
           1900           1900        344.171        346.667         39.993
           1901           1901        344.337        346.833        39.9777
           1902           1902        344.507            347        39.9644
           1903           1903        344.672        347.167        39.9549
           1904           1904        344.836        347.333        39.9421
           1905           1905        345.009          347.5        39.9289
           1906           1906        345.173        347.667        39.9169
           1907           1907        345.342        347.833        39.9035
           1908           1908        345.506            348        39.8867
           1909           1909        345.677        348.167        39.8714
           1910           1910        345.848        348.333        39.8587
           1911           1911        346.021          348.5        39.8481
           1912           1912         346.19        348.667         39.839
           1913           1913        346.352        348.833        39.8256
           1914           1914        346.522            349        39.8155
           1915           1915        346.697        349.167        39.8058
           1916           1916        346.853        349.333        39.7878
           1917           1917        347.017          349.5        39.7717
           1918           1918         347.19        349.667        39.7562
           1919           1919        347.358        349.833        39.7419
           1920           1920        347.527            350        39.7312
           1921           1921        347.689        350.167        39.7178
           1922           1922        347.858        350.333        39.7027
           1923           1923        348.034          350.5        39.6866
           1924           1924          348.2        350.667        39.6659
           1925           1925        348.363        350.833        39.6464
           1926           1926        348.528            351        39.6282
           1927           1927        348.699        351.167        39.6098
           1928           1928        348.872        351.333          39.59
           1929           1929        349.039          351.5        39.5739
           1930           1930        349.208        351.667        39.5562
           1931           1931        349.372        351.833        39.5377
           1932           1932        349.541            352        39.5194
           1933           1933        349.705        352.167         39.503
           1934           1934        349.877        352.333        39.4894
           1935           1935        350.043          352.5        39.4776
           1936           1936        350.217        352.667        39.4674
           1937           1937        350.381        352.833        39.4533
           1938           1938        350.552            353         39.438
           1939           1939        350.712        353.167        39.4224
           1940           1940        350.886        353.333        39.4154
           1941           1941        351.052          353.5        39.4089
           1942           1942         351.22        353.667        39.4032
           1943           1943        351.395        353.833           39.4
           1944           1944        351.562            354        39.3987
           1945           1945        351.725        354.167        39.3993
           1946           1946         351.89        354.333         39.395
           1947           1947        352.058          354.5         39.388
           1948           1948        352.229        354.667        39.3818
           1949           1949        352.402        354.833        39.3894
           1950           1950        352.572            355         39.389
           1951           1951        352.743        355.167        39.3877
           1952           1952        352.912        355.333        39.3857
           1953           1953        353.079          355.5        39.3783
           1954           1954        353.243        355.667        39.3724
           1955           1955         353.41        355.833        39.3658
           1956           1956        353.576            356        39.3586
           1957           1957        353.745        356.167        39.3447
           1958           1958        353.913        356.333        39.3349
           1959           1959        354.083          356.5         39.323
           1960           1960        354.248        356.667        39.3101
           1961           1961        354.421        356.833        39.3022
           1962           1962        354.585            357        39.2978
           1963           1963        354.757        357.167        39.2908
           1964           1964         354.92        357.333        39.2813
           1965           1965        355.084          357.5        39.2662
           1966           1966        355.261        357.667         39.257
           1967           1967        355.424        357.833        39.2513
           1968           1968        355.588            358        39.2442
           1969           1969         355.76        358.167        39.2475
           1970           1970        355.934        358.333        39.2455
           1971           1971        356.103          358.5        39.2421
           1972           1972        356.263        358.667        39.2391
           1973           1973         356.43        358.833        39.2411
           1974           1974        356.599            359        39.2414
           1975           1975        356.775        359.167        39.2395
           1976           1976        356.939        359.333        39.2383
           1977           1977        357.107          359.5        39.2381
           1978           1978        357.283        359.667        39.2425
           1979           1979        357.447        359.833        39.2342
           1980           1980        357.614            360        39.2259
           1981           1981        357.792        360.167        39.2186
           1982           1982         357.96        360.333        39.2116
           1983           1983        358.123          360.5        39.2083
           1984           1984        358.291        360.667        39.2065
           1985           1985        358.464        360.833        39.2043
           1986           1986        358.634            361        39.1906
           1987           1987        358.788        361.167        39.1858
           1988           1988        358.958        361.333        39.1838
           1989           1989        359.132          361.5         39.182
           1990           1990        359.301        361.667        39.1868
           1991           1991         359.47        361.833         39.183
           1992           1992        359.645            362        39.1805
           1993           1993        359.814        362.167        39.1824
           1994           1994         359.98        362.333        39.1872
           1995           1995        360.147          362.5        39.1914
           1996           1996        360.319        362.667        39.1939
           1997           1997        360.487        362.833        39.1939
           1998           1998        360.651            363        39.1912
           1999           1999        360.819        363.167        39.1896
           2000           2000        360.985        363.333        39.1877
           2001           2001        361.165          363.5        39.1866
           2002           2002         361.33        363.667        39.1931
           2003           2003        361.501        363.833        39.1974
           2004           2004         361.67            364        39.2015
           2005           2005        361.836        364.167        39.2048
           2006           2006        362.002        364.333        39.1903
           2007           2007        362.168          364.5        39.1836
           2008           2008        362.342        364.667        39.1792
           2009           2009        362.505        364.833         39.175
           2010           2010        362.681            365        39.1717
           2011           2011        362.846        365.167        39.1726
           2012           2012        363.022        365.333        39.1709
           2013           2013        363.188          365.5        39.1679
           2014           2014        363.354        365.667         39.162
           2015           2015        363.514        365.833         39.148
           2016           2016        363.687            366        39.1428
           2017           2017        363.858        366.167        39.1406
           2018           2018        364.022        366.333        39.1385
           2019           2019        364.197          366.5        39.1384
           2020           2020        364.359        366.667        39.1343
           2021           2021        364.537        366.833        39.1269
           2022           2022        364.697            367        39.1165
           2023           2023        364.872        367.167        39.1026
           2024           2024        365.036        367.333        39.0893
           2025           2025         365.21          367.5        39.0782
           2026           2026        365.377        367.667        39.0687
           2027           2027        365.541        367.833        39.0568
           2028           2028        365.712            368         39.047
           2029           2029        365.881        368.167        39.0373
           2030           2030        366.044        368.333        39.0285
           2031           2031        366.204          368.5        39.0103
           2032           2032        366.377        368.667        38.9975
           2033           2033        366.541        368.833        38.9863
           2034           2034        366.716            369        38.9766
           2035           2035        366.885        369.167        38.9841
           2036           2036        367.053        369.333        38.9832
           2037           2037        367.219          369.5        38.9802
           2038           2038        367.389        369.667        38.9747
           2039           2039        367.559        369.833        38.9674
           2040           2040        367.722            370        38.9592
           2041           2041        367.891        370.167        38.9511
           2042           2042        368.057        370.333        38.9452
           2043           2043        368.234          370.5        38.9408
           2044           2044        368.402        370.667        38.9422
           2045           2045        368.572        370.833        38.9403
           2046           2046        368.742            371        38.9376
           2047           2047        368.903        371.167        38.9358
           2048           2048         369.07        371.333        38.9296
           2049           2049        369.238          371.5        38.9282
           2050           2050        369.407        371.667        38.9284
           2051           2051        369.579        371.833        38.9301
           2052           2052        369.747            372        38.9401
           2053           2053        369.918        372.167        38.9424
           2054           2054        370.083        372.333        38.9418
           2055           2055        370.252          372.5        38.9401
           2056           2056        370.423        372.667        38.9424
           2057           2057        370.595        372.833        38.9444
           2058           2058        370.756            373        38.9484
           2059           2059        370.927        373.167        38.9508
           2060           2060        371.095        373.333        38.9476
           2061           2061        371.263          373.5        38.9482
           2062           2062        371.429        373.667        38.9494
           2063           2063        371.597        373.833        38.9517
           2064           2064        371.765            374         38.955
           2065           2065        371.929        374.167        38.9591
           2066           2066        372.112        374.333        38.9639
           2067           2067        372.273          374.5        38.9683
           2068           2068        372.441        374.667        38.9737
           2069           2069        372.613        374.833        38.9755
           2070           2070        372.778            375        38.9764
           2071           2071        372.949        375.167        38.9781
           2072           2072        373.114        375.333        38.9862
           2073           2073        373.288          375.5        38.9906
           2074           2074        373.455        375.667        38.9889
           2075           2075        373.621        375.833        38.9843
           2076           2076        373.787            376        38.9783
           2077           2077        373.956        376.167        38.9687
           2078           2078        374.123        376.333        38.9611
           2079           2079        374.296          376.5        38.9556
           2080           2080        374.462        376.667        38.9548
           2081           2081        374.636        376.833        38.9508
           2082           2082        374.799            377        38.9451
           2083           2083        374.961        377.167        38.9389
           2084           2084        375.132        377.333        38.9336
           2085           2085        375.303          377.5        38.9238
           2086           2086        375.475        377.667        38.9167
           2087           2087        375.632        377.833        38.9125
           2088           2088        375.808            378        38.9102
           2089           2089        375.985        378.167        38.9134
           2090           2090        376.145        378.333        38.9129
           2091           2091        376.308          378.5        38.9128
           2092           2092        376.478        378.667        38.9125
           2093           2093         376.65        378.833        38.9086
           2094           2094        376.813            379        38.9056
           2095           2095        376.986        379.167        38.9021
           2096           2096        377.152        379.333        38.8979
           2097           2097        377.323          379.5        38.8972
           2098           2098        377.485        379.667        38.8945
           2099           2099        377.659        379.833        38.8893
           2100           2100        377.827            380        38.8812
           2101           2101        377.993        380.167        38.8624
           2102           2102        378.162        380.333        38.8444
           2103           2103        378.327          380.5        38.8272
           2104           2104        378.493        380.667        38.8128
           2105           2105        378.661        380.833         38.785
           2106           2106        378.829            381        38.7665
           2107           2107        379.001        381.167        38.7499
           2108           2108        379.163        381.333        38.7308
           2109           2109        379.326          381.5        38.7103
           2110           2110        379.494        381.667        38.6812
           2111           2111        379.659        381.833        38.6657
           2112           2112         379.83            382        38.6548
           2113           2113        380.001        382.167        38.6445
           2114           2114        380.165        382.333         38.642
           2115           2115        380.338          382.5        38.6334
           2116           2116        380.505        382.667        38.6254
           2117           2117        380.667        382.833        38.6186
           2118           2118        380.837            383        38.6181
           2119           2119        381.011        383.167        38.6074
           2120           2120        381.184        383.333        38.5956
           2121           2121        381.355          383.5        38.5834
           2122           2122        381.515        383.667        38.5765
           2123           2123        381.686        383.833        38.5665
           2124           2124        381.851            384        38.5558
           2125           2125        382.023        384.167        38.5462
           2126           2126        382.194        384.333        38.5297
           2127           2127        382.355          384.5        38.5176
           2128           2128        382.522        384.667        38.5059
           2129           2129        382.691        384.833         38.494
           2130           2130        382.859            385        38.4839
           2131           2131         383.03        385.167        38.4755
           2132           2132        383.191        385.333        38.4632
           2133           2133        383.366          385.5        38.4498
           2134           2134        383.532        385.667        38.4359
           2135           2135          383.7        385.833        38.4182
           2136           2136        383.867            386        38.4001
           2137           2137        384.031        386.167        38.3834
           2138           2138        384.203        386.333         38.366
           2139           2139        384.371          386.5        38.3491
           2140           2140        384.536        386.667        38.3333
           2141           2141        384.699        386.833        38.3169
           2142           2142        384.864            387        38.2999
           2143           2143        385.028        387.167        38.2707
           2144           2144        385.191        387.333        38.2483
           2145           2145        385.368          387.5        38.2319
           2146           2146        385.532        387.667        38.2184
           2147           2147        385.702        387.833        38.2128
           2148           2148        385.867            388         38.201
           2149           2149        386.041        388.167        38.1864
           2150           2150        386.203        388.333        38.1694
           2151           2151        386.372          388.5        38.1516
           2152           2152        386.534        388.667        38.1352
           2153           2153        386.705        388.833        38.1172
           2154           2154        386.875            389        38.0987
           2155           2155        387.051        389.167        38.0877
           2156           2156        387.216        389.333        38.0713
           2157           2157        387.381          389.5        38.0548
           2158           2158        387.544        389.667         38.038
           2159           2159        387.708        389.833        38.0121
           2160           2160        387.881            390        37.9948
           2161           2161        388.048        390.167        37.9784
           2162           2162        388.212        390.333        37.9604
           2163           2163        388.381          390.5        37.9458
           2164           2164        388.549        390.667        37.9358
           2165           2165        388.711        390.833        37.9257
           2166           2166        388.885            391        37.9137
           2167           2167        389.048        391.167        37.9087
           2168           2168        389.221        391.333        37.9017
           2169           2169        389.387          391.5         37.897
           2170           2170        389.553        391.667        37.8908
           2171           2171        389.712        391.833        37.8918
           2172           2172        389.893            392         37.892
           2173           2173        390.062        392.167        37.8899
           2174           2174        390.227        392.333         37.883
           2175           2175        390.396          392.5         37.875
           2176           2176        390.564        392.667        37.8764
           2177           2177        390.736        392.833        37.8761
           2178           2178        390.902            393        37.8748
           2179           2179        391.064        393.167        37.8694
           2180           2180        391.242        393.333        37.8643
           2181           2181        391.409          393.5        37.8619
           2182           2182        391.573        393.667        37.8595
           2183           2183        391.732        393.833        37.8566
           2184           2184          391.9            394        37.8472
           2185           2185        392.073        394.167        37.8433
           2186           2186        392.243        394.333        37.8385
           2187           2187        392.406          394.5        37.8312
           2188           2188        392.574        394.667        37.8277
           2189           2189        392.745        394.833        37.8249
           2190           2190        392.914            395        37.8237
           2191           2191        393.082        395.167        37.8225
           2192           2192        393.249        395.333        37.8195
           2193           2193        393.415          395.5        37.8142
           2194           2194        393.587        395.667        37.8095
           2195           2195        393.749        395.833        37.8046
           2196           2196        393.914            396        37.7977
           2197           2197        394.086        396.167        37.7943
           2198           2198        394.259        396.333         37.792
           2199           2199        394.425          396.5        37.7914
           2200           2200        394.595        396.667         37.796
           2201           2201        394.757        396.833        37.7987
           2202           2202        394.923            397        37.8011
           2203           2203        395.092        397.167        37.8014
           2204           2204        395.262        397.333         37.801
           2205           2205        395.434          397.5        37.7995
           2206           2206        395.595        397.667         37.799
           2207           2207        395.771        397.833        37.7978
           2208           2208        395.939            398         37.796
           2209           2209        396.104        398.167        37.8026
           2210           2210        396.275        398.333        37.8008
           2211           2211        396.443          398.5        37.7986
           2212           2212        396.609        398.667        37.7973
           2213           2213        396.771        398.833        37.7842
           2214           2214        396.947            399        37.7808
           2215           2215        397.113        399.167         37.778
           2216           2216        397.276        399.333        37.7732
           2217           2217        397.449          399.5        37.7737
           2218           2218        397.615        399.667        37.7745
           2219           2219        397.781        399.833         37.778
           2220           2220        397.953            400        37.7813
           2221           2221        398.115        400.167        37.7798
           2222           2222        398.288        400.333        37.7736
           2223           2223        398.461          400.5        37.7707
           2224           2224         398.62        400.667        37.7698
           2225           2225        398.796        400.833        37.7711
           2226           2226        398.958            401        37.7725
           2227           2227        399.134        401.167        37.7729
           2228           2228        399.306        401.333        37.7724
           2229           2229        399.469          401.5        37.7693
           2230           2230         399.63        401.667        37.7648
           2231           2231        399.792        401.833         37.761
           2232           2232         399.97            402        37.7604
           2233           2233        400.134        402.167        37.7632
           2234           2234        400.306        402.333        37.7617
           2235           2235        400.475          402.5        37.7581
           2236           2236        400.641        402.667        37.7533
           2237           2237         400.81        402.833        37.7393
           2238           2238        400.979            403        37.7302
           2239           2239        401.141        403.167        37.7233
           2240           2240        401.312        403.333         37.717
           2241           2241        401.483          403.5        37.7119
           2242           2242        401.652        403.667        37.7077
           2243           2243        401.818        403.833        37.7073
           2244           2244        401.983            404         37.708
           2245           2245        402.149        404.167        37.7101
           2246           2246        402.315        404.333        37.7088
           2247           2247        402.487          404.5        37.7121
           2248           2248        402.654        404.667         37.715
           2249           2249        402.826        404.833        37.7158
           2250           2250        402.995            405        37.7407
           2251           2251        403.167        405.167        37.7548
           2252           2252        403.332        405.333        37.7666
           2253           2253        403.504          405.5        37.7756
           2254           2254        403.668        405.667        37.7858
           2255           2255        403.839        405.833        37.7961
           2256           2256        404.013            406        37.8078
           2257           2257        404.172        406.167        37.8193
           2258           2258        404.344        406.333        37.8352
           2259           2259        404.521          406.5        37.8494
           2260           2260        404.681        406.667        37.8627
           2261           2261        404.856        406.833        37.8769
           2262           2262        405.015            407        37.8885
           2263           2263        405.189        407.167        37.9027
           2264           2264        405.353        407.333        37.9165
           2265           2265        405.526          407.5        37.9293
           2266           2266        405.699        407.667         37.945
           2267           2267        405.861        407.833        37.9588
           2268           2268        406.029            408        37.9714
           2269           2269        406.202        408.167        37.9811
           2270           2270        406.368        408.333        37.9901
           2271           2271        406.536          408.5        38.0008
           2272           2272        406.704        408.667        38.0121
           2273           2273        406.874        408.833         38.023
           2274           2274        407.036            409        38.0348
           2275           2275         407.21        409.167        38.0381
           2276           2276        407.378        409.333        38.0427
           2277           2277        407.547          409.5        38.0491
           2278           2278         407.71        409.667        38.0568
           2279           2279        407.886        409.833        38.0646
           2280           2280        408.054            410        38.0739
           2281           2281        408.222        410.167         38.085
           2282           2282         408.39        410.333        38.0972
           2283           2283        408.563          410.5        38.1141
           2284           2284        408.726        410.667        38.1274
           2285           2285        408.891        410.833        38.1369
           2286           2286        409.062            411        38.1453
           2287           2287         409.23        411.167        38.1607
           2288           2288        409.399        411.333        38.1718
           2289           2289        409.572          411.5        38.1828
           2290           2290         409.74        411.667        38.1932
           2291           2291         409.92        411.833        38.2107
           2292           2292        410.083            412        38.2266
           2293           2293        410.244        412.167          38.24
           2294           2294        410.407        412.333        38.2503
           2295           2295        410.579          412.5        38.2586
           2296           2296        410.751        412.667        38.2746
           2297           2297         410.91        412.833        38.2932
           2298           2298        411.088            413        38.3154
           2299           2299        411.251        413.167         38.351
           2300           2300        411.428        413.333        38.3829
           2301           2301        411.592          413.5        38.4114
           2302           2302        411.757        413.667        38.4403
           2303           2303        411.921        413.833        38.4747
           2304           2304        412.102            414        38.5021
           2305           2305        412.265        414.167        38.5317
           2306           2306        412.438        414.333        38.5626
           2307           2307         412.61          414.5        38.5929
           2308           2308        412.782        414.667        38.6277
           2309           2309        412.951        414.833        38.6542
           2310           2310        413.115            415        38.6839
           2311           2311         413.29        415.167        38.7152
           2312           2312        413.455        415.333        38.7322
           2313           2313        413.618          415.5        38.7582
           2314           2314        413.796        415.667        38.7865
           2315           2315         413.96        415.833        38.8104
           2316           2316        414.132            416        38.8305
           2317           2317        414.289        416.167        38.8524
           2318           2318        414.467        416.333        38.8771
           2319           2319        414.638          416.5        38.9016
           2320           2320        414.811        416.667        38.9247
           2321           2321        414.972        416.833        38.9421
           2322           2322        415.145            417        38.9566
           2323           2323        415.313        417.167        38.9695
           2324           2324        415.471        417.333         38.972
           2325           2325        415.645          417.5          38.99
           2326           2326        415.816        417.667        39.0114
           2327           2327        415.988        417.833        39.0344
           2328           2328        416.149            418         39.045
           2329           2329        416.318        418.167        39.0584
           2330           2330        416.484        418.333        39.0768
           2331           2331        416.652          418.5        39.0954
           2332           2332        416.821        418.667        39.1193
           2333           2333        416.992        418.833        39.1372
           2334           2334        417.166            419        39.1538
           2335           2335        417.335        419.167        39.1714
           2336           2336        417.502        419.333        39.1929
           2337           2337        417.657          419.5        39.2129
           2338           2338        417.834        419.667        39.2336
           2339           2339         418.01        419.833        39.2524
           2340           2340        418.179            420        39.2682
           2341           2341        418.341        420.167        39.2823
           2342           2342        418.507        420.333        39.2996
           2343           2343        418.679          420.5        39.3169
           2344           2344        418.849        420.667        39.3337
           2345           2345        419.015        420.833        39.3496
           2346           2346        419.183            421        39.3677
           2347           2347        419.354        421.167        39.3891
           2348           2348        419.518        421.333        39.4143
           2349           2349        419.683          421.5        39.4368
           2350           2350        419.852        421.667        39.4619
           2351           2351        420.024        421.833        39.4891
           2352           2352        420.192            422        39.5163
           2353           2353        420.358        422.167        39.5566
           2354           2354        420.528        422.333         39.589
           2355           2355        420.696          422.5        39.6205
           2356           2356        420.868        422.667        39.6513
           2357           2357        421.045        422.833        39.6983
           2358           2358        421.208            423        39.7334
           2359           2359        421.376        423.167         39.764
           2360           2360        421.544        423.333        39.7929
           2361           2361        421.716          423.5        39.8128
           2362           2362        421.882        423.667        39.8352
           2363           2363        422.048        423.833        39.8566
           2364           2364        422.221            424        39.8769
           2365           2365         422.39        424.167         39.894
           2366           2366        422.554        424.333        39.9201
           2367           2367        422.725          424.5        39.9481
           2368           2368         422.89        424.667        39.9716
           2369           2369        423.061        424.833         39.977
           2370           2370        423.221            425        39.9919
           2371           2371        423.393        425.167        40.0113
           2372           2372        423.559        425.333        40.0328
           2373           2373        423.725          425.5         40.054
           2374           2374        423.899        425.667        40.0795
           2375           2375        424.075        425.833        40.0975
           2376           2376         424.24            426        40.1183
           2377           2377        424.398        426.167        40.1424
           2378           2378        424.566        426.333        40.1536
           2379           2379        424.742          426.5        40.1707
           2380           2380        424.908        426.667          40.19
           2381           2381        425.078        426.833        40.2127
           2382           2382        425.244            427        40.2372
           2383           2383        425.411        427.167        40.2562
           2384           2384        425.578        427.333         40.276
           2385           2385        425.752          427.5         40.295
           2386           2386        425.923        427.667        40.3163
           2387           2387        426.086        427.833        40.3355
           2388           2388        426.252            428         40.355
           2389           2389        426.422        428.167        40.3736
           2390           2390        426.596        428.333        40.3822
           2391           2391        426.756          428.5        40.3936
           2392           2392        426.929        428.667        40.4042
           2393           2393        427.096        428.833        40.4155
           2394           2394        427.265            429        40.4155
           2395           2395        427.431        429.167        40.4218
           2396           2396        427.604        429.333        40.4259
           2397           2397        427.774          429.5        40.4286
           2398           2398        427.936        429.667        40.4174
           2399           2399        428.106        429.833        40.4162
           2400           2400        428.269            430        40.4202
           2401           2401        428.441        430.167        40.4281
           2402           2402        428.606        430.333         40.426
           2403           2403        428.777          430.5        40.4267
           2404           2404        428.945        430.667        40.4263
           2405           2405        429.112        430.833        40.4224
           2406           2406        429.276            431        40.4171
           2407           2407        429.444        431.167        40.4115
           2408           2408        429.616        431.333        40.4083
           2409           2409        429.794          431.5        40.4082
           2410           2410        429.961        431.667        40.4101
           2411           2411        430.122        431.833        40.4042
           2412           2412        430.291            432        40.3999
           2413           2413        430.454        432.167        40.3972
           2414           2414        430.622        432.333        40.3941
           2415           2415        430.785          432.5        40.3893
           2416           2416        430.958        432.667        40.3887
           2417           2417        431.124        432.833        40.3913
           2418           2418        431.299            433        40.3921
           2419           2419        431.465        433.167        40.3939
           2420           2420        431.628        433.333        40.3922
           2421           2421        431.796          433.5        40.3922
           2422           2422        431.965        433.667        40.3939
           2423           2423        432.134        433.833        40.3958
           2424           2424        432.301            434        40.3973
           2425           2425        432.474        434.167        40.3971
           2426           2426        432.645        434.333        40.3943
           2427           2427        432.804          434.5        40.3868
           2428           2428        432.973        434.667        40.3874
           2429           2429        433.142        434.833        40.3922
           2430           2430        433.314            435        40.3975
           2431           2431        433.481        435.167        40.4065
           2432           2432        433.649        435.333        40.4092
           2433           2433        433.815          435.5        40.4136
           2434           2434        433.983        435.667        40.4217
           2435           2435        434.146        435.833        40.4256
           2436           2436        434.314            436         40.427
           2437           2437        434.491        436.167        40.4299
           2438           2438        434.655        436.333        40.4333
           2439           2439        434.823          436.5        40.4343
           2440           2440        434.986        436.667         40.439
           2441           2441        435.154        436.833        40.4446
           2442           2442        435.326            437        40.4487
           2443           2443          435.5        437.167        40.4502
           2444           2444        435.664        437.333        40.4484
           2445           2445        435.823          437.5        40.4479
           2446           2446            436        437.667         40.446
           2447           2447        436.164        437.833        40.4452
           2448           2448        436.327            438        40.4411
           2449           2449        436.503        438.167        40.4418
           2450           2450        436.667        438.333        40.4475
           2451           2451        436.838          438.5        40.4538
           2452           2452            437        438.667        40.4635
           2453           2453        437.174        438.833        40.4726
           2454           2454        437.335            439        40.4809
           2455           2455        437.503        439.167        40.4887
           2456           2456         437.67        439.333        40.5009
           2457           2457        437.835          439.5        40.5128
           2458           2458        438.012        439.667        40.5252
           2459           2459        438.178        439.833        40.5356
           2460           2460        438.347            440        40.5531
           2461           2461        438.519        440.167        40.5643
           2462           2462         438.68        440.333        40.5717
           2463           2463         438.85          440.5        40.5795
           2464           2464        439.015        440.667        40.5712
           2465           2465        439.179        440.833        40.5703
           2466           2466        439.357            441        40.5732
           2467           2467        439.523        441.167        40.5782
           2468           2468        439.687        441.333        40.5728
           2469           2469        439.858          441.5        40.5731
           2470           2470        440.024        441.667        40.5723
           2471           2471         440.19        441.833        40.5669
           2472           2472        440.354            442        40.5578
           2473           2473        440.519        442.167        40.5392
           2474           2474        440.688        442.333        40.5256
           2475           2475        440.862          442.5        40.5157
           2476           2476        441.028        442.667         40.508
           2477           2477        441.192        442.833        40.4978
           2478           2478        441.365            443        40.4881
           2479           2479        441.527        443.167        40.4787
           2480           2480        441.691        443.333        40.4709
           2481           2481        441.858          443.5         40.451
           2482           2482        442.025        443.667        40.4392
           2483           2483        442.189        443.833        40.4291
           2484           2484        442.362            444        40.4191
           2485           2485        442.534        444.167        40.4221
           2486           2486        442.698        444.333        40.4169
           2487           2487        442.863          444.5        40.4092
           2488           2488        443.036        444.667        40.4005
           2489           2489        443.201        444.833        40.3908
           2490           2490        443.367            445        40.3807
           2491           2491        443.538        445.167        40.3715
           2492           2492        443.701        445.333        40.3643
           2493           2493         443.87          445.5        40.3539
           2494           2494        444.041        445.667        40.3461
           2495           2495        444.203        445.833        40.3396
           2496           2496        444.373            446        40.3352
           2497           2497        444.538        446.167        40.3304
           2498           2498        444.709        446.333        40.3287
           2499           2499         444.87          446.5        40.3269
           2500           2500        445.043        446.667        40.3269
           2501           2501         445.21        446.833        40.3309
           2502           2502         445.37            447        40.3331
           2503           2503        445.546        447.167        40.3368
           2504           2504        445.709        447.333        40.3416
           2505           2505        445.881          447.5        40.3485
           2506           2506         446.05        447.667        40.3611
           2507           2507        446.217        447.833        40.3691
           2508           2508        446.382            448        40.3743
           2509           2509        446.551        448.167        40.3766
           2510           2510        446.718        448.333        40.3799
           2511           2511        446.885          448.5        40.3826
           2512           2512        447.058        448.667         40.389
           2513           2513        447.226        448.833        40.3961
           2514           2514        447.391            449         40.399
           2515           2515        447.558        449.167        40.4017
           2516           2516        447.727        449.333        40.4055
           2517           2517        447.891          449.5        40.4091
           2518           2518        448.061        449.667        40.4069
           2519           2519        448.226        449.833        40.4032
           2520           2520        448.393            450        40.3974
           2521           2521        448.567        450.167        40.3926
           2522           2522        448.726        450.333        40.3937
           2523           2523         448.89          450.5         40.395
           2524           2524        449.062        450.667        40.3964
           2525           2525        449.229        450.833        40.3994
           2526           2526        449.401            451        40.4022
           2527           2527        449.566        451.167        40.4064
           2528           2528        449.721        451.333         40.408
           2529           2529        449.895          451.5        40.4085
           2530           2530        450.062        451.667        40.4138
           2531           2531        450.235        451.833        40.4187
           2532           2532        450.407            452        40.4241
           2533           2533        450.571        452.167        40.4272
           2534           2534        450.741        452.333        40.4379
           2535           2535        450.911          452.5         40.441
           2536           2536        451.077        452.667        40.4425
           2537           2537        451.238        452.833        40.4404
           2538           2538        451.407            453        40.4371
           2539           2539        451.577        453.167        40.4317
           2540           2540        451.746        453.333        40.4268
           2541           2541        451.915          453.5        40.4247
           2542           2542        452.079        453.667        40.4246
           2543           2543        452.245        453.833        40.4246
           2544           2544        452.415            454        40.4257
           2545           2545        452.579        454.167        40.4244
           2546           2546        452.747        454.333        40.4224
           2547           2547        452.917          454.5        40.4244
           2548           2548        453.083        454.667        40.4262
           2549           2549        453.244        454.833        40.4277
           2550           2550        453.418            455        40.4291
           2551           2551        453.585        455.167         40.437
           2552           2552        453.761        455.333         40.436
           2553           2553        453.921          455.5        40.4345
           2554           2554        454.087        455.667        40.4364
           2555           2555        454.261        455.833        40.4395
           2556           2556        454.422            456        40.4454
           2557           2557         454.59        456.167        40.4505
           2558           2558        454.757        456.333        40.4531
           2559           2559        454.923          456.5        40.4576
           2560           2560        455.086        456.667        40.4618
           2561           2561        455.257        456.833         40.466
           2562           2562        455.424            457        40.4719
           2563           2563        455.597        457.167        40.4914
           2564           2564        455.769        457.333        40.4982
           2565           2565        455.935          457.5        40.4987
           2566           2566        456.094        457.667        40.4972
           2567           2567        456.264        457.833        40.4939
           2568           2568        456.434            458        40.4928
           2569           2569        456.602        458.167        40.4915
           2570           2570         456.77        458.333        40.4883
           2571           2571         456.94          458.5        40.4824
           2572           2572        457.106        458.667        40.4809
           2573           2573        457.266        458.833        40.4852
           2574           2574        457.433            459        40.4893
           2575           2575        457.608        459.167         40.495
           2576           2576         457.77        459.333        40.4997
           2577           2577        457.937          459.5        40.5021
           2578           2578        458.104        459.667        40.5046
           2579           2579         458.27        459.833        40.5088
           2580           2580        458.437            460        40.5193
           2581           2581        458.617        460.167        40.5261
           2582           2582        458.779        460.333        40.5327
           2583           2583        458.949          460.5        40.5368
           2584           2584        459.121        460.667        40.5394
           2585           2585        459.277        460.833        40.5401
           2586           2586        459.446            461        40.5408
           2587           2587        459.613        461.167        40.5431
           2588           2588        459.786        461.333        40.5345
           2589           2589        459.952          461.5        40.5272
           2590           2590        460.121        461.667        40.5238
           2591           2591        460.285        461.833        40.5246
           2592           2592        460.449            462        40.5158
           2593           2593         460.62        462.167        40.5147
           2594           2594        460.784        462.333        40.5169
           2595           2595        460.956          462.5        40.5195
           2596           2596        461.121        462.667        40.5289
           2597           2597        461.285        462.833        40.5359
           2598           2598         461.45            463        40.5439
           2599           2599        461.624        463.167        40.5517
           2600           2600        461.794        463.333        40.5682
           2601           2601        461.957          463.5         40.576
           2602           2602        462.132        463.667        40.5808
           2603           2603        462.296        463.833        40.5837
           2604           2604         462.47            464        40.5855
           2605           2605        462.636        464.167        40.5832
           2606           2606        462.802        464.333        40.5862
           2607           2607        462.974          464.5        40.5877
           2608           2608        463.137        464.667        40.5859
           2609           2609        463.302        464.833        40.5671
           2610           2610        463.475            465        40.5585
           2611           2611         463.64        465.167        40.5556
           2612           2612        463.806        465.333        40.5534
           2613           2613        463.969          465.5        40.5491
           2614           2614        464.141        465.667        40.5449
           2615           2615        464.314        465.833        40.5411
           2616           2616        464.477            466        40.5389
           2617           2617        464.644        466.167        40.5401
           2618           2618        464.809        466.333        40.5404
           2619           2619        464.982          466.5         40.539
           2620           2620        465.148        466.667        40.5389
           2621           2621         465.32        466.833        40.5465
           2622           2622        465.484            467        40.5453
           2623           2623        465.652        467.167        40.5452
           2624           2624        465.821        467.333        40.5472
           2625           2625        465.992          467.5        40.5471
           2626           2626        466.162        467.667        40.5468
           2627           2627        466.321        467.833        40.5455
           2628           2628        466.492            468        40.5474
           2629           2629         466.66        468.167         40.545
           2630           2630        466.824        468.333        40.5469
           2631           2631         466.99          468.5        40.5521
           2632           2632        467.162        468.667        40.5579
           2633           2633        467.326        468.833        40.5711
           2634           2634        467.497            469        40.5774
           2635           2635        467.661        469.167        40.5834
           2636           2636        467.833        469.333        40.5935
           2637           2637        468.004          469.5        40.6043
           2638           2638        468.166        469.667          40.63
           2639           2639        468.336        469.833         40.644
           2640           2640        468.504            470        40.6501
           2641           2641        468.673        470.167         40.658
           2642           2642        468.842        470.333        40.6695
           2643           2643        469.004          470.5        40.6764
           2644           2644        469.177        470.667        40.6791
           2645           2645        469.345        470.833        40.6807
           2646           2646        469.514            471        40.6915
           2647           2647        469.689        471.167        40.7006
           2648           2648        469.841        471.333        40.7102
           2649           2649        470.008          471.5         40.719
           2650           2650        470.182        471.667        40.7187
           2651           2651        470.346        471.833        40.7299
           2652           2652        470.508            472        40.7441
           2653           2653        470.677        472.167        40.7606
           2654           2654         470.85        472.333        40.7793
           2655           2655         471.02          472.5        40.7897
           2656           2656        471.185        472.667        40.7991
           2657           2657        471.354        472.833        40.8078
           2658           2658        471.518            473        40.8142
           2659           2659        471.693        473.167        40.8116
           2660           2660        471.861        473.333        40.8049
           2661           2661        472.033          473.5        40.7987
           2662           2662        472.196        473.667        40.7846
           2663           2663         472.36        473.833        40.7728
           2664           2664        472.525            474        40.7592
           2665           2665        472.697        474.167        40.7467
           2666           2666        472.861        474.333        40.7099
           2667           2667        473.026          474.5        40.6948
           2668           2668        473.186        474.667        40.6869
           2669           2669        473.351        474.833        40.6804
           2670           2670        473.525            475        40.6692
           2671           2671        473.689        475.167        40.6614
           2672           2672        473.853        475.333        40.6599
           2673           2673         474.02          475.5        40.6601
           2674           2674        474.188        475.667        40.6711
           2675           2675        474.357        475.833        40.6739
           2676           2676        474.527            476        40.6795
           2677           2677        474.697        476.167        40.6881
           2678           2678        474.863        476.333        40.7077
           2679           2679        475.024          476.5        40.7175
           2680           2680        475.197        476.667        40.7274
           2681           2681        475.369        476.833        40.7415
           2682           2682        475.539            477        40.7598
           2683           2683        475.699        477.167         40.771
           2684           2684        475.867        477.333        40.7775
           2685           2685        476.039          477.5        40.7826
           2686           2686        476.207        477.667        40.7955
           2687           2687        476.367        477.833        40.8085
           2688           2688        476.536            478        40.8214
           2689           2689        476.709        478.167        40.8314
           2690           2690        476.872        478.333        40.8367
           2691           2691        477.044          478.5        40.8402
           2692           2692        477.206        478.667        40.8396
           2693           2693        477.368        478.833        40.8376
           2694           2694        477.544            479        40.8358
           2695           2695        477.707        479.167         40.841
           2696           2696        477.881        479.333        40.8449
           2697           2697        478.043          479.5         40.848
           2698           2698         478.21        479.667        40.8415
           2699           2699        478.378        479.833        40.8412
           2700           2700        478.543            480        40.8384
           2701           2701        478.708        480.167        40.8372
           2702           2702        478.875        480.333        40.8391
           2703           2703        479.052          480.5        40.8405
           2704           2704         479.22        480.667          40.84
           2705           2705        479.382        480.833        40.8408
           2706           2706        479.548            481        40.8499
           2707           2707        479.722        481.167        40.8549
           2708           2708        479.878        481.333        40.8558
           2709           2709        480.051          481.5        40.8505
           2710           2710        480.214        481.667        40.8425
           2711           2711        480.383        481.833        40.8305
           2712           2712        480.555            482        40.8156
           2713           2713        480.716        482.167        40.8057
           2714           2714        480.895        482.333        40.7951
           2715           2715         481.06          482.5         40.786
           2716           2716        481.226        482.667        40.7777
           2717           2717        481.386        482.833        40.7669
           2718           2718        481.546            483        40.7314
           2719           2719        481.723        483.167        40.7149
           2720           2720        481.878        483.333        40.6993
           2721           2721         482.05          483.5        40.6818
           2722           2722        482.222        483.667        40.6856
           2723           2723        482.386        483.833        40.6763
           2724           2724        482.558            484        40.6669
           2725           2725        482.722        484.167        40.6593
           2726           2726         482.89        484.333        40.6533
           2727           2727        483.056          484.5        40.6469
           2728           2728        483.229        484.667        40.6411
           2729           2729        483.382        484.833        40.6354
           2730           2730        483.559            485        40.6333
           2731           2731        483.724        485.167        40.6317
           2732           2732        483.888        485.333        40.6295
           2733           2733        484.062          485.5        40.6271
           2734           2734        484.231        485.667        40.6321
           2735           2735        484.398        485.833        40.6291
           2736           2736        484.564            486        40.6262
           2737           2737        484.728        486.167        40.6231
           2738           2738        484.898        486.333        40.6133
           2739           2739        485.064          486.5        40.6114
           2740           2740        485.236        486.667        40.6186
           2741           2741        485.402        486.833        40.6277
           2742           2742        485.569            487        40.6332
           2743           2743        485.729        487.167        40.6435
           2744           2744        485.902        487.333         40.657
           2745           2745        486.069          487.5        40.6711
           2746           2746        486.237        487.667        40.6859
           2747           2747        486.401        487.833        40.6979
           2748           2748        486.574            488        40.7127
           2749           2749         486.75        488.167        40.7302
           2750           2750        486.906        488.333        40.7596
           2751           2751        487.078          488.5        40.7811
           2752           2752        487.249        488.667         40.801
           2753           2753        487.421        488.833        40.8179
           2754           2754        487.573            489        40.8256
           2755           2755        487.745        489.167        40.8378
           2756           2756        487.917        489.333        40.8548
           2757           2757        488.082          489.5        40.8721
           2758           2758        488.258        489.667        40.8941
           2759           2759        488.418        489.833         40.909
           2760           2760        488.593            490        40.9216
           2761           2761        488.756        490.167        40.9351
           2762           2762        488.922        490.333        40.9306
           2763           2763        489.087          490.5        40.9343
           2764           2764        489.259        490.667         40.944
           2765           2765         489.43        490.833        40.9586
           2766           2766        489.595            491        40.9691
           2767           2767        489.765        491.167        40.9815
           2768           2768        489.927        491.333         40.992
           2769           2769        490.097          491.5        40.9983
           2770           2770        490.264        491.667         41.003
           2771           2771        490.432        491.833        41.0045
           2772           2772        490.595            492        41.0026
           2773           2773        490.773        492.167        41.0002
           2774           2774        490.935        492.333        40.9993
           2775           2775        491.104          492.5        40.9984
           2776           2776        491.273        492.667        40.9976
           2777           2777        491.439        492.833        40.9943
           2778           2778        491.607            493        40.9917
           2779           2779         491.77        493.167        40.9771
           2780           2780         491.94        493.333        40.9693
           2781           2781        492.102          493.5        40.9643
           2782           2782        492.271        493.667        40.9592
           2783           2783        492.438        493.833        40.9487
           2784           2784        492.606            494        40.9331
           2785           2785        492.775        494.167        40.9179
           2786           2786        492.938        494.333        40.9067
           2787           2787        493.111          494.5        40.8963
           2788           2788        493.278        494.667        40.8896
           2789           2789        493.442        494.833        40.8863
           2790           2790        493.615            495        40.8879
           2791           2791         493.78        495.167        40.8781
           2792           2792        493.939        495.333        40.8751
           2793           2793        494.106          495.5        40.8711
           2794           2794        494.276        495.667        40.8624
           2795           2795        494.444        495.833        40.8733
           2796           2796        494.618            496        40.8709
           2797           2797        494.783        496.167        40.8683
           2798           2798        494.955        496.333        40.8674
           2799           2799        495.122          496.5         40.874
           2800           2800        495.287        496.667        40.8755
           2801           2801        495.455        496.833        40.8724
           2802           2802        495.618            497        40.8674
           2803           2803        495.783        497.167        40.8614
           2804           2804        495.952        497.333        40.8497
           2805           2805        496.118          497.5        40.8435
           2806           2806        496.291        497.667        40.8391
           2807           2807         496.46        497.833        40.8367
           2808           2808         496.63            498        40.8389
           2809           2809         496.79        498.167        40.8376
           2810           2810        496.964        498.333        40.8368
           2811           2811        497.123          498.5        40.8356
           2812           2812        497.296        498.667        40.8256
           2813           2813        497.464        498.833        40.8137
           2814           2814        497.631            499        40.8046
           2815           2815        497.798        499.167        40.7979
           2816           2816        497.966        499.333         40.795
           2817           2817        498.134          499.5        40.7903
           2818           2818        498.302        499.667        40.7876
           2819           2819        498.465        499.833        40.7826
           2820           2820        498.638            500         40.759
           2821           2821        498.802        500.167        40.7463
           2822           2822        498.962        500.333        40.7402
           2823           2823        499.137          500.5        40.7333
           2824           2824        499.305        500.667        40.7294
           2825           2825         499.47        500.833        40.7249
           2826           2826        499.643            501        40.7187
           2827           2827        499.811        501.167        40.7141
           2828           2828        499.969        501.333        40.7074
           2829           2829        500.133          501.5        40.7064
           2830           2830        500.309        501.667        40.7082
           2831           2831        500.478        501.833        40.7126
           2832           2832        500.641            502        40.7262
           2833           2833        500.811        502.167        40.7315
           2834           2834        500.974        502.333        40.7367
           2835           2835        501.142          502.5        40.7452
           2836           2836        501.314        502.667        40.7521
           2837           2837         501.48        502.833        40.7658
           2838           2838        501.651            503        40.7712
           2839           2839        501.817        503.167        40.7737
           2840           2840        501.987        503.333         40.775
           2841           2841        502.152          503.5        40.7727
           2842           2842        502.317        503.667        40.7722
           2843           2843        502.497        503.833        40.7725
           2844           2844        502.658            504        40.7701
           2845           2845        502.825        504.167        40.7554
           2846           2846        502.989        504.333        40.7456
           2847           2847        503.157          504.5        40.7334
           2848           2848        503.324        504.667          40.72
           2849           2849        503.494        504.833        40.7029
           2850           2850        503.655            505        40.6928
           2851           2851        503.826        505.167        40.6886
           2852           2852        503.992        505.333        40.6852
           2853           2853        504.159          505.5        40.6813
           2854           2854        504.325        505.667        40.6836
           2855           2855        504.492        505.833        40.6873
           2856           2856        504.652            506        40.6912
           2857           2857        504.824        506.167        40.6959
           2858           2858        504.992        506.333        40.6944
           2859           2859        505.161          506.5         40.691
           2860           2860        505.335        506.667        40.6914
           2861           2861        505.501        506.833        40.7077
           2862           2862        505.675            507        40.7113
           2863           2863         505.84        507.167        40.7073
           2864           2864        506.009        507.333        40.6988
           2865           2865         506.17          507.5         40.674
           2866           2866        506.336        507.667        40.6663
           2867           2867        506.503        507.833        40.6642
           2868           2868        506.671            508        40.6638
           2869           2869        506.843        508.167        40.6654
           2870           2870         507.01        508.333        40.6614
           2871           2871        507.174          508.5        40.6556
           2872           2872        507.338        508.667        40.6471
           2873           2873        507.498        508.833        40.6354
           2874           2874        507.669            509        40.6213
           2875           2875        507.847        509.167        40.6072
           2876           2876        508.011        509.333        40.5926
           2877           2877        508.181          509.5        40.5776
           2878           2878        508.346        509.667        40.5658
           2879           2879        508.518        509.833        40.5569
           2880           2880        508.677            510         40.547
           2881           2881        508.846        510.167        40.5389
           2882           2882        509.005        510.333        40.5217
           2883           2883        509.174          510.5         40.518
           2884           2884        509.346        510.667        40.5163
           2885           2885        509.509        510.833        40.5171
           2886           2886        509.678            511        40.5378
           2887           2887        509.848        511.167        40.5439
           2888           2888        510.017        511.333        40.5422
           2889           2889         510.18          511.5        40.5316
           2890           2890         510.35        511.667        40.5258
           2891           2891        510.524        511.833        40.5154
           2892           2892        510.685            512        40.5034
           2893           2893        510.858        512.167        40.4905
           2894           2894        511.024        512.333        40.4622
           2895           2895         511.19          512.5        40.4442
           2896           2896        511.358        512.667        40.4296
           2897           2897         511.52        512.833        40.4148
           2898           2898        511.674            513        40.3679
           2899           2899        511.847        513.167        40.3366
           2900           2900        512.016        513.333        40.3125
           2901           2901        512.184          513.5        40.2906
           2902           2902        512.355        513.667        40.2665
           2903           2903        512.519        513.833        40.2509
           2904           2904        512.685            514        40.2268
           2905           2905        512.854        514.167        40.2015
           2906           2906        513.023        514.333        40.1781
           2907           2907        513.181          514.5        40.1537
           2908           2908        513.348        514.667        40.1329
           2909           2909        513.521        514.833        40.1101
           2910           2910        513.689            515        40.0863
           2911           2911        513.849        515.167        40.0642
           2912           2912         514.02        515.333        40.0399
           2913           2913        514.184          515.5        40.0167
           2914           2914        514.351        515.667        39.9934
           2915           2915        514.521        515.833        39.9769
           2916           2916        514.693            516        39.9526
           2917           2917        514.855        516.167        39.9279
           2918           2918        515.023        516.333         39.907
           2919           2919        515.192          516.5        39.8782
           2920           2920         515.36        516.667        39.8588
           2921           2921        515.523        516.833        39.8431
           2922           2922        515.693            517        39.8273
           2923           2923         515.86        517.167        39.8079
           2924           2924        516.025        517.333        39.7863
           2925           2925        516.193          517.5        39.7585
           2926           2926        516.365        517.667        39.7263
           2927           2927        516.534        517.833         39.703
           2928           2928        516.703            518        39.6628
           2929           2929        516.873        518.167        39.6181
           2930           2930        517.042        518.333        39.5783
           2931           2931        517.208          518.5        39.5146
           2932           2932        517.374        518.667        39.4654
           2933           2933        517.541        518.833        39.4157
           2934           2934          517.7            519        39.3659
           2935           2935        517.873        519.167        39.3177
           2936           2936        518.033        519.333        39.2487
           2937           2937        518.192          519.5        39.1954
           2938           2938        518.369        519.667        39.1415
           2939           2939        518.537        519.833        39.0849
           2940           2940        518.702            520        39.0383
           2941           2941        518.868        520.167        38.9839
           2942           2942        519.036        520.333        38.9274
           2943           2943        519.202          520.5        38.8705
           2944           2944        519.377        520.667        38.8183
           2945           2945        519.542        520.833        38.7633
           2946           2946        519.709            521        38.7097
           2947           2947         519.87        521.167        38.6591
           2948           2948        520.036        521.333           38.6
           2949           2949        520.205          521.5        38.5502
           2950           2950        520.369        521.667         38.503
           2951           2951        520.534        521.833        38.4566
           2952           2952        520.702            522        38.4253
           2953           2953        520.868        522.167         38.389
           2954           2954        521.038        522.333        38.3506
           2955           2955        521.202          522.5        38.3096
           2956           2956        521.375        522.667        38.2846
           2957           2957        521.537        522.833        38.2518
           2958           2958        521.706            523        38.2197
           2959           2959         521.87        523.167        38.1878
           2960           2960        522.046        523.333        38.1553
           2961           2961        522.209          523.5        38.1251
           2962           2962        522.377        523.667        38.0987
           2963           2963        522.543        523.833        38.0704
           2964           2964        522.701            524        38.0304
           2965           2965        522.878        524.167        37.9898
           2966           2966        523.046        524.333        37.9504
           2967           2967        523.213          524.5        37.9114
           2968           2968        523.378        524.667        37.8742
           2969           2969        523.544        524.833        37.8366
           2970           2970        523.721            525        37.7983
           2971           2971        523.888        525.167        37.7589
           2972           2972        524.049        525.333        37.7186
           2973           2973        524.209          525.5        37.6669
           2974           2974        524.379        525.667        37.6211
           2975           2975        524.549        525.833        37.5758
           2976           2976        524.716            526        37.5301
           2977           2977        524.884        526.167        37.4847
           2978           2978        525.051        526.333        37.4343
           2979           2979         525.22          526.5        37.3765
           2980           2980        525.384        526.667        37.3166
           2981           2981        525.557        526.833        37.2648
           2982           2982        525.716            527        37.2203
           2983           2983        525.888        527.167        37.1688
           2984           2984        526.053        527.333        37.1152
           2985           2985        526.214          527.5        37.0488
           2986           2986        526.385        527.667        36.9939
           2987           2987        526.549        527.833        36.9495
           2988           2988        526.712            528         36.907
           2989           2989        526.881        528.167        36.8741
           2990           2990        527.064        528.333         36.829
           2991           2991        527.223          528.5         36.778
           2992           2992        527.379        528.667        36.7254
           2993           2993        527.555        528.833        36.6776
           2994           2994        527.715            529        36.6317
           2995           2995        527.891        529.167        36.5881
           2996           2996        528.064        529.333        36.5428
           2997           2997        528.232          529.5        36.5087
           2998           2998        528.395        529.667        36.4699
           2999           2999        528.557        529.833        36.4295
           3000           3000        528.724            530        36.3901
           3001           3001        528.891        530.167        36.3534
           3002           3002        529.058        530.333         36.314
           3003           3003         529.23          530.5        36.2732
           3004           3004        529.391        530.667        36.2314
           3005           3005        529.561        530.833        36.1889
           3006           3006        529.732            531        36.1456
           3007           3007        529.898        531.167        36.0979
           3008           3008        530.066        531.333        36.0511
           3009           3009        530.235          531.5        36.0041
           3010           3010          530.4        531.667        35.9454
           3011           3011        530.562        531.833        35.8942
           3012           3012        530.729            532         35.842
           3013           3013        530.898        532.167        35.7943
           3014           3014        531.062        532.333         35.735
           3015           3015        531.226          532.5        35.6822
           3016           3016        531.395        532.667        35.6337
           3017           3017        531.567        532.833        35.5912
           3018           3018        531.727            533        35.5572
           3019           3019        531.899        533.167        35.5214
           3020           3020        532.063        533.333        35.4878
           3021           3021         532.23          533.5        35.4576
           3022           3022        532.401        533.667        35.4406
           3023           3023        532.565        533.833        35.4136
           3024           3024        532.733            534        35.3841
           3025           3025        532.907        534.167        35.3523
           3026           3026        533.072        534.333        35.3505
           3027           3027        533.238          534.5        35.3452
           3028           3028        533.403        534.667        35.3407
           3029           3029        533.576        534.833        35.3339
           3030           3030        533.737            535        35.3325
           3031           3031        533.907        535.167        35.3285
           3032           3032        534.071        535.333        35.3222
           3033           3033        534.238          535.5        35.3175
           3034           3034        534.405        535.667        35.3131
           3035           3035        534.586        535.833        35.3305
           3036           3036        534.753            536        35.3286
           3037           3037        534.919        536.167        35.3201
           3038           3038        535.085        536.333        35.3093
           3039           3039        535.254          536.5        35.2796
           3040           3040        535.418        536.667        35.2587
           3041           3041        535.587        536.833        35.2397
           3042           3042        535.754            537        35.2226
           3043           3043        535.919        537.167        35.1951
           3044           3044        536.089        537.333        35.1747
           3045           3045        536.253          537.5         35.153
           3046           3046        536.421        537.667        35.1228
           3047           3047        536.585        537.833        35.0737
           3048           3048        536.757            538        35.0367
           3049           3049        536.923        538.167        34.9995
           3050           3050         537.09        538.333        34.9619
           3051           3051        537.263          538.5        34.9404
           3052           3052        537.423        538.667         34.915
           3053           3053        537.597        538.833        34.8886
           3054           3054        537.758            539        34.8619
           3055           3055        537.916        539.167        34.8153
           3056           3056        538.083        539.333        34.7828
           3057           3057        538.256          539.5        34.7573
           3058           3058        538.415        539.667        34.7387
           3059           3059        538.592        539.833        34.7402
           3060           3060        538.762            540        34.7214
           3061           3061        538.925        540.167        34.6984
           3062           3062        539.093        540.333        34.6768
           3063           3063         539.26          540.5        34.6545
           3064           3064        539.427        540.667        34.6334
           3065           3065        539.595        540.833        34.6117
           3066           3066        539.764            541        34.5883
           3067           3067        539.934        541.167        34.5667
           3068           3068        540.093        541.333        34.5374
           3069           3069        540.261          541.5        34.5101
           3070           3070        540.432        541.667        34.4841
           3071           3071        540.597        541.833        34.4505
           3072           3072         540.76            542        34.4107
           3073           3073        540.933        542.167        34.3755
           3074           3074        541.096        542.333         34.342
           3075           3075        541.263          542.5        34.3109
           3076           3076        541.436        542.667        34.2681
           3077           3077        541.595        542.833        34.2287
           3078           3078        541.768            543        34.1912
           3079           3079        541.931        543.167        34.1563
           3080           3080        542.091        543.333        34.1025
           3081           3081        542.263          543.5        34.0602
           3082           3082        542.427        543.667        34.0218
           3083           3083        542.597        543.833        33.9814
           3084           3084        542.764            544        33.9504
           3085           3085        542.924        544.167        33.9194
           3086           3086        543.095        544.333        33.8887
           3087           3087        543.263          544.5        33.8582
           3088           3088        543.431        544.667        33.8239
           3089           3089        543.596        544.833        33.7875
           3090           3090        543.761            545        33.7487
           3091           3091        543.936        545.167        33.7096
           3092           3092        544.095        545.333        33.6728
           3093           3093        544.268          545.5        33.6375
           3094           3094        544.441        545.667        33.6067
           3095           3095        544.603        545.833        33.5794
           3096           3096        544.771            546        33.5436
           3097           3097        544.932        546.167        33.5152
           3098           3098        545.098        546.333        33.4861
           3099           3099        545.262          546.5        33.4531
           3100           3100        545.431        546.667         33.422
           3101           3101        545.599        546.833        33.4007
           3102           3102        545.766            547        33.3711
           3103           3103        545.938        547.167        33.3395
           3104           3104        546.099        547.333        33.3125
           3105           3105        546.266          547.5        33.2941
           3106           3106        546.442        547.667         33.271
           3107           3107          546.6        547.833        33.2465
           3108           3108        546.763            548        33.2218
           3109           3109        546.938        548.167        33.2013
           3110           3110        547.106        548.333         33.184
           3111           3111        547.266          548.5        33.1706
           3112           3112        547.435        548.667        33.1584
           3113           3113        547.609        548.833        33.1455
           3114           3114        547.774            549        33.1223
           3115           3115        547.939        549.167        33.0969
           3116           3116        548.103        549.333        33.0711
           3117           3117        548.273          549.5        33.0546
           3118           3118        548.439        549.667        33.0378
           3119           3119        548.612        549.833        33.0236
           3120           3120         548.78            550        33.0097
           3121           3121        548.946        550.167        32.9858
           3122           3122        549.099        550.333        32.9708
           3123           3123        549.273          550.5        32.9605
           3124           3124         549.43        550.667         32.946
           3125           3125        549.606        550.833        32.9282
           3126           3126        549.775            551        32.9103
           3127           3127        549.939        551.167        32.8842
           3128           3128        550.111        551.333         32.853
           3129           3129        550.274          551.5         32.818
           3130           3130         550.44        551.667        32.7817
           3131           3131        550.613        551.833        32.7457
           3132           3132        550.784            552        32.7119
           3133           3133        550.933        552.167         32.678
           3134           3134        551.109        552.333        32.6122
           3135           3135         551.28          552.5        32.5611
           3136           3136        551.437        552.667        32.5174
           3137           3137        551.603        552.833        32.4779
           3138           3138        551.772            553         32.436
           3139           3139        551.937        553.167        32.3985
           3140           3140        552.108        553.333        32.3621
           3141           3141        552.271          553.5        32.3257
           3142           3142         552.44        553.667        32.2918
           3143           3143        552.605        553.833        32.2489
           3144           3144        552.768            554        32.2006
           3145           3145        552.944        554.167         32.154
           3146           3146        553.107        554.333        32.1098
           3147           3147        553.277          554.5        32.0602
           3148           3148        553.443        554.667        32.0158
           3149           3149        553.611        554.833        31.9727
           3150           3150        553.773            555        31.9098
           3151           3151         553.94        555.167         31.861
           3152           3152        554.102        555.333        31.8133
           3153           3153        554.266          555.5        31.7661
           3154           3154        554.435        555.667        31.7134
           3155           3155        554.597        555.833        31.6649
           3156           3156        554.766            556        31.6137
           3157           3157        554.936        556.167        31.5647
           3158           3158        555.099        556.333        31.5347
           3159           3159        555.267          556.5        31.5004
           3160           3160        555.432        556.667        31.4644
           3161           3161          555.6        556.833        31.4258
           3162           3162        555.762            557        31.3791
           3163           3163        555.932        557.167        31.3362
           3164           3164        556.094        557.333        31.2963
           3165           3165         556.26          557.5        31.2486
           3166           3166        556.434        557.667        31.1992
           3167           3167        556.602        557.833        31.1529
           3168           3168        556.771            558        31.0922
           3169           3169        556.935        558.167        31.0327
           3170           3170        557.099        558.333        30.9767
           3171           3171         557.26          558.5        30.8994
           3172           3172        557.434        558.667        30.8406
           3173           3173        557.599        558.833        30.7871
           3174           3174        557.755            559        30.7352
           3175           3175        557.926        559.167        30.6608
           3176           3176        558.088        559.333        30.6003
           3177           3177        558.249          559.5        30.5416
           3178           3178        558.421        559.667        30.4844
           3179           3179        558.589        559.833        30.4519
           3180           3180         558.76            560        30.4056
           3181           3181        558.921        560.167        30.3596
           3182           3182        559.092        560.333        30.3171
           3183           3183        559.252          560.5         30.275
           3184           3184        559.419        560.667        30.2257
           3185           3185        559.585        560.833        30.1737
           3186           3186        559.751            561        30.1275
           3187           3187        559.917        561.167        30.0953
           3188           3188        560.087        561.333        30.0598
           3189           3189        560.248          561.5        30.0269
           3190           3190         560.42        561.667        29.9951
           3191           3191        560.586        561.833        29.9636
           3192           3192        560.753            562        29.9192
           3193           3193         560.91        562.167        29.8718
           3194           3194        561.073        562.333        29.8292
           3195           3195         561.25          562.5        29.7954
           3196           3196         561.41        562.667        29.7597
           3197           3197        561.585        562.833        29.7192
           3198           3198        561.754            563        29.6788
           3199           3199        561.918        563.167        29.6359
           3200           3200        562.077        563.333        29.5806
           3201           3201         562.24          563.5        29.5422
           3202           3202        562.407        563.667        29.5068
           3203           3203        562.581        563.833        29.4695
           3204           3204        562.746            564        29.4398
           3205           3205        562.911        564.167        29.3989
           3206           3206        563.075        564.333         29.357
           3207           3207        563.243          564.5        29.3178
           3208           3208        563.408        564.667        29.2785
           3209           3209        563.577        564.833        29.2368
           3210           3210         563.75            565        29.1932
           3211           3211        563.916        565.167        29.1464
           3212           3212        564.077        565.333        29.1031
           3213           3213        564.248          565.5         29.062
           3214           3214        564.403        565.667        29.0234
           3215           3215        564.581        565.833        28.9832
           3216           3216        564.742            566        28.9456
           3217           3217        564.912        566.167        28.9063
           3218           3218        565.076        566.333        28.8664
           3219           3219        565.241          566.5        28.8265
           3220           3220        565.409        566.667        28.7724
           3221           3221        565.578        566.833        28.7164
           3222           3222        565.745            567        28.6631
           3223           3223        565.912        567.167        28.6157
           3224           3224         566.08        567.333        28.5724
           3225           3225        566.244          567.5        28.5295
           3226           3226        566.411        567.667         28.488
           3227           3227        566.577        567.833        28.4442
           3228           3228         566.74            568         28.391
           3229           3229        566.903        568.167        28.3476
           3230           3230        567.064        568.333        28.3061
           3231           3231        567.235          568.5        28.2674
           3232           3232        567.408        568.667        28.2268
           3233           3233        567.579        568.833        28.2069
           3234           3234        567.743            569        28.1718
           3235           3235        567.911        569.167        28.1334
           3236           3236        568.074        569.333        28.0944
           3237           3237         568.24          569.5        28.0527
           3238           3238        568.412        569.667        28.0122
           3239           3239        568.574        569.833        27.9693
           3240           3240        568.743            570        27.9259
           3241           3241        568.906        570.167        27.8824
           3242           3242        569.078        570.333        27.8417
           3243           3243        569.242          570.5        27.8036
           3244           3244        569.409        570.667        27.7637
           3245           3245        569.575        570.833        27.7283
           3246           3246        569.743            571        27.6867
           3247           3247        569.906        571.167        27.6394
           3248           3248        570.069        571.333        27.5938
           3249           3249        570.243          571.5        27.5509
           3250           3250        570.403        571.667        27.5083
           3251           3251        570.575        571.833        27.4666
           3252           3252        570.743            572        27.4254
           3253           3253        570.909        572.167        27.3813
           3254           3254        571.075        572.333        27.3358
           3255           3255        571.238          572.5        27.2883
           3256           3256        571.401        572.667        27.2379
           3257           3257         571.57        572.833        27.1831
           3258           3258        571.734            573        27.1268
           3259           3259        571.904        573.167        27.0686
           3260           3260        572.068        573.333        27.0073
           3261           3261        572.238          573.5         26.953
           3262           3262          572.4        573.667        26.9039
           3263           3263        572.567        573.833        26.8596
           3264           3264        572.733            574        26.8137
           3265           3265        572.892        574.167        26.7623
           3266           3266        573.063        574.333        26.6988
           3267           3267        573.226          574.5        26.6427
           3268           3268        573.388        574.667        26.5889
           3269           3269         573.56        574.833        26.5359
           3270           3270        573.728            575        26.5051
           3271           3271        573.899        575.167         26.459
           3272           3272        574.071        575.333        26.4049
           3273           3273        574.231          575.5        26.3463
           3274           3274         574.39        575.667        26.2761
           3275           3275         574.56        575.833        26.2157
           3276           3276        574.727            576        26.1566
           3277           3277        574.894        576.167        26.1008
           3278           3278        575.057        576.333        26.0453
           3279           3279        575.227          576.5         25.987
           3280           3280        575.395        576.667        25.9297
           3281           3281        575.557        576.833        25.8757
           3282           3282        575.722            577         25.813
           3283           3283        575.892        577.167        25.7562
           3284           3284        576.054        577.333        25.7023
           3285           3285        576.221          577.5        25.6498
           3286           3286        576.389        577.667        25.5995
           3287           3287        576.557        577.833        25.5427
           3288           3288        576.717            578        25.4873
           3289           3289        576.889        578.167        25.4303
           3290           3290        577.057        578.333        25.3778
           3291           3291        577.216          578.5        25.3252
           3292           3292        577.388        578.667        25.2774
           3293           3293        577.553        578.833        25.2315
           3294           3294        577.721            579        25.1796
           3295           3295        577.881        579.167        25.1362
           3296           3296        578.051        579.333        25.0976
           3297           3297        578.216          579.5        25.0646
           3298           3298         578.38        579.667        25.0336
           3299           3299        578.548        579.833        25.0142
           3300           3300        578.719            580        24.9849
           3301           3301        578.884        580.167        24.9499
           3302           3302        579.046        580.333        24.9113
           3303           3303        579.218          580.5         24.888
           3304           3304        579.384        580.667        24.8595
           3305           3305        579.552        580.833        24.8315
           3306           3306        579.724            581         24.801
           3307           3307        579.888        581.167        24.7402
           3308           3308        580.052        581.333        24.6802
           3309           3309        580.215          581.5         24.628
           3310           3310        580.375        581.667        24.5804
           3311           3311        580.547        581.833        24.5124
           3312           3312        580.711            582        24.4556
           3313           3313        580.886        582.167        24.4076
           3314           3314        581.053        582.333        24.3614
           3315           3315        581.208          582.5        24.2888
           3316           3316        581.368        582.667        24.2265
           3317           3317        581.534        582.833        24.1676
           3318           3318        581.706            583        24.1097
           3319           3319        581.877        583.167        24.0796
           3320           3320        582.038        583.333        24.0394
           3321           3321        582.206          583.5         23.989
           3322           3322        582.381        583.667        23.9338
           3323           3323        582.539        583.833        23.8657
           3324           3324        582.705            584        23.7916
           3325           3325        582.868        584.167        23.7145
           3326           3326        583.036        584.333        23.6343
           3327           3327        583.204          584.5        23.5392
           3328           3328         583.38        584.667        23.4434
           3329           3329        583.545        584.833        23.3444
           3330           3330        583.704            585        23.2463
           3331           3331        583.868        585.167        23.1512
           3332           3332        584.028        585.333        23.0222
           3333           3333        584.194          585.5        22.9288
           3334           3334         584.36        585.667        22.8421
           3335           3335        584.522        585.833        22.7576
           3336           3336        584.687            586        22.6655
           3337           3337        584.846        586.167        22.5723
           3338           3338        585.014        586.333         22.478
           3339           3339        585.178          586.5        22.3848
           3340           3340        585.356        586.667        22.3473
           3341           3341        585.528        586.833        22.2828
           3342           3342        585.685            587        22.2115
           3343           3343        585.853        587.167        22.1398
           3344           3344        586.018        587.333        22.0632
           3345           3345        586.182          587.5        21.9904
           3346           3346        586.347        587.667        21.9195
           3347           3347        586.508        587.833        21.8475
           3348           3348        586.681            588        21.7853
           3349           3349        586.852        588.167        21.7187
           3350           3350        587.016        588.333        21.6544
           3351           3351        587.181          588.5        21.5854
           3352           3352        587.344        588.667        21.5179
           3353           3353        587.513        588.833        21.4543
           3354           3354        587.676            589        21.3903
           3355           3355        587.843        589.167        21.3272
           3356           3356        588.005        589.333        21.2474
           3357           3357        588.171          589.5        21.1677
           3358           3358        588.341        589.667        21.0862
           3359           3359        588.508        589.833        21.0056
           3360           3360        588.672            590        20.9309
           3361           3361         588.84        590.167        20.8605
           3362           3362        589.008        590.333        20.7998
           3363           3363        589.173          590.5        20.7464
           3364           3364        589.336        590.667        20.7013
           3365           3365        589.498        590.833        20.6347
           3366           3366        589.656            591        20.5825
           3367           3367        589.828        591.167         20.536
           3368           3368        589.991        591.333        20.4919
           3369           3369        590.159          591.5        20.4812
           3370           3370        590.331        591.667        20.4416
           3371           3371        590.499        591.833        20.3992
           3372           3372        590.671            592        20.3568
           3373           3373        590.837        592.167        20.3359
           3374           3374        591.001        592.333        20.2996
           3375           3375        591.165          592.5        20.2587
           3376           3376         591.33        592.667         20.214
           3377           3377        591.498        592.833        20.1503
           3378           3378        591.657            593        20.1009
           3379           3379        591.831        593.167          20.05
           3380           3380        591.999        593.333        20.0019
           3381           3381        592.163          593.5        19.9481
           3382           3382        592.331        593.667        19.8976
           3383           3383        592.499        593.833        19.8495
           3384           3384        592.659            594        19.7991
           3385           3385        592.825        594.167        19.7288
           3386           3386        592.997        594.333        19.6704
           3387           3387         593.16          594.5        19.6097
           3388           3388        593.326        594.667         19.549
           3389           3389        593.491        594.833        19.4816
           3390           3390        593.655            595        19.4088
           3391           3391        593.825        595.167        19.3317
           3392           3392        593.994        595.333        19.2537
           3393           3393        594.153          595.5        19.1782
           3394           3394        594.321        595.667         19.122
           3395           3395        594.487        595.833        19.0727
           3396           3396        594.649            596        19.0185
           3397           3397        594.814        596.167         18.958
           3398           3398        594.978        596.333        18.8973
           3399           3399        595.143          596.5        18.8311
           3400           3400        595.308        596.667        18.7586
           3401           3401        595.476        596.833        18.6831
           3402           3402         595.65            597        18.6103
           3403           3403        595.824        597.167        18.5377
           3404           3404         595.99        597.333         18.459
           3405           3405        596.149          597.5        18.3693
           3406           3406        596.316        597.667        18.2786
           3407           3407        596.481        597.833         18.188
           3408           3408        596.649            598        18.1031
           3409           3409        596.806        598.167        18.0257
           3410           3410        596.979        598.333        17.9465
           3411           3411        597.149          598.5        17.8574
           3412           3412        597.312        598.667         17.758
           3413           3413        597.471        598.833        17.6498
           3414           3414        597.635            599          17.54
           3415           3415        597.802        599.167        17.4387
           3416           3416        597.969        599.333         17.347
           3417           3417        598.135          599.5        17.2589
           3418           3418        598.306        599.667        17.1798
           3419           3419        598.464        599.833        17.1108
           3420           3420        598.631            600        17.0487


Results:
Texts:

  $INFILL-90
  Heatflow
  INFILL-90, 4.3000 mg

Sample:
  INFILL-90, 4.3000 mg
Evaluation:
  


Curve Name:
  !$INFILL-90
  Sample Weight
Curve Values:
          Index              t             Ts             Tr          Value
                           [s]           [°C]           [°C]            [%]
              0              0        37.1257             30        99.9873
              1              1        37.1279        30.1667        99.9803
              2              2        37.1432        30.3333         99.976
              3              3        37.1857           30.5        99.9735
              4              4        37.2452        30.6667        99.9718
              5              5        37.3151        30.8333         99.973
              6              6        37.4188             31        99.9759
              7              7        37.5251        31.1667        99.9795
              8              8        37.6457        31.3333        99.9899
              9              9        37.7794           31.5        99.9959
             10             10        37.9051        31.6667            100
             11             11        38.0361        31.8333        100.004
             12             12        38.1658             32        100.005
             13             13        38.3163        32.1667        100.007
             14             14        38.4667        32.3333        100.007
             15             15        38.6302           32.5        100.008
             16             16        38.7637        32.6667        100.006
             17             17         38.922        32.8333        100.005
             18             18        39.0867             33        100.004
             19             19        39.2475        33.1667        100.003
             20             20        39.4044        33.3333        100.002
             21             21        39.5769           33.5        100.001
             22             22        39.7507        33.6667        99.9999
             23             23        39.9219        33.8333        99.9991
             24             24        40.0775             34        99.9988
             25             25        40.2382        34.1667        99.9984
             26             26        40.4107        34.3333         99.998
             27             27        40.5936           34.5        99.9975
             28             28        40.7517        34.6667        99.9971
             29             29        40.9215        34.8333        99.9968
             30             30        41.1031             35        99.9964
             31             31        41.2807        35.1667        99.9959
             32             32        41.4427        35.3333        99.9954
             33             33         41.619           35.5        99.9947
             34             34        41.7835        35.6667         99.994
             35             35        41.9468        35.8333        99.9933
             36             36        42.1231             36        99.9927
             37             37        42.2941        36.1667         99.992
             38             38          42.46        36.3333        99.9914
             39             39        42.6349           36.5        99.9909
             40             40         42.806        36.6667        99.9905
             41             41        42.9757        36.8333        99.9903
             42             42        43.1532             37        99.9898
             43             43        43.3073        37.1667        99.9894
             44             44        43.4939        37.3333         99.989
             45             45        43.6636           37.5        99.9888
             46             46        43.8242        37.6667        99.9885
             47             47          43.99        37.8333        99.9882
             48             48        44.1505             38        99.9877
             49             49        44.3215        38.1667        99.9871
             50             50        44.5002        38.3333        99.9861
             51             51        44.6517           38.5        99.9851
             52             52        44.8187        38.6667        99.9842
             53             53        44.9883        38.8333        99.9825
             54             54        45.1463             39        99.9809
             55             55        45.3172        39.1667        99.9794
             56             56        45.4712        39.3333         99.978
             57             57        45.6395           39.5        99.9767
             58             58        45.8052        39.6667        99.9754
             59             59        45.9605        39.8333        99.9741
             60             60        46.1131             40        99.9727
             61             61        46.2697        40.1667        99.9714
             62             62        46.4536        40.3333        99.9706
             63             63        46.6076           40.5        99.9694
             64             64        46.7602        40.6667         99.968
             65             65        46.9141        40.8333        99.9668
             66             66        47.0863             41         99.966
             67             67        47.2454        41.1667        99.9653
             68             68        47.4007        41.3333        99.9647
             69             69        47.5689           41.5        99.9641
             70             70        47.7189        41.6667         99.964
             71             71        47.8741        41.8333        99.9639
             72             72         48.041             42        99.9638
             73             73         48.208        42.1667        99.9636
             74             74        48.3606        42.3333        99.9631
             75             75        48.5275           42.5        99.9624
             76             76        48.6879        42.6667        99.9616
             77             77        48.8404        42.8333        99.9607
             78             78        49.0073             43         99.959
             79             79        49.1586        43.1667        99.9579
             80             80        49.3242        43.3333        99.9573
             81             81        49.4897           43.5        99.9569
             82             82        49.6514        43.6667        99.9566
             83             83         49.804        43.8333         99.956
             84             84        49.9565             44        99.9552
             85             85        50.1286        44.1667        99.9546
             86             86         50.285        44.3333         99.954
             87             87        50.4558           44.5        99.9533
             88             88        50.6031        44.6667        99.9526
             89             89        50.7725        44.8333        99.9518
             90             90        50.9159             45         99.951
             91             91        51.0815        45.1667        99.9503
             92             92        51.2587        45.3333        99.9497
             93             93        51.4034           45.5        99.9492
             94             94        51.5611        45.6667        99.9487
             95             95        51.7267        45.8333        99.9486
             96             96        51.8883             46        99.9484
             97             97        52.0356        46.1667        99.9484
             98             98        52.1985        46.3333        99.9483
             99             99        52.3627           46.5        99.9484
            100            100         52.523        46.6667        99.9483
            101            101        52.6846        46.8333        99.9482
            102            102         52.837             47        99.9479
            103            103        53.0051        47.1667        99.9472
            104            104         53.155        47.3333        99.9465
            105            105        53.3127           47.5         99.946
            106            106        53.4782        47.6667        99.9455
            107            107        53.6527        47.8333        99.9445
            108            108        53.8026             48        99.9435
            109            109        53.9576        48.1667        99.9426
            110            110         54.127        48.3333        99.9417
            111            111         54.286           48.5        99.9408
            112            112        54.4332        48.6667        99.9399
            113            113        54.5974        48.8333        99.9392
            114            114        54.7641             49        99.9384
            115            115        54.9231        49.1667        99.9382
            116            116        55.0846        49.3333        99.9378
            117            117        55.2305           49.5        99.9373
            118            118        55.3908        49.6667        99.9367
            119            119         55.551        49.8333        99.9361
            120            120        55.7204             50        99.9354
            121            121         55.878        50.1667        99.9346
            122            122        56.0291        50.3333        99.9339
            123            123        56.1867           50.5        99.9327
            124            124        56.3574        50.6667        99.9317
            125            125        56.5176        50.8333        99.9307
            126            126        56.6596             51        99.9296
            127            127        56.8237        51.1667        99.9285
            128            128        56.9735        51.3333        99.9273
            129            129        57.1376           51.5        99.9264
            130            130         57.303        51.6667        99.9257
            131            131        57.4541        51.8333        99.9249
            132            132        57.6104             52        99.9237
            133            133        57.7758        52.1667        99.9225
            134            134        57.9269        52.3333        99.9216
            135            135         58.078           52.5        99.9209
            136            136        58.2239        52.6667        99.9242
            137            137        58.4036        52.8333        99.9312
            138            138        58.5573             53        99.9355
            139            139        58.7136        53.1667        99.9338
            140            140        58.8725        53.3333        99.9269
            141            141         59.017           53.5         99.922
            142            142        59.1707        53.6667        99.9224
            143            143        59.3322        53.8333        99.9242
            144            144        59.4833             54        99.9151
            145            145        59.6487        54.1667        99.9124
            146            146        59.7984        54.3333        99.9109
            147            147        59.9612           54.5        99.9095
            148            148        60.1084        54.6667        99.9141
            149            149        60.2672        54.8333        99.9143
            150            150        60.4144             55        99.9135
            151            151        60.5772        55.1667        99.9124
            152            152        60.7295        55.3333        99.9081
            153            153        60.8858           55.5        99.9056
            154            154        61.0368        55.6667        99.9034
            155            155        61.1931        55.8333        99.9013
            156            156        61.3545             56           99.9
            157            157        61.5043        56.1667        99.8985
            158            158        61.6657        56.3333        99.8972
            159            159        61.8142           56.5         99.896
            160            160        61.9743        56.6667         99.895
            161            161         62.128        56.8333        99.8944
            162            162        62.2777             57        99.8935
            163            163        62.4418        57.1667        99.8925
            164            164        62.5915        57.3333        99.8916
            165            165        62.7451           57.5        99.8908
            166            166        62.9014        57.6667        99.8899
            167            167        63.0524        57.8333        99.8889
            168            168        63.2191             58        99.8879
            169            169        63.3623        58.1667         99.887
            170            170        63.5159        58.3333        99.8862
            171            171        63.6747           58.5        99.8861
            172            172        63.8271        58.6667        99.8874
            173            173        63.9846        58.8333        99.8971
            174            174        64.1408             59        99.9026
            175            175        64.2997        59.1667        99.9015
            176            176        64.4572        59.3333        99.8984
            177            177        64.6004           59.5        99.9011
            178            178        64.7566        59.6667        99.9023
            179            179        64.8855        59.8333        99.9033
            180            180         65.043             60        99.9042
            181            181        65.2045        60.1667        99.9024
            182            182        65.3607        60.3333        99.9023
            183            183        65.5104           60.5        99.9027
            184            184        65.6536        60.6667        99.9032
            185            185        65.8085        60.8333        99.9044
            186            186        65.9673             61        99.9051
            187            187        66.1092        61.1667        99.9067
            188            188        66.2655        61.3333        99.9097
            189            189        66.4074           61.5        99.8984
            190            190        66.5701        61.6667        99.8855
            191            191        66.7237        61.8333        99.8806
            192            192        66.8721             62        99.8812
            193            193        67.0153        62.1667         99.882
            194            194        67.1741        62.3333        99.8762
            195            195        67.3199           62.5         99.873
            196            196        67.4683        62.6667        99.8702
            197            197         67.631        62.8333        99.8671
            198            198        67.7781             63        99.8659
            199            199        67.9395        63.1667        99.8631
            200            200        68.0984        63.3333          99.86
            201            201        68.2298           63.5        99.8568
            202            202         68.386        63.6667        99.8522
            203            203        68.5331        63.8333        99.8488
            204            204        68.6867             64        99.8457
            205            205        68.8468        64.1667        99.8428
            206            206        68.9952        64.3333        99.8408
            207            207        69.1436           64.5        99.8385
            208            208        69.2868        64.6667        99.8366
            209            209        69.4391        64.8333        99.8351
            210            210        69.5992             65        99.8346
            211            211         69.758        65.1667        99.8337
            212            212         69.896        65.3333        99.8327
            213            213        70.0482           65.5        99.8316
            214            214        70.1966        65.6667        99.8313
            215            215        70.3463        65.8333        99.8305
            216            216        70.5077             66        99.8296
            217            217        70.6626        66.1667        99.8286
            218            218         70.811        66.3333        99.8274
            219            219        70.9502           66.5        99.8262
            220            220        71.1051        66.6667        99.8251
            221            221        71.2574        66.8333         99.824
            222            222        71.4123             67        99.8227
            223            223        71.5581        67.1667        99.8212
            224            224        71.7116        67.3333        99.8197
            225            225          71.86           67.5        99.8182
            226            226        72.0097        67.6667        99.8165
            227            227        72.1659        67.8333        99.8147
            228            228        72.3104             68        99.8132
            229            229        72.4652        68.1667        99.8119
            230            230        72.6123        68.3333        99.8106
            231            231        72.7672           68.5        99.8096
            232            232         72.909        68.6667        99.8085
            233            233        73.0717        68.8333        99.8073
            234            234        73.2136             69        99.8061
            235            235        73.3698        69.1667        99.8049
            236            236        73.5182        69.3333        99.8037
            237            237        73.6744           69.5        99.8023
            238            238         73.824        69.6667        99.8009
            239            239        73.9763        69.8333        99.7993
            240            240        74.1169             70        99.7976
            241            241         74.273        70.1667        99.7959
            242            242        74.4227        70.3333        99.7942
            243            243        74.5724           70.5        99.7921
            244            244        74.7234        70.6667        99.7901
            245            245        74.8769        70.8333        99.7882
            246            246        75.0344             71        99.7863
            247            247        75.1724        71.1667        99.7843
            248            248        75.3233        71.3333        99.7825
            249            249        75.4743           71.5        99.7807
            250            250        75.6175        71.6667         99.779
            251            251        75.7697        71.8333        99.7772
            252            252        75.9181             72        99.7753
            253            253        76.0678        72.1667        99.7735
            254            254          76.22        72.3333        99.7717
            255            255         76.371           72.5        99.7697
            256            256        76.5129        72.6667        99.7679
            257            257        76.6677        72.8333        99.7661
            258            258        76.8148             73        99.7642
            259            259        76.9736        73.1667        99.7624
            260            260        77.1167        73.3333        99.7606
            261            261        77.2703           73.5        99.7585
            262            262        77.4252        73.6667        99.7562
            263            263        77.5631        73.8333        99.7539
            264            264        77.7219             74        99.7511
            265            265        77.8703        74.1667        99.7487
            266            266        78.0199        74.3333        99.7463
            267            267        78.1761           74.5         99.744
            268            268        78.3297        74.6667        99.7419
            269            269         78.478        74.8333        99.7398
            270            270        78.6212             75        99.7376
            271            271        78.7774        75.1667        99.7355
            272            272        78.9322        75.3333        99.7337
            273            273        79.0728           75.5        99.7318
            274            274        79.2198        75.6667        99.7299
            275            275        79.3825        75.8333        99.7281
            276            276        79.5257             76        99.7263
            277            277        79.6766        76.1667        99.7245
            278            278        79.8315        76.3333        99.7228
            279            279         79.976           76.5        99.7211
            280            280        80.1334        76.6667        99.7195
            281            281        80.2792        76.8333        99.7181
            282            282         80.421             77        99.7168
            283            283        80.5746        77.1667        99.7155
            284            284        80.7269        77.3333        99.7146
            285            285        80.8856           77.5        99.7136
            286            286        81.0405        77.6667        99.7127
            287            287        81.1875        77.8333        99.7119
            288            288        81.3359             78        99.7113
            289            289        81.4869        78.1667        99.7105
            290            290        81.6339        78.3333        99.7096
            291            291        81.7849           78.5        99.7088
            292            292        81.9319        78.6667        99.7079
            293            293        82.0855        78.8333         99.707
            294            294        82.2391             79        99.7061
            295            295          82.39        79.1667        99.7054
            296            296         82.554        79.3333        99.7049
            297            297        82.7037           79.5        99.7042
            298            298        82.8455        79.6667        99.7034
            299            299        83.0017        79.8333        99.7025
            300            300        83.1396             80        99.7016
            301            301        83.2906        80.1667        99.7006
            302            302        83.4467        80.3333        99.6998
            303            303        83.5925           80.5        99.6991
            304            304        83.7435        80.6667        99.6984
            305            305        83.9009        80.8333         99.698
            306            306        84.0506             81        99.6974
            307            307         84.195        81.1667         99.697
            308            308        84.3434        81.3333        99.6968
            309            309        84.4891           81.5        99.6972
            310            310        84.6466        81.6667        99.6973
            311            311        84.8066        81.8333         99.697
            312            312        84.9498             82        99.6965
            313            313        85.0929        82.1667        99.6963
            314            314        85.2582        82.3333        99.6957
            315            315        85.4014           82.5         99.695
            316            316        85.5588        82.6667        99.6942
            317            317        85.7085        82.8333         99.693
            318            318        85.8568             83        99.6919
            319            319        86.0013        83.1667        99.6909
            320            320        86.1561        83.3333          99.69
            321            321         86.311           83.5        99.6894
            322            322        86.4619        83.6667        99.6887
            323            323        86.6142        83.8333        99.6879
            324            324        86.7665             84        99.6871
            325            325        86.9213        84.1667        99.6864
            326            326        87.0593        84.3333        99.6857
            327            327        87.2181           84.5        99.6846
            328            328        87.3755        84.6667        99.6834
            329            329        87.5252        84.8333        99.6822
            330            330        87.6696             85        99.6811
            331            331        87.8232        85.1667        99.6801
            332            332        87.9676        85.3333         99.679
            333            333        88.1251           85.5        99.6779
            334            334        88.2812        85.6667        99.6771
            335            335        88.4309        85.8333        99.6762
            336            336        88.5753             86        99.6755
            337            337        88.7289        86.1667         99.675
            338            338        88.8798        86.3333        99.6746
            339            339        89.0269           86.5        99.6742
            340            340        89.1856        86.6667        99.6738
            341            341        89.3301        86.8333        99.6732
            342            342         89.481             87        99.6727
            343            343        89.6281        87.1667        99.6719
            344            344        89.7868        87.3333        99.6711
            345            345         89.943           87.5        99.6701
            346            346        90.0901        87.6667        99.6688
            347            347        90.2436        87.8333        99.6678
            348            348        90.3998             88        99.6669
            349            349        90.5442        88.1667        99.6659
            350            350        90.6913        88.3333        99.6649
            351            351        90.8383           88.5        99.6639
            352            352        90.9945        88.6667        99.6628
            353            353        91.1428        88.8333        99.6618
            354            354        91.2977             89        99.6608
            355            355         91.446        89.1667          99.66
            356            356        91.5996        89.3333        99.6592
            357            357        91.7492           89.5        99.6584
            358            358        91.9015        89.6667        99.6576
            359            359        92.0485        89.8333        99.6569
            360            360        92.2034             90        99.6562
            361            361         92.366        90.1667        99.6556
            362            362        92.5222        90.3333        99.6552
            363            363        92.6627           90.5        99.6545
            364            364        92.8059        90.6667        99.6536
            365            365        92.9698        90.8333        99.6528
            366            366        93.1117             91        99.6522
            367            367        93.2704        91.1667        99.6514
            368            368        93.4214        91.3333        99.6508
            369            369        93.5736           91.5        99.6502
            370            370         93.722        91.6667        99.6497
            371            371        93.8782        91.8333        99.6496
            372            372        94.0213             92        99.6492
            373            373        94.1801        92.1667        99.6488
            374            374        94.3284        92.3333        99.6482
            375            375        94.4859           92.5        99.6477
            376            376        94.6381        92.6667        99.6472
            377            377        94.7852        92.8333        99.6467
            378            378        94.9426             93        99.6461
            379            379         95.104        93.1667        99.6454
            380            380         95.255        93.3333        99.6447
            381            381        95.3981           93.5         99.644
            382            382        95.5504        93.6667        99.6434
            383            383        95.7065        93.8333        99.6427
            384            384         95.864             94        99.6421
            385            385        96.0045        94.1667        99.6416
            386            386        96.1581        94.3333        99.6411
            387            387        96.3026           94.5        99.6408
            388            388        96.4587        94.6667        99.6405
            389            389        96.6084        94.8333        99.6401
            390            390        96.7697             95        99.6399
            391            391        96.9272        95.1667        99.6396
            392            392        97.0781        95.3333        99.6395
            393            393         97.233           95.5        99.6393
            394            394        97.3839        95.6667         99.639
            395            395         97.531        95.8333        99.6387
            396            396        97.6859             96        99.6382
            397            397        97.8355        96.1667        99.6376
            398            398        97.9878        96.3333        99.6372
            399            399        98.1439           96.5        99.6368
            400            400        98.2962        96.6667        99.6362
            401            401        98.4536        96.8333        99.6358
            402            402        98.6111             97        99.6355
            403            403        98.7686        97.1667        99.6351
            404            404        98.9182        97.3333        99.6351
            405            405        99.0653           97.5        99.6351
            406            406         99.211        97.6667        99.6352
            407            407        99.3737        97.8333        99.6354
            408            408        99.5272             98        99.6357
            409            409        99.6808        98.1667        99.6356
            410            410        99.8291        98.3333        99.6354
            411            411        99.9736           98.5        99.6352
            412            412        100.134        98.6667        99.6349
            413            413         100.29        98.8333        99.6345
            414            414        100.446             99        99.6339
            415            415        100.593        99.1667        99.6332
            416            416        100.752        99.3333        99.6329
            417            417        100.905           99.5        99.6327
            418            418        101.052        99.6667        99.6324
            419            419        101.202        99.8333         99.632
            420            420        101.362            100        99.6319
            421            421        101.512        100.167        99.6316
            422            422        101.669        100.333        99.6312
            423            423        101.824          100.5        99.6309
            424            424        101.968        100.667        99.6305
            425            425         102.13        100.833        99.6298
            426            426        102.293            101        99.6292
            427            427        102.443        101.167        99.6288
            428            428        102.594        101.333        99.6285
            429            429        102.738          101.5        99.6283
            430            430        102.896        101.667         99.628
            431            431        103.047        101.833        99.6276
            432            432        103.198            102        99.6273
            433            433        103.362        102.167         99.627
            434            434        103.512        102.333        99.6266
            435            435        103.661          102.5        99.6263
            436            436        103.816        102.667         99.626
            437            437        103.966        102.833        99.6254
            438            438        104.123            103        99.6247
            439            439        104.273        103.167        99.6239
            440            440        104.436        103.333        99.6231
            441            441        104.584          103.5        99.6221
            442            442        104.739        103.667        99.6212
            443            443        104.894        103.833        99.6203
            444            444         105.06            104        99.6194
            445            445        105.215        104.167        99.6187
            446            446        105.361        104.333        99.6181
            447            447        105.513          104.5        99.6174
            448            448        105.668        104.667        99.6167
            449            449        105.827        104.833        99.6161
            450            450        105.975            105        99.6153
            451            451        106.141        105.167        99.6147
            452            452         106.29        105.333        99.6143
            453            453        106.441          105.5        99.6141
            454            454        106.595        105.667         99.614
            455            455        106.755        105.833         99.614
            456            456        106.897            106         99.614
            457            457        107.058        106.167        99.6141
            458            458         107.21        106.333        99.6144
            459            459         107.37          106.5        99.6144
            460            460        107.524        106.667        99.6143
            461            461        107.671        106.833        99.6141
            462            462        107.828            107        99.6136
            463            463        107.986        107.167        99.6134
            464            464        108.135        107.333        99.6134
            465            465        108.296          107.5        99.6134
            466            466        108.452        107.667         99.613
            467            467        108.605        107.833        99.6126
            468            468        108.769            108         99.612
            469            469        108.912        108.167        99.6115
            470            470        109.071        108.333        99.6104
            471            471        109.229          108.5        99.6096
            472            472         109.38        108.667        99.6089
            473            473        109.529        108.833        99.6082
            474            474        109.695            109         99.608
            475            475        109.842        109.167        99.6077
            476            476        109.992        109.333        99.6074
            477            477        110.155          109.5        99.6071
            478            478        110.302        109.667        99.6074
            479            479        110.461        109.833        99.6073
            480            480        110.622            110         99.607
            481            481        110.782        110.167        99.6065
            482            482        110.937        110.333         99.606
            483            483         111.08          110.5        99.6057
            484            484        111.234        110.667        99.6054
            485            485        111.398        110.833        99.6051
            486            486        111.549            111         99.605
            487            487        111.705        111.167        99.6049
            488            488         111.86        111.333        99.6047
            489            489        112.012          111.5        99.6044
            490            490         112.17        111.667        99.6042
            491            491        112.319        111.833        99.6039
            492            492        112.487            112        99.6036
            493            493        112.645        112.167        99.6032
            494            494        112.787        112.333        99.6028
            495            495        112.951          112.5        99.6022
            496            496        113.105        112.667        99.6018
            497            497        113.258        112.833        99.6014
            498            498        113.419            113         99.601
            499            499        113.576        113.167        99.6005
            500            500        113.725        113.333        99.6001
            501            501        113.881          113.5        99.5998
            502            502        114.038        113.667        99.5995
            503            503        114.188        113.833        99.5991
            504            504        114.344            114        99.5986
            505            505        114.498        114.167        99.5981
            506            506        114.662        114.333        99.5976
            507            507        114.814          114.5        99.5969
            508            508         114.97        114.667        99.5964
            509            509        115.133        114.833        99.5959
            510            510        115.277            115        99.5955
            511            511        115.443        115.167         99.595
            512            512        115.595        115.333        99.5945
            513            513        115.754          115.5        99.5941
            514            514        115.907        115.667        99.5937
            515            515        116.067        115.833        99.5932
            516            516         116.23            116        99.5928
            517            517        116.384        116.167        99.5924
            518            518        116.537        116.333        99.5919
            519            519        116.693          116.5        99.5915
            520            520        116.845        116.667        99.5911
            521            521        117.003        116.833        99.5907
            522            522        117.153            117        99.5902
            523            523        117.305        117.167        99.5897
            524            524         117.47        117.333        99.5889
            525            525        117.632          117.5         99.588
            526            526        117.775        117.667        99.5872
            527            527        117.935        117.833        99.5862
            528            528         118.09            118        99.5848
            529            529        118.251        118.167        99.5838
            530            530        118.411        118.333        99.5828
            531            531        118.563          118.5         99.582
            532            532        118.723        118.667        99.5814
            533            533        118.881        118.833        99.5808
            534            534        119.025            119        99.5803
            535            535        119.193        119.167        99.5799
            536            536        119.345        119.333        99.5797
            537            537        119.504          119.5        99.5794
            538            538        119.654        119.667         99.579
            539            539        119.814        119.833        99.5786
            540            540        119.966            120        99.5781
            541            541        120.116        120.167        99.5776
            542            542        120.281        120.333         99.577
            543            543        120.441          120.5        99.5765
            544            544        120.592        120.667         99.576
            545            545        120.752        120.833        99.5754
            546            546        120.904            121        99.5749
            547            547        121.065        121.167        99.5743
            548            548        121.219        121.333        99.5736
            549            549        121.386          121.5         99.573
            550            550        121.536        121.667        99.5724
            551            551        121.694        121.833        99.5717
            552            552        121.849            122        99.5706
            553            553        122.004        122.167        99.5697
            554            554        122.168        122.333        99.5689
            555            555        122.326          122.5        99.5681
            556            556         122.48        122.667        99.5674
            557            557        122.639        122.833        99.5667
            558            558        122.797            123        99.5661
            559            559        122.952        123.167        99.5656
            560            560        123.109        123.333         99.565
            561            561        123.263          123.5        99.5646
            562            562        123.417        123.667        99.5639
            563            563        123.575        123.833        99.5634
            564            564        123.743            124        99.5629
            565            565        123.898        124.167        99.5623
            566            566        124.036        124.333        99.5618
            567            567        124.211          124.5        99.5614
            568            568        124.354        124.667        99.5608
            569            569        124.521        124.833        99.5603
            570            570        124.681            125        99.5597
            571            571        124.839        125.167        99.5592
            572            572        124.996        125.333        99.5587
            573            573        125.152          125.5        99.5578
            574            574        125.314        125.667         99.557
            575            575        125.465        125.833        99.5563
            576            576        125.627            126        99.5556
            577            577        125.787        126.167        99.5549
            578            578        125.938        126.333        99.5542
            579            579        126.089          126.5        99.5535
            580            580        126.249        126.667        99.5527
            581            581        126.411        126.833        99.5518
            582            582        126.564            127         99.551
            583            583        126.723        127.167        99.5502
            584            584        126.877        127.333        99.5494
            585            585        127.035          127.5        99.5484
            586            586        127.194        127.667        99.5475
            587            587        127.352        127.833        99.5467
            588            588        127.508            128         99.546
            589            589         127.67        128.167        99.5454
            590            590        127.833        128.333        99.5449
            591            591        127.992          128.5        99.5444
            592            592        128.144        128.667        99.5439
            593            593        128.304        128.833        99.5433
            594            594        128.459            129         99.543
            595            595        128.624        129.167        99.5425
            596            596        128.786        129.333        99.5419
            597            597        128.933          129.5        99.5412
            598            598        129.091        129.667        99.5404
            599            599        129.255        129.833        99.5395
            600            600         129.41            130        99.5388
            601            601        129.566        130.167        99.5381
            602            602        129.717        130.333        99.5374
            603            603        129.874          130.5        99.5369
            604            604        130.045        130.667        99.5364
            605            605        130.204        130.833        99.5359
            606            606        130.355            131        99.5357
            607            607        130.518        131.167        99.5353
            608            608        130.674        131.333         99.535
            609            609        130.833          131.5        99.5347
            610            610        130.993        131.667        99.5347
            611            611        131.145        131.833        99.5347
            612            612        131.304            132        99.5347
            613            613        131.467        132.167        99.5348
            614            614         131.62        132.333        99.5351
            615            615        131.784          132.5        99.5352
            616            616        131.942        132.667        99.5352
            617            617        132.094        132.833        99.5352
            618            618        132.253            133        99.5349
            619            619        132.409        133.167        99.5346
            620            620         132.57        133.333        99.5341
            621            621        132.725          133.5        99.5337
            622            622        132.884        133.667        99.5332
            623            623        133.036        133.833        99.5323
            624            624        133.195            134        99.5316
            625            625        133.357        134.167        99.5308
            626            626         133.52        134.333          99.53
            627            627         133.67          134.5        99.5292
            628            628        133.827        134.667        99.5284
            629            629        133.993        134.833        99.5278
            630            630        134.159            135        99.5273
            631            631        134.315        135.167        99.5267
            632            632        134.474        135.333        99.5258
            633            633        134.624          135.5        99.5251
            634            634        134.786        135.667        99.5247
            635            635        134.944        135.833        99.5239
            636            636        135.095            136         99.523
            637            637        135.265        136.167        99.5222
            638            638        135.424        136.333        99.5215
            639            639        135.583          136.5        99.5208
            640            640        135.739        136.667        99.5201
            641            641          135.9        136.833        99.5195
            642            642        136.051            137         99.519
            643            643        136.209        137.167        99.5191
            644            644        136.368        137.333        99.5194
            645            645         136.53          137.5        99.5199
            646            646        136.682        137.667        99.5204
            647            647        136.844        137.833        99.5213
            648            648        137.009            138        99.5216
            649            649        137.161        138.167        99.5215
            650            650        137.316        138.333        99.5214
            651            651        137.478          138.5        99.5207
            652            652        137.638        138.667        99.5205
            653            653         137.79        138.833        99.5204
            654            654         137.95            139        99.5203
            655            655        138.109        139.167        99.5202
            656            656        138.273        139.333        99.5203
            657            657        138.432          139.5        99.5202
            658            658        138.592        139.667        99.5199
            659            659        138.754        139.833        99.5196
            660            660        138.914            140        99.5188
            661            661        139.063        140.167        99.5181
            662            662        139.224        140.333        99.5173
            663            663         139.38          140.5        99.5164
            664            664        139.543        140.667        99.5153
            665            665        139.706        140.833        99.5143
            666            666        139.858            141        99.5135
            667            667        140.022        141.167        99.5128
            668            668        140.179        141.333        99.5121
            669            669        140.338          141.5        99.5114
            670            670        140.497        141.667        99.5107
            671            671        140.665        141.833        99.5101
            672            672        140.822            142        99.5095
            673            673        140.976        142.167        99.5088
            674            674        141.136        142.333         99.508
            675            675        141.293          142.5        99.5073
            676            676        141.461        142.667        99.5068
            677            677        141.617        142.833        99.5063
            678            678        141.775            143        99.5059
            679            679        141.932        143.167        99.5055
            680            680        142.085        143.333        99.5053
            681            681        142.247          143.5        99.5049
            682            682        142.413        143.667        99.5044
            683            683        142.571        143.833        99.5039
            684            684        142.725            144        99.5032
            685            685        142.882        144.167        99.5026
            686            686        143.045        144.333         99.502
            687            687        143.208          144.5        99.5013
            688            688        143.367        144.667        99.5006
            689            689        143.531        144.833        99.5001
            690            690        143.692            145        99.4995
            691            691        143.844        145.167        99.4988
            692            692        144.015        145.333         99.498
            693            693        144.175          145.5        99.4972
            694            694        144.327        145.667        99.4966
            695            695        144.486        145.833        99.4962
            696            696        144.647            146        99.4957
            697            697        144.807        146.167         99.495
            698            698        144.967        146.333        99.4942
            699            699        145.131          146.5        99.4935
            700            700         145.28        146.667        99.4929
            701            701        145.444        146.833         99.492
            702            702        145.601            147        99.4914
            703            703        145.764        147.167        99.4909
            704            704        145.925        147.333        99.4904
            705            705         146.08          147.5        99.4901
            706            706        146.251        147.667        99.4898
            707            707        146.409        147.833        99.4895
            708            708        146.568            148        99.4893
            709            709        146.728        148.167        99.4889
            710            710        146.892        148.333        99.4885
            711            711        147.055          148.5        99.4881
            712            712        147.212        148.667        99.4877
            713            713         147.37        148.833        99.4872
            714            714        147.526            149        99.4867
            715            715        147.685        149.167        99.4863
            716            716        147.847        149.333        99.4858
            717            717        148.013          149.5        99.4855
            718            718         148.17        149.667        99.4851
            719            719        148.329        149.833        99.4847
            720            720        148.493            150        99.4841
            721            721        148.654        150.167        99.4834
            722            722        148.807        150.333        99.4827
            723            723        148.961          150.5        99.4819
            724            724        149.129        150.667        99.4812
            725            725        149.284        150.833        99.4805
            726            726        149.439            151        99.4798
            727            727        149.603        151.167        99.4791
            728            728         149.77        151.333        99.4784
            729            729        149.935          151.5        99.4778
            730            730        150.095        151.667        99.4773
            731            731        150.249        151.833        99.4767
            732            732        150.411            152        99.4762
            733            733        150.574        152.167        99.4757
            734            734         150.73        152.333        99.4753
            735            735        150.889          152.5         99.475
            736            736        151.057        152.667        99.4746
            737            737        151.218        152.833        99.4742
            738            738        151.372            153        99.4738
            739            739        151.529        153.167        99.4733
            740            740        151.688        153.333        99.4728
            741            741        151.853          153.5        99.4723
            742            742        152.012        153.667        99.4713
            743            743        152.176        153.833        99.4705
            744            744        152.335            154        99.4697
            745            745        152.495        154.167        99.4689
            746            746        152.652        154.333        99.4678
            747            747        152.815          154.5        99.4666
            748            748         152.98        154.667        99.4656
            749            749        153.142        154.833        99.4647
            750            750        153.299            155        99.4638
            751            751         153.47        155.167         99.463
            752            752        153.628        155.333        99.4624
            753            753        153.779          155.5        99.4618
            754            754        153.946        155.667        99.4612
            755            755        154.096        155.833        99.4609
            756            756        154.254            156        99.4605
            757            757        154.424        156.167        99.4601
            758            758        154.582        156.333        99.4597
            759            759         154.74          156.5         99.459
            760            760          154.9        156.667        99.4584
            761            761        155.058        156.833        99.4577
            762            762        155.214            157        99.4569
            763            763        155.386        157.167        99.4559
            764            764        155.533        157.333        99.4551
            765            765        155.697          157.5        99.4542
            766            766        155.872        157.667        99.4533
            767            767        156.036        157.833        99.4524
            768            768         156.19            158        99.4516
            769            769        156.347        158.167        99.4509
            770            770        156.509        158.333        99.4501
            771            771        156.675          158.5        99.4492
            772            772        156.835        158.667        99.4482
            773            773        156.998        158.833        99.4472
            774            774        157.157            159        99.4463
            775            775        157.319        159.167        99.4453
            776            776        157.482        159.333        99.4447
            777            777        157.627          159.5        99.4442
            778            778        157.788        159.667        99.4437
            779            779        157.957        159.833        99.4435
            780            780        158.121            160         99.443
            781            781        158.284        160.167        99.4424
            782            782         158.44        160.333        99.4418
            783            783        158.598          160.5        99.4407
            784            784         158.76        160.667        99.4398
            785            785        158.926        160.833        99.4391
            786            786        159.088            161        99.4384
            787            787        159.242        161.167        99.4377
            788            788        159.406        161.333        99.4371
            789            789        159.565          161.5        99.4363
            790            790        159.725        161.667        99.4356
            791            791        159.893        161.833         99.435
            792            792        160.051            162        99.4344
            793            793        160.217        162.167        99.4339
            794            794        160.373        162.333        99.4332
            795            795        160.525          162.5        99.4324
            796            796         160.69        162.667        99.4318
            797            797        160.854        162.833         99.431
            798            798        161.013            163        99.4302
            799            799        161.181        163.167        99.4294
            800            800        161.336        163.333        99.4283
            801            801        161.496          163.5        99.4274
            802            802        161.657        163.667        99.4266
            803            803        161.818        163.833        99.4258
            804            804        161.976            164         99.425
            805            805        162.142        164.167        99.4241
            806            806        162.307        164.333        99.4232
            807            807        162.467          164.5        99.4224
            808            808        162.623        164.667        99.4215
            809            809        162.798        164.833        99.4208
            810            810        162.958            165        99.4201
            811            811        163.118        165.167        99.4194
            812            812        163.275        165.333        99.4189
            813            813        163.437          165.5        99.4181
            814            814        163.597        165.667        99.4174
            815            815        163.766        165.833        99.4167
            816            816        163.921            166        99.4161
            817            817        164.085        166.167        99.4156
            818            818        164.246        166.333        99.4151
            819            819        164.404          166.5        99.4146
            820            820        164.565        166.667        99.4141
            821            821        164.732        166.833        99.4136
            822            822        164.893            167         99.413
            823            823        165.058        167.167        99.4126
            824            824        165.218        167.333        99.4123
            825            825        165.387          167.5        99.4125
            826            826        165.548        167.667        99.4128
            827            827        165.706        167.833        99.4128
            828            828        165.861            168        99.4125
            829            829        166.028        168.167        99.4127
            830            830        166.188        168.333        99.4125
            831            831        166.348          168.5        99.4122
            832            832        166.515        168.667        99.4118
            833            833         166.67        168.833        99.4106
            834            834        166.832            169        99.4097
            835            835        167.007        169.167        99.4088
            836            836        167.168        169.333        99.4079
            837            837        167.324          169.5        99.4069
            838            838        167.478        169.667        99.4061
            839            839        167.643        169.833        99.4055
            840            840        167.811            170        99.4049
            841            841        167.972        170.167        99.4043
            842            842        168.138        170.333        99.4033
            843            843        168.298          170.5        99.4021
            844            844        168.455        170.667        99.4007
            845            845        168.621        170.833        99.3991
            846            846        168.783            171        99.3976
            847            847        168.952        171.167        99.3961
            848            848        169.115        171.333        99.3947
            849            849        169.279          171.5        99.3933
            850            850        169.435        171.667        99.3919
            851            851        169.594        171.833        99.3906
            852            852        169.758            172        99.3894
            853            853        169.921        172.167        99.3882
            854            854        170.083        172.333        99.3871
            855            855        170.251          172.5        99.3859
            856            856         170.41        172.667        99.3845
            857            857        170.579        172.833         99.383
            858            858        170.739            173        99.3816
            859            859        170.896        173.167        99.3803
            860            860        171.056        173.333        99.3789
            861            861        171.226          173.5        99.3776
            862            862        171.377        173.667        99.3763
            863            863         171.54        173.833        99.3751
            864            864         171.71            174         99.374
            865            865        171.872        174.167        99.3731
            866            866        172.032        174.333        99.3724
            867            867        172.193          174.5        99.3714
            868            868        172.349        174.667        99.3704
            869            869        172.521        174.833        99.3693
            870            870        172.684            175        99.3684
            871            871         172.84        175.167        99.3676
            872            872        173.008        175.333        99.3667
            873            873        173.162          175.5        99.3659
            874            874         173.32        175.667        99.3655
            875            875        173.491        175.833         99.365
            876            876        173.656            176        99.3645
            877            877         173.82        176.167         99.364
            878            878        173.984        176.333        99.3637
            879            879        174.144          176.5        99.3635
            880            880        174.302        176.667        99.3634
            881            881        174.472        176.833        99.3634
            882            882         174.63            177        99.3641
            883            883        174.796        177.167         99.365
            884            884        174.956        177.333        99.3661
            885            885        175.122          177.5        99.3672
            886            886        175.288        177.667        99.3682
            887            887        175.443        177.833        99.3698
            888            888         175.61            178         99.371
            889            889        175.775        178.167        99.3719
            890            890        175.929        178.333        99.3727
            891            891        176.095          178.5        99.3727
            892            892        176.251        178.667        99.3729
            893            893        176.417        178.833        99.3731
            894            894        176.578            179        99.3731
            895            895        176.742        179.167        99.3727
            896            896        176.903        179.333        99.3726
            897            897        177.062          179.5        99.3724
            898            898        177.233        179.667        99.3723
            899            899        177.398        179.833        99.3719
            900            900        177.558            180        99.3713
            901            901        177.714        180.167        99.3705
            902            902        177.881        180.333        99.3696
            903            903        178.044          180.5        99.3684
            904            904        178.213        180.667        99.3674
            905            905        178.377        180.833        99.3663
            906            906        178.542            181        99.3652
            907            907        178.709        181.167        99.3638
            908            908        178.862        181.333        99.3624
            909            909        179.028          181.5         99.361
            910            910        179.189        181.667        99.3596
            911            911        179.357        181.833        99.3581
            912            912        179.522            182        99.3568
            913            913        179.681        182.167        99.3558
            914            914        179.847        182.333        99.3548
            915            915        180.011          182.5        99.3545
            916            916        180.172        182.667        99.3538
            917            917        180.345        182.833        99.3529
            918            918        180.502            183        99.3519
            919            919        180.665        183.167         99.351
            920            920        180.831        183.333        99.3499
            921            921        181.002          183.5        99.3489
            922            922        181.158        183.667        99.3478
            923            923        181.323        183.833        99.3463
            924            924        181.487            184         99.345
            925            925        181.642        184.167        99.3439
            926            926        181.819        184.333        99.3429
            927            927        181.992          184.5         99.342
            928            928        182.145        184.667        99.3412
            929            929        182.307        184.833        99.3403
            930            930        182.473            185        99.3395
            931            931        182.637        185.167        99.3387
            932            932        182.805        185.333        99.3377
            933            933        182.965          185.5        99.3366
            934            934        183.131        185.667        99.3355
            935            935        183.293        185.833        99.3342
            936            936        183.468            186        99.3332
            937            937        183.632        186.167        99.3319
            938            938        183.785        186.333        99.3305
            939            939        183.947          186.5         99.329
            940            940        184.108        186.667        99.3274
            941            941        184.274        186.833        99.3257
            942            942        184.443            187        99.3241
            943            943        184.607        187.167        99.3219
            944            944        184.765        187.333        99.3199
            945            945        184.924          187.5        99.3181
            946            946        185.102        187.667        99.3164
            947            947        185.262        187.833         99.315
            948            948        185.422            188        99.3138
            949            949        185.586        188.167        99.3126
            950            950        185.753        188.333        99.3116
            951            951        185.913          188.5        99.3111
            952            952        186.075        188.667        99.3103
            953            953        186.243        188.833        99.3096
            954            954         186.41            189         99.309
            955            955        186.578        189.167        99.3084
            956            956        186.729        189.333        99.3079
            957            957        186.891          189.5        99.3075
            958            958        187.055        189.667        99.3071
            959            959        187.221        189.833        99.3064
            960            960         187.39            190        99.3055
            961            961        187.551        190.167        99.3049
            962            962        187.717        190.333        99.3046
            963            963        187.875          190.5        99.3039
            964            964         188.05        190.667        99.3035
            965            965        188.203        190.833        99.3032
            966            966        188.367            191        99.3028
            967            967        188.531        191.167        99.3026
            968            968        188.703        191.333        99.3021
            969            969        188.863          191.5        99.3015
            970            970        189.029        191.667        99.3009
            971            971        189.187        191.833        99.2995
            972            972        189.354            192        99.2982
            973            973        189.515        192.167        99.2971
            974            974        189.681        192.333        99.2962
            975            975        189.839          192.5        99.2951
            976            976        190.002        192.667        99.2943
            977            977        190.175        192.833        99.2936
            978            978        190.334            193         99.293
            979            979        190.492        193.167        99.2927
            980            980        190.654        193.333         99.292
            981            981        190.835          193.5        99.2912
            982            982        191.003        193.667        99.2904
            983            983        191.159        193.833        99.2893
            984            984        191.319            194        99.2884
            985            985        191.486        194.167        99.2877
            986            986        191.646        194.333        99.2871
            987            987        191.813          194.5        99.2867
            988            988        191.982        194.667        99.2862
            989            989        192.148        194.833        99.2857
            990            990        192.308            195        99.2852
            991            991        192.478        195.167        99.2848
            992            992        192.639        195.333        99.2843
            993            993        192.804          195.5        99.2838
            994            994        192.965        195.667        99.2832
            995            995        193.127        195.833        99.2822
            996            996        193.295            196        99.2813
            997            997        193.459        196.167        99.2804
            998            998        193.626        196.333        99.2794
            999            999        193.786          196.5        99.2783
           1000           1000        193.951        196.667        99.2774
           1001           1001        194.112        196.833        99.2765
           1002           1002        194.276            197        99.2757
           1003           1003        194.444        197.167        99.2751
           1004           1004        194.614        197.333        99.2745
           1005           1005        194.766          197.5        99.2738
           1006           1006        194.934        197.667         99.273
           1007           1007        195.099        197.833        99.2721
           1008           1008        195.268            198        99.2713
           1009           1009        195.431        198.167        99.2706
           1010           1010        195.594        198.333          99.27
           1011           1011        195.763          198.5        99.2694
           1012           1012        195.927        198.667        99.2688
           1013           1013        196.082        198.833        99.2682
           1014           1014        196.244            199        99.2675
           1015           1015        196.419        199.167        99.2666
           1016           1016        196.575        199.333        99.2655
           1017           1017        196.751          199.5        99.2644
           1018           1018        196.908        199.667        99.2634
           1019           1019        197.075        199.833        99.2626
           1020           1020        197.239            200        99.2613
           1021           1021        197.407        200.167        99.2601
           1022           1022        197.571        200.333        99.2587
           1023           1023        197.743          200.5        99.2571
           1024           1024        197.901        200.667        99.2555
           1025           1025         198.06        200.833        99.2541
           1026           1026        198.224            201        99.2527
           1027           1027        198.401        201.167        99.2516
           1028           1028         198.56        201.333        99.2504
           1029           1029        198.721          201.5        99.2493
           1030           1030        198.875        201.667        99.2481
           1031           1031        199.047        201.833        99.2469
           1032           1032        199.209            202         99.246
           1033           1033        199.371        202.167        99.2451
           1034           1034        199.543        202.333         99.244
           1035           1035        199.712          202.5         99.243
           1036           1036        199.874        202.667        99.2419
           1037           1037        200.045        202.833        99.2409
           1038           1038        200.205            203        99.2399
           1039           1039        200.365        203.167        99.2389
           1040           1040        200.528        203.333        99.2379
           1041           1041        200.697          203.5         99.237
           1042           1042        200.864        203.667        99.2361
           1043           1043        201.033        203.833        99.2354
           1044           1044        201.184            204        99.2349
           1045           1045        201.351        204.167        99.2343
           1046           1046        201.517        204.333        99.2339
           1047           1047        201.689          204.5        99.2335
           1048           1048        201.846        204.667        99.2331
           1049           1049        202.018        204.833        99.2325
           1050           1050        202.181            205        99.2318
           1051           1051         202.35        205.167        99.2312
           1052           1052        202.512        205.333        99.2306
           1053           1053         202.67          205.5        99.2298
           1054           1054        202.836        205.667         99.229
           1055           1055        203.005        205.833        99.2282
           1056           1056        203.174            206        99.2272
           1057           1057        203.339        206.167         99.226
           1058           1058          203.5        206.333        99.2249
           1059           1059        203.664          206.5        99.2238
           1060           1060        203.831        206.667        99.2227
           1061           1061        203.993        206.833        99.2213
           1062           1062        204.153            207        99.2199
           1063           1063         204.32        207.167        99.2185
           1064           1064        204.488        207.333        99.2171
           1065           1065        204.653          207.5        99.2159
           1066           1066        204.813        207.667        99.2148
           1067           1067        204.983        207.833        99.2137
           1068           1068        205.157            208        99.2128
           1069           1069        205.315        208.167        99.2121
           1070           1070        205.478        208.333        99.2114
           1071           1071        205.645          208.5        99.2107
           1072           1072        205.811        208.667          99.21
           1073           1073        205.962        208.833        99.2098
           1074           1074        206.138            209        99.2095
           1075           1075        206.295        209.167        99.2092
           1076           1076        206.465        209.333        99.2089
           1077           1077        206.626          209.5        99.2085
           1078           1078        206.786        209.667        99.2078
           1079           1079        206.957        209.833         99.207
           1080           1080        207.122            210        99.2062
           1081           1081        207.285        210.167        99.2053
           1082           1082        207.449        210.333        99.2047
           1083           1083        207.614          210.5         99.204
           1084           1084        207.779        210.667        99.2032
           1085           1085        207.937        210.833        99.2023
           1086           1086        208.112            211        99.2014
           1087           1087        208.283        211.167        99.2005
           1088           1088        208.438        211.333        99.1998
           1089           1089        208.611          211.5        99.1991
           1090           1090        208.775        211.667        99.1981
           1091           1091         208.94        211.833        99.1972
           1092           1092          209.1            212        99.1963
           1093           1093        209.266        212.167        99.1953
           1094           1094        209.436        212.333        99.1945
           1095           1095        209.595          212.5        99.1936
           1096           1096        209.755        212.667        99.1929
           1097           1097        209.926        212.833        99.1924
           1098           1098        210.086            213        99.1918
           1099           1099         210.25        213.167        99.1912
           1100           1100        210.416        213.333        99.1905
           1101           1101        210.583          213.5        99.1898
           1102           1102        210.746        213.667        99.1893
           1103           1103        210.917        213.833        99.1888
           1104           1104        211.089            214        99.1884
           1105           1105        211.247        214.167        99.1879
           1106           1106         211.42        214.333        99.1872
           1107           1107        211.577          214.5        99.1863
           1108           1108         211.74        214.667        99.1854
           1109           1109          211.9        214.833        99.1844
           1110           1110        212.078            215        99.1832
           1111           1111        212.235        215.167        99.1824
           1112           1112        212.404        215.333        99.1815
           1113           1113        212.564          215.5        99.1805
           1114           1114        212.725        215.667        99.1796
           1115           1115        212.906        215.833        99.1786
           1116           1116        213.068            216        99.1776
           1117           1117         213.23        216.167        99.1767
           1118           1118        213.391        216.333        99.1758
           1119           1119        213.561          216.5        99.1751
           1120           1120        213.729        216.667        99.1747
           1121           1121        213.896        216.833        99.1744
           1122           1122        214.052            217        99.1742
           1123           1123        214.221        217.167        99.1746
           1124           1124        214.392        217.333        99.1749
           1125           1125        214.552          217.5        99.1752
           1126           1126        214.716        217.667        99.1755
           1127           1127        214.889        217.833        99.1756
           1128           1128        215.053            218        99.1754
           1129           1129        215.212        218.167         99.175
           1130           1130        215.385        218.333        99.1747
           1131           1131        215.553          218.5        99.1738
           1132           1132        215.717        218.667         99.173
           1133           1133        215.873        218.833        99.1723
           1134           1134        216.049            219        99.1716
           1135           1135        216.206        219.167        99.1708
           1136           1136        216.371        219.333          99.17
           1137           1137        216.538          219.5        99.1689
           1138           1138        216.708        219.667        99.1677
           1139           1139        216.874        219.833        99.1663
           1140           1140        217.039            220        99.1649
           1141           1141        217.202        220.167        99.1636
           1142           1142        217.375        220.333        99.1622
           1143           1143        217.536          220.5        99.1608
           1144           1144        217.704        220.667        99.1596
           1145           1145        217.864        220.833        99.1585
           1146           1146         218.03            221        99.1573
           1147           1147        218.197        221.167        99.1564
           1148           1148        218.365        221.333        99.1553
           1149           1149        218.528          221.5         99.154
           1150           1150          218.7        221.667        99.1525
           1151           1151        218.867        221.833        99.1509
           1152           1152        219.031            222        99.1492
           1153           1153        219.195        222.167        99.1477
           1154           1154        219.352        222.333        99.1464
           1155           1155        219.521          222.5        99.1451
           1156           1156         219.69        222.667        99.1438
           1157           1157        219.862        222.833        99.1425
           1158           1158        220.015            223        99.1413
           1159           1159        220.193        223.167        99.1402
           1160           1160        220.357        223.333        99.1393
           1161           1161        220.518          223.5        99.1385
           1162           1162        220.691        223.667        99.1376
           1163           1163        220.863        223.833        99.1365
           1164           1164        221.021            224        99.1358
           1165           1165        221.187        224.167        99.1349
           1166           1166        221.349        224.333         99.134
           1167           1167        221.523          224.5        99.1331
           1168           1168        221.686        224.667        99.1321
           1169           1169        221.845        224.833        99.1314
           1170           1170        222.011            225        99.1306
           1171           1171        222.182        225.167        99.1298
           1172           1172        222.352        225.333         99.129
           1173           1173        222.519          225.5        99.1281
           1174           1174        222.682        225.667        99.1273
           1175           1175        222.847        225.833        99.1266
           1176           1176        223.012            226        99.1262
           1177           1177        223.179        226.167         99.126
           1178           1178        223.347        226.333        99.1256
           1179           1179        223.511          226.5        99.1252
           1180           1180         223.67        226.667        99.1251
           1181           1181        223.844        226.833        99.1247
           1182           1182        224.005            227        99.1243
           1183           1183        224.173        227.167        99.1239
           1184           1184        224.341        227.333        99.1236
           1185           1185        224.503          227.5        99.1232
           1186           1186        224.671        227.667        99.1229
           1187           1187        224.836        227.833        99.1224
           1188           1188        225.006            228        99.1219
           1189           1189        225.181        228.167        99.1214
           1190           1190         225.34        228.333        99.1208
           1191           1191        225.507          228.5        99.1205
           1192           1192        225.674        228.667        99.1204
           1193           1193        225.842        228.833        99.1203
           1194           1194        226.009            229        99.1201
           1195           1195         226.17        229.167        99.1197
           1196           1196        226.334        229.333        99.1191
           1197           1197        226.501          229.5        99.1188
           1198           1198        226.668        229.667        99.1185
           1199           1199        226.834        229.833        99.1182
           1200           1200        227.004            230        99.1179
           1201           1201        227.166        230.167        99.1175
           1202           1202        227.334        230.333        99.1169
           1203           1203          227.5          230.5         99.116
           1204           1204        227.677        230.667        99.1149
           1205           1205        227.844        230.833        99.1136
           1206           1206        228.009            231        99.1125
           1207           1207        228.173        231.167        99.1113
           1208           1208        228.331        231.333        99.1101
           1209           1209        228.495          231.5        99.1089
           1210           1210        228.661        231.667        99.1077
           1211           1211        228.838        231.833        99.1064
           1212           1212        228.996            232        99.1051
           1213           1213        229.164        232.167        99.1037
           1214           1214        229.333        232.333        99.1023
           1215           1215        229.497          232.5        99.1009
           1216           1216         229.67        232.667        99.0996
           1217           1217        229.838        232.833        99.0983
           1218           1218        229.998            233        99.0968
           1219           1219        230.171        233.167        99.0953
           1220           1220        230.333        233.333        99.0938
           1221           1221        230.495          233.5        99.0923
           1222           1222        230.669        233.667        99.0906
           1223           1223        230.833        233.833        99.0889
           1224           1224        231.002            234        99.0873
           1225           1225         231.17        234.167        99.0856
           1226           1226        231.332        234.333         99.084
           1227           1227        231.502          234.5        99.0827
           1228           1228        231.656        234.667        99.0815
           1229           1229        231.839        234.833        99.0803
           1230           1230        232.001            235        99.0792
           1231           1231        232.171        235.167        99.0779
           1232           1232        232.336        235.333        99.0765
           1233           1233        232.501          235.5        99.0752
           1234           1234        232.659        235.667        99.0736
           1235           1235        232.831        235.833        99.0724
           1236           1236        233.008            236        99.0713
           1237           1237        233.161        236.167        99.0701
           1238           1238        233.332        236.333        99.0692
           1239           1239        233.504          236.5        99.0681
           1240           1240        233.671        236.667         99.067
           1241           1241        233.833        236.833        99.0659
           1242           1242            234            237        99.0647
           1243           1243        234.167        237.167        99.0635
           1244           1244        234.329        237.333        99.0623
           1245           1245         234.49          237.5        99.0611
           1246           1246        234.661        237.667        99.0597
           1247           1247        234.827        237.833        99.0582
           1248           1248        234.998            238        99.0567
           1249           1249        235.166        238.167         99.055
           1250           1250         235.33        238.333        99.0533
           1251           1251        235.502          238.5        99.0511
           1252           1252        235.668        238.667        99.0491
           1253           1253        235.828        238.833        99.0472
           1254           1254        235.998            239        99.0455
           1255           1255        236.162        239.167        99.0437
           1256           1256        236.323        239.333         99.042
           1257           1257        236.499          239.5        99.0404
           1258           1258        236.659        239.667        99.0386
           1259           1259        236.826        239.833        99.0372
           1260           1260        236.993            240        99.0359
           1261           1261        237.159        240.167        99.0349
           1262           1262        237.328        240.333        99.0339
           1263           1263        237.485          240.5        99.0328
           1264           1264        237.651        240.667        99.0315
           1265           1265        237.825        240.833          99.03
           1266           1266        237.985            241        99.0285
           1267           1267        238.157        241.167        99.0266
           1268           1268         238.33        241.333         99.025
           1269           1269        238.481          241.5        99.0233
           1270           1270         238.66        241.667        99.0216
           1271           1271        238.817        241.833          99.02
           1272           1272        238.988            242        99.0183
           1273           1273        239.154        242.167        99.0166
           1274           1274        239.322        242.333         99.015
           1275           1275        239.489          242.5        99.0135
           1276           1276        239.658        242.667        99.0121
           1277           1277        239.827        242.833        99.0107
           1278           1278        239.987            243        99.0091
           1279           1279        240.164        243.167        99.0078
           1280           1280        240.331        243.333        99.0063
           1281           1281        240.492          243.5        99.0048
           1282           1282        240.658        243.667        99.0033
           1283           1283        240.815        243.833         99.002
           1284           1284        240.983            244        99.0006
           1285           1285        241.155        244.167        98.9992
           1286           1286        241.329        244.333        98.9977
           1287           1287        241.493          244.5        98.9962
           1288           1288        241.663        244.667        98.9946
           1289           1289        241.823        244.833         98.993
           1290           1290        241.998            245        98.9916
           1291           1291        242.153        245.167        98.9903
           1292           1292        242.323        245.333        98.9888
           1293           1293        242.492          245.5        98.9872
           1294           1294        242.649        245.667        98.9855
           1295           1295         242.83        245.833        98.9837
           1296           1296        242.995            246         98.982
           1297           1297        243.157        246.167        98.9805
           1298           1298        243.326        246.333        98.9791
           1299           1299        243.493          246.5        98.9779
           1300           1300        243.659        246.667        98.9769
           1301           1301        243.827        246.833        98.9756
           1302           1302        243.989            247         98.974
           1303           1303        244.157        247.167        98.9723
           1304           1304        244.323        247.333        98.9706
           1305           1305        244.494          247.5        98.9691
           1306           1306        244.655        247.667        98.9678
           1307           1307        244.833        247.833        98.9666
           1308           1308        245.001            248        98.9652
           1309           1309        245.168        248.167        98.9638
           1310           1310        245.333        248.333        98.9622
           1311           1311        245.488          248.5        98.9605
           1312           1312         245.66        248.667        98.9582
           1313           1313        245.829        248.833        98.9561
           1314           1314        245.992            249        98.9539
           1315           1315         246.16        249.167        98.9517
           1316           1316        246.328        249.333        98.9494
           1317           1317        246.498          249.5        98.9463
           1318           1318        246.662        249.667        98.9432
           1319           1319        246.837        249.833        98.9401
           1320           1320        247.001            250        98.9369
           1321           1321        247.171        250.167        98.9331
           1322           1322        247.334        250.333        98.9297
           1323           1323        247.501          250.5        98.9263
           1324           1324        247.671        250.667        98.9229
           1325           1325        247.842        250.833        98.9196
           1326           1326         248.01            251        98.9162
           1327           1327        248.179        251.167        98.9129
           1328           1328        248.336        251.333        98.9096
           1329           1329        248.505          251.5        98.9065
           1330           1330        248.677        251.667        98.9033
           1331           1331         248.84        251.833        98.9002
           1332           1332        249.004            252        98.8971
           1333           1333        249.171        252.167        98.8945
           1334           1334        249.339        252.333        98.8917
           1335           1335        249.506          252.5        98.8888
           1336           1336        249.674        252.667        98.8859
           1337           1337        249.836        252.833        98.8832
           1338           1338         250.01            253        98.8804
           1339           1339        250.172        253.167        98.8778
           1340           1340        250.337        253.333        98.8751
           1341           1341        250.513          253.5        98.8725
           1342           1342        250.682        253.667          98.87
           1343           1343        250.837        253.833        98.8676
           1344           1344        251.018            254        98.8654
           1345           1345        251.179        254.167        98.8635
           1346           1346        251.346        254.333        98.8615
           1347           1347        251.515          254.5        98.8597
           1348           1348        251.687        254.667        98.8579
           1349           1349        251.855        254.833        98.8561
           1350           1350        252.017            255        98.8545
           1351           1351        252.179        255.167        98.8527
           1352           1352        252.355        255.333        98.8511
           1353           1353         252.52          255.5        98.8495
           1354           1354        252.686        255.667        98.8479
           1355           1355        252.853        255.833        98.8464
           1356           1356        253.012            256        98.8448
           1357           1357        253.181        256.167         98.843
           1358           1358        253.353        256.333        98.8409
           1359           1359        253.513          256.5        98.8389
           1360           1360        253.688        256.667        98.8368
           1361           1361        253.854        256.833        98.8346
           1362           1362        254.019            257         98.832
           1363           1363        254.191        257.167        98.8297
           1364           1364        254.358        257.333        98.8275
           1365           1365        254.515          257.5        98.8252
           1366           1366          254.7        257.667        98.8228
           1367           1367        254.862        257.833        98.8203
           1368           1368        255.027            258        98.8178
           1369           1369        255.186        258.167        98.8153
           1370           1370         255.36        258.333        98.8127
           1371           1371        255.532          258.5        98.8101
           1372           1372        255.695        258.667        98.8076
           1373           1373         255.86        258.833         98.805
           1374           1374        256.027            259        98.8028
           1375           1375        256.197        259.167        98.8004
           1376           1376        256.361        259.333         98.798
           1377           1377        256.537          259.5        98.7957
           1378           1378        256.697        259.667        98.7935
           1379           1379        256.864        259.833        98.7912
           1380           1380        257.041            260        98.7889
           1381           1381        257.206        260.167        98.7864
           1382           1382        257.373        260.333         98.784
           1383           1383        257.543          260.5        98.7814
           1384           1384        257.713        260.667        98.7788
           1385           1385        257.873        260.833        98.7761
           1386           1386        258.043            261        98.7734
           1387           1387        258.219        261.167        98.7704
           1388           1388        258.384        261.333        98.7674
           1389           1389         258.55          261.5        98.7644
           1390           1390         258.72        261.667        98.7614
           1391           1391        258.892        261.833        98.7583
           1392           1392        259.055            262        98.7553
           1393           1393        259.223        262.167        98.7524
           1394           1394        259.389        262.333        98.7495
           1395           1395        259.557          262.5        98.7462
           1396           1396        259.729        262.667        98.7429
           1397           1397        259.897        262.833        98.7398
           1398           1398        260.055            263        98.7369
           1399           1399        260.219        263.167         98.734
           1400           1400        260.393        263.333        98.7315
           1401           1401        260.558          263.5        98.7292
           1402           1402        260.721        263.667        98.7271
           1403           1403        260.894        263.833        98.7256
           1404           1404        261.062            264        98.7236
           1405           1405         261.23        264.167        98.7212
           1406           1406        261.397        264.333        98.7188
           1407           1407        261.561          264.5        98.7158
           1408           1408        261.733        264.667        98.7131
           1409           1409        261.902        264.833        98.7104
           1410           1410        262.066            265        98.7076
           1411           1411        262.231        265.167        98.7045
           1412           1412        262.395        265.333        98.7015
           1413           1413        262.559          265.5        98.6984
           1414           1414        262.728        265.667        98.6954
           1415           1415        262.899        265.833        98.6923
           1416           1416        263.066            266        98.6888
           1417           1417        263.223        266.167        98.6853
           1418           1418        263.394        266.333        98.6819
           1419           1419        263.559          266.5        98.6783
           1420           1420        263.733        266.667        98.6745
           1421           1421        263.901        266.833        98.6707
           1422           1422        264.069            267        98.6671
           1423           1423        264.231        267.167        98.6634
           1424           1424        264.405        267.333        98.6598
           1425           1425         264.57          267.5        98.6561
           1426           1426        264.736        267.667        98.6524
           1427           1427        264.904        267.833        98.6485
           1428           1428        265.065            268        98.6448
           1429           1429        265.234        268.167         98.641
           1430           1430        265.393        268.333        98.6372
           1431           1431        265.566          268.5        98.6334
           1432           1432        265.736        268.667        98.6296
           1433           1433        265.911        268.833        98.6256
           1434           1434        266.077            269        98.6214
           1435           1435        266.246        269.167        98.6171
           1436           1436        266.415        269.333        98.6124
           1437           1437        266.581          269.5        98.6075
           1438           1438        266.739        269.667        98.6025
           1439           1439        266.918        269.833        98.5974
           1440           1440        267.075            270        98.5917
           1441           1441        267.244        270.167        98.5863
           1442           1442         267.42        270.333        98.5809
           1443           1443        267.574          270.5        98.5755
           1444           1444        267.744        270.667        98.5703
           1445           1445        267.911        270.833        98.5652
           1446           1446        268.091            271        98.5601
           1447           1447        268.257        271.167        98.5551
           1448           1448        268.421        271.333        98.5501
           1449           1449        268.586          271.5        98.5452
           1450           1450        268.752        271.667        98.5402
           1451           1451        268.926        271.833        98.5352
           1452           1452        269.093            272        98.5302
           1453           1453        269.256        272.167        98.5251
           1454           1454        269.421        272.333        98.5201
           1455           1455        269.592          272.5        98.5151
           1456           1456        269.759        272.667          98.51
           1457           1457         269.93        272.833        98.5049
           1458           1458        270.102            273        98.4997
           1459           1459        270.258        273.167        98.4944
           1460           1460         270.43        273.333        98.4891
           1461           1461        270.599          273.5        98.4834
           1462           1462        270.764        273.667        98.4778
           1463           1463        270.927        273.833         98.472
           1464           1464        271.105            274        98.4662
           1465           1465        271.269        274.167        98.4602
           1466           1466        271.443        274.333        98.4542
           1467           1467        271.609          274.5        98.4483
           1468           1468        271.772        274.667        98.4423
           1469           1469        271.941        274.833        98.4363
           1470           1470        272.114            275        98.4304
           1471           1471        272.285        275.167        98.4246
           1472           1472         272.44        275.333        98.4188
           1473           1473        272.611          275.5        98.4132
           1474           1474        272.783        275.667        98.4074
           1475           1475        272.946        275.833        98.4015
           1476           1476        273.115            276        98.3954
           1477           1477        273.283        276.167        98.3892
           1478           1478        273.455        276.333         98.383
           1479           1479        273.622          276.5        98.3769
           1480           1480        273.783        276.667        98.3707
           1481           1481        273.947        276.833        98.3645
           1482           1482        274.111            277        98.3581
           1483           1483        274.296        277.167        98.3517
           1484           1484        274.456        277.333        98.3452
           1485           1485        274.622          277.5        98.3387
           1486           1486        274.797        277.667        98.3317
           1487           1487        274.956        277.833        98.3248
           1488           1488        275.125            278        98.3179
           1489           1489        275.295        278.167        98.3109
           1490           1490        275.464        278.333        98.3038
           1491           1491         275.63          278.5        98.2969
           1492           1492        275.796        278.667          98.29
           1493           1493        275.965        278.833         98.283
           1494           1494        276.133            279        98.2761
           1495           1495        276.305        279.167        98.2691
           1496           1496        276.466        279.333        98.2619
           1497           1497        276.637          279.5        98.2548
           1498           1498        276.814        279.667        98.2474
           1499           1499        276.978        279.833        98.2401
           1500           1500        277.144            280        98.2328
           1501           1501        277.298        280.167        98.2255
           1502           1502        277.474        280.333        98.2178
           1503           1503         277.64          280.5          98.21
           1504           1504        277.815        280.667         98.202
           1505           1505        277.983        280.833         98.194
           1506           1506        278.145            281        98.1854
           1507           1507        278.317        281.167         98.177
           1508           1508        278.487        281.333        98.1686
           1509           1509        278.657          281.5        98.1601
           1510           1510         278.83        281.667        98.1516
           1511           1511        278.996        281.833        98.1432
           1512           1512        279.163            282        98.1347
           1513           1513        279.326        282.167         98.126
           1514           1514        279.492        282.333        98.1173
           1515           1515        279.663          282.5        98.1086
           1516           1516        279.827        282.667        98.0998
           1517           1517        279.989        282.833         98.091
           1518           1518        280.159            283        98.0822
           1519           1519        280.325        283.167        98.0732
           1520           1520        280.493        283.333        98.0642
           1521           1521        280.666          283.5        98.0551
           1522           1522        280.835        283.667        98.0459
           1523           1523        280.995        283.833        98.0363
           1524           1524        281.166            284        98.0266
           1525           1525        281.331        284.167        98.0169
           1526           1526        281.499        284.333         98.007
           1527           1527        281.667          284.5        97.9966
           1528           1528        281.844        284.667        97.9862
           1529           1529        282.011        284.833        97.9759
           1530           1530        282.176            285        97.9655
           1531           1531        282.345        285.167        97.9548
           1532           1532        282.505        285.333        97.9442
           1533           1533        282.676          285.5        97.9336
           1534           1534        282.848        285.667        97.9229
           1535           1535         283.01        285.833        97.9121
           1536           1536         283.18            286        97.9012
           1537           1537        283.348        286.167        97.8902
           1538           1538        283.516        286.333        97.8792
           1539           1539        283.691          286.5        97.8679
           1540           1540        283.861        286.667        97.8568
           1541           1541        284.027        286.833        97.8455
           1542           1542        284.186            287        97.8342
           1543           1543        284.349        287.167        97.8226
           1544           1544        284.526        287.333        97.8109
           1545           1545        284.692          287.5        97.7991
           1546           1546        284.867        287.667        97.7871
           1547           1547        285.028        287.833         97.775
           1548           1548        285.201            288        97.7625
           1549           1549        285.369        288.167        97.7503
           1550           1550        285.537        288.333        97.7379
           1551           1551        285.704          288.5        97.7254
           1552           1552        285.867        288.667        97.7125
           1553           1553        286.036        288.833        97.6996
           1554           1554        286.199            289        97.6866
           1555           1555        286.378        289.167        97.6735
           1556           1556        286.542        289.333        97.6596
           1557           1557        286.714          289.5        97.6459
           1558           1558        286.874        289.667        97.6321
           1559           1559        287.037        289.833        97.6181
           1560           1560        287.209            290        97.6037
           1561           1561        287.378        290.167        97.5893
           1562           1562        287.542        290.333        97.5748
           1563           1563        287.706          290.5        97.5602
           1564           1564        287.875        290.667        97.5449
           1565           1565        288.047        290.833        97.5297
           1566           1566        288.215            291        97.5145
           1567           1567        288.376        291.167        97.4993
           1568           1568        288.547        291.333        97.4835
           1569           1569        288.712          291.5        97.4678
           1570           1570         288.88        291.667        97.4521
           1571           1571         289.05        291.833        97.4364
           1572           1572        289.221            292        97.4202
           1573           1573        289.392        292.167         97.404
           1574           1574        289.553        292.333        97.3876
           1575           1575        289.719          292.5         97.371
           1576           1576        289.894        292.667        97.3538
           1577           1577        290.066        292.833        97.3366
           1578           1578        290.224            293        97.3193
           1579           1579        290.393        293.167        97.3019
           1580           1580        290.564        293.333        97.2843
           1581           1581        290.733          293.5         97.266
           1582           1582        290.902        293.667        97.2478
           1583           1583         291.07        293.833        97.2294
           1584           1584        291.227            294        97.2109
           1585           1585        291.407        294.167        97.1918
           1586           1586        291.566        294.333        97.1729
           1587           1587        291.736          294.5        97.1539
           1588           1588        291.902        294.667        97.1348
           1589           1589        292.072        294.833         97.115
           1590           1590        292.232            295        97.0951
           1591           1591        292.407        295.167        97.0751
           1592           1592        292.572        295.333        97.0549
           1593           1593        292.743          295.5        97.0337
           1594           1594        292.909        295.667        97.0127
           1595           1595        293.081        295.833        96.9916
           1596           1596        293.245            296        96.9703
           1597           1597         293.41        296.167        96.9482
           1598           1598        293.589        296.333        96.9261
           1599           1599        293.754          296.5        96.9038
           1600           1600        293.923        296.667        96.8815
           1601           1601        294.086        296.833        96.8582
           1602           1602        294.255            297        96.8351
           1603           1603        294.419        297.167        96.8119
           1604           1604        294.592        297.333        96.7885
           1605           1605        294.751          297.5        96.7643
           1606           1606        294.918        297.667        96.7401
           1607           1607        295.089        297.833        96.7158
           1608           1608        295.257            298        96.6914
           1609           1609        295.427        298.167         96.666
           1610           1610        295.595        298.333        96.6409
           1611           1611         295.76          298.5        96.6158
           1612           1612        295.931        298.667        96.5905
           1613           1613        296.098        298.833         96.565
           1614           1614        296.265            299        96.5391
           1615           1615        296.431        299.167        96.5132
           1616           1616          296.6        299.333        96.4872
           1617           1617        296.773          299.5        96.4611
           1618           1618        296.941        299.667        96.4345
           1619           1619        297.105        299.833         96.408
           1620           1620        297.277            300        96.3813
           1621           1621        297.441        300.167        96.3545
           1622           1622        297.608        300.333        96.3269
           1623           1623        297.776          300.5        96.2993
           1624           1624         297.95        300.667        96.2716
           1625           1625        298.113        300.833        96.2438
           1626           1626        298.286            301        96.2151
           1627           1627        298.454        301.167        96.1869
           1628           1628        298.618        301.333        96.1587
           1629           1629        298.786          301.5        96.1306
           1630           1630        298.955        301.667        96.1025
           1631           1631        299.122        301.833        96.0744
           1632           1632        299.277            302        96.0462
           1633           1633        299.456        302.167        96.0181
           1634           1634        299.624        302.333        95.9898
           1635           1635        299.788          302.5        95.9613
           1636           1636        299.956        302.667        95.9327
           1637           1637        300.127        302.833        95.9039
           1638           1638        300.299            303        95.8745
           1639           1639        300.463        303.167        95.8449
           1640           1640        300.628        303.333        95.8151
           1641           1641        300.792          303.5        95.7852
           1642           1642        300.959        303.667        95.7544
           1643           1643        301.124        303.833        95.7238
           1644           1644        301.291            304        95.6929
           1645           1645         301.46        304.167        95.6617
           1646           1646        301.626        304.333        95.6303
           1647           1647        301.796          304.5        95.5981
           1648           1648        301.961        304.667         95.566
           1649           1649        302.131        304.833        95.5338
           1650           1650        302.303            305        95.5014
           1651           1651        302.463        305.167        95.4685
           1652           1652        302.625        305.333        95.4358
           1653           1653        302.805          305.5        95.4032
           1654           1654         302.96        305.667        95.3704
           1655           1655        303.134        305.833        95.3374
           1656           1656          303.3            306        95.3045
           1657           1657        303.459        306.167        95.2714
           1658           1658         303.63        306.333        95.2383
           1659           1659        303.797          306.5        95.2046
           1660           1660        303.968        306.667        95.1708
           1661           1661        304.139        306.833        95.1366
           1662           1662        304.304            307        95.1022
           1663           1663        304.468        307.167        95.0671
           1664           1664        304.633        307.333        95.0321
           1665           1665        304.797          307.5        94.9969
           1666           1666        304.969        307.667        94.9615
           1667           1667        305.135        307.833        94.9252
           1668           1668        305.301            308        94.8889
           1669           1669         305.47        308.167         94.852
           1670           1670        305.633        308.333        94.8149
           1671           1671        305.805          308.5        94.7766
           1672           1672        305.969        308.667        94.7387
           1673           1673        306.135        308.833        94.7005
           1674           1674        306.298            309         94.662
           1675           1675         306.47        309.167        94.6227
           1676           1676        306.635        309.333        94.5834
           1677           1677        306.805          309.5        94.5438
           1678           1678         306.98        309.667        94.5039
           1679           1679         307.15        309.833        94.4638
           1680           1680        307.321            310        94.4227
           1681           1681         307.48        310.167        94.3818
           1682           1682        307.648        310.333        94.3406
           1683           1683         307.82          310.5        94.2992
           1684           1684        307.984        310.667        94.2571
           1685           1685        308.143        310.833        94.2147
           1686           1686        308.308            311         94.172
           1687           1687        308.485        311.167         94.129
           1688           1688        308.643        311.333        94.0846
           1689           1689        308.812          311.5        94.0404
           1690           1690        308.984        311.667        93.9957
           1691           1691        309.151        311.833        93.9508
           1692           1692        309.322            312        93.9042
           1693           1693        309.484        312.167        93.8578
           1694           1694        309.655        312.333        93.8111
           1695           1695        309.824          312.5         93.764
           1696           1696        309.986        312.667        93.7151
           1697           1697        310.162        312.833        93.6664
           1698           1698        310.322            313        93.6174
           1699           1699        310.494        313.167        93.5681
           1700           1700        310.654        313.333         93.517
           1701           1701         310.83          313.5        93.4662
           1702           1702         310.99        313.667        93.4152
           1703           1703        311.153        313.833        93.3637
           1704           1704        311.322            314        93.3108
           1705           1705        311.488        314.167        93.2583
           1706           1706         311.66        314.333        93.2056
           1707           1707        311.826          314.5        93.1528
           1708           1708        311.992        314.667        93.0988
           1709           1709        312.161        314.833        93.0451
           1710           1710        312.331            315        92.9913
           1711           1711        312.495        315.167        92.9372
           1712           1712        312.658        315.333        92.8831
           1713           1713        312.825          315.5        92.8283
           1714           1714        312.994        315.667        92.7738
           1715           1715        313.162        315.833        92.7192
           1716           1716        313.329            316        92.6647
           1717           1717        313.504        316.167        92.6099
           1718           1718        313.672        316.333        92.5552
           1719           1719        313.836          316.5        92.5005
           1720           1720        314.006        316.667        92.4459
           1721           1721        314.167        316.833         92.391
           1722           1722        314.341            317        92.3358
           1723           1723        314.509        317.167        92.2804
           1724           1724        314.675        317.333        92.2247
           1725           1725        314.848          317.5        92.1681
           1726           1726        315.011        317.667        92.1115
           1727           1727        315.176        317.833        92.0546
           1728           1728        315.336            318        91.9974
           1729           1729        315.514        318.167        91.9388
           1730           1730        315.677        318.333        91.8804
           1731           1731        315.852          318.5        91.8218
           1732           1732        316.014        318.667         91.763
           1733           1733        316.181        318.833         91.703
           1734           1734        316.359            319        91.6433
           1735           1735        316.527        319.167        91.5833
           1736           1736        316.686        319.333        91.5231
           1737           1737        316.855          319.5        91.4619
           1738           1738        317.021        319.667        91.4006
           1739           1739        317.193        319.833        91.3388
           1740           1740        317.359            320        91.2767
           1741           1741        317.526        320.167        91.2129
           1742           1742        317.698        320.333        91.1493
           1743           1743        317.857          320.5        91.0853
           1744           1744         318.03        320.667        91.0208
           1745           1745        318.194        320.833         90.956
           1746           1746        318.364            321        90.8895
           1747           1747        318.531        321.167        90.8233
           1748           1748        318.698        321.333        90.7567
           1749           1749        318.864          321.5        90.6898
           1750           1750        319.032        321.667        90.6213
           1751           1751        319.196        321.833        90.5527
           1752           1752        319.367            322        90.4836
           1753           1753         319.53        322.167        90.4141
           1754           1754          319.7        322.333         90.342
           1755           1755        319.866          322.5        90.2704
           1756           1756        320.035        322.667        90.1987
           1757           1757        320.209        322.833        90.1269
           1758           1758        320.369            323        90.0537
           1759           1759         320.54        323.167        89.9812
           1760           1760        320.699        323.333        89.9087
           1761           1761        320.869          323.5        89.8362
           1762           1762        321.035        323.667        89.7635
           1763           1763        321.206        323.833        89.6902
           1764           1764        321.377            324        89.6164
           1765           1765        321.551        324.167        89.5422
           1766           1766        321.716        324.333        89.4664
           1767           1767        321.874          324.5        89.3907
           1768           1768        322.041        324.667        89.3145
           1769           1769        322.215        324.833        89.2378
           1770           1770        322.385            325         89.159
           1771           1771        322.546        325.167        89.0804
           1772           1772        322.711        325.333        89.0012
           1773           1773        322.881          325.5        88.9216
           1774           1774        323.054        325.667        88.8395
           1775           1775        323.217        325.833        88.7578
           1776           1776        323.388            326        88.6756
           1777           1777        323.552        326.167         88.593
           1778           1778         323.72        326.333        88.5078
           1779           1779        323.888          326.5        88.4229
           1780           1780        324.056        326.667        88.3375
           1781           1781        324.224        326.833        88.2516
           1782           1782        324.395            327        88.1636
           1783           1783        324.564        327.167        88.0761
           1784           1784        324.726        327.333        87.9882
           1785           1785        324.897          327.5        87.8999
           1786           1786         325.06        327.667        87.8097
           1787           1787        325.233        327.833        87.7195
           1788           1788        325.401            328        87.6286
           1789           1789        325.572        328.167         87.537
           1790           1790        325.735        328.333        87.4424
           1791           1791          325.9          328.5        87.3481
           1792           1792         326.07        328.667        87.2533
           1793           1793        326.236        328.833        87.1579
           1794           1794        326.401            329        87.0595
           1795           1795        326.567        329.167        86.9618
           1796           1796        326.736        329.333        86.8638
           1797           1797        326.899          329.5        86.7656
           1798           1798        327.069        329.667        86.6658
           1799           1799        327.238        329.833        86.5668
           1800           1800        327.414            330         86.468
           1801           1801        327.572        330.167        86.3694
           1802           1802        327.743        330.333        86.2708
           1803           1803        327.913          330.5         86.172
           1804           1804        328.086        330.667        86.0728
           1805           1805        328.242        330.833        85.9733
           1806           1806        328.413            331         85.873
           1807           1807        328.572        331.167        85.7719
           1808           1808        328.746        331.333        85.6698
           1809           1809        328.909          331.5         85.567
           1810           1810        329.085        331.667        85.4605
           1811           1811        329.249        331.833        85.3545
           1812           1812        329.414            332         85.248
           1813           1813        329.583        332.167        85.1411
           1814           1814        329.754        332.333        85.0315
           1815           1815        329.914          332.5        84.9233
           1816           1816        330.079        332.667        84.8155
           1817           1817        330.245        332.833        84.7076
           1818           1818        330.423            333        84.5998
           1819           1819        330.588        333.167        84.4916
           1820           1820        330.752        333.333        84.3828
           1821           1821        330.927          333.5        84.2735
           1822           1822        331.089        333.667        84.1626
           1823           1823        331.257        333.833        84.0512
           1824           1824        331.423            334         83.939
           1825           1825        331.588        334.167        83.8265
           1826           1826        331.757        334.333        83.7113
           1827           1827        331.934          334.5        83.5973
           1828           1828        332.098        334.667        83.4832
           1829           1829        332.262        334.833        83.3689
           1830           1830        332.427            335        83.2536
           1831           1831        332.588        335.167        83.1379
           1832           1832        332.761        335.333        83.0216
           1833           1833        332.929          335.5        82.9048
           1834           1834        333.094        335.667        82.7859
           1835           1835        333.257        335.833        82.6672
           1836           1836        333.429            336        82.5477
           1837           1837          333.6        336.167        82.4276
           1838           1838        333.761        336.333        82.3044
           1839           1839        333.933          336.5        82.1812
           1840           1840        334.106        336.667        82.0571
           1841           1841         334.27        336.833        81.9325
           1842           1842        334.434            337        81.8044
           1843           1843        334.601        337.167        81.6774
           1844           1844        334.769        337.333        81.5503
           1845           1845        334.937          337.5        81.4231
           1846           1846        335.103        337.667        81.2948
           1847           1847        335.274        337.833        81.1672
           1848           1848        335.441            338        81.0397
           1849           1849        335.602        338.167        80.9122
           1850           1850        335.769        338.333        80.7845
           1851           1851        335.939          338.5        80.6564
           1852           1852        336.103        338.667        80.5281
           1853           1853        336.271        338.833        80.3997
           1854           1854         336.45            339        80.2699
           1855           1855        336.612        339.167          80.14
           1856           1856        336.782        339.333        80.0099
           1857           1857        336.947          339.5        79.8796
           1858           1858        337.111        339.667        79.7478
           1859           1859        337.282        339.833        79.6163
           1860           1860        337.456            340        79.4842
           1861           1861        337.632        340.167        79.3516
           1862           1862        337.789        340.333        79.2178
           1863           1863        337.955          340.5        79.0842
           1864           1864        338.124        340.667        78.9502
           1865           1865        338.287        340.833        78.8158
           1866           1866         338.46            341        78.6799
           1867           1867        338.634        341.167        78.5445
           1868           1868        338.796        341.333        78.4091
           1869           1869         338.96          341.5        78.2737
           1870           1870        339.129        341.667        78.1373
           1871           1871        339.305        341.833        78.0008
           1872           1872        339.472            342        77.8637
           1873           1873        339.638        342.167        77.7263
           1874           1874        339.801        342.333        77.5877
           1875           1875        339.971          342.5        77.4494
           1876           1876        340.141        342.667        77.3116
           1877           1877         340.31        342.833        77.1741
           1878           1878        340.471            343        77.0365
           1879           1879        340.645        343.167        76.8986
           1880           1880        340.806        343.333        76.7603
           1881           1881        340.982          343.5        76.6217
           1882           1882        341.145        343.667        76.4829
           1883           1883         341.32        343.833         76.343
           1884           1884        341.483            344        76.2032
           1885           1885        341.648        344.167         76.063
           1886           1886        341.815        344.333        75.9223
           1887           1887        341.982          344.5        75.7796
           1888           1888        342.146        344.667        75.6369
           1889           1889        342.322        344.833        75.4936
           1890           1890        342.487            345          75.35
           1891           1891        342.651        345.167        75.2036
           1892           1892        342.822        345.333        75.0577
           1893           1893         342.99          345.5         74.911
           1894           1894        343.154        345.667        74.7638
           1895           1895         343.32        345.833        74.6139
           1896           1896        343.495            346        74.4644
           1897           1897        343.658        346.167        74.3148
           1898           1898        343.827        346.333         74.165
           1899           1899        343.991          346.5        74.0135
           1900           1900        344.171        346.667         73.863
           1901           1901        344.337        346.833        73.7128
           1902           1902        344.507            347        73.5628
           1903           1903        344.672        347.167        73.4136
           1904           1904        344.836        347.333        73.2645
           1905           1905        345.009          347.5        73.1153
           1906           1906        345.173        347.667        72.9662
           1907           1907        345.342        347.833        72.8172
           1908           1908        345.506            348        72.6674
           1909           1909        345.677        348.167         72.517
           1910           1910        345.848        348.333        72.3663
           1911           1911        346.021          348.5        72.2153
           1912           1912         346.19        348.667        72.0625
           1913           1913        346.352        348.833        71.9103
           1914           1914        346.522            349        71.7579
           1915           1915        346.697        349.167        71.6053
           1916           1916        346.853        349.333        71.4518
           1917           1917        347.017          349.5        71.2985
           1918           1918         347.19        349.667        71.1453
           1919           1919        347.358        349.833        70.9919
           1920           1920        347.527            350        70.8374
           1921           1921        347.689        350.167        70.6828
           1922           1922        347.858        350.333        70.5277
           1923           1923        348.034          350.5        70.3721
           1924           1924          348.2        350.667        70.2152
           1925           1925        348.363        350.833        70.0588
           1926           1926        348.528            351        69.9024
           1927           1927        348.699        351.167        69.7457
           1928           1928        348.872        351.333        69.5884
           1929           1929        349.039          351.5        69.4315
           1930           1930        349.208        351.667        69.2747
           1931           1931        349.372        351.833        69.1179
           1932           1932        349.541            352        68.9615
           1933           1933        349.705        352.167        68.8054
           1934           1934        349.877        352.333        68.6496
           1935           1935        350.043          352.5        68.4942
           1936           1936        350.217        352.667        68.3397
           1937           1937        350.381        352.833         68.185
           1938           1938        350.552            353        68.0302
           1939           1939        350.712        353.167        67.8756
           1940           1940        350.886        353.333        67.7215
           1941           1941        351.052          353.5        67.5671
           1942           1942         351.22        353.667        67.4126
           1943           1943        351.395        353.833         67.258
           1944           1944        351.562            354        67.1034
           1945           1945        351.725        354.167        66.9489
           1946           1946         351.89        354.333         66.795
           1947           1947        352.058          354.5        66.6416
           1948           1948        352.229        354.667        66.4887
           1949           1949        352.402        354.833        66.3372
           1950           1950        352.572            355        66.1856
           1951           1951        352.743        355.167        66.0344
           1952           1952        352.912        355.333        65.8834
           1953           1953        353.079          355.5        65.7339
           1954           1954        353.243        355.667        65.5839
           1955           1955         353.41        355.833        65.4339
           1956           1956        353.576            356         65.284
           1957           1957        353.745        356.167        65.1342
           1958           1958        353.913        356.333         64.984
           1959           1959        354.083          356.5        64.8335
           1960           1960        354.248        356.667        64.6829
           1961           1961        354.421        356.833        64.5316
           1962           1962        354.585            357        64.3806
           1963           1963        354.757        357.167        64.2296
           1964           1964         354.92        357.333        64.0787
           1965           1965        355.084          357.5         63.928
           1966           1966        355.261        357.667        63.7776
           1967           1967        355.424        357.833        63.6275
           1968           1968        355.588            358        63.4776
           1969           1969         355.76        358.167        63.3291
           1970           1970        355.934        358.333        63.1803
           1971           1971        356.103          358.5        63.0317
           1972           1972        356.263        358.667        62.8835
           1973           1973         356.43        358.833         62.737
           1974           1974        356.599            359        62.5904
           1975           1975        356.775        359.167        62.4441
           1976           1976        356.939        359.333        62.2981
           1977           1977        357.107          359.5        62.1525
           1978           1978        357.283        359.667        62.0082
           1979           1979        357.447        359.833        61.8632
           1980           1980        357.614            360         61.718
           1981           1981        357.792        360.167        61.5729
           1982           1982         357.96        360.333        61.4278
           1983           1983        358.123          360.5        61.2828
           1984           1984        358.291        360.667        61.1379
           1985           1985        358.464        360.833        60.9929
           1986           1986        358.634            361         60.848
           1987           1987        358.788        361.167        60.7029
           1988           1988        358.958        361.333        60.5577
           1989           1989        359.132          361.5        60.4124
           1990           1990        359.301        361.667        60.2667
           1991           1991         359.47        361.833        60.1212
           1992           1992        359.645            362        59.9757
           1993           1993        359.814        362.167        59.8303
           1994           1994         359.98        362.333        59.6844
           1995           1995        360.147          362.5        59.5386
           1996           1996        360.319        362.667         59.393
           1997           1997        360.487        362.833        59.2476
           1998           1998        360.651            363        59.1025
           1999           1999        360.819        363.167        58.9576
           2000           2000        360.985        363.333        58.8127
           2001           2001        361.165          363.5        58.6677
           2002           2002         361.33        363.667        58.5234
           2003           2003        361.501        363.833        58.3786
           2004           2004         361.67            364        58.2338
           2005           2005        361.836        364.167        58.0891
           2006           2006        362.002        364.333        57.9442
           2007           2007        362.168          364.5        57.7997
           2008           2008        362.342        364.667        57.6553
           2009           2009        362.505        364.833         57.511
           2010           2010        362.681            365        57.3667
           2011           2011        362.846        365.167        57.2227
           2012           2012        363.022        365.333        57.0785
           2013           2013        363.188          365.5        56.9343
           2014           2014        363.354        365.667        56.7903
           2015           2015        363.514        365.833        56.6464
           2016           2016        363.687            366        56.5026
           2017           2017        363.858        366.167        56.3586
           2018           2018        364.022        366.333        56.2144
           2019           2019        364.197          366.5        56.0701
           2020           2020        364.359        366.667        55.9252
           2021           2021        364.537        366.833        55.7797
           2022           2022        364.697            367        55.6336
           2023           2023        364.872        367.167        55.4854
           2024           2024        365.036        367.333        55.3375
           2025           2025         365.21          367.5        55.1896
           2026           2026        365.377        367.667        55.0416
           2027           2027        365.541        367.833        54.8925
           2028           2028        365.712            368        54.7441
           2029           2029        365.881        368.167        54.5957
           2030           2030        366.044        368.333        54.4472
           2031           2031        366.204          368.5        54.2993
           2032           2032        366.377        368.667        54.1509
           2033           2033        366.541        368.833         54.002
           2034           2034        366.716            369        53.8528
           2035           2035        366.885        369.167         53.703
           2036           2036        367.053        369.333        53.5534
           2037           2037        367.219          369.5         53.404
           2038           2038        367.389        369.667        53.2547
           2039           2039        367.559        369.833        53.1059
           2040           2040        367.722            370        52.9578
           2041           2041        367.891        370.167        52.8105
           2042           2042        368.057        370.333        52.6641
           2043           2043        368.234          370.5        52.5182
           2044           2044        368.402        370.667        52.3751
           2045           2045        368.572        370.833         52.231
           2046           2046        368.742            371        52.0873
           2047           2047        368.903        371.167        51.9438
           2048           2048         369.07        371.333        51.8023
           2049           2049        369.238          371.5         51.661
           2050           2050        369.407        371.667        51.5203
           2051           2051        369.579        371.833        51.3802
           2052           2052        369.747            372        51.2428
           2053           2053        369.918        372.167        51.1051
           2054           2054        370.083        372.333        50.9679
           2055           2055        370.252          372.5        50.8312
           2056           2056        370.423        372.667        50.6973
           2057           2057        370.595        372.833         50.563
           2058           2058        370.756            373        50.4289
           2059           2059        370.927        373.167         50.295
           2060           2060        371.095        373.333        50.1628
           2061           2061        371.263          373.5        50.0301
           2062           2062        371.429        373.667        49.8977
           2063           2063        371.597        373.833        49.7656
           2064           2064        371.765            374        49.6346
           2065           2065        371.929        374.167        49.5038
           2066           2066        372.112        374.333        49.3734
           2067           2067        372.273          374.5        49.2431
           2068           2068        372.441        374.667        49.1143
           2069           2069        372.613        374.833        48.9847
           2070           2070        372.778            375        48.8549
           2071           2071        372.949        375.167        48.7253
           2072           2072        373.114        375.333        48.5962
           2073           2073        373.288          375.5        48.4677
           2074           2074        373.455        375.667          48.34
           2075           2075        373.621        375.833        48.2137
           2076           2076        373.787            376        48.0885
           2077           2077        373.956        376.167        47.9679
           2078           2078        374.123        376.333        47.8475
           2079           2079        374.296          376.5        47.7286
           2080           2080        374.462        376.667        47.6109
           2081           2081        374.636        376.833        47.4999
           2082           2082        374.799            377        47.3873
           2083           2083        374.961        377.167        47.2755
           2084           2084        375.132        377.333        47.1645
           2085           2085        375.303          377.5        47.0577
           2086           2086        375.475        377.667        46.9493
           2087           2087        375.632        377.833        46.8408
           2088           2088        375.808            378        46.7324
           2089           2089        375.985        378.167        46.6253
           2090           2090        376.145        378.333        46.5176
           2091           2091        376.308          378.5        46.4097
           2092           2092        376.478        378.667        46.3017
           2093           2093         376.65        378.833        46.1938
           2094           2094        376.813            379         46.086
           2095           2095        376.986        379.167        45.9784
           2096           2096        377.152        379.333        45.8711
           2097           2097        377.323          379.5        45.7642
           2098           2098        377.485        379.667        45.6575
           2099           2099        377.659        379.833         45.551
           2100           2100        377.827            380        45.4446
           2101           2101        377.993        380.167         45.339
           2102           2102        378.162        380.333        45.2329
           2103           2103        378.327          380.5        45.1267
           2104           2104        378.493        380.667        45.0204
           2105           2105        378.661        380.833        44.9139
           2106           2106        378.829            381        44.8074
           2107           2107        379.001        381.167        44.7008
           2108           2108        379.163        381.333        44.5942
           2109           2109        379.326          381.5        44.4875
           2110           2110        379.494        381.667        44.3805
           2111           2111        379.659        381.833        44.2737
           2112           2112         379.83            382        44.1671
           2113           2113        380.001        382.167        44.0605
           2114           2114        380.165        382.333         43.954
           2115           2115        380.338          382.5        43.8474
           2116           2116        380.505        382.667        43.7406
           2117           2117        380.667        382.833        43.6337
           2118           2118        380.837            383        43.5267
           2119           2119        381.011        383.167        43.4196
           2120           2120        381.184        383.333        43.3123
           2121           2121        381.355          383.5        43.2049
           2122           2122        381.515        383.667        43.0969
           2123           2123        381.686        383.833         42.989
           2124           2124        381.851            384        42.8808
           2125           2125        382.023        384.167        42.7726
           2126           2126        382.194        384.333        42.6636
           2127           2127        382.355          384.5        42.5544
           2128           2128        382.522        384.667        42.4447
           2129           2129        382.691        384.833        42.3349
           2130           2130        382.859            385        42.2242
           2131           2131         383.03        385.167        42.1138
           2132           2132        383.191        385.333        42.0031
           2133           2133        383.366          385.5        41.8922
           2134           2134        383.532        385.667        41.7804
           2135           2135          383.7        385.833        41.6686
           2136           2136        383.867            386        41.5568
           2137           2137        384.031        386.167        41.4448
           2138           2138        384.203        386.333        41.3317
           2139           2139        384.371          386.5         41.219
           2140           2140        384.536        386.667        41.1062
           2141           2141        384.699        386.833         40.993
           2142           2142        384.864            387        40.8796
           2143           2143        385.028        387.167        40.7655
           2144           2144        385.191        387.333        40.6512
           2145           2145        385.368          387.5        40.5367
           2146           2146        385.532        387.667         40.422
           2147           2147        385.702        387.833        40.3061
           2148           2148        385.867            388        40.1905
           2149           2149        386.041        388.167        40.0745
           2150           2150        386.203        388.333        39.9583
           2151           2151        386.372          388.5         39.841
           2152           2152        386.534        388.667        39.7239
           2153           2153        386.705        388.833        39.6065
           2154           2154        386.875            389        39.4889
           2155           2155        387.051        389.167        39.3698
           2156           2156        387.216        389.333        39.2509
           2157           2157        387.381          389.5        39.1317
           2158           2158        387.544        389.667        39.0123
           2159           2159        387.708        389.833        38.8917
           2160           2160        387.881            390        38.7713
           2161           2161        388.048        390.167        38.6506
           2162           2162        388.212        390.333        38.5296
           2163           2163        388.381          390.5        38.4078
           2164           2164        388.549        390.667        38.2861
           2165           2165        388.711        390.833        38.1641
           2166           2166        388.885            391        38.0418
           2167           2167        389.048        391.167        37.9186
           2168           2168        389.221        391.333        37.7954
           2169           2169        389.387          391.5         37.672
           2170           2170        389.553        391.667        37.5484
           2171           2171        389.712        391.833        37.4239
           2172           2172        389.893            392        37.2995
           2173           2173        390.062        392.167         37.175
           2174           2174        390.227        392.333        37.0501
           2175           2175        390.396          392.5        36.9249
           2176           2176        390.564        392.667        36.7987
           2177           2177        390.736        392.833        36.6725
           2178           2178        390.902            393         36.546
           2179           2179        391.064        393.167        36.4193
           2180           2180        391.242        393.333        36.2914
           2181           2181        391.409          393.5        36.1639
           2182           2182        391.573        393.667        36.0363
           2183           2183        391.732        393.833        35.9087
           2184           2184          391.9            394        35.7803
           2185           2185        392.073        394.167        35.6519
           2186           2186        392.243        394.333        35.5233
           2187           2187        392.406          394.5        35.3945
           2188           2188        392.574        394.667        35.2648
           2189           2189        392.745        394.833        35.1353
           2190           2190        392.914            395        35.0057
           2191           2191        393.082        395.167        34.8761
           2192           2192        393.249        395.333        34.7457
           2193           2193        393.415          395.5        34.6154
           2194           2194        393.587        395.667        34.4849
           2195           2195        393.749        395.833        34.3542
           2196           2196        393.914            396        34.2229
           2197           2197        394.086        396.167        34.0915
           2198           2198        394.259        396.333        33.9601
           2199           2199        394.425          396.5        33.8286
           2200           2200        394.595        396.667        33.6966
           2201           2201        394.757        396.833        33.5648
           2202           2202        394.923            397        33.4329
           2203           2203        395.092        397.167        33.3009
           2204           2204        395.262        397.333        33.1688
           2205           2205        395.434          397.5        33.0365
           2206           2206        395.595        397.667        32.9041
           2207           2207        395.771        397.833        32.7717
           2208           2208        395.939            398        32.6392
           2209           2209        396.104        398.167         32.506
           2210           2210        396.275        398.333        32.3729
           2211           2211        396.443          398.5        32.2397
           2212           2212        396.609        398.667        32.1065
           2213           2213        396.771        398.833         31.973
           2214           2214        396.947            399        31.8397
           2215           2215        397.113        399.167        31.7066
           2216           2216        397.276        399.333        31.5735
           2217           2217        397.449          399.5        31.4407
           2218           2218        397.615        399.667        31.3077
           2219           2219        397.781        399.833        31.1746
           2220           2220        397.953            400        31.0414
           2221           2221        398.115        400.167        30.9084
           2222           2222        398.288        400.333        30.7753
           2223           2223        398.461          400.5        30.6424
           2224           2224         398.62        400.667        30.5096
           2225           2225        398.796        400.833        30.3771
           2226           2226        398.958            401        30.2445
           2227           2227        399.134        401.167        30.1119
           2228           2228        399.306        401.333        29.9794
           2229           2229        399.469          401.5        29.8473
           2230           2230         399.63        401.667        29.7153
           2231           2231        399.792        401.833        29.5834
           2232           2232         399.97            402        29.4516
           2233           2233        400.134        402.167        29.3204
           2234           2234        400.306        402.333        29.1893
           2235           2235        400.475          402.5        29.0584
           2236           2236        400.641        402.667        28.9276
           2237           2237         400.81        402.833        28.7977
           2238           2238        400.979            403        28.6677
           2239           2239        401.141        403.167        28.5379
           2240           2240        401.312        403.333        28.4085
           2241           2241        401.483          403.5        28.2794
           2242           2242        401.652        403.667        28.1518
           2243           2243        401.818        403.833        28.0242
           2244           2244        401.983            404        27.8969
           2245           2245        402.149        404.167        27.7699
           2246           2246        402.315        404.333        27.6446
           2247           2247        402.487          404.5         27.519
           2248           2248        402.654        404.667        27.3935
           2249           2249        402.826        404.833        27.2683
           2250           2250        402.995            405        27.1442
           2251           2251        403.167        405.167        27.0201
           2252           2252        403.332        405.333        26.8966
           2253           2253        403.504          405.5        26.7735
           2254           2254        403.668        405.667         26.652
           2255           2255        403.839        405.833        26.5303
           2256           2256        404.013            406         26.409
           2257           2257        404.172        406.167         26.288
           2258           2258        404.344        406.333        26.1691
           2259           2259        404.521          406.5        26.0497
           2260           2260        404.681        406.667        25.9305
           2261           2261        404.856        406.833        25.8115
           2262           2262        405.015            407        25.6943
           2263           2263        405.189        407.167        25.5771
           2264           2264        405.353        407.333        25.4604
           2265           2265        405.526          407.5         25.344
           2266           2266        405.699        407.667        25.2295
           2267           2267        405.861        407.833        25.1147
           2268           2268        406.029            408        25.0003
           2269           2269        406.202        408.167        24.8864
           2270           2270        406.368        408.333        24.7746
           2271           2271        406.536          408.5        24.6625
           2272           2272        406.704        408.667        24.5512
           2273           2273        406.874        408.833        24.4408
           2274           2274        407.036            409        24.3312
           2275           2275         407.21        409.167        24.2246
           2276           2276        407.378        409.333        24.1172
           2277           2277        407.547          409.5        24.0099
           2278           2278         407.71        409.667        23.9028
           2279           2279        407.886        409.833        23.7978
           2280           2280        408.054            410        23.6925
           2281           2281        408.222        410.167        23.5878
           2282           2282         408.39        410.333        23.4836
           2283           2283        408.563          410.5        23.3818
           2284           2284        408.726        410.667        23.2804
           2285           2285        408.891        410.833        23.1802
           2286           2286        409.062            411        23.0807
           2287           2287         409.23        411.167        22.9849
           2288           2288        409.399        411.333        22.8881
           2289           2289        409.572          411.5        22.7918
           2290           2290         409.74        411.667         22.696
           2291           2291         409.92        411.833        22.6026
           2292           2292        410.083            412         22.509
           2293           2293        410.244        412.167        22.4159
           2294           2294        410.407        412.333        22.3231
           2295           2295        410.579          412.5        22.2329
           2296           2296        410.751        412.667        22.1423
           2297           2297         410.91        412.833        22.0523
           2298           2298        411.088            413        21.9627
           2299           2299        411.251        413.167        21.8758
           2300           2300        411.428        413.333        21.7886
           2301           2301        411.592          413.5        21.7019
           2302           2302        411.757        413.667        21.6157
           2303           2303        411.921        413.833        21.5323
           2304           2304        412.102            414        21.4485
           2305           2305        412.265        414.167        21.3654
           2306           2306        412.438        414.333         21.283
           2307           2307         412.61          414.5        21.2013
           2308           2308        412.782        414.667        21.1222
           2309           2309        412.951        414.833        21.0426
           2310           2310        413.115            415        20.9636
           2311           2311         413.29        415.167        20.8852
           2312           2312        413.455        415.333        20.8093
           2313           2313        413.618          415.5        20.7333
           2314           2314        413.796        415.667        20.6579
           2315           2315         413.96        415.833        20.5832
           2316           2316        414.132            416        20.5112
           2317           2317        414.289        416.167        20.4383
           2318           2318        414.467        416.333        20.3659
           2319           2319        414.638          416.5        20.2939
           2320           2320        414.811        416.667        20.2244
           2321           2321        414.972        416.833        20.1547
           2322           2322        415.145            417        20.0855
           2323           2323        415.313        417.167        20.0166
           2324           2324        415.471        417.333          19.95
           2325           2325        415.645          417.5        19.8829
           2326           2326        415.816        417.667        19.8165
           2327           2327        415.988        417.833        19.7505
           2328           2328        416.149            418        19.6867
           2329           2329        416.318        418.167        19.6231
           2330           2330        416.484        418.333        19.5601
           2331           2331        416.652          418.5        19.4976
           2332           2332        416.821        418.667        19.4383
           2333           2333        416.992        418.833        19.3784
           2334           2334        417.166            419         19.319
           2335           2335        417.335        419.167          19.26
           2336           2336        417.502        419.333         19.203
           2337           2337        417.657          419.5        19.1454
           2338           2338        417.834        419.667         19.088
           2339           2339         418.01        419.833        19.0311
           2340           2340        418.179            420        18.9748
           2341           2341        418.341        420.167        18.9199
           2342           2342        418.507        420.333        18.8648
           2343           2343        418.679          420.5          18.81
           2344           2344        418.849        420.667        18.7553
           2345           2345        419.015        420.833        18.7022
           2346           2346        419.183            421        18.6489
           2347           2347        419.354        421.167        18.5959
           2348           2348        419.518        421.333         18.543
           2349           2349        419.683          421.5        18.4913
           2350           2350        419.852        421.667        18.4396
           2351           2351        420.024        421.833        18.3881
           2352           2352        420.192            422        18.3369
           2353           2353        420.358        422.167        18.2874
           2354           2354        420.528        422.333        18.2378
           2355           2355        420.696          422.5        18.1885
           2356           2356        420.868        422.667        18.1395
           2357           2357        421.045        422.833        18.0923
           2358           2358        421.208            423        18.0446
           2359           2359        421.376        423.167        17.9972
           2360           2360        421.544        423.333        17.9501
           2361           2361        421.716          423.5        17.9039
           2362           2362        421.882        423.667        17.8576
           2363           2363        422.048        423.833        17.8116
           2364           2364        422.221            424        17.7659
           2365           2365         422.39        424.167        17.7211
           2366           2366        422.554        424.333        17.6764
           2367           2367        422.725          424.5        17.6321
           2368           2368         422.89        424.667        17.5882
           2369           2369        423.061        424.833        17.5458
           2370           2370        423.221            425        17.5033
           2371           2371        423.393        425.167        17.4611
           2372           2372        423.559        425.333        17.4193
           2373           2373        423.725          425.5        17.3778
           2374           2374        423.899        425.667        17.3379
           2375           2375        424.075        425.833        17.2976
           2376           2376         424.24            426        17.2575
           2377           2377        424.398        426.167        17.2176
           2378           2378        424.566        426.333        17.1783
           2379           2379        424.742          426.5        17.1389
           2380           2380        424.908        426.667        17.0997
           2381           2381        425.078        426.833        17.0609
           2382           2382        425.244            427        17.0228
           2383           2383        425.411        427.167        16.9847
           2384           2384        425.578        427.333        16.9468
           2385           2385        425.752          427.5        16.9091
           2386           2386        425.923        427.667        16.8727
           2387           2387        426.086        427.833         16.836
           2388           2388        426.252            428        16.7994
           2389           2389        426.422        428.167        16.7631
           2390           2390        426.596        428.333        16.7276
           2391           2391        426.756          428.5         16.692
           2392           2392        426.929        428.667        16.6565
           2393           2393        427.096        428.833        16.6212
           2394           2394        427.265            429        16.5866
           2395           2395        427.431        429.167        16.5519
           2396           2396        427.604        429.333        16.5176
           2397           2397        427.774          429.5        16.4835
           2398           2398        427.936        429.667        16.4506
           2399           2399        428.106        429.833        16.4175
           2400           2400        428.269            430        16.3847
           2401           2401        428.441        430.167         16.352
           2402           2402        428.606        430.333        16.3204
           2403           2403        428.777          430.5        16.2884
           2404           2404        428.945        430.667        16.2565
           2405           2405        429.112        430.833        16.2247
           2406           2406        429.276            431         16.193
           2407           2407        429.444        431.167        16.1616
           2408           2408        429.616        431.333        16.1302
           2409           2409        429.794          431.5        16.0991
           2410           2410        429.961        431.667         16.068
           2411           2411        430.122        431.833        16.0376
           2412           2412        430.291            432        16.0071
           2413           2413        430.454        432.167         15.977
           2414           2414        430.622        432.333        15.9472
           2415           2415        430.785          432.5        15.9182
           2416           2416        430.958        432.667        15.8891
           2417           2417        431.124        432.833        15.8601
           2418           2418        431.299            433        15.8312
           2419           2419        431.465        433.167        15.8029
           2420           2420        431.628        433.333        15.7744
           2421           2421        431.796          433.5        15.7461
           2422           2422        431.965        433.667        15.7178
           2423           2423        432.134        433.833          15.69
           2424           2424        432.301            434        15.6622
           2425           2425        432.474        434.167        15.6345
           2426           2426        432.645        434.333        15.6069
           2427           2427        432.804          434.5        15.5799
           2428           2428        432.973        434.667        15.5527
           2429           2429        433.142        434.833        15.5256
           2430           2430        433.314            435        15.4986
           2431           2431        433.481        435.167        15.4719
           2432           2432        433.649        435.333        15.4452
           2433           2433        433.815          435.5        15.4186
           2434           2434        433.983        435.667        15.3921
           2435           2435        434.146        435.833        15.3662
           2436           2436        434.314            436        15.3402
           2437           2437        434.491        436.167        15.3143
           2438           2438        434.655        436.333        15.2887
           2439           2439        434.823          436.5        15.2632
           2440           2440        434.986        436.667        15.2382
           2441           2441        435.154        436.833        15.2129
           2442           2442        435.326            437        15.1878
           2443           2443          435.5        437.167        15.1628
           2444           2444        435.664        437.333         15.138
           2445           2445        435.823          437.5        15.1133
           2446           2446            436        437.667        15.0885
           2447           2447        436.164        437.833        15.0638
           2448           2448        436.327            438        15.0395
           2449           2449        436.503        438.167        15.0152
           2450           2450        436.667        438.333        14.9909
           2451           2451        436.838          438.5        14.9667
           2452           2452            437        438.667        14.9427
           2453           2453        437.174        438.833        14.9186
           2454           2454        437.335            439        14.8946
           2455           2455        437.503        439.167        14.8706
           2456           2456         437.67        439.333        14.8469
           2457           2457        437.835          439.5        14.8232
           2458           2458        438.012        439.667        14.7996
           2459           2459        438.178        439.833        14.7761
           2460           2460        438.347            440        14.7529
           2461           2461        438.519        440.167        14.7297
           2462           2462         438.68        440.333        14.7065
           2463           2463         438.85          440.5        14.6834
           2464           2464        439.015        440.667        14.6604
           2465           2465        439.179        440.833        14.6372
           2466           2466        439.357            441        14.6141
           2467           2467        439.523        441.167         14.591
           2468           2468        439.687        441.333        14.5679
           2469           2469        439.858          441.5        14.5449
           2470           2470        440.024        441.667        14.5221
           2471           2471         440.19        441.833        14.4994
           2472           2472        440.354            442        14.4769
           2473           2473        440.519        442.167        14.4547
           2474           2474        440.688        442.333        14.4326
           2475           2475        440.862          442.5        14.4104
           2476           2476        441.028        442.667        14.3883
           2477           2477        441.192        442.833        14.3664
           2478           2478        441.365            443        14.3444
           2479           2479        441.527        443.167        14.3224
           2480           2480        441.691        443.333        14.3004
           2481           2481        441.858          443.5        14.2784
           2482           2482        442.025        443.667        14.2565
           2483           2483        442.189        443.833        14.2347
           2484           2484        442.362            444         14.213
           2485           2485        442.534        444.167        14.1915
           2486           2486        442.698        444.333          14.17
           2487           2487        442.863          444.5        14.1485
           2488           2488        443.036        444.667        14.1271
           2489           2489        443.201        444.833        14.1059
           2490           2490        443.367            445        14.0847
           2491           2491        443.538        445.167        14.0634
           2492           2492        443.701        445.333         14.042
           2493           2493         443.87          445.5        14.0206
           2494           2494        444.041        445.667        13.9991
           2495           2495        444.203        445.833        13.9777
           2496           2496        444.373            446        13.9562
           2497           2497        444.538        446.167        13.9346
           2498           2498        444.709        446.333        13.9131
           2499           2499         444.87          446.5        13.8917
           2500           2500        445.043        446.667        13.8703
           2501           2501         445.21        446.833        13.8492
           2502           2502         445.37            447        13.8281
           2503           2503        445.546        447.167        13.8068
           2504           2504        445.709        447.333        13.7856
           2505           2505        445.881          447.5        13.7645
           2506           2506         446.05        447.667        13.7435
           2507           2507        446.217        447.833        13.7224
           2508           2508        446.382            448        13.7013
           2509           2509        446.551        448.167        13.6802
           2510           2510        446.718        448.333        13.6592
           2511           2511        446.885          448.5        13.6384
           2512           2512        447.058        448.667        13.6177
           2513           2513        447.226        448.833         13.597
           2514           2514        447.391            449        13.5766
           2515           2515        447.558        449.167        13.5561
           2516           2516        447.727        449.333        13.5356
           2517           2517        447.891          449.5         13.515
           2518           2518        448.061        449.667        13.4945
           2519           2519        448.226        449.833        13.4739
           2520           2520        448.393            450        13.4532
           2521           2521        448.567        450.167        13.4325
           2522           2522        448.726        450.333        13.4119
           2523           2523         448.89          450.5        13.3915
           2524           2524        449.062        450.667        13.3712
           2525           2525        449.229        450.833        13.3509
           2526           2526        449.401            451        13.3309
           2527           2527        449.566        451.167        13.3108
           2528           2528        449.721        451.333        13.2907
           2529           2529        449.895          451.5        13.2705
           2530           2530        450.062        451.667        13.2504
           2531           2531        450.235        451.833        13.2304
           2532           2532        450.407            452        13.2105
           2533           2533        450.571        452.167        13.1907
           2534           2534        450.741        452.333        13.1713
           2535           2535        450.911          452.5        13.1517
           2536           2536        451.077        452.667        13.1321
           2537           2537        451.238        452.833        13.1125
           2538           2538        451.407            453         13.093
           2539           2539        451.577        453.167        13.0735
           2540           2540        451.746        453.333         13.054
           2541           2541        451.915          453.5        13.0345
           2542           2542        452.079        453.667        13.0151
           2543           2543        452.245        453.833        12.9959
           2544           2544        452.415            454        12.9767
           2545           2545        452.579        454.167        12.9574
           2546           2546        452.747        454.333        12.9381
           2547           2547        452.917          454.5        12.9191
           2548           2548        453.083        454.667           12.9
           2549           2549        453.244        454.833        12.8808
           2550           2550        453.418            455        12.8616
           2551           2551        453.585        455.167        12.8425
           2552           2552        453.761        455.333        12.8234
           2553           2553        453.921          455.5        12.8045
           2554           2554        454.087        455.667        12.7856
           2555           2555        454.261        455.833         12.767
           2556           2556        454.422            456        12.7483
           2557           2557         454.59        456.167        12.7296
           2558           2558        454.757        456.333         12.711
           2559           2559        454.923          456.5        12.6925
           2560           2560        455.086        456.667        12.6739
           2561           2561        455.257        456.833        12.6553
           2562           2562        455.424            457        12.6367
           2563           2563        455.597        457.167        12.6182
           2564           2564        455.769        457.333        12.6001
           2565           2565        455.935          457.5        12.5821
           2566           2566        456.094        457.667        12.5643
           2567           2567        456.264        457.833        12.5471
           2568           2568        456.434            458        12.5296
           2569           2569        456.602        458.167        12.5121
           2570           2570         456.77        458.333        12.4946
           2571           2571         456.94          458.5        12.4772
           2572           2572        457.106        458.667          12.46
           2573           2573        457.266        458.833        12.4428
           2574           2574        457.433            459        12.4258
           2575           2575        457.608        459.167        12.4087
           2576           2576         457.77        459.333        12.3919
           2577           2577        457.937          459.5        12.3749
           2578           2578        458.104        459.667        12.3579
           2579           2579         458.27        459.833        12.3409
           2580           2580        458.437            460        12.3238
           2581           2581        458.617        460.167        12.3068
           2582           2582        458.779        460.333        12.2899
           2583           2583        458.949          460.5         12.273
           2584           2584        459.121        460.667        12.2563
           2585           2585        459.277        460.833        12.2396
           2586           2586        459.446            461         12.223
           2587           2587        459.613        461.167        12.2064
           2588           2588        459.786        461.333        12.1901
           2589           2589        459.952          461.5        12.1737
           2590           2590        460.121        461.667        12.1574
           2591           2591        460.285        461.833        12.1411
           2592           2592        460.449            462        12.1254
           2593           2593         460.62        462.167        12.1097
           2594           2594        460.784        462.333         12.094
           2595           2595        460.956          462.5        12.0785
           2596           2596        461.121        462.667        12.0634
           2597           2597        461.285        462.833        12.0482
           2598           2598         461.45            463        12.0331
           2599           2599        461.624        463.167        12.0181
           2600           2600        461.794        463.333        12.0032
           2601           2601        461.957          463.5        11.9882
           2602           2602        462.132        463.667        11.9732
           2603           2603        462.296        463.833        11.9583
           2604           2604         462.47            464        11.9433
           2605           2605        462.636        464.167        11.9284
           2606           2606        462.802        464.333        11.9136
           2607           2607        462.974          464.5         11.899
           2608           2608        463.137        464.667        11.8845
           2609           2609        463.302        464.833        11.8703
           2610           2610        463.475            465        11.8562
           2611           2611         463.64        465.167         11.842
           2612           2612        463.806        465.333        11.8279
           2613           2613        463.969          465.5        11.8142
           2614           2614        464.141        465.667        11.8003
           2615           2615        464.314        465.833        11.7866
           2616           2616        464.477            466         11.773
           2617           2617        464.644        466.167        11.7598
           2618           2618        464.809        466.333        11.7466
           2619           2619        464.982          466.5        11.7336
           2620           2620        465.148        466.667        11.7208
           2621           2621         465.32        466.833        11.7086
           2622           2622        465.484            467        11.6963
           2623           2623        465.652        467.167        11.6839
           2624           2624        465.821        467.333        11.6716
           2625           2625        465.992          467.5        11.6595
           2626           2626        466.162        467.667        11.6473
           2627           2627        466.321        467.833        11.6352
           2628           2628        466.492            468        11.6229
           2629           2629         466.66        468.167        11.6106
           2630           2630        466.824        468.333        11.5982
           2631           2631         466.99          468.5        11.5857
           2632           2632        467.162        468.667        11.5733
           2633           2633        467.326        468.833         11.561
           2634           2634        467.497            469        11.5489
           2635           2635        467.661        469.167        11.5369
           2636           2636        467.833        469.333         11.525
           2637           2637        468.004          469.5        11.5131
           2638           2638        468.166        469.667        11.5018
           2639           2639        468.336        469.833        11.4902
           2640           2640        468.504            470        11.4789
           2641           2641        468.673        470.167        11.4677
           2642           2642        468.842        470.333        11.4568
           2643           2643        469.004          470.5        11.4459
           2644           2644        469.177        470.667        11.4349
           2645           2645        469.345        470.833        11.4239
           2646           2646        469.514            471        11.4133
           2647           2647        469.689        471.167        11.4026
           2648           2648        469.841        471.333        11.3921
           2649           2649        470.008          471.5        11.3816
           2650           2650        470.182        471.667        11.3713
           2651           2651        470.346        471.833         11.361
           2652           2652        470.508            472        11.3508
           2653           2653        470.677        472.167        11.3405
           2654           2654         470.85        472.333        11.3306
           2655           2655         471.02          472.5        11.3204
           2656           2656        471.185        472.667        11.3103
           2657           2657        471.354        472.833        11.3001
           2658           2658        471.518            473          11.29
           2659           2659        471.693        473.167          11.28
           2660           2660        471.861        473.333          11.27
           2661           2661        472.033          473.5        11.2599
           2662           2662        472.196        473.667          11.25
           2663           2663         472.36        473.833        11.2401
           2664           2664        472.525            474        11.2303
           2665           2665        472.697        474.167        11.2204
           2666           2666        472.861        474.333        11.2108
           2667           2667        473.026          474.5        11.2011
           2668           2668        473.186        474.667        11.1915
           2669           2669        473.351        474.833         11.182
           2670           2670        473.525            475         11.173
           2671           2671        473.689        475.167        11.1638
           2672           2672        473.853        475.333        11.1547
           2673           2673         474.02          475.5        11.1454
           2674           2674        474.188        475.667        11.1365
           2675           2675        474.357        475.833        11.1276
           2676           2676        474.527            476        11.1187
           2677           2677        474.697        476.167        11.1099
           2678           2678        474.863        476.333        11.1012
           2679           2679        475.024          476.5        11.0926
           2680           2680        475.197        476.667        11.0841
           2681           2681        475.369        476.833        11.0757
           2682           2682        475.539            477         11.068
           2683           2683        475.699        477.167        11.0605
           2684           2684        475.867        477.333        11.0529
           2685           2685        476.039          477.5        11.0455
           2686           2686        476.207        477.667        11.0384
           2687           2687        476.367        477.833        11.0307
           2688           2688        476.536            478        11.0228
           2689           2689        476.709        478.167        11.0148
           2690           2690        476.872        478.333        11.0061
           2691           2691        477.044          478.5        10.9978
           2692           2692        477.206        478.667        10.9895
           2693           2693        477.368        478.833        10.9813
           2694           2694        477.544            479        10.9729
           2695           2695        477.707        479.167        10.9645
           2696           2696        477.881        479.333        10.9561
           2697           2697        478.043          479.5        10.9477
           2698           2698         478.21        479.667        10.9397
           2699           2699        478.378        479.833        10.9319
           2700           2700        478.543            480        10.9242
           2701           2701        478.708        480.167        10.9165
           2702           2702        478.875        480.333        10.9095
           2703           2703        479.052          480.5         10.902
           2704           2704         479.22        480.667        10.8945
           2705           2705        479.382        480.833        10.8868
           2706           2706        479.548            481        10.8791
           2707           2707        479.722        481.167        10.8717
           2708           2708        479.878        481.333        10.8642
           2709           2709        480.051          481.5        10.8566
           2710           2710        480.214        481.667        10.8489
           2711           2711        480.383        481.833         10.841
           2712           2712        480.555            482        10.8331
           2713           2713        480.716        482.167        10.8251
           2714           2714        480.895        482.333         10.817
           2715           2715         481.06          482.5        10.8092
           2716           2716        481.226        482.667        10.8015
           2717           2717        481.386        482.833        10.7939
           2718           2718        481.546            483        10.7866
           2719           2719        481.723        483.167        10.7792
           2720           2720        481.878        483.333        10.7719
           2721           2721         482.05          483.5        10.7646
           2722           2722        482.222        483.667        10.7573
           2723           2723        482.386        483.833        10.7502
           2724           2724        482.558            484         10.743
           2725           2725        482.722        484.167        10.7359
           2726           2726         482.89        484.333        10.7288
           2727           2727        483.056          484.5        10.7215
           2728           2728        483.229        484.667        10.7143
           2729           2729        483.382        484.833        10.7072
           2730           2730        483.559            485           10.7
           2731           2731        483.724        485.167        10.6929
           2732           2732        483.888        485.333        10.6858
           2733           2733        484.062          485.5        10.6788
           2734           2734        484.231        485.667        10.6719
           2735           2735        484.398        485.833        10.6648
           2736           2736        484.564            486        10.6577
           2737           2737        484.728        486.167        10.6506
           2738           2738        484.898        486.333        10.6434
           2739           2739        485.064          486.5        10.6362
           2740           2740        485.236        486.667        10.6288
           2741           2741        485.402        486.833        10.6212
           2742           2742        485.569            487        10.6136
           2743           2743        485.729        487.167         10.606
           2744           2744        485.902        487.333        10.5984
           2745           2745        486.069          487.5        10.5907
           2746           2746        486.237        487.667        10.5826
           2747           2747        486.401        487.833        10.5745
           2748           2748        486.574            488        10.5663
           2749           2749         486.75        488.167         10.558
           2750           2750        486.906        488.333        10.5495
           2751           2751        487.078          488.5        10.5412
           2752           2752        487.249        488.667         10.533
           2753           2753        487.421        488.833        10.5247
           2754           2754        487.573            489        10.5162
           2755           2755        487.745        489.167        10.5076
           2756           2756        487.917        489.333        10.4987
           2757           2757        488.082          489.5        10.4897
           2758           2758        488.258        489.667        10.4803
           2759           2759        488.418        489.833        10.4711
           2760           2760        488.593            490        10.4619
           2761           2761        488.756        490.167        10.4527
           2762           2762        488.922        490.333        10.4432
           2763           2763        489.087          490.5        10.4337
           2764           2764        489.259        490.667        10.4242
           2765           2765         489.43        490.833        10.4146
           2766           2766        489.595            491        10.4049
           2767           2767        489.765        491.167        10.3952
           2768           2768        489.927        491.333        10.3853
           2769           2769        490.097          491.5        10.3753
           2770           2770        490.264        491.667         10.365
           2771           2771        490.432        491.833        10.3544
           2772           2772        490.595            492         10.344
           2773           2773        490.773        492.167        10.3338
           2774           2774        490.935        492.333        10.3235
           2775           2775        491.104          492.5        10.3129
           2776           2776        491.273        492.667        10.3022
           2777           2777        491.439        492.833        10.2915
           2778           2778        491.607            493        10.2809
           2779           2779         491.77        493.167        10.2703
           2780           2780         491.94        493.333        10.2597
           2781           2781        492.102          493.5        10.2491
           2782           2782        492.271        493.667        10.2384
           2783           2783        492.438        493.833        10.2276
           2784           2784        492.606            494        10.2166
           2785           2785        492.775        494.167        10.2055
           2786           2786        492.938        494.333        10.1944
           2787           2787        493.111          494.5        10.1827
           2788           2788        493.278        494.667        10.1712
           2789           2789        493.442        494.833        10.1595
           2790           2790        493.615            495        10.1478
           2791           2791         493.78        495.167        10.1357
           2792           2792        493.939        495.333        10.1238
           2793           2793        494.106          495.5        10.1119
           2794           2794        494.276        495.667        10.1002
           2795           2795        494.444        495.833        10.0883
           2796           2796        494.618            496        10.0767
           2797           2797        494.783        496.167        10.0651
           2798           2798        494.955        496.333        10.0536
           2799           2799        495.122          496.5        10.0426
           2800           2800        495.287        496.667        10.0316
           2801           2801        495.455        496.833        10.0207
           2802           2802        495.618            497        10.0099
           2803           2803        495.783        497.167        9.99906
           2804           2804        495.952        497.333        9.98845
           2805           2805        496.118          497.5        9.97754
           2806           2806        496.291        497.667        9.96655
           2807           2807         496.46        497.833        9.95556
           2808           2808         496.63            498        9.94436
           2809           2809         496.79        498.167        9.93336
           2810           2810        496.964        498.333         9.9224
           2811           2811        497.123          498.5         9.9114
           2812           2812        497.296        498.667        9.90044
           2813           2813        497.464        498.833         9.8894
           2814           2814        497.631            499        9.87849
           2815           2815        497.798        499.167        9.86771
           2816           2816        497.966        499.333        9.85708
           2817           2817        498.134          499.5        9.84649
           2818           2818        498.302        499.667        9.83579
           2819           2819        498.465        499.833        9.82498
           2820           2820        498.638            500        9.81433
           2821           2821        498.802        500.167        9.80354
           2822           2822        498.962        500.333        9.79286
           2823           2823        499.137          500.5        9.78229
           2824           2824        499.305        500.667        9.77159
           2825           2825         499.47        500.833        9.76104
           2826           2826        499.643            501        9.75041
           2827           2827        499.811        501.167        9.73968
           2828           2828        499.969        501.333        9.72915
           2829           2829        500.133          501.5        9.71851
           2830           2830        500.309        501.667          9.708
           2831           2831        500.478        501.833         9.6976
           2832           2832        500.641            502        9.68703
           2833           2833        500.811        502.167        9.67655
           2834           2834        500.974        502.333        9.66608
           2835           2835        501.142          502.5        9.65563
           2836           2836        501.314        502.667        9.64522
           2837           2837         501.48        502.833        9.63502
           2838           2838        501.651            503        9.62485
           2839           2839        501.817        503.167        9.61478
           2840           2840        501.987        503.333        9.60478
           2841           2841        502.152          503.5        9.59506
           2842           2842        502.317        503.667        9.58517
           2843           2843        502.497        503.833        9.57523
           2844           2844        502.658            504        9.56529
           2845           2845        502.825        504.167        9.55551
           2846           2846        502.989        504.333        9.54575
           2847           2847        503.157          504.5        9.53597
           2848           2848        503.324        504.667        9.52617
           2849           2849        503.494        504.833        9.51661
           2850           2850        503.655            505         9.5071
           2851           2851        503.826        505.167        9.49764
           2852           2852        503.992        505.333        9.48821
           2853           2853        504.159          505.5        9.47894
           2854           2854        504.325        505.667        9.46953
           2855           2855        504.492        505.833        9.46006
           2856           2856        504.652            506        9.45059
           2857           2857        504.824        506.167        9.44121
           2858           2858        504.992        506.333        9.43195
           2859           2859        505.161          506.5        9.42285
           2860           2860        505.335        506.667         9.4139
           2861           2861        505.501        506.833        9.40537
           2862           2862        505.675            507        9.39666
           2863           2863         505.84        507.167        9.38791
           2864           2864        506.009        507.333        9.37912
           2865           2865         506.17          507.5        9.37035
           2866           2866        506.336        507.667        9.36141
           2867           2867        506.503        507.833        9.35248
           2868           2868        506.671            508        9.34367
           2869           2869        506.843        508.167        9.33498
           2870           2870         507.01        508.333         9.3265
           2871           2871        507.174          508.5        9.31835
           2872           2872        507.338        508.667         9.3106
           2873           2873        507.498        508.833        9.30313
           2874           2874        507.669            509         9.2968
           2875           2875        507.847        509.167        9.29003
           2876           2876        508.011        509.333        9.28319
           2877           2877        508.181          509.5        9.27636
           2878           2878        508.346        509.667         9.2698
           2879           2879        508.518        509.833        9.26307
           2880           2880        508.677            510        9.25638
           2881           2881        508.846        510.167        9.24971
           2882           2882        509.005        510.333        9.24263
           2883           2883        509.174          510.5        9.23547
           2884           2884        509.346        510.667        9.22822
           2885           2885        509.509        510.833        9.22096
           2886           2886        509.678            511        9.21359
           2887           2887        509.848        511.167        9.20651
           2888           2888        510.017        511.333        9.19957
           2889           2889         510.18          511.5        9.19268
           2890           2890         510.35        511.667        9.18601
           2891           2891        510.524        511.833        9.17908
           2892           2892        510.685            512        9.17216
           2893           2893        510.858        512.167        9.16537
           2894           2894        511.024        512.333        9.15882
           2895           2895         511.19          512.5        9.15243
           2896           2896        511.358        512.667        9.14608
           2897           2897         511.52        512.833        9.13975
           2898           2898        511.674            513         9.1339
           2899           2899        511.847        513.167        9.12776
           2900           2900        512.016        513.333        9.12168
           2901           2901        512.184          513.5        9.11571
           2902           2902        512.355        513.667        9.10976
           2903           2903        512.519        513.833        9.10364
           2904           2904        512.685            514        9.09743
           2905           2905        512.854        514.167        9.09112
           2906           2906        513.023        514.333         9.0848
           2907           2907        513.181          514.5        9.07856
           2908           2908        513.348        514.667        9.07256
           2909           2909        513.521        514.833        9.06661
           2910           2910        513.689            515        9.06062
           2911           2911        513.849        515.167        9.05483
           2912           2912         514.02        515.333        9.04891
           2913           2913        514.184          515.5        9.04294
           2914           2914        514.351        515.667        9.03693
           2915           2915        514.521        515.833        9.03075
           2916           2916        514.693            516        9.02472
           2917           2917        514.855        516.167        9.01875
           2918           2918        515.023        516.333        9.01283
           2919           2919        515.192          516.5        9.00719
           2920           2920         515.36        516.667        9.00159
           2921           2921        515.523        516.833        8.99604
           2922           2922        515.693            517         8.9905
           2923           2923         515.86        517.167        8.98531
           2924           2924        516.025        517.333        8.98005
           2925           2925        516.193          517.5        8.97478
           2926           2926        516.365        517.667        8.96951
           2927           2927        516.534        517.833        8.96428
           2928           2928        516.703            518        8.95898
           2929           2929        516.873        518.167        8.95368
           2930           2930        517.042        518.333        8.94841
           2931           2931        517.208          518.5         8.9432
           2932           2932        517.374        518.667        8.93808
           2933           2933        517.541        518.833        8.93306
           2934           2934          517.7            519        8.92809
           2935           2935        517.873        519.167        8.92313
           2936           2936        518.033        519.333        8.91832
           2937           2937        518.192          519.5        8.91335
           2938           2938        518.369        519.667        8.90833
           2939           2939        518.537        519.833        8.90331
           2940           2940        518.702            520        8.89821
           2941           2941        518.868        520.167        8.89321
           2942           2942        519.036        520.333        8.88828
           2943           2943        519.202          520.5        8.88336
           2944           2944        519.377        520.667        8.87836
           2945           2945        519.542        520.833         8.8732
           2946           2946        519.709            521        8.86805
           2947           2947         519.87        521.167        8.86294
           2948           2948        520.036        521.333        8.85776
           2949           2949        520.205          521.5        8.85286
           2950           2950        520.369        521.667        8.84811
           2951           2951        520.534        521.833        8.84344
           2952           2952        520.702            522        8.83935
           2953           2953        520.868        522.167        8.83507
           2954           2954        521.038        522.333        8.83073
           2955           2955        521.202          522.5        8.82636
           2956           2956        521.375        522.667        8.82204
           2957           2957        521.537        522.833        8.81756
           2958           2958        521.706            523        8.81302
           2959           2959         521.87        523.167        8.80849
           2960           2960        522.046        523.333        8.80381
           2961           2961        522.209          523.5        8.79929
           2962           2962        522.377        523.667        8.79485
           2963           2963        522.543        523.833        8.79043
           2964           2964        522.701            524        8.78622
           2965           2965        522.878        524.167          8.782
           2966           2966        523.046        524.333        8.77785
           2967           2967        523.213          524.5        8.77372
           2968           2968        523.378        524.667         8.7696
           2969           2969        523.544        524.833        8.76563
           2970           2970        523.721            525        8.76151
           2971           2971        523.888        525.167        8.75728
           2972           2972        524.049        525.333        8.75298
           2973           2973        524.209          525.5        8.74845
           2974           2974        524.379        525.667        8.74398
           2975           2975        524.549        525.833        8.73954
           2976           2976        524.716            526        8.73509
           2977           2977        524.884        526.167        8.73045
           2978           2978        525.051        526.333        8.72603
           2979           2979         525.22          526.5        8.72181
           2980           2980        525.384        526.667        8.71768
           2981           2981        525.557        526.833        8.71387
           2982           2982        525.716            527        8.71008
           2983           2983        525.888        527.167        8.70629
           2984           2984        526.053        527.333        8.70246
           2985           2985        526.214          527.5        8.69889
           2986           2986        526.385        527.667        8.69512
           2987           2987        526.549        527.833        8.69126
           2988           2988        526.712            528        8.68736
           2989           2989        526.881        528.167        8.68324
           2990           2990        527.064        528.333        8.67916
           2991           2991        527.223          528.5        8.67509
           2992           2992        527.379        528.667        8.67103
           2993           2993        527.555        528.833        8.66691
           2994           2994        527.715            529         8.6629
           2995           2995        527.891        529.167        8.65906
           2996           2996        528.064        529.333        8.65529
           2997           2997        528.232          529.5        8.65149
           2998           2998        528.395        529.667        8.64751
           2999           2999        528.557        529.833        8.64349
           3000           3000        528.724            530        8.63947
           3001           3001        528.891        530.167        8.63544
           3002           3002        529.058        530.333        8.63101
           3003           3003         529.23          530.5        8.62667
           3004           3004        529.391        530.667        8.62241
           3005           3005        529.561        530.833        8.61821
           3006           3006        529.732            531        8.61393
           3007           3007        529.898        531.167        8.60977
           3008           3008        530.066        531.333        8.60574
           3009           3009        530.235          531.5        8.60178
           3010           3010          530.4        531.667        8.59813
           3011           3011        530.562        531.833        8.59445
           3012           3012        530.729            532        8.59078
           3013           3013        530.898        532.167        8.58707
           3014           3014        531.062        532.333        8.58347
           3015           3015        531.226          532.5        8.57972
           3016           3016        531.395        532.667        8.57592
           3017           3017        531.567        532.833        8.57207
           3018           3018        531.727            533        8.56797
           3019           3019        531.899        533.167        8.56401
           3020           3020        532.063        533.333        8.56006
           3021           3021         532.23          533.5        8.55614
           3022           3022        532.401        533.667        8.55227
           3023           3023        532.565        533.833        8.54838
           3024           3024        532.733            534        8.54454
           3025           3025        532.907        534.167        8.54076
           3026           3026        533.072        534.333        8.53719
           3027           3027        533.238          534.5        8.53362
           3028           3028        533.403        534.667        8.53011
           3029           3029        533.576        534.833        8.52667
           3030           3030        533.737            535        8.52351
           3031           3031        533.907        535.167        8.52022
           3032           3032        534.071        535.333         8.5169
           3033           3033        534.238          535.5        8.51358
           3034           3034        534.405        535.667        8.51022
           3035           3035        534.586        535.833        8.50655
           3036           3036        534.753            536        8.50271
           3037           3037        534.919        536.167        8.49881
           3038           3038        535.085        536.333        8.49497
           3039           3039        535.254          536.5         8.4909
           3040           3040        535.418        536.667        8.48714
           3041           3041        535.587        536.833        8.48348
           3042           3042        535.754            537        8.47983
           3043           3043        535.919        537.167        8.47674
           3044           3044        536.089        537.333        8.47351
           3045           3045        536.253          537.5        8.47029
           3046           3046        536.421        537.667        8.46708
           3047           3047        536.585        537.833        8.46407
           3048           3048        536.757            538        8.46096
           3049           3049        536.923        538.167        8.45779
           3050           3050         537.09        538.333        8.45463
           3051           3051        537.263          538.5        8.45149
           3052           3052        537.423        538.667        8.44833
           3053           3053        537.597        538.833        8.44517
           3054           3054        537.758            539        8.44207
           3055           3055        537.916        539.167        8.43905
           3056           3056        538.083        539.333        8.43594
           3057           3057        538.256          539.5        8.43277
           3058           3058        538.415        539.667        8.42957
           3059           3059        538.592        539.833        8.42629
           3060           3060        538.762            540        8.42295
           3061           3061        538.925        540.167        8.41955
           3062           3062        539.093        540.333        8.41611
           3063           3063         539.26          540.5        8.41229
           3064           3064        539.427        540.667        8.40859
           3065           3065        539.595        540.833        8.40493
           3066           3066        539.764            541        8.40127
           3067           3067        539.934        541.167         8.3976
           3068           3068        540.093        541.333        8.39392
           3069           3069        540.261          541.5        8.39025
           3070           3070        540.432        541.667        8.38654
           3071           3071        540.597        541.833        8.38284
           3072           3072         540.76            542        8.37934
           3073           3073        540.933        542.167        8.37592
           3074           3074        541.096        542.333        8.37253
           3075           3075        541.263          542.5        8.36916
           3076           3076        541.436        542.667        8.36589
           3077           3077        541.595        542.833        8.36242
           3078           3078        541.768            543        8.35893
           3079           3079        541.931        543.167        8.35543
           3080           3080        542.091        543.333        8.35166
           3081           3081        542.263          543.5        8.34804
           3082           3082        542.427        543.667        8.34456
           3083           3083        542.597        543.833        8.34113
           3084           3084        542.764            544        8.33777
           3085           3085        542.924        544.167        8.33452
           3086           3086        543.095        544.333        8.33143
           3087           3087        543.263          544.5        8.32844
           3088           3088        543.431        544.667        8.32574
           3089           3089        543.596        544.833        8.32288
           3090           3090        543.761            545        8.31997
           3091           3091        543.936        545.167        8.31705
           3092           3092        544.095        545.333        8.31421
           3093           3093        544.268          545.5        8.31129
           3094           3094        544.441        545.667        8.30832
           3095           3095        544.603        545.833        8.30533
           3096           3096        544.771            546        8.30221
           3097           3097        544.932        546.167        8.29914
           3098           3098        545.098        546.333        8.29609
           3099           3099        545.262          546.5        8.29306
           3100           3100        545.431        546.667        8.29003
           3101           3101        545.599        546.833        8.28697
           3102           3102        545.766            547        8.28394
           3103           3103        545.938        547.167        8.28093
           3104           3104        546.099        547.333        8.27792
           3105           3105        546.266          547.5        8.27503
           3106           3106        546.442        547.667        8.27217
           3107           3107          546.6        547.833        8.26925
           3108           3108        546.763            548        8.26628
           3109           3109        546.938        548.167         8.2633
           3110           3110        547.106        548.333        8.26017
           3111           3111        547.266          548.5        8.25697
           3112           3112        547.435        548.667        8.25377
           3113           3113        547.609        548.833        8.25033
           3114           3114        547.774            549        8.24709
           3115           3115        547.939        549.167         8.2439
           3116           3116        548.103        549.333        8.24067
           3117           3117        548.273          549.5        8.23754
           3118           3118        548.439        549.667        8.23451
           3119           3119        548.612        549.833        8.23156
           3120           3120         548.78            550        8.22859
           3121           3121        548.946        550.167        8.22569
           3122           3122        549.099        550.333        8.22283
           3123           3123        549.273          550.5        8.21995
           3124           3124         549.43        550.667        8.21703
           3125           3125        549.606        550.833        8.21414
           3126           3126        549.775            551        8.21121
           3127           3127        549.939        551.167        8.20815
           3128           3128        550.111        551.333        8.20503
           3129           3129        550.274          551.5        8.20189
           3130           3130         550.44        551.667        8.19889
           3131           3131        550.613        551.833        8.19591
           3132           3132        550.784            552        8.19294
           3133           3133        550.933        552.167        8.19003
           3134           3134        551.109        552.333        8.18713
           3135           3135         551.28          552.5        8.18413
           3136           3136        551.437        552.667        8.18125
           3137           3137        551.603        552.833        8.17846
           3138           3138        551.772            553        8.17565
           3139           3139        551.937        553.167        8.17296
           3140           3140        552.108        553.333        8.17036
           3141           3141        552.271          553.5        8.16785
           3142           3142         552.44        553.667        8.16569
           3143           3143        552.605        553.833         8.1633
           3144           3144        552.768            554        8.16078
           3145           3145        552.944        554.167         8.1582
           3146           3146        553.107        554.333        8.15546
           3147           3147        553.277          554.5        8.15271
           3148           3148        553.443        554.667        8.15001
           3149           3149        553.611        554.833        8.14737
           3150           3150        553.773            555        8.14451
           3151           3151         553.94        555.167        8.14177
           3152           3152        554.102        555.333         8.1391
           3153           3153        554.266          555.5        8.13648
           3154           3154        554.435        555.667        8.13404
           3155           3155        554.597        555.833        8.13153
           3156           3156        554.766            556        8.12899
           3157           3157        554.936        556.167        8.12641
           3158           3158        555.099        556.333        8.12379
           3159           3159        555.267          556.5         8.1211
           3160           3160        555.432        556.667        8.11841
           3161           3161          555.6        556.833        8.11572
           3162           3162        555.762            557        8.11284
           3163           3163        555.932        557.167        8.11003
           3164           3164        556.094        557.333        8.10723
           3165           3165         556.26          557.5        8.10445
           3166           3166        556.434        557.667        8.10167
           3167           3167        556.602        557.833        8.09895
           3168           3168        556.771            558        8.09626
           3169           3169        556.935        558.167        8.09355
           3170           3170        557.099        558.333         8.0908
           3171           3171         557.26          558.5        8.08818
           3172           3172        557.434        558.667        8.08556
           3173           3173        557.599        558.833        8.08296
           3174           3174        557.755            559        8.08037
           3175           3175        557.926        559.167        8.07786
           3176           3176        558.088        559.333        8.07535
           3177           3177        558.249          559.5        8.07288
           3178           3178        558.421        559.667        8.07042
           3179           3179        558.589        559.833        8.06809
           3180           3180         558.76            560        8.06575
           3181           3181        558.921        560.167        8.06341
           3182           3182        559.092        560.333        8.06104
           3183           3183        559.252          560.5        8.05878
           3184           3184        559.419        560.667        8.05646
           3185           3185        559.585        560.833          8.054
           3186           3186        559.751            561        8.05145
           3187           3187        559.917        561.167         8.0487
           3188           3188        560.087        561.333        8.04594
           3189           3189        560.248          561.5        8.04315
           3190           3190         560.42        561.667        8.04032
           3191           3191        560.586        561.833        8.03707
           3192           3192        560.753            562        8.03394
           3193           3193         560.91        562.167        8.03081
           3194           3194        561.073        562.333        8.02769
           3195           3195         561.25          562.5         8.0246
           3196           3196         561.41        562.667        8.02164
           3197           3197        561.585        562.833         8.0187
           3198           3198        561.754            563        8.01579
           3199           3199        561.918        563.167        8.01295
           3200           3200        562.077        563.333        8.01053
           3201           3201         562.24          563.5        8.00804
           3202           3202        562.407        563.667        8.00554
           3203           3203        562.581        563.833        8.00306
           3204           3204        562.746            564        8.00088
           3205           3205        562.911        564.167         7.9986
           3206           3206        563.075        564.333        7.99622
           3207           3207        563.243          564.5        7.99376
           3208           3208        563.408        564.667        7.99128
           3209           3209        563.577        564.833        7.98874
           3210           3210         563.75            565        7.98614
           3211           3211        563.916        565.167        7.98352
           3212           3212        564.077        565.333         7.9807
           3213           3213        564.248          565.5        7.97791
           3214           3214        564.403        565.667         7.9752
           3215           3215        564.581        565.833        7.97259
           3216           3216        564.742            566        7.97021
           3217           3217        564.912        566.167        7.96792
           3218           3218        565.076        566.333        7.96569
           3219           3219        565.241          566.5        7.96349
           3220           3220        565.409        566.667        7.96172
           3221           3221        565.578        566.833        7.95961
           3222           3222        565.745            567        7.95731
           3223           3223        565.912        567.167        7.95494
           3224           3224         566.08        567.333        7.95251
           3225           3225        566.244          567.5         7.9501
           3226           3226        566.411        567.667        7.94761
           3227           3227        566.577        567.833        7.94505
           3228           3228         566.74            568        7.94242
           3229           3229        566.903        568.167        7.93983
           3230           3230        567.064        568.333        7.93732
           3231           3231        567.235          568.5        7.93494
           3232           3232        567.408        568.667        7.93263
           3233           3233        567.579        568.833        7.93039
           3234           3234        567.743            569         7.9281
           3235           3235        567.911        569.167        7.92579
           3236           3236        568.074        569.333        7.92347
           3237           3237         568.24          569.5        7.92114
           3238           3238        568.412        569.667         7.9188
           3239           3239        568.574        569.833        7.91639
           3240           3240        568.743            570        7.91392
           3241           3241        568.906        570.167        7.91123
           3242           3242        569.078        570.333        7.90862
           3243           3243        569.242          570.5        7.90609
           3244           3244        569.409        570.667        7.90363
           3245           3245        569.575        570.833         7.9012
           3246           3246        569.743            571        7.89888
           3247           3247        569.906        571.167        7.89662
           3248           3248        570.069        571.333        7.89439
           3249           3249        570.243          571.5        7.89244
           3250           3250        570.403        571.667        7.89023
           3251           3251        570.575        571.833        7.88787
           3252           3252        570.743            572        7.88551
           3253           3253        570.909        572.167        7.88303
           3254           3254        571.075        572.333        7.88057
           3255           3255        571.238          572.5        7.87809
           3256           3256        571.401        572.667         7.8756
           3257           3257         571.57        572.833        7.87321
           3258           3258        571.734            573        7.87095
           3259           3259        571.904        573.167        7.86877
           3260           3260        572.068        573.333        7.86661
           3261           3261        572.238          573.5        7.86465
           3262           3262          572.4        573.667        7.86262
           3263           3263        572.567        573.833         7.8606
           3264           3264        572.733            574         7.8586
           3265           3265        572.892        574.167        7.85661
           3266           3266        573.063        574.333        7.85467
           3267           3267        573.226          574.5        7.85273
           3268           3268        573.388        574.667        7.85076
           3269           3269         573.56        574.833        7.84873
           3270           3270        573.728            575        7.84664
           3271           3271        573.899        575.167        7.84451
           3272           3272        574.071        575.333        7.84236
           3273           3273        574.231          575.5        7.84021
           3274           3274         574.39        575.667        7.83789
           3275           3275         574.56        575.833        7.83559
           3276           3276        574.727            576         7.8333
           3277           3277        574.894        576.167        7.83103
           3278           3278        575.057        576.333        7.82877
           3279           3279        575.227          576.5        7.82656
           3280           3280        575.395        576.667        7.82442
           3281           3281        575.557        576.833        7.82232
           3282           3282        575.722            577        7.82032
           3283           3283        575.892        577.167        7.81825
           3284           3284        576.054        577.333        7.81616
           3285           3285        576.221          577.5        7.81406
           3286           3286        576.389        577.667        7.81196
           3287           3287        576.557        577.833        7.80998
           3288           3288        576.717            578        7.80809
           3289           3289        576.889        578.167        7.80618
           3290           3290        577.057        578.333        7.80421
           3291           3291        577.216          578.5        7.80216
           3292           3292        577.388        578.667        7.80003
           3293           3293        577.553        578.833        7.79785
           3294           3294        577.721            579        7.79538
           3295           3295        577.881        579.167        7.79303
           3296           3296        578.051        579.333        7.79082
           3297           3297        578.216          579.5        7.78878
           3298           3298         578.38        579.667        7.78682
           3299           3299        578.548        579.833        7.78503
           3300           3300        578.719            580        7.78316
           3301           3301        578.884        580.167        7.78126
           3302           3302        579.046        580.333        7.77935
           3303           3303        579.218          580.5        7.77741
           3304           3304        579.384        580.667        7.77545
           3305           3305        579.552        580.833        7.77361
           3306           3306        579.724            581        7.77187
           3307           3307        579.888        581.167        7.77019
           3308           3308        580.052        581.333        7.76865
           3309           3309        580.215          581.5        7.76714
           3310           3310        580.375        581.667        7.76566
           3311           3311        580.547        581.833         7.7646
           3312           3312        580.711            582        7.76331
           3313           3313        580.886        582.167        7.76195
           3314           3314        581.053        582.333        7.76055
           3315           3315        581.208          582.5        7.75887
           3316           3316        581.368        582.667        7.75714
           3317           3317        581.534        582.833        7.75532
           3318           3318        581.706            583        7.75345
           3319           3319        581.877        583.167        7.75126
           3320           3320        582.038        583.333        7.74918
           3321           3321        582.206          583.5        7.74711
           3322           3322        582.381        583.667        7.74508
           3323           3323        582.539        583.833        7.74306
           3324           3324        582.705            584        7.74099
           3325           3325        582.868        584.167        7.73891
           3326           3326        583.036        584.333        7.73688
           3327           3327        583.204          584.5        7.73496
           3328           3328         583.38        584.667        7.73299
           3329           3329        583.545        584.833        7.73093
           3330           3330        583.704            585        7.72884
           3331           3331        583.868        585.167        7.72677
           3332           3332        584.028        585.333        7.72481
           3333           3333        584.194          585.5        7.72295
           3334           3334         584.36        585.667        7.72113
           3335           3335        584.522        585.833        7.71928
           3336           3336        584.687            586        7.71769
           3337           3337        584.846        586.167        7.71606
           3338           3338        585.014        586.333        7.71445
           3339           3339        585.178          586.5         7.7128
           3340           3340        585.356        586.667        7.71104
           3341           3341        585.528        586.833        7.70926
           3342           3342        585.685            587        7.70748
           3343           3343        585.853        587.167        7.70571
           3344           3344        586.018        587.333        7.70383
           3345           3345        586.182          587.5        7.70195
           3346           3346        586.347        587.667        7.69997
           3347           3347        586.508        587.833        7.69792
           3348           3348        586.681            588        7.69574
           3349           3349        586.852        588.167         7.6935
           3350           3350        587.016        588.333        7.69124
           3351           3351        587.181          588.5        7.68902
           3352           3352        587.344        588.667        7.68671
           3353           3353        587.513        588.833        7.68461
           3354           3354        587.676            589        7.68251
           3355           3355        587.843        589.167        7.68033
           3356           3356        588.005        589.333        7.67837
           3357           3357        588.171          589.5        7.67631
           3358           3358        588.341        589.667        7.67419
           3359           3359        588.508        589.833          7.672
           3360           3360        588.672            590        7.66958
           3361           3361         588.84        590.167        7.66739
           3362           3362        589.008        590.333        7.66535
           3363           3363        589.173          590.5        7.66341
           3364           3364        589.336        590.667        7.66148
           3365           3365        589.498        590.833        7.65988
           3366           3366        589.656            591        7.65816
           3367           3367        589.828        591.167        7.65642
           3368           3368        589.991        591.333         7.6547
           3369           3369        590.159          591.5        7.65309
           3370           3370        590.331        591.667        7.65152
           3371           3371        590.499        591.833        7.65004
           3372           3372        590.671            592         7.6486
           3373           3373        590.837        592.167        7.64734
           3374           3374        591.001        592.333        7.64603
           3375           3375        591.165          592.5        7.64471
           3376           3376         591.33        592.667        7.64337
           3377           3377        591.498        592.833        7.64205
           3378           3378        591.657            593        7.64062
           3379           3379        591.831        593.167        7.63913
           3380           3380        591.999        593.333        7.63761
           3381           3381        592.163          593.5        7.63589
           3382           3382        592.331        593.667        7.63427
           3383           3383        592.499        593.833        7.63268
           3384           3384        592.659            594        7.63112
           3385           3385        592.825        594.167        7.62964
           3386           3386        592.997        594.333        7.62818
           3387           3387         593.16          594.5        7.62668
           3388           3388        593.326        594.667         7.6251
           3389           3389        593.491        594.833        7.62347
           3390           3390        593.655            595        7.62172
           3391           3391        593.825        595.167        7.61992
           3392           3392        593.994        595.333        7.61814
           3393           3393        594.153          595.5        7.61609
           3394           3394        594.321        595.667        7.61417
           3395           3395        594.487        595.833        7.61224
           3396           3396        594.649            596        7.61034
           3397           3397        594.814        596.167        7.60856
           3398           3398        594.978        596.333        7.60691
           3399           3399        595.143          596.5        7.60527
           3400           3400        595.308        596.667        7.60356
           3401           3401        595.476        596.833        7.60175
           3402           3402         595.65            597        7.59992
           3403           3403        595.824        597.167        7.59813
           3404           3404         595.99        597.333        7.59638
           3405           3405        596.149          597.5        7.59459
           3406           3406        596.316        597.667        7.59269
           3407           3407        596.481        597.833        7.59069
           3408           3408        596.649            598        7.58874
           3409           3409        596.806        598.167        7.58691
           3410           3410        596.979        598.333        7.58522
           3411           3411        597.149          598.5        7.58363
           3412           3412        597.312        598.667        7.58208
           3413           3413        597.471        598.833        7.58056
           3414           3414        597.635            599        7.57908
           3415           3415        597.802        599.167        7.57765
           3416           3416        597.969        599.333         7.5763
           3417           3417        598.135          599.5        7.57509
           3418           3418        598.306        599.667        7.57401
           3419           3419        598.464        599.833        7.57304
           3420           3420        598.631            600        7.57215


Results:
Texts:

  !$INFILL-90
  Sample Weight
  INFILL-90, 4.3000 mg

Sample:
  INFILL-90, 4.3000 mg
Evaluation:
  


________________________________________________________________________________
Not signed                                                         STARe SW 9.20